ISO-10303-21;
HEADER;
FILE_DESCRIPTION (( 'STEP AP214' ),
    '1' );
FILE_NAME ('6M22PT 22GT 20PA 40FW without hub.STEP',
    '2026-07-04T07:40:11',
    ( '' ),
    ( '' ),
    'SwSTEP 2.0',
    'SolidWorks 2025',
    '' );
FILE_SCHEMA (( 'AUTOMOTIVE_DESIGN' ));
ENDSEC;

DATA;
#1 = ORIENTED_EDGE ( 'NONE', *, *, #140, .T. ) ;
#2 = CARTESIAN_POINT ( 'NONE',  ( 54.54334256235661371, 8.812244897959189416, -6.153557722908013615E-14 ) ) ;
#3 = EDGE_CURVE ( 'NONE', #1214, #5815, #6593, .T. ) ;
#4 = CIRCLE ( 'NONE', #3649, 70.24264068317124554 ) ;
#5 = ORIENTED_EDGE ( 'NONE', *, *, #6035, .F. ) ;
#6 = B_SPLINE_CURVE_WITH_KNOTS ( 'NONE', 3,
 ( #5404, #3820, #1192, #3294, #2871, #4438, #3428 ),
 .UNSPECIFIED., .F., .F.,
 ( 4, 3, 4 ),
 ( 8.498374721940738929E-18, 0.01258337285662347767, 0.04008255950779793242 ),
 .UNSPECIFIED. ) ;
#7 = CARTESIAN_POINT ( 'NONE',  ( 23.24077445196146385, 22.55709767755245920, -63.94697488672307628 ) ) ;
#8 = EDGE_CURVE ( 'NONE', #5491, #1102, #6424, .T. ) ;
#9 = CARTESIAN_POINT ( 'NONE',  ( 49.46084658743962592, -15.17020444915579525, 39.16095896087131933 ) ) ;
#10 = CARTESIAN_POINT ( 'NONE',  ( 18.77401912713006027, -14.85857368436658810, -56.18337252551886252 ) ) ;
#11 = CARTESIAN_POINT ( 'NONE',  ( 51.36229326913196047, 11.77401736328240212, -36.84329207870437273 ) ) ;
#12 = CIRCLE ( 'NONE', #6741, 70.24264068317124554 ) ;
#13 = CARTESIAN_POINT ( 'NONE',  ( 51.36229326913193916, 43.55644693413119484, -12.61113366048922657 ) ) ;
#14 = ORIENTED_EDGE ( 'NONE', *, *, #6553, .T. ) ;
#15 = VECTOR ( 'NONE', #2951, 1000.000000000000114 ) ;
#16 = CARTESIAN_POINT ( 'NONE',  ( 19.46190759237069301, 51.35293406064015187, 44.58938517759334275 ) ) ;
#17 = EDGE_CURVE ( 'NONE', #1244, #1224, #3461, .T. ) ;
#18 = VERTEX_POINT ( 'NONE', #6582 ) ;
#19 =( BOUNDED_SURFACE ( )  B_SPLINE_SURFACE ( 3, 1, ( 
 ( #5607, #1884 ),
 ( #3956, #2299 ),
 ( #6062, #3437 ),
 ( #5541, #288 ) ),
 .UNSPECIFIED., .F., .F., .T. ) 
 B_SPLINE_SURFACE_WITH_KNOTS ( ( 4, 4 ),
 ( 2, 2 ),
 ( 0.000000000000000000, 1.000000000000000000 ),
 ( 0.000000000000000000, 1.000000000000000000 ),
 .UNSPECIFIED. ) 
 GEOMETRIC_REPRESENTATION_ITEM ( )  RATIONAL_B_SPLINE_SURFACE ( (
 ( 1.000000000000000000, 1.000000000000000000),
 ( 0.7724073758824714364, 0.9739345816297115821),
 ( 0.7724073758824714364, 0.9739345816297115821),
 ( 1.000000000000000000, 1.000000000000000000) ) ) 
 REPRESENTATION_ITEM ( '' )  SURFACE ( )  );
#20 = EDGE_CURVE ( 'NONE', #2758, #3163, #5340, .T. ) ;
#21 = CARTESIAN_POINT ( 'NONE',  ( 42.33298211887890261, 22.90424810316405058, -52.15806337137505011 ) ) ;
#22 = CIRCLE ( 'NONE', #6418, 27.50000000000000000 ) ;
#23 = AXIS2_PLACEMENT_3D ( 'NONE', #1410, #6201, #4923 ) ;
#24 = CARTESIAN_POINT ( 'NONE',  ( 18.85592173195389520, -14.38822652506133259, 56.43916403858631270 ) ) ;
#25 = CARTESIAN_POINT ( 'NONE',  ( 18.77401912713006382, -1.649619794261012684, -60.06187133165501990 ) ) ;
#26 = CARTESIAN_POINT ( 'NONE',  ( 53.79462347678106937, 31.38489204378425157, 32.28393818162793849 ) ) ;
#27 = EDGE_LOOP ( 'NONE', ( #2709, #2695, #2182, #2057 ) ) ;
#28 = CARTESIAN_POINT ( 'NONE',  ( 48.49086870021275075, -26.04949445275801523, -31.55851028326490848 ) ) ;
#29 = CARTESIAN_POINT ( 'NONE',  ( 49.23395903331217482, -24.48368424792292330, 10.22686278200876764 ) ) ;
#30 = CARTESIAN_POINT ( 'NONE',  ( 19.42422096688429534, 68.73867273754683538, -14.51952200279452043 ) ) ;
#31 = CARTESIAN_POINT ( 'NONE',  ( 54.30008724204793680, 5.373311280844367488, 30.28431414586947668 ) ) ;
#32 = CARTESIAN_POINT ( 'NONE',  ( 49.23165480826241236, -14.76742118073233456, -25.63247450502087688 ) ) ;
#33 = EDGE_LOOP ( 'NONE', ( #4048, #2903, #1427, #6745 ) ) ;
#34 = CARTESIAN_POINT ( 'NONE',  ( 54.54334256235712530, -31.03393360987631411, 4.849403907097429745 ) ) ;
#35 = ORIENTED_EDGE ( 'NONE', *, *, #2415, .T. ) ;
#36 = CARTESIAN_POINT ( 'NONE',  ( 28.65641647731176178, 62.39284233984093930, 47.28282468731112687 ) ) ;
#37 = CARTESIAN_POINT ( 'NONE',  ( 49.23306814737764370, 42.01758853731382004, -10.51430996755520653 ) ) ;
#38 = CARTESIAN_POINT ( 'NONE',  ( 48.49086870021277917, 7.791498401947419161, 47.01317388187221269 ) ) ;
#39 = CARTESIAN_POINT ( 'NONE',  ( 28.07725316172349750, 8.812244897959189416, -6.153557722908013615E-14 ) ) ;
#40 = CARTESIAN_POINT ( 'NONE',  ( 54.54334256235712530, 29.77611861316039565, 34.23084367621628843 ) ) ;
#41 = ORIENTED_EDGE ( 'NONE', *, *, #1373, .T. ) ;
#42 = VERTEX_POINT ( 'NONE', #5681 ) ;
#43 = CARTESIAN_POINT ( 'NONE',  ( 30.84680909296951157, 74.99867301108957918, 10.98943950606422959 ) ) ;
#44 = CARTESIAN_POINT ( 'NONE',  ( 18.78844479849039928, -49.13763479415058555, -18.89923596840968045 ) ) ;
#45 = CARTESIAN_POINT ( 'NONE',  ( 18.77401912713006382, 50.08522474495106280, -44.87115036689397130 ) ) ;
#46 = EDGE_CURVE ( 'NONE', #1571, #167, #388, .T. ) ;
#47 = CARTESIAN_POINT ( 'NONE',  ( 89.82729936416122030, 8.803151429586426602, 0.005011889738584337194 ) ) ;
#48 = DIRECTION ( 'NONE',  ( 0.000000000000000000, 0.000000000000000000, 1.000000000000000000 ) ) ;
#49 = ORIENTED_EDGE ( 'NONE', *, *, #5338, .T. ) ;
#50 = CARTESIAN_POINT ( 'NONE',  ( 19.42422096688430244, 68.73867273754663643, 14.51952200279517413 ) ) ;
#51 = ORIENTED_EDGE ( 'NONE', *, *, #6251, .T. ) ;
#52 = ADVANCED_FACE ( 'NONE', ( #3959 ), #544, .F. ) ;
#53 = B_SPLINE_CURVE_WITH_KNOTS ( 'NONE', 3,
 ( #4322, #5972, #1251, #3380, #5391, #6037, #1736, #3345, #1315, #2308, #5481, #3411, #5451 ),
 .UNSPECIFIED., .F., .F.,
 ( 4, 3, 3, 3, 4 ),
 ( 9.813077866773594792E-18, 0.0009041618729686906131, 0.001808323717130788048, 0.002711696379629076857, 0.003615359634610208848 ),
 .UNSPECIFIED. ) ;
#54 = CARTESIAN_POINT ( 'NONE',  ( 49.41824768824509562, 32.90541702610883590, 25.40821027469648641 ) ) ;
#55 = CARTESIAN_POINT ( 'NONE',  ( 19.27520315313953247, -14.04388936217419648, 57.03108757216995883 ) ) ;
#56 = ADVANCED_FACE ( 'NONE', ( #2031 ), #317, .F. ) ;
#57 = CARTESIAN_POINT ( 'NONE',  ( 48.49086870021239548, 55.49215982961130322, -5.680315469235475589 ) ) ;
#58 = CARTESIAN_POINT ( 'NONE',  ( 89.82545070715441682, 8.819151357791941592, 0.006199457496265744008 ) ) ;
#59 =( BOUNDED_SURFACE ( )  B_SPLINE_SURFACE ( 3, 1, ( 
 ( #1305, #5501 ),
 ( #6613, #3887 ),
 ( #3473, #2918 ),
 ( #2399, #323 ) ),
 .UNSPECIFIED., .F., .F., .T. ) 
 B_SPLINE_SURFACE_WITH_KNOTS ( ( 4, 4 ),
 ( 2, 2 ),
 ( 0.000000000000000000, 1.000000000000000000 ),
 ( 0.000000000000000000, 1.000000000000000000 ),
 .UNSPECIFIED. ) 
 GEOMETRIC_REPRESENTATION_ITEM ( )  RATIONAL_B_SPLINE_SURFACE ( (
 ( 1.000000000000000000, 1.000000000000000000),
 ( 0.9936547718337395141, 0.8399137562987549765),
 ( 0.9936547718337395141, 0.8399137562987549765),
 ( 1.000000000000000000, 1.000000000000000000) ) ) 
 REPRESENTATION_ITEM ( '' )  SURFACE ( )  );
#60 = CIRCLE ( 'NONE', #2055, 70.24264068317124554 ) ;
#61 = EDGE_LOOP ( 'NONE', ( #5334, #2289, #2774, #600 ) ) ;
#62 = CARTESIAN_POINT ( 'NONE',  ( 18.79364760530902956, 67.38702564521824456, 16.88459954628553561 ) ) ;
#63 = CARTESIAN_POINT ( 'NONE',  ( 19.42422096688430244, 2.968930580016879706, 61.38280663658724734 ) ) ;
#64 = CARTESIAN_POINT ( 'NONE',  ( 19.01941379036734503, -19.19186514766579776, -54.47419818390547874 ) ) ;
#65 = B_SPLINE_CURVE_WITH_KNOTS ( 'NONE', 3,
 ( #3174, #6386, #5771, #1071, #1660, #3762, #5205, #5870, #3243, #482 ),
 .UNSPECIFIED., .F., .F.,
 ( 4, 2, 2, 2, 4 ),
 ( 0.000000000000000000, 0.003307264529468851438, 0.006614529058937702877, 0.009921793588406554315, 0.01322905811787540575 ),
 .UNSPECIFIED. ) ;
#66 = CARTESIAN_POINT ( 'NONE',  ( 49.56354134330946692, 2.156283576981234962, -34.52464461970040333 ) ) ;
#67 = CARTESIAN_POINT ( 'NONE',  ( 19.10106442482187461, 61.79110804873391061, 30.77107606041454346 ) ) ;
#68 = EDGE_LOOP ( 'NONE', ( #2798, #302, #5493, #1286 ) ) ;
#69 = CARTESIAN_POINT ( 'NONE',  ( 18.80019331273212302, -31.56724841241484825, 45.67999426894588311 ) ) ;
#70 = VERTEX_POINT ( 'NONE', #4129 ) ;
#71 = CARTESIAN_POINT ( 'NONE',  ( 54.62576016552275604, 30.09437204662475907, 22.30145919511918606 ) ) ;
#72 = CARTESIAN_POINT ( 'NONE',  ( 49.23165480826241236, 41.92371111849491427, -10.80070397517960501 ) ) ;
#73 = CARTESIAN_POINT ( 'NONE',  ( 49.24038183582143802, -24.92867041575744835, 8.671111543250606957 ) ) ;
#74 = CARTESIAN_POINT ( 'NONE',  ( 89.83648776693894433, 8.814120194221619187, -0.01490939630678420405 ) ) ;
#75 = FACE_OUTER_BOUND ( 'NONE', #175, .T. ) ;
#76 = ORIENTED_EDGE ( 'NONE', *, *, #4443, .F. ) ;
#77 = CARTESIAN_POINT ( 'NONE',  ( 49.46084658743961171, -36.77248584896354089, -5.547152977208313018 ) ) ;
#78 = EDGE_LOOP ( 'NONE', ( #4909, #4606, #4283, #4870 ) ) ;
#79 = DIRECTION ( 'NONE',  ( -0.7588727602565363828, -0.6191592603249244098, 0.2018760612220225348 ) ) ;
#80 = CARTESIAN_POINT ( 'NONE',  ( 53.00898906108305653, -13.79219414619543649, 31.29758927228297338 ) ) ;
#81 = CARTESIAN_POINT ( 'NONE',  ( 51.35395742193603752, -4.371119164567258686, -34.51940006831160446 ) ) ;
#82 = FACE_OUTER_BOUND ( 'NONE', #5839, .T. ) ;
#83 = CARTESIAN_POINT ( 'NONE',  ( 19.42422096688429534, 59.02883198915030505, 35.78110749705420801 ) ) ;
#84 = CARTESIAN_POINT ( 'NONE',  ( 54.54334256235661371, 8.812244897959189416, -6.153557722908013615E-14 ) ) ;
#85 = EDGE_LOOP ( 'NONE', ( #1485, #3175, #554, #2514 ) ) ;
#86 = CARTESIAN_POINT ( 'NONE',  ( 49.23351359036895758, 43.63772870035928975, -0.5827179432389961722 ) ) ;
#87 = ORIENTED_EDGE ( 'NONE', *, *, #4854, .T. ) ;
#88 = CARTESIAN_POINT ( 'NONE',  ( 89.82643428741083369, 8.822031342105429275, 0.0001011715403093971965 ) ) ;
#89 = CARTESIAN_POINT ( 'NONE',  ( 49.23395903331218193, 14.19650819121075536, 34.41245891880699048 ) ) ;
#90 = CARTESIAN_POINT ( 'NONE',  ( 52.60448476329266043, -24.90034904529698778, -17.96825530263785353 ) ) ;
#91 = CARTESIAN_POINT ( 'NONE',  ( 89.82545070715441682, 8.821452904678301010, -0.001159772792849684880 ) ) ;
#92 = ADVANCED_FACE ( 'NONE', ( #5182 ), #4346, .F. ) ;
#93 = CARTESIAN_POINT ( 'NONE',  ( 18.79017952991917184, 67.70590816868254080, 15.72285951320615993 ) ) ;
#94 = B_SPLINE_CURVE_WITH_KNOTS ( 'NONE', 3,
 ( #5408, #6025, #2298, #257, #4406, #2364, #1338, #5441, #6510, #1792, #4475, #3886, #216 ),
 .UNSPECIFIED., .F., .F.,
 ( 4, 3, 3, 3, 4 ),
 ( 9.813077866773594792E-18, 0.0009041618729686826984, 0.001808323717130790867, 0.002711696379629075556, 0.003615359634610214052 ),
 .UNSPECIFIED. ) ;
#95 =( BOUNDED_SURFACE ( )  B_SPLINE_SURFACE ( 3, 1, ( 
 ( #5570, #6023 ),
 ( #1922, #2428 ),
 ( #214, #1881 ),
 ( #1302, #810 ) ),
 .UNSPECIFIED., .F., .F., .T. ) 
 B_SPLINE_SURFACE_WITH_KNOTS ( ( 4, 4 ),
 ( 2, 2 ),
 ( 0.000000000000000000, 1.000000000000000000 ),
 ( 0.000000000000000000, 1.000000000000000000 ),
 .UNSPECIFIED. ) 
 GEOMETRIC_REPRESENTATION_ITEM ( )  RATIONAL_B_SPLINE_SURFACE ( (
 ( 1.000000000000000000, 1.000000000000000000),
 ( 0.7724073758824714364, 0.9739345816297115821),
 ( 0.7724073758824714364, 0.9739345816297115821),
 ( 1.000000000000000000, 1.000000000000000000) ) ) 
 REPRESENTATION_ITEM ( '' )  SURFACE ( )  );
#96 = CARTESIAN_POINT ( 'NONE',  ( 51.15501191307617290, 22.11989677937617316, 41.93309144375725595 ) ) ;
#97 = EDGE_CURVE ( 'NONE', #3836, #5983, #4542, .T. ) ;
#98 = DIRECTION ( 'NONE',  ( 0.000000000000000000, 0.000000000000000000, 1.000000000000000000 ) ) ;
#99 = DIRECTION ( 'NONE',  ( 0.000000000000000000, 0.000000000000000000, -1.000000000000000000 ) ) ;
#100 = CARTESIAN_POINT ( 'NONE',  ( 89.82681805825623655, 8.803171029159798877, 0.004424856533330853020 ) ) ;
#101 = ORIENTED_EDGE ( 'NONE', *, *, #3725, .T. ) ;
#102 = CARTESIAN_POINT ( 'NONE',  ( 33.61636502379863600, -54.66219647495043432, 7.722362694831642393 ) ) ;
#103 = ADVANCED_FACE ( 'NONE', ( #3405 ), #3821, .F. ) ;
#104 = EDGE_LOOP ( 'NONE', ( #3673, #4183, #5613, #2698 ) ) ;
#105 = DIRECTION ( 'NONE',  ( 0.000000000000000000, 0.000000000000000000, 1.000000000000000000 ) ) ;
#106 = FACE_OUTER_BOUND ( 'NONE', #2502, .T. ) ;
#107 = CARTESIAN_POINT ( 'NONE',  ( 26.06099036693303006, -40.49868845781269044, 47.54826876854778561 ) ) ;
#108 = CARTESIAN_POINT ( 'NONE',  ( 89.82729936416122030, 8.804931791460413493, -0.007370799084033209138 ) ) ;
#109 = CARTESIAN_POINT ( 'NONE',  ( 19.27520315313953958, -49.25656011641167709, 20.07390612672930175 ) ) ;
#110 = ORIENTED_EDGE ( 'NONE', *, *, #2610, .F. ) ;
#111 = DIRECTION ( 'NONE',  ( -1.000000000000000000, 0.000000000000000000, 0.000000000000000000 ) ) ;
#112 = ORIENTED_EDGE ( 'NONE', *, *, #2784, .T. ) ;
#113 = CARTESIAN_POINT ( 'NONE',  ( 19.42422096688429534, -29.28951467317567037, -48.47936870862054093 ) ) ;
#114 = CARTESIAN_POINT ( 'NONE',  ( 22.50029827766115886, 54.17362983772567020, -46.08776475046158083 ) ) ;
#115 = CARTESIAN_POINT ( 'NONE',  ( 19.27981613022932095, 70.19001273762378901, 2.878689238553813201 ) ) ;
#116 = ORIENTED_EDGE ( 'NONE', *, *, #1035, .T. ) ;
#117 = CARTESIAN_POINT ( 'NONE',  ( 28.65641647731176533, -62.00955909976073599, -9.529848432610805276 ) ) ;
#118 = ORIENTED_EDGE ( 'NONE', *, *, #4973, .F. ) ;
#119 = AXIS2_PLACEMENT_3D ( 'NONE', #5981, #765, #1843 ) ;
#120 = CARTESIAN_POINT ( 'NONE',  ( 53.00898906108304232, 36.57432275202046412, 26.82846980322329955 ) ) ;
#121 = CARTESIAN_POINT ( 'NONE',  ( 19.42422096688430244, -52.77736360590409248, 2.951846395696858583 ) ) ;
#122 = VECTOR ( 'NONE', #4890, 1000.000000000000227 ) ;
#123 = DIRECTION ( 'NONE',  ( 1.000000000000000000, -0.000000000000000000, -0.000000000000000000 ) ) ;
#124 = CONICAL_SURFACE ( 'NONE', #337, 40.14018759214401655, 0.8495922745902004802 ) ;
#125 = CARTESIAN_POINT ( 'NONE',  ( 48.51805717611819802, 8.812244897959189416, -34.11490221672037393 ) ) ;
#126 = DIRECTION ( 'NONE',  ( -1.000000000000000000, -0.000000000000000000, -0.000000000000000000 ) ) ;
#127 = CARTESIAN_POINT ( 'NONE',  ( 19.46190759237069301, 68.70659159739430777, 14.51174484338431370 ) ) ;
#128 = ADVANCED_FACE ( 'NONE', ( #2231 ), #5759, .F. ) ;
#129 = CARTESIAN_POINT ( 'NONE',  ( 217.5334579613141841, 40.61224489795919368, 7.999999999999939604 ) ) ;
#130 = CIRCLE ( 'NONE', #5763, 70.24264068317124554 ) ;
#131 = CARTESIAN_POINT ( 'NONE',  ( 49.24038183582141670, -13.09175837081260774, -27.08970620742370272 ) ) ;
#132 = LINE ( 'NONE', #3275, #2004 ) ;
#133 = ORIENTED_EDGE ( 'NONE', *, *, #849, .T. ) ;
#134 =( BOUNDED_SURFACE ( )  B_SPLINE_SURFACE ( 3, 1, ( 
 ( #4524, #6634 ),
 ( #1906, #870 ),
 ( #2973, #6841 ),
 ( #4734, #2018 ) ),
 .UNSPECIFIED., .F., .F., .T. ) 
 B_SPLINE_SURFACE_WITH_KNOTS ( ( 4, 4 ),
 ( 2, 2 ),
 ( 0.000000000000000000, 1.000000000000000000 ),
 ( 0.000000000000000000, 1.000000000000000000 ),
 .UNSPECIFIED. ) 
 GEOMETRIC_REPRESENTATION_ITEM ( )  RATIONAL_B_SPLINE_SURFACE ( (
 ( 1.000000000000000000, 1.000000000000000000),
 ( 0.9936547718337396251, 0.8399137562987545325),
 ( 0.9936547718337396251, 0.8399137562987545325),
 ( 1.000000000000000000, 1.000000000000000000) ) ) 
 REPRESENTATION_ITEM ( '' )  SURFACE ( )  );
#135 = CARTESIAN_POINT ( 'NONE',  ( 25.39554384420682709, 62.20295486559025733, -41.40272818683059342 ) ) ;
#136 = CARTESIAN_POINT ( 'NONE',  ( 89.82643428741084790, 8.816218304911297210, -0.008944090892995431100 ) ) ;
#137 = CARTESIAN_POINT ( 'NONE',  ( 19.46190759237069301, -49.41972745439042569, -20.17327194351031139 ) ) ;
#138 = CARTESIAN_POINT ( 'NONE',  ( 48.49086870021272233, -27.38638805185892267, 30.01565282349554309 ) ) ;
#139 = ADVANCED_FACE ( 'NONE', ( #4369 ), #1751, .F. ) ;
#140 = EDGE_CURVE ( 'NONE', #902, #1161, #720, .T. ) ;
#141 = ORIENTED_EDGE ( 'NONE', *, *, #718, .F. ) ;
#142 = CARTESIAN_POINT ( 'NONE',  ( 28.07725316172354013, -60.48168985663134123, -11.50561499319631942 ) ) ;
#143 = ORIENTED_EDGE ( 'NONE', *, *, #3816, .T. ) ;
#144 = DIRECTION ( 'NONE',  ( 0.000000000000000000, 0.000000000000000000, 1.000000000000000000 ) ) ;
#145 = CARTESIAN_POINT ( 'NONE',  ( 19.46190759237070012, -49.41972745439068859, 20.17327194350940189 ) ) ;
#146 = CARTESIAN_POINT ( 'NONE',  ( 49.23443045783674421, 23.26360614141556127, 31.69224856410173530 ) ) ;
#147 = VERTEX_POINT ( 'NONE', #3720 ) ;
#148 = CARTESIAN_POINT ( 'NONE',  ( 18.78690642288626833, 36.00514237124336603, 54.55089199544568856 ) ) ;
#149 = EDGE_LOOP ( 'NONE', ( #3192, #3668, #6217, #4166 ) ) ;
#150 = CARTESIAN_POINT ( 'NONE',  ( 89.82615535696581333, 8.804846113339237945, -0.005918379642068137027 ) ) ;
#151 = CARTESIAN_POINT ( 'NONE',  ( 18.76137069372868282, -50.31987961708340151, 14.87190650519904800 ) ) ;
#152 = CARTESIAN_POINT ( 'NONE',  ( 19.46190759237069301, -2.868418496963023756, 60.51021077145693994 ) ) ;
#153 = CARTESIAN_POINT ( 'NONE',  ( 217.5334579613141841, 35.12288913180492500, 7.999999999999939604 ) ) ;
#154 = B_SPLINE_CURVE_WITH_KNOTS ( 'NONE', 3,
 ( #6473, #5951, #6444, #5924, #1226, #6374, #4400, #3328, #567, #1190, #3292, #2168, #4910 ),
 .UNSPECIFIED., .F., .F.,
 ( 4, 3, 3, 3, 4 ),
 ( 4.906538933386797396E-18, 0.0004520762650173999926, 0.0009041524520694435921, 0.001356228616379083528, 0.002069674869633365832 ),
 .UNSPECIFIED. ) ;
#155 = CARTESIAN_POINT ( 'NONE',  ( 42.33298211887886708, 9.985691391927343119, 54.01547141619393244 ) ) ;
#156 = CARTESIAN_POINT ( 'NONE',  ( 36.38592095397838477, 64.64661782938662782, -24.04655917103930562 ) ) ;
#157 = CARTESIAN_POINT ( 'NONE',  ( 19.10106442482187816, 68.31430577647424229, 14.59876069650501051 ) ) ;
#158 = CARTESIAN_POINT ( 'NONE',  ( 49.23165480826241236, 2.833729476084645871, -34.31153967666782023 ) ) ;
#159 = CARTESIAN_POINT ( 'NONE',  ( 18.79234720619588828, 69.76327643092733410, -0.9039802125396326771 ) ) ;
#160 = DIRECTION ( 'NONE',  ( -0.7588727602565363828, -0.4408409765618152565, -0.4793447268142735918 ) ) ;
#161 = ORIENTED_EDGE ( 'NONE', *, *, #1150, .T. ) ;
#162 = CARTESIAN_POINT ( 'NONE',  ( 49.23290854358262436, -24.37415711730147194, -10.57501791610284059 ) ) ;
#163 = LINE ( 'NONE', #2962, #5313 ) ;
#164 = DIRECTION ( 'NONE',  ( -0.7522347214610783928, 0.4072159905495760790, -0.5179942672164447037 ) ) ;
#165 = ORIENTED_EDGE ( 'NONE', *, *, #6211, .F. ) ;
#166 = CARTESIAN_POINT ( 'NONE',  ( 49.46084658743960460, -16.84714683426567206, -38.08325352900177307 ) ) ;
#167 = VERTEX_POINT ( 'NONE', #5402 ) ;
#168 = ADVANCED_FACE ( 'NONE', ( #2634 ), #4518, .F. ) ;
#169 = CARTESIAN_POINT ( 'NONE',  ( 54.54334256235661371, 8.812244897959189416, -6.153557722908013615E-14 ) ) ;
#170 = APPLICATION_CONTEXT ( 'automotive_design' ) ;
#171 = LINE ( 'NONE', #2858, #1345 ) ;
#172 = CARTESIAN_POINT ( 'NONE',  ( 18.78844479849039928, -29.72059773692282292, -47.22911935443057985 ) ) ;
#173 = ORIENTED_EDGE ( 'NONE', *, *, #2140, .T. ) ;
#174 = CARTESIAN_POINT ( 'NONE',  ( 18.80019331273212302, 48.28068163033706384, 46.46942928760535807 ) ) ;
#175 = EDGE_LOOP ( 'NONE', ( #1212, #6462, #1376, #4174 ) ) ;
#176 = CARTESIAN_POINT ( 'NONE',  ( 19.46190759237069301, -51.08210180147601420, 14.51174484338390336 ) ) ;
#177 = B_SPLINE_CURVE_WITH_KNOTS ( 'NONE', 3,
 ( #6793, #2538, #4612, #994, #4576, #5686, #6137, #6718, #1413, #4650, #6758, #3653, #2070 ),
 .UNSPECIFIED., .F., .F.,
 ( 4, 3, 3, 3, 4 ),
 ( 2.602085213965210642E-18, 0.0004520762650173967400, 0.0009041524520694455436, 0.001356228616379089816, 0.002069674869633365399 ),
 .UNSPECIFIED. ) ;
#178 = CARTESIAN_POINT ( 'NONE',  ( 18.78844479849039928, 1.930344596823311720, 60.56409105043055519 ) ) ;
#179 = CARTESIAN_POINT ( 'NONE',  ( 54.17538997708329163, 48.33636147534645033, -4.450025212883719661 ) ) ;
#180 = CARTESIAN_POINT ( 'NONE',  ( 18.79364822255246281, -49.67734018919334460, 17.17476279901893577 ) ) ;
#181 = CARTESIAN_POINT ( 'NONE',  ( 89.82729936416122030, 8.818499909367652378, -0.008287643698890569469 ) ) ;
#182 = CARTESIAN_POINT ( 'NONE',  ( 54.54334256235661371, 8.812244897959189416, -6.153557722908013615E-14 ) ) ;
#183 = CARTESIAN_POINT ( 'NONE',  ( 20.23383572758632454, -29.61452525491996823, -49.16375097116957704 ) ) ;
#184 = CARTESIAN_POINT ( 'NONE',  ( 89.82615535696581333, 8.817676579586420260, 0.007763122190125061432 ) ) ;
#185 = CARTESIAN_POINT ( 'NONE',  ( 89.82643428741083369, 8.803957319783021873, 0.005205840247386722859 ) ) ;
#186 = ORIENTED_EDGE ( 'NONE', *, *, #1246, .T. ) ;
#187 = CARTESIAN_POINT ( 'NONE',  ( 89.82681805825623655, 8.819704585170898170, -0.006802023010400008902 ) ) ;
#188 = ORIENTED_EDGE ( 'NONE', *, *, #6133, .T. ) ;
#189 = DIRECTION ( 'NONE',  ( 0.000000000000000000, 0.000000000000000000, 1.000000000000000000 ) ) ;
#190 = CARTESIAN_POINT ( 'NONE',  ( 18.79018048702202393, -32.23171610412346411, 45.06734257531503829 ) ) ;
#191 = CARTESIAN_POINT ( 'NONE',  ( 42.33298211887890972, -32.77836866565935736, -34.48577956766570907 ) ) ;
#192 = CARTESIAN_POINT ( 'NONE',  ( 19.11442843794943514, -14.12471109984188367, -56.82531195268144586 ) ) ;
#193 = DIRECTION ( 'NONE',  ( -0.7588727602565363828, 0.4408409765618183096, 0.4793447268142707052 ) ) ;
#194 = ORIENTED_EDGE ( 'NONE', *, *, #6001, .F. ) ;
#195 = CARTESIAN_POINT ( 'NONE',  ( 49.51003444762825012, 30.52163594374611932, 27.58977844154538417 ) ) ;
#196 = EDGE_LOOP ( 'NONE', ( #2689, #5209, #1319, #1610 ) ) ;
#197 = CARTESIAN_POINT ( 'NONE',  ( 50.05827993638285989, 37.79233907926676750, 20.77140593799648371 ) ) ;
#198 = CARTESIAN_POINT ( 'NONE',  ( 18.77401912713006027, 15.69554381381566266, 60.57639141392925097 ) ) ;
#199 = CARTESIAN_POINT ( 'NONE',  ( 19.46190759237069301, 70.36888069425495473, 2.950270223865151920 ) ) ;
#200 = CARTESIAN_POINT ( 'NONE',  ( 49.23411246815349784, 14.08712309758438863, -34.42922103194212724 ) ) ;
#201 = EDGE_CURVE ( 'NONE', #5774, #5883, #4351, .T. ) ;
#202 = VERTEX_POINT ( 'NONE', #16 ) ;
#203 = CARTESIAN_POINT ( 'NONE',  ( 18.80019331273212302, 49.19173820833292865, 45.67999426894614601 ) ) ;
#204 = B_SPLINE_CURVE_WITH_KNOTS ( 'NONE', 3,
 ( #6105, #3898, #4955, #860, #2961, #5886, #753, #1834 ),
 .UNSPECIFIED., .F., .F.,
 ( 4, 2, 2, 4 ),
 ( 2.134203438867957159E-16, 0.0003956619665159829755, 0.0007913239330317524715, 0.001582647866063273574 ),
 .UNSPECIFIED. ) ;
#205 = EDGE_LOOP ( 'NONE', ( #1455, #354, #5507, #1980 ) ) ;
#206 = DIRECTION ( 'NONE',  ( -0.7522347214610782817, 0.5706747102996003740, 0.3293528485573503084 ) ) ;
#207 = CIRCLE ( 'NONE', #5851, 40.14018759214401655 ) ;
#208 = ADVANCED_FACE ( 'NONE', ( #3750 ), #5225, .F. ) ;
#209 = CARTESIAN_POINT ( 'NONE',  ( 19.46190759237069301, 68.70659159739430777, 14.51174484338431370 ) ) ;
#210 = EDGE_CURVE ( 'NONE', #531, #2642, #4430, .T. ) ;
#211 = CARTESIAN_POINT ( 'NONE',  ( 54.62576016552275604, -2.632960802843484771, -28.62326474513091412 ) ) ;
#212 = EDGE_CURVE ( 'NONE', #309, #2558, #3523, .T. ) ;
#213 = ORIENTED_EDGE ( 'NONE', *, *, #5529, .F. ) ;
#214 = CARTESIAN_POINT ( 'NONE',  ( 89.83648776693891591, 8.799461860268408486, 0.007899416541622353988 ) ) ;
#215 = CARTESIAN_POINT ( 'NONE',  ( 20.23383572758631743, -3.179056066699413652, 61.23642523133062099 ) ) ;
#216 = CARTESIAN_POINT ( 'NONE',  ( 18.78844479849039928, -32.45235485241596507, -44.86203833934620633 ) ) ;
#217 = DIRECTION ( 'NONE',  ( 0.000000000000000000, 0.000000000000000000, 1.000000000000000000 ) ) ;
#218 = CARTESIAN_POINT ( 'NONE',  ( 35.20511764130979770, 7.462046745397576508, -62.12075677815018082 ) ) ;
#219 = AXIS2_PLACEMENT_3D ( 'NONE', #2736, #4874, #144 ) ;
#220 = CARTESIAN_POINT ( 'NONE',  ( 49.23165480826241236, 14.79076031983395900, 34.31153967666766391 ) ) ;
#221 = CARTESIAN_POINT ( 'NONE',  ( 89.83068436596586537, 8.801062015986229170, -0.009425395988977281619 ) ) ;
#222 = B_SPLINE_CURVE_WITH_KNOTS ( 'NONE', 3,
 ( #2243, #1202, #5385, #3890, #647, #6515, #2754, #4888 ),
 .UNSPECIFIED., .F., .F.,
 ( 4, 2, 2, 4 ),
 ( 9.813077866773594792E-18, 0.0002264431842541211567, 0.0004528863685082325013, 0.0009057727370164507996 ),
 .UNSPECIFIED. ) ;
#223 = ORIENTED_EDGE ( 'NONE', *, *, #6470, .T. ) ;
#224 = VECTOR ( 'NONE', #5940, 1000.000000000000114 ) ;
#225 = CIRCLE ( 'NONE', #5307, 40.14018759214401655 ) ;
#226 = CARTESIAN_POINT ( 'NONE',  ( 52.84917723814556467, -29.82348915860281480, -16.64100866473078355 ) ) ;
#227 = VERTEX_POINT ( 'NONE', #6469 ) ;
#228 =( BOUNDED_SURFACE ( )  B_SPLINE_SURFACE ( 3, 1, ( 
 ( #1802, #1991 ),
 ( #847, #2949 ),
 ( #6680, #1958 ),
 ( #5047, #2430 ) ),
 .UNSPECIFIED., .F., .F., .T. ) 
 B_SPLINE_SURFACE_WITH_KNOTS ( ( 4, 4 ),
 ( 2, 2 ),
 ( 0.000000000000000000, 1.000000000000000000 ),
 ( 0.000000000000000000, 1.000000000000000000 ),
 .UNSPECIFIED. ) 
 GEOMETRIC_REPRESENTATION_ITEM ( )  RATIONAL_B_SPLINE_SURFACE ( (
 ( 1.000000000000000000, 1.000000000000000000),
 ( 0.7724073758824716585, 0.9739345816297118041),
 ( 0.7724073758824716585, 0.9739345816297118041),
 ( 1.000000000000000000, 1.000000000000000000) ) ) 
 REPRESENTATION_ITEM ( '' )  SURFACE ( )  );
#229 = AXIS2_PLACEMENT_3D ( 'NONE', #1097, #6796, #4655 ) ;
#230 = CARTESIAN_POINT ( 'NONE',  ( 18.79148013494830849, -17.60175843882858970, -54.93751793521398241 ) ) ;
#231 = VECTOR ( 'NONE', #1768, 1000.000000000000000 ) ;
#232 = DIRECTION ( 'NONE',  ( 0.7522347214610786148, 0.6403477948790269325, -0.1552340987732440392 ) ) ;
#233 = CARTESIAN_POINT ( 'NONE',  ( 19.04016012521984891, -14.17616132493394687, -56.72444366517855485 ) ) ;
#234 = ORIENTED_EDGE ( 'NONE', *, *, #2965, .T. ) ;
#235 = CARTESIAN_POINT ( 'NONE',  ( 49.41026041085036269, 30.52168118008748010, 27.46290777820371787 ) ) ;
#236 = ORIENTED_EDGE ( 'NONE', *, *, #2324, .T. ) ;
#237 = CLOSED_SHELL ( 'NONE', ( #5059, #3301, #3695, #1457, #4904, #4702, #6159, #5288, #5448, #4484, #5534, #3383, #4101, #6428, #4233, #3505, #6164, #1658, #2092, #3377, #6264, #5236, #5409, #6122, #546, #4367, #681, #6128, #5111, #2094, #605, #3046, #4785, #6048, #2872, #2259, #1375, #168, #4066, #2400, #1787, #6666, #1320, #1238, #92, #4062, #2861, #1962, #1160, #3563, #4199, #255, #1369, #2494, #4649, #2710, #3299, #478, #1910, #3597, #6266, #4473, #3512, #2575, #976, #4929, #691, #1403, #6349, #4819, #6126, #3387, #295, #5955, #4513, #3131, #805, #1912, #5190, #2713, #5376, #5624, #5490, #1861, #2410, #3935, #1276, #1248, #208, #1116, #5019, #3977, #4452, #5245, #3729, #4609, #3840, #261, #5187, #5009, #5802, #1270, #6636, #2968, #6715, #1669, #3698, #2906, #103, #5186, #5196, #5747, #5523, #2405, #3767, #52, #6771, #467, #1364, #4272, #6509, #139, #2329, #2173, #6350, #686, #1193, #5536, #4056, #5100, #4402, #2283, #729, #1586, #128, #4325, #5709, #2456, #4979, #56, #4937, #6503, #6631, #5113, #1994 ) ) ;
#238 = CARTESIAN_POINT ( 'NONE',  ( 18.79148013494832981, 66.94968272697725808, -18.32672288858124077 ) ) ;
#239 = CARTESIAN_POINT ( 'NONE',  ( 19.42422096688429534, -49.45092047670218705, -20.18407375451740293 ) ) ;
#240 = CARTESIAN_POINT ( 'NONE',  ( 20.23383842789535336, -29.61452646321822613, 49.16375345601177571 ) ) ;
#241 = CARTESIAN_POINT ( 'NONE',  ( 49.23290854358262436, 14.55670694391880104, -34.35359425805290101 ) ) ;
#242 = ORIENTED_EDGE ( 'NONE', *, *, #3568, .F. ) ;
#243 = CARTESIAN_POINT ( 'NONE',  ( 89.82545070715441682, 8.807364787288584296, -0.007894110495412554052 ) ) ;
#244 = B_SPLINE_CURVE_WITH_KNOTS ( 'NONE', 3,
 ( #1063, #4788, #5758, #6827, #2746, #57, #4306 ),
 .UNSPECIFIED., .F., .F.,
 ( 4, 3, 4 ),
 ( 0.000000000000000000, 0.01258337285662346379, 0.04008255950779714832 ),
 .UNSPECIFIED. ) ;
#245 = EDGE_LOOP ( 'NONE', ( #1672, #5527, #6315, #4766 ) ) ;
#246 = CARTESIAN_POINT ( 'NONE',  ( 20.99547524081240013, 47.52466068176978098, 49.90721223274225338 ) ) ;
#247 = CARTESIAN_POINT ( 'NONE',  ( 49.23395903331217482, 22.88749430133932350, -31.86055514711396697 ) ) ;
#248 = EDGE_CURVE ( 'NONE', #3602, #3088, #835, .T. ) ;
#249 = CARTESIAN_POINT ( 'NONE',  ( 18.77401912713006027, -49.14940460389594534, -18.90307349937299009 ) ) ;
#250 = B_SPLINE_CURVE_WITH_KNOTS ( 'NONE', 3,
 ( #3355, #5945, #6533, #5367, #1811, #5398, #6011 ),
 .UNSPECIFIED., .F., .F.,
 ( 4, 3, 4 ),
 ( 0.000000000000000000, 0.007697376234836460739, 0.04008255950779813365 ),
 .UNSPECIFIED. ) ;
#251 = CARTESIAN_POINT ( 'NONE',  ( 89.84074713331158080, 8.822419995143887306, -0.004485739418490070594 ) ) ;
#252 = EDGE_CURVE ( 'NONE', #1179, #6697, #3329, .T. ) ;
#253 = EDGE_LOOP ( 'NONE', ( #1594, #1075, #4039, #6426, #4539, #1294 ) ) ;
#254 = CARTESIAN_POINT ( 'NONE',  ( 50.49366072217506485, 42.83742688687966194, 12.03494343193404426 ) ) ;
#255 = ADVANCED_FACE ( 'NONE', ( #5984 ), #5935, .F. ) ;
#256 = CARTESIAN_POINT ( 'NONE',  ( 17.53340716131418375, 40.61224489795919368, -6.153557722908013615E-14 ) ) ;
#257 = CARTESIAN_POINT ( 'NONE',  ( 18.79234864102459568, -30.41939222035167845, -46.65537749394529499 ) ) ;
#258 = CARTESIAN_POINT ( 'NONE',  ( 49.23165480826241236, 24.21526624016815177, -31.23733879773686439 ) ) ;
#259 = CARTESIAN_POINT ( 'NONE',  ( 20.23383842789535336, -19.94562053272621682, -55.37758198945056165 ) ) ;
#260 = CARTESIAN_POINT ( 'NONE',  ( 49.23165480826241236, 22.33301653717497004, 32.09693343472725502 ) ) ;
#261 = ADVANCED_FACE ( 'NONE', ( #700 ), #3157, .F. ) ;
#262 = CARTESIAN_POINT ( 'NONE',  ( 89.83648776693891591, 8.825027935649972122, -0.007899416541745338943 ) ) ;
#263 = CARTESIAN_POINT ( 'NONE',  ( 50.49951337408938912, -20.47142142363138007, 21.10570736405574621 ) ) ;
#264 = ORIENTED_EDGE ( 'NONE', *, *, #6808, .T. ) ;
#265 = CARTESIAN_POINT ( 'NONE',  ( 89.82545070715441682, 8.807364787288587848, 0.007894110495292925786 ) ) ;
#266 = B_SPLINE_CURVE_WITH_KNOTS ( 'NONE', 3,
 ( #1479, #190, #5684, #3378, #2499, #4647, #4573, #882, #4416, #2987, #5479, #6716, #361 ),
 .UNSPECIFIED., .F., .F.,
 ( 4, 3, 3, 3, 4 ),
 ( 2.501853776554200607E-17, 0.0009041618729686952752, 0.001808323717130803010, 0.002711696379629077724, 0.003615359634610195404 ),
 .UNSPECIFIED. ) ;
#267 = EDGE_CURVE ( 'NONE', #6139, #3064, #4936, .T. ) ;
#268 = CARTESIAN_POINT ( 'NONE',  ( 18.79017952991917539, -17.87235827149530465, -54.80514426954928808 ) ) ;
#269 = CARTESIAN_POINT ( 'NONE',  ( 18.79364884033508787, 33.86197927976038358, 55.57522611636746745 ) ) ;
#270 = CARTESIAN_POINT ( 'NONE',  ( 89.82729936416122030, 8.804931791460413493, 0.007370799083915496874 ) ) ;
#271 = DIRECTION ( 'NONE',  ( 0.000000000000000000, 0.000000000000000000, 1.000000000000000000 ) ) ;
#272 = FACE_OUTER_BOUND ( 'NONE', #2600, .T. ) ;
#273 = ORIENTED_EDGE ( 'NONE', *, *, #673, .F. ) ;
#274 = CARTESIAN_POINT ( 'NONE',  ( 23.23982137879184151, -55.06475177877054250, -14.06204725799715227 ) ) ;
#275 = ORIENTED_EDGE ( 'NONE', *, *, #3782, .T. ) ;
#276 = DIRECTION ( 'NONE',  ( 0.7071067818211360656, 8.659560554583464720E-17, 0.7071067805519589689 ) ) ;
#277 = FACE_OUTER_BOUND ( 'NONE', #3184, .T. ) ;
#278 = CARTESIAN_POINT ( 'NONE',  ( 89.82643428741084790, 8.808271491007081622, 0.008944090892872329918 ) ) ;
#279 = ORIENTED_EDGE ( 'NONE', *, *, #4189, .T. ) ;
#280 = CARTESIAN_POINT ( 'NONE',  ( 89.83068436596585116, 8.825464076779786282, 0.006256856245529284280 ) ) ;
#281 = EDGE_LOOP ( 'NONE', ( #2624, #1682, #6052, #4235 ) ) ;
#282 = CARTESIAN_POINT ( 'NONE',  ( 49.23165480826241236, 24.21526624016815177, -31.23733879773686439 ) ) ;
#283 = CARTESIAN_POINT ( 'NONE',  ( 22.50127774655949509, 47.97555388027375045, -51.45968584848286298 ) ) ;
#284 = CARTESIAN_POINT ( 'NONE',  ( 49.23395903331218193, -13.66901367043931081, 26.60452279651797980 ) ) ;
#285 = CARTESIAN_POINT ( 'NONE',  ( 18.79364760530903311, 59.93109772904126942, -33.21080436638165168 ) ) ;
#286 = CARTESIAN_POINT ( 'NONE',  ( 27.43416788634276315, -8.734935090714843753, 67.35419273848340538 ) ) ;
#287 = CARTESIAN_POINT ( 'NONE',  ( 36.38592095397834214, -7.043495219167816401, -58.68824170095870585 ) ) ;
#288 = CARTESIAN_POINT ( 'NONE',  ( 28.65641647731176533, -56.45590985132546535, -29.09663053110147146 ) ) ;
#289 = FACE_OUTER_BOUND ( 'NONE', #6459, .T. ) ;
#290 = CARTESIAN_POINT ( 'NONE',  ( 53.00898906108303521, -0.03813533000636382120, -37.57885746770211455 ) ) ;
#291 = EDGE_CURVE ( 'NONE', #372, #3119, #3196, .T. ) ;
#292 = CARTESIAN_POINT ( 'NONE',  ( 53.00898906108302810, 39.31859518197614278, -23.66141058995190605 ) ) ;
#293 = ORIENTED_EDGE ( 'NONE', *, *, #731, .F. ) ;
#294 = DIRECTION ( 'NONE',  ( 0.000000000000000000, 0.000000000000000000, 1.000000000000000000 ) ) ;
#295 = ADVANCED_FACE ( 'NONE', ( #4465 ), #3852, .F. ) ;
#296 = CARTESIAN_POINT ( 'NONE',  ( 51.36229326913193916, -4.409509851752061671, 34.51645214490542912 ) ) ;
#297 = CARTESIAN_POINT ( 'NONE',  ( 18.79321399865036213, 34.68285469751303651, 55.19740323806443172 ) ) ;
#298 = CARTESIAN_POINT ( 'NONE',  ( 49.41824768824509562, -4.291210699728294387, 32.47087223896625829 ) ) ;
#299 = FACE_OUTER_BOUND ( 'NONE', #6332, .T. ) ;
#300 = DIRECTION ( 'NONE',  ( 1.000000000000000000, 0.000000000000000000, 0.000000000000000000 ) ) ;
#301 = EDGE_CURVE ( 'NONE', #3252, #5223, #2529, .T. ) ;
#302 = ORIENTED_EDGE ( 'NONE', *, *, #3261, .F. ) ;
#303 = FACE_OUTER_BOUND ( 'NONE', #2856, .T. ) ;
#304 = ORIENTED_EDGE ( 'NONE', *, *, #2206, .T. ) ;
#305 = CARTESIAN_POINT ( 'NONE',  ( 54.62576016552275604, 35.51534348101012739, -15.40222530244905919 ) ) ;
#306 = CARTESIAN_POINT ( 'NONE',  ( 49.23244927482063105, -4.847704750935275975, 32.03916704369538593 ) ) ;
#307 = CARTESIAN_POINT ( 'NONE',  ( 49.24040381077556106, -26.00487677286544397, -1.186221413706736172 ) ) ;
#308 = FACE_OUTER_BOUND ( 'NONE', #1740, .T. ) ;
#309 = VERTEX_POINT ( 'NONE', #5706 ) ;
#310 = CARTESIAN_POINT ( 'NONE',  ( 89.82729936416122030, 8.822604442518763079, -0.0007000302258270009025 ) ) ;
#311 = VERTEX_POINT ( 'NONE', #4157 ) ;
#312 = CARTESIAN_POINT ( 'NONE',  ( 50.49951337408884200, 5.586151034824295536, 35.95241737293466855 ) ) ;
#313 = CARTESIAN_POINT ( 'NONE',  ( 49.23433077323408469, -5.775913041981174167, -31.62904450665825351 ) ) ;
#314 = CARTESIAN_POINT ( 'NONE',  ( 49.61704819046445891, 42.08496549054244440, 11.53014920622963579 ) ) ;
#315 = CARTESIAN_POINT ( 'NONE',  ( 50.49951337408941754, 30.96355207557456879, -28.50094010544820122 ) ) ;
#316 = ORIENTED_EDGE ( 'NONE', *, *, #3055, .T. ) ;
#317 =( BOUNDED_SURFACE ( )  B_SPLINE_SURFACE ( 3, 1, ( 
 ( #2601, #5153 ),
 ( #1344, #4088 ),
 ( #4642, #1987 ),
 ( #4714, #5642 ) ),
 .UNSPECIFIED., .F., .F., .T. ) 
 B_SPLINE_SURFACE_WITH_KNOTS ( ( 4, 4 ),
 ( 2, 2 ),
 ( 0.000000000000000000, 1.000000000000000000 ),
 ( 0.000000000000000000, 1.000000000000000000 ),
 .UNSPECIFIED. ) 
 GEOMETRIC_REPRESENTATION_ITEM ( )  RATIONAL_B_SPLINE_SURFACE ( (
 ( 1.000000000000000000, 1.000000000000000000),
 ( 0.9936547718337396251, 0.8399137562987545325),
 ( 0.9936547718337396251, 0.8399137562987545325),
 ( 1.000000000000000000, 1.000000000000000000) ) ) 
 REPRESENTATION_ITEM ( '' )  SURFACE ( )  );
#318 = ORIENTED_EDGE ( 'NONE', *, *, #4112, .F. ) ;
#319 = CONICAL_SURFACE ( 'NONE', #2641, 40.14018759214401655, 0.8495922745902004802 ) ;
#320 = CARTESIAN_POINT ( 'NONE',  ( 18.79364822255247347, 60.09390098219685683, -32.95748458435194550 ) ) ;
#321 = CARTESIAN_POINT ( 'NONE',  ( 18.78690384720154327, -1.910827034650373957, 60.00224282439158685 ) ) ;
#322 = CARTESIAN_POINT ( 'NONE',  ( 18.77401912713006027, -29.72842440507484341, -47.23871093047284830 ) ) ;
#323 = CARTESIAN_POINT ( 'NONE',  ( 19.42422096688429534, -14.08790919255554641, -57.25011978532118206 ) ) ;
#324 = CARTESIAN_POINT ( 'NONE',  ( 28.65641647731176533, 47.98848454662928731, 59.76427176524408225 ) ) ;
#325 = CARTESIAN_POINT ( 'NONE',  ( 54.17538997708383874, -1.217353733269396443, -38.48851344121650442 ) ) ;
#326 = CARTESIAN_POINT ( 'NONE',  ( 18.79321399865035502, 33.58601237963934949, -55.69831434065053344 ) ) ;
#327 = AXIS2_PLACEMENT_3D ( 'NONE', #2358, #5437, #4401 ) ;
#328 = ORIENTED_EDGE ( 'NONE', *, *, #3816, .F. ) ;
#329 = B_SPLINE_CURVE_WITH_KNOTS ( 'NONE', 3,
 ( #3023, #1411, #6163, #2035, #6792, #362, #5122, #3060, #2431, #1437 ),
 .UNSPECIFIED., .F., .F.,
 ( 4, 2, 2, 2, 4 ),
 ( 1.868354362588067661E-17, 0.001890020855637484327, 0.003780041711274950006, 0.005670062566912416335, 0.007560083422549881797 ),
 .UNSPECIFIED. ) ;
#330 = CARTESIAN_POINT ( 'NONE',  ( 54.17539151718671064, -1.217355579738734317, 38.48851453761901809 ) ) ;
#331 = CARTESIAN_POINT ( 'NONE',  ( 54.54334256235712530, -3.329282912655594728, 38.25987405045302836 ) ) ;
#332 = EDGE_CURVE ( 'NONE', #4330, #2347, #4679, .T. ) ;
#333 = CARTESIAN_POINT ( 'NONE',  ( 49.27748177091822157, 12.45397805215215925, 34.68373718814288509 ) ) ;
#334 = CARTESIAN_POINT ( 'NONE',  ( 22.90123142467807327, 73.87886385337534989, 3.877872993103068211 ) ) ;
#335 = FACE_OUTER_BOUND ( 'NONE', #6519, .T. ) ;
#336 = CARTESIAN_POINT ( 'NONE',  ( 22.50127774655940271, 54.17462535917982791, 46.08815983482340073 ) ) ;
#337 = AXIS2_PLACEMENT_3D ( 'NONE', #2564, #1579, #3161 ) ;
#338 = B_SPLINE_CURVE_WITH_KNOTS ( 'NONE', 3,
 ( #2702, #495, #4812, #1512, #3609, #5714, #461 ),
 .UNSPECIFIED., .F., .F.,
 ( 4, 3, 4 ),
 ( 1.769077770938648657E-17, 0.01258337285662351410, 0.04008255950779792548 ),
 .UNSPECIFIED. ) ;
#339 = ORIENTED_EDGE ( 'NONE', *, *, #6081, .F. ) ;
#340 = EDGE_CURVE ( 'NONE', #3726, #6697, #971, .T. ) ;
#341 = CARTESIAN_POINT ( 'NONE',  ( 54.54334256235661371, 48.65842340579525427, 4.849403907097777022 ) ) ;
#342 = ORIENTED_EDGE ( 'NONE', *, *, #2586, .T. ) ;
#343 = AXIS2_PLACEMENT_3D ( 'NONE', #4555, #1531, #3594 ) ;
#344 = CARTESIAN_POINT ( 'NONE',  ( 50.05827993638286699, -24.84593314779475648, -11.76538201839717246 ) ) ;
#345 = AXIS2_PLACEMENT_3D ( 'NONE', #3539, #6162, #5084 ) ;
#346 = CARTESIAN_POINT ( 'NONE',  ( 48.51805717611819802, 8.812244897959192969, 34.11490221672024603 ) ) ;
#347 = EDGE_CURVE ( 'NONE', #2191, #5738, #5083, .T. ) ;
#348 = CARTESIAN_POINT ( 'NONE',  ( 18.78844479849039928, 15.69414519909547501, -60.56409105043064045 ) ) ;
#349 = EDGE_CURVE ( 'NONE', #3289, #3143, #6639, .T. ) ;
#350 = CARTESIAN_POINT ( 'NONE',  ( 49.23165480826241236, 38.65827140111222349, 17.95101957010304616 ) ) ;
#351 = VERTEX_POINT ( 'NONE', #873 ) ;
#352 = CARTESIAN_POINT ( 'NONE',  ( 28.07725316172349750, 8.812244897959189416, -6.153557722908013615E-14 ) ) ;
#353 = VECTOR ( 'NONE', #2318, 1000.000000000000114 ) ;
#354 = ORIENTED_EDGE ( 'NONE', *, *, #1755, .F. ) ;
#355 = LINE ( 'NONE', #6019, #2990 ) ;
#356 =( BOUNDED_SURFACE ( )  B_SPLINE_SURFACE ( 3, 1, ( 
 ( #1979, #3527 ),
 ( #278, #4079 ),
 ( #2974, #5067 ),
 ( #2900, #6635 ) ),
 .UNSPECIFIED., .F., .F., .T. ) 
 B_SPLINE_SURFACE_WITH_KNOTS ( ( 4, 4 ),
 ( 2, 2 ),
 ( 0.000000000000000000, 1.000000000000000000 ),
 ( 0.000000000000000000, 1.000000000000000000 ),
 .UNSPECIFIED. ) 
 GEOMETRIC_REPRESENTATION_ITEM ( )  RATIONAL_B_SPLINE_SURFACE ( (
 ( 1.000000000000000000, 1.000000000000000000),
 ( 0.9936547718337395141, 0.8399137562987549765),
 ( 0.9936547718337395141, 0.8399137562987549765),
 ( 1.000000000000000000, 1.000000000000000000) ) ) 
 REPRESENTATION_ITEM ( '' )  SURFACE ( )  );
#357 = CARTESIAN_POINT ( 'NONE',  ( 49.23165480826241236, 41.92371111849477217, 10.80070397517991587 ) ) ;
#358 = CARTESIAN_POINT ( 'NONE',  ( 49.23290854358262436, -14.59325937463043665, 25.79439187866574201 ) ) ;
#359 = VERTEX_POINT ( 'NONE', #1015 ) ;
#360 = CARTESIAN_POINT ( 'NONE',  ( 52.60397151635674362, 44.46841538179688769, 13.71113689934508351 ) ) ;
#361 = CARTESIAN_POINT ( 'NONE',  ( 18.78844479849039928, -29.72059773692345530, 47.22911935442994746 ) ) ;
#362 = CARTESIAN_POINT ( 'NONE',  ( 52.60397151635670809, 27.45822432934825841, -33.34194384989127258 ) ) ;
#363 = DIRECTION ( 'NONE',  ( -1.000000000000000000, -0.000000000000000000, -0.000000000000000000 ) ) ;
#364 = CARTESIAN_POINT ( 'NONE',  ( 18.80019331273212302, 34.68654342548502001, -55.20585143009712681 ) ) ;
#365 = APPLICATION_PROTOCOL_DEFINITION ( 'draft international standard', 'automotive_design', 1998, #3353 ) ;
#366 = VERTEX_POINT ( 'NONE', #2976 ) ;
#367 = CARTESIAN_POINT ( 'NONE',  ( 28.07725316172349750, 8.812244897959189416, -6.153557722908013615E-14 ) ) ;
#368 = CARTESIAN_POINT ( 'NONE',  ( 19.10106442482187816, -33.35138811003015746, -44.45050184454538567 ) ) ;
#369 = CARTESIAN_POINT ( 'NONE',  ( 49.61704819046447312, 24.96023566041735720, 31.29314095270072116 ) ) ;
#370 = FACE_OUTER_BOUND ( 'NONE', #3218, .T. ) ;
#371 = CARTESIAN_POINT ( 'NONE',  ( 49.23084801259429355, 5.034154933988001623, 34.62250263592287070 ) ) ;
#372 = VERTEX_POINT ( 'NONE', #455 ) ;
#373 = CARTESIAN_POINT ( 'NONE',  ( 25.39554384420629063, 42.19526275531287496, 58.73949208918817533 ) ) ;
#374 = ORIENTED_EDGE ( 'NONE', *, *, #4398, .F. ) ;
#375 = CARTESIAN_POINT ( 'NONE',  ( 18.78690642288629675, 66.67784027487499543, -19.15271161393068766 ) ) ;
#376 = CARTESIAN_POINT ( 'NONE',  ( 49.41824768824505298, -7.146664425629881023, -31.16683021677545185 ) ) ;
#377 = DIRECTION ( 'NONE',  ( 0.000000000000000000, 0.000000000000000000, -1.000000000000000000 ) ) ;
#378 = CARTESIAN_POINT ( 'NONE',  ( 18.78844479849038507, -50.15599450341706245, -15.43102130196196953 ) ) ;
#379 = ORIENTED_EDGE ( 'NONE', *, *, #4897, .T. ) ;
#380 = CARTESIAN_POINT ( 'NONE',  ( 53.00847882770921160, -25.38311299247452268, 17.92031812148739078 ) ) ;
#381 = EDGE_CURVE ( 'NONE', #6102, #4405, #5915, .T. ) ;
#382 = EDGE_LOOP ( 'NONE', ( #5990, #6295, #3844, #1800 ) ) ;
#383 = CARTESIAN_POINT ( 'NONE',  ( 49.56354134330945982, -26.30823067888760036, 1.674844016338868924 ) ) ;
#384 = EDGE_CURVE ( 'NONE', #3492, #1317, #2458, .T. ) ;
#385 = LINE ( 'NONE', #5565, #3589 ) ;
#386 = B_SPLINE_CURVE_WITH_KNOTS ( 'NONE', 3,
 ( #444, #3557, #4622, #2547, #2478, #6731, #1936, #897, #932, #2929, #5661, #1971, #407 ),
 .UNSPECIFIED., .F., .F.,
 ( 4, 3, 3, 3, 4 ),
 ( 6.938893903907228378E-18, 0.0009041618729686834574, 0.001808323717130785012, 0.002711696379629082061, 0.003615359634610211450 ),
 .UNSPECIFIED. ) ;
#387 = CARTESIAN_POINT ( 'NONE',  ( 54.62576016552275604, 33.91546987779468481, 17.89167722197384691 ) ) ;
#388 = B_SPLINE_CURVE_WITH_KNOTS ( 'NONE', 3,
 ( #3534, #1475, #3018, #5117, #498, #4480, #427, #954, #4681, #3054 ),
 .UNSPECIFIED., .F., .F.,
 ( 4, 2, 2, 2, 4 ),
 ( 0.000000000000000000, 0.001890020855637478906, 0.003780041711274957812, 0.005670062566912437152, 0.007560083422549915624 ),
 .UNSPECIFIED. ) ;
#389 = ORIENTED_EDGE ( 'NONE', *, *, #2703, .T. ) ;
#390 = CARTESIAN_POINT ( 'NONE',  ( 89.82643428741083369, 8.808271491007078069, -0.008944090892990946839 ) ) ;
#391 = EDGE_LOOP ( 'NONE', ( #3936, #4728, #1007, #5226 ) ) ;
#392 =( BOUNDED_SURFACE ( )  B_SPLINE_SURFACE ( 3, 1, ( 
 ( #3300, #2719 ),
 ( #5831, #1596 ),
 ( #3240, #3697 ),
 ( #5800, #857 ) ),
 .UNSPECIFIED., .F., .F., .T. ) 
 B_SPLINE_SURFACE_WITH_KNOTS ( ( 4, 4 ),
 ( 2, 2 ),
 ( 0.000000000000000000, 1.000000000000000000 ),
 ( 0.000000000000000000, 1.000000000000000000 ),
 .UNSPECIFIED. ) 
 GEOMETRIC_REPRESENTATION_ITEM ( )  RATIONAL_B_SPLINE_SURFACE ( (
 ( 1.000000000000000000, 1.000000000000000000),
 ( 0.9936547718337395141, 0.8399137562987549765),
 ( 0.9936547718337395141, 0.8399137562987549765),
 ( 1.000000000000000000, 1.000000000000000000) ) ) 
 REPRESENTATION_ITEM ( '' )  SURFACE ( )  );
#393 = CARTESIAN_POINT ( 'NONE',  ( 35.20511764130981902, 25.01817889762190816, -59.98482442201402876 ) ) ;
#394 = LINE ( 'NONE', #432, #906 ) ;
#395 = CARTESIAN_POINT ( 'NONE',  ( 89.82545070715441682, 8.817125008629794536, 0.007894110495289515320 ) ) ;
#396 = CARTESIAN_POINT ( 'NONE',  ( 89.83648776693891591, 8.805761869358025962, 0.01355644401964465826 ) ) ;
#397 = CARTESIAN_POINT ( 'NONE',  ( 18.79148157003700703, 35.22594963238667987, -54.93766400627506385 ) ) ;
#398 = DIRECTION ( 'NONE',  ( -0.7522347214610783928, -0.6226207347403903691, 0.2156069212704227467 ) ) ;
#399 = ORIENTED_EDGE ( 'NONE', *, *, #6076, .F. ) ;
#400 = CARTESIAN_POINT ( 'NONE',  ( 49.23423108862792219, -20.33672126910575528, 19.06736331280978902 ) ) ;
#401 = B_SPLINE_CURVE_WITH_KNOTS ( 'NONE', 3,
 ( #6543, #6160, #254, #3952, #2362, #360, #1336, #6610, #1851, #2467 ),
 .UNSPECIFIED., .F., .F.,
 ( 4, 2, 2, 2, 4 ),
 ( 2.145734436807298652E-17, 0.001890020855637487797, 0.003780041711274953909, 0.005670062566912420672, 0.007560083422549887001 ),
 .UNSPECIFIED. ) ;
#402 = CARTESIAN_POINT ( 'NONE',  ( 49.23372534307176807, 3.302363922444311761, 34.39282476972407210 ) ) ;
#403 = CARTESIAN_POINT ( 'NONE',  ( 18.78690384720155393, 32.23108436159697021, 56.27442912909498318 ) ) ;
#404 = CARTESIAN_POINT ( 'NONE',  ( 52.84917723814558599, 39.99930277981427196, -28.23137503103329138 ) ) ;
#405 = FACE_OUTER_BOUND ( 'NONE', #1043, .T. ) ;
#406 = CARTESIAN_POINT ( 'NONE',  ( 49.24038183582140249, 38.74348163905494857, -17.82578494067999131 ) ) ;
#407 = CARTESIAN_POINT ( 'NONE',  ( 18.78844479849039928, -43.41994538800256009, -31.41922937391545290 ) ) ;
#408 = EDGE_LOOP ( 'NONE', ( #2120, #1301, #1468, #3155 ) ) ;
#409 = CARTESIAN_POINT ( 'NONE',  ( 89.84074713331158080, 8.812391413990640743, -0.01111903745393405876 ) ) ;
#410 = ORIENTED_EDGE ( 'NONE', *, *, #6076, .T. ) ;
#411 = CARTESIAN_POINT ( 'NONE',  ( 42.33298211887888840, -31.24148060108856839, 36.25944294435315385 ) ) ;
#412 = B_SPLINE_CURVE_WITH_KNOTS ( 'NONE', 3,
 ( #1382, #6579, #6547, #6614, #3888, #218, #2300 ),
 .UNSPECIFIED., .F., .F.,
 ( 4, 3, 4 ),
 ( 0.000000000000000000, 0.007697376234836541403, 0.04008255950779807814 ),
 .UNSPECIFIED. ) ;
#413 = CARTESIAN_POINT ( 'NONE',  ( 49.51286555817209489, -7.255825962791539574, -31.21714674472058704 ) ) ;
#414 = CARTESIAN_POINT ( 'NONE',  ( 28.07725316172420804, 78.10617965255069350, -11.50561499319443115 ) ) ;
#415 = CARTESIAN_POINT ( 'NONE',  ( 17.53340716131418375, 8.812244897959192969, -27.50000000000006395 ) ) ;
#416 = CARTESIAN_POINT ( 'NONE',  ( 18.76137069372868282, 15.11739810134076478, -60.64673771806509706 ) ) ;
#417 = VERTEX_POINT ( 'NONE', #6668 ) ;
#418 = DIRECTION ( 'NONE',  ( 0.000000000000000000, 0.000000000000000000, 1.000000000000000000 ) ) ;
#419 = ORIENTED_EDGE ( 'NONE', *, *, #3632, .F. ) ;
#420 = B_SPLINE_CURVE_WITH_KNOTS ( 'NONE', 3,
 ( #5259, #6270, #4299, #3124, #4746, #13, #6404, #2062 ),
 .UNSPECIFIED., .F., .F.,
 ( 4, 2, 2, 4 ),
 ( 1.009370584890901291E-15, 0.001890109674893150757, 0.003780219349785291904, 0.007560438699569571597 ),
 .UNSPECIFIED. ) ;
#421 = CARTESIAN_POINT ( 'NONE',  ( 26.76916540935846811, 25.63655604911604513, -66.85199703081637779 ) ) ;
#422 = DIRECTION ( 'NONE',  ( -1.000000000000000000, -0.000000000000000000, -0.000000000000000000 ) ) ;
#423 = CARTESIAN_POINT ( 'NONE',  ( 28.07725316172377461, 45.49475823551636466, -59.90343717504937615 ) ) ;
#424 = EDGE_CURVE ( 'NONE', #5806, #699, #2213, .T. ) ;
#425 = CARTESIAN_POINT ( 'NONE',  ( 53.79529533164529909, 31.38482711447840856, -32.28480427588269919 ) ) ;
#426 = EDGE_LOOP ( 'NONE', ( #2327, #2157 ) ) ;
#427 = CARTESIAN_POINT ( 'NONE',  ( 53.00847882770923292, 6.716615210381671197, -38.54956081517281774 ) ) ;
#428 = B_SPLINE_CURVE_WITH_KNOTS ( 'NONE', 3,
 ( #1588, #3688, #5794, #4752, #155, #2270, #4378 ),
 .UNSPECIFIED., .F., .F.,
 ( 4, 3, 4 ),
 ( 0.000000000000000000, 0.007697376234836541403, 0.04008255950779804344 ),
 .UNSPECIFIED. ) ;
#429 = ORIENTED_EDGE ( 'NONE', *, *, #4018, .T. ) ;
#430 = B_SPLINE_CURVE_WITH_KNOTS ( 'NONE', 3,
 ( #1926, #6027, #2401, #4031, #1306, #2919 ),
 .UNSPECIFIED., .F., .F.,
 ( 4, 2, 4 ),
 ( 1.424164657854845069E-16, 0.0007986073165776905007, 0.001597214633155238537 ),
 .UNSPECIFIED. ) ;
#431 = CARTESIAN_POINT ( 'NONE',  ( 18.78844479849039928, 61.04443518392158552, -31.41922937391437287 ) ) ;
#432 = CARTESIAN_POINT ( 'NONE',  ( 54.30008724204793680, -3.019465000893716500, -28.08872707293845394 ) ) ;
#433 = EDGE_CURVE ( 'NONE', #800, #2532, #2192, .T. ) ;
#434 = CARTESIAN_POINT ( 'NONE',  ( 49.46084658743961882, -5.078468786766396015, -43.76970021317228543 ) ) ;
#435 = EDGE_CURVE ( 'NONE', #6432, #3282, #914, .T. ) ;
#436 = CARTESIAN_POINT ( 'NONE',  ( 50.49366072217502932, -16.26969612832883527, 25.95089800262829627 ) ) ;
#437 = CARTESIAN_POINT ( 'NONE',  ( 49.37576540558968219, 21.94518390221797688, -32.41315718530137957 ) ) ;
#438 = ORIENTED_EDGE ( 'NONE', *, *, #1232, .F. ) ;
#439 = CARTESIAN_POINT ( 'NONE',  ( 18.77401912713006382, -49.14940460389620114, 18.90307349937209125 ) ) ;
#440 = AXIS2_PLACEMENT_3D ( 'NONE', #2997, #3588, #893 ) ;
#441 = CARTESIAN_POINT ( 'NONE',  ( 18.78844479849039928, -43.41994538800299352, 31.41922937391461446 ) ) ;
#442 = CARTESIAN_POINT ( 'NONE',  ( 28.07725316172354013, -45.26099570718061926, 44.83428621717720119 ) ) ;
#443 = CARTESIAN_POINT ( 'NONE',  ( 18.77401912713006027, 66.77389439981470787, -18.90307349937186032 ) ) ;
#444 = CARTESIAN_POINT ( 'NONE',  ( 18.78844479849039928, -41.46572741669601925, -34.46005189268283431 ) ) ;
#445 = ORIENTED_EDGE ( 'NONE', *, *, #4013, .T. ) ;
#446 = CARTESIAN_POINT ( 'NONE',  ( 89.82681805825622234, 8.814842934899198568, 0.009755237279887132504 ) ) ;
#447 = ORIENTED_EDGE ( 'NONE', *, *, #3217, .T. ) ;
#448 = CARTESIAN_POINT ( 'NONE',  ( 49.61704819046445891, -24.46047569462399096, -11.53014920622997863 ) ) ;
#449 = CIRCLE ( 'NONE', #119, 59.69879470168694269 ) ;
#450 = CARTESIAN_POINT ( 'NONE',  ( 19.42422096688430244, -41.40434219323217491, 35.78110749705387406 ) ) ;
#451 = CARTESIAN_POINT ( 'NONE',  ( 26.76987644061278004, -13.17682541026758081, 65.33625157091226754 ) ) ;
#452 = CARTESIAN_POINT ( 'NONE',  ( 51.36229326913195337, -8.615141099331630414, -32.59580470911092931 ) ) ;
#453 = ORIENTED_EDGE ( 'NONE', *, *, #433, .T. ) ;
#454 = VECTOR ( 'NONE', #4842, 1000.000000000000114 ) ;
#455 = CARTESIAN_POINT ( 'NONE',  ( 18.78844479849039928, 32.47825610642994576, -56.17196444846991454 ) ) ;
#456 = VECTOR ( 'NONE', #941, 999.9999999999998863 ) ;
#457 = EDGE_LOOP ( 'NONE', ( #826, #4220, #3894, #2437 ) ) ;
#458 = VECTOR ( 'NONE', #2475, 1000.000000000000000 ) ;
#459 = CARTESIAN_POINT ( 'NONE',  ( 18.79234864102458502, -49.41530985359679562, -18.03877678058884371 ) ) ;
#460 = CARTESIAN_POINT ( 'NONE',  ( 54.54334256235713241, 48.41060816351981089, 6.572996776293480892 ) ) ;
#461 = CARTESIAN_POINT ( 'NONE',  ( 54.54334256235712530, 44.95476903000335511, 17.46289235198649692 ) ) ;
#462 = VECTOR ( 'NONE', #3967, 1000.000000000000114 ) ;
#463 = CARTESIAN_POINT ( 'NONE',  ( 54.17538997708381032, -30.36458422759924503, -6.865462496076782273 ) ) ;
#464 = VERTEX_POINT ( 'NONE', #2127 ) ;
#465 = CARTESIAN_POINT ( 'NONE',  ( 18.85592173195391297, -29.34919440755677655, 47.61665319776545147 ) ) ;
#466 = ORIENTED_EDGE ( 'NONE', *, *, #1035, .F. ) ;
#467 = ADVANCED_FACE ( 'NONE', ( #1573 ), #1216, .F. ) ;
#468 = CARTESIAN_POINT ( 'NONE',  ( 50.49366072217502222, -26.31814131051679695, 8.270963525027202223 ) ) ;
#469 = DIRECTION ( 'NONE',  ( -0.7522347214610782817, -0.1248041845212237155, -0.6469674175369004576 ) ) ;
#470 = FACE_OUTER_BOUND ( 'NONE', #997, .T. ) ;
#471 = EDGE_CURVE ( 'NONE', #6280, #3882, #1061, .T. ) ;
#472 = CARTESIAN_POINT ( 'NONE',  ( 18.77401912713006027, 35.77171513999931562, -54.68149563579218153 ) ) ;
#473 = EDGE_CURVE ( 'NONE', #664, #3756, #4226, .T. ) ;
#474 = ORIENTED_EDGE ( 'NONE', *, *, #4563, .T. ) ;
#475 = FACE_OUTER_BOUND ( 'NONE', #4935, .T. ) ;
#476 = CARTESIAN_POINT ( 'NONE',  ( 28.65641647731176533, 46.90134057167117732, -60.46293677451346582 ) ) ;
#477 = CARTESIAN_POINT ( 'NONE',  ( 49.23165480826241236, 24.21526624016772544, 31.23733879773695676 ) ) ;
#478 = ADVANCED_FACE ( 'NONE', ( #2697 ), #5974, .F. ) ;
#479 = CARTESIAN_POINT ( 'NONE',  ( 27.43416788634279868, -12.84055376653936875, -66.14867432535898217 ) ) ;
#480 = B_SPLINE_CURVE_WITH_KNOTS ( 'NONE', 3,
 ( #1293, #2771, #1258, #2998, #3288, #5461, #733, #2860, #2830, #200, #5094, #241, #2351 ),
 .UNSPECIFIED., .F., .F.,
 ( 4, 3, 3, 3, 4 ),
 ( 1.734723475976806902E-18, 0.0004520762650173969026, 0.0009041524520694465194, 0.001356228616379092202, 0.002069674869633366700 ),
 .UNSPECIFIED. ) ;
#481 = CARTESIAN_POINT ( 'NONE',  ( 18.80019331273212302, 67.47810574217446344, -16.59765428669506093 ) ) ;
#482 = CARTESIAN_POINT ( 'NONE',  ( 19.46190759237069301, 14.65242683903169763, 61.34994523100074559 ) ) ;
#483 = EDGE_LOOP ( 'NONE', ( #5002, #2733, #143, #3656 ) ) ;
#484 = CARTESIAN_POINT ( 'NONE',  ( 49.23443045783676553, 31.63721577774933991, -26.31085641278938425 ) ) ;
#485 = ORIENTED_EDGE ( 'NONE', *, *, #1591, .F. ) ;
#486 = CARTESIAN_POINT ( 'NONE',  ( 25.39554384420632971, -54.08026264455833854, 24.68372555297470683 ) ) ;
#487 = CARTESIAN_POINT ( 'NONE',  ( 18.78690384720154327, -52.10531385845212782, -2.074717038141111747 ) ) ;
#488 = CARTESIAN_POINT ( 'NONE',  ( 54.54334256235712530, 19.28299131569666258, 38.75045973131027210 ) ) ;
#489 = ORIENTED_EDGE ( 'NONE', *, *, #4324, .T. ) ;
#490 = CARTESIAN_POINT ( 'NONE',  ( 49.61704819046447312, 42.08496549054259361, -11.53014920622932316 ) ) ;
#491 = VERTEX_POINT ( 'NONE', #2592 ) ;
#492 = CARTESIAN_POINT ( 'NONE',  ( 53.00898906108301389, 46.67175681692006606, 7.560232537130588959 ) ) ;
#493 = CARTESIAN_POINT ( 'NONE',  ( 42.33298211887890972, 50.40285846157796357, 34.48577956766528274 ) ) ;
#494 = CARTESIAN_POINT ( 'NONE',  ( 20.99547524081242145, 3.227164373839257028, -62.91413071959046732 ) ) ;
#495 = CARTESIAN_POINT ( 'NONE',  ( 30.84680909296950091, 69.22157473085110269, 29.19116161054393999 ) ) ;
#496 = CARTESIAN_POINT ( 'NONE',  ( 49.61704819046447312, -25.41221813969723442, -8.288812106334866314 ) ) ;
#497 = ORIENTED_EDGE ( 'NONE', *, *, #5718, .T. ) ;
#498 = CARTESIAN_POINT ( 'NONE',  ( 51.77745077274522600, 6.058330577250441884, -37.27343996208914945 ) ) ;
#499 = ORIENTED_EDGE ( 'NONE', *, *, #4359, .F. ) ;
#500 =( BOUNDED_SURFACE ( )  B_SPLINE_SURFACE ( 3, 1, ( 
 ( #4144, #443 ),
 ( #540, #6249 ),
 ( #1528, #481 ),
 ( #3173, #2007 ) ),
 .UNSPECIFIED., .F., .F., .T. ) 
 B_SPLINE_SURFACE_WITH_KNOTS ( ( 4, 4 ),
 ( 2, 2 ),
 ( 0.000000000000000000, 1.000000000000000000 ),
 ( 0.000000000000000000, 1.000000000000000000 ),
 .UNSPECIFIED. ) 
 GEOMETRIC_REPRESENTATION_ITEM ( )  RATIONAL_B_SPLINE_SURFACE ( (
 ( 1.000000000000000000, 1.000000000000000000),
 ( 0.9611591142731221726, 0.9996856433685865628),
 ( 0.9611591142731221726, 0.9996856433685865628),
 ( 1.000000000000000000, 1.000000000000000000) ) ) 
 REPRESENTATION_ITEM ( '' )  SURFACE ( )  );
#501 = CARTESIAN_POINT ( 'NONE',  ( 49.61704819046445891, -25.41221813969733745, 8.288812106334280116 ) ) ;
#502 = B_SPLINE_CURVE_WITH_KNOTS ( 'NONE', 3,
 ( #6169, #1998, #4103, #292, #4509, #6617, #3476, #5578 ),
 .UNSPECIFIED., .F., .F.,
 ( 4, 2, 2, 4 ),
 ( 1.019498034690200576E-15, 0.001890109674893162683, 0.003780219349785305782, 0.007560438699569584607 ),
 .UNSPECIFIED. ) ;
#503 = CARTESIAN_POINT ( 'NONE',  ( 49.24038183582141670, -4.572440138555703193, -32.16345360927820707 ) ) ;
#504 = CARTESIAN_POINT ( 'NONE',  ( 89.82681805825623655, 8.817916062003886779, 0.008351787156458236397 ) ) ;
#505 = CARTESIAN_POINT ( 'NONE',  ( 89.82615535696581333, 8.804846113339241498, 0.005918379641947186902 ) ) ;
#506 = CARTESIAN_POINT ( 'NONE',  ( 49.27030864395450749, 22.06658486946227171, -32.24987341167499721 ) ) ;
#507 = ORIENTED_EDGE ( 'NONE', *, *, #2665, .T. ) ;
#508 = CARTESIAN_POINT ( 'NONE',  ( 18.85592173195391297, 15.17218422230790331, -60.68930946563374107 ) ) ;
#509 = CARTESIAN_POINT ( 'NONE',  ( 89.83648776693894433, 8.826735655624784016, 0.003978036774513526129 ) ) ;
#510 = CARTESIAN_POINT ( 'NONE',  ( 49.61704819046445891, -24.46047569462414373, 11.53014920622940664 ) ) ;
#511 = EDGE_CURVE ( 'NONE', #4696, #6583, #3369, .T. ) ;
#512 = CARTESIAN_POINT ( 'NONE',  ( 54.54334256235661371, 8.812244897959189416, -6.153557722908013615E-14 ) ) ;
#513 = EDGE_CURVE ( 'NONE', #70, #5936, #6814, .T. ) ;
#514 = ORIENTED_EDGE ( 'NONE', *, *, #6035, .T. ) ;
#515 = CARTESIAN_POINT ( 'NONE',  ( 19.46190759237070012, -44.56752894042212176, -30.79810464809308002 ) ) ;
#516 = VERTEX_POINT ( 'NONE', #4190 ) ;
#517 = CARTESIAN_POINT ( 'NONE',  ( 30.84680909296950446, 10.27051694250911851, -67.07670601390705656 ) ) ;
#518 = CARTESIAN_POINT ( 'NONE',  ( 49.23165480826241236, -24.29922132257632228, -10.80070397518025871 ) ) ;
#519 = EDGE_CURVE ( 'NONE', #5324, #5275, #5931, .T. ) ;
#520 = CARTESIAN_POINT ( 'NONE',  ( 89.84074713331158080, 8.801259887679590221, -0.001727428726573789017 ) ) ;
#521 = EDGE_CURVE ( 'NONE', #6697, #4561, #1818, .T. ) ;
#522 = ORIENTED_EDGE ( 'NONE', *, *, #4324, .F. ) ;
#523 = ORIENTED_EDGE ( 'NONE', *, *, #3210, .F. ) ;
#524 = CARTESIAN_POINT ( 'NONE',  ( 49.23125094256060663, 43.62269322937963523, 1.111230220513175437 ) ) ;
#525 = LINE ( 'NONE', #1577, #2164 ) ;
#526 = CARTESIAN_POINT ( 'NONE',  ( 25.39469577495192709, 5.138311674954565866, -67.46214816447337626 ) ) ;
#527 = CARTESIAN_POINT ( 'NONE',  ( 18.78844479849039217, 67.78048429933575392, -15.43102130196080424 ) ) ;
#528 = CARTESIAN_POINT ( 'NONE',  ( 89.82681805825622234, 8.802219215721915901, 0.001183277654143183571 ) ) ;
#529 = ORIENTED_EDGE ( 'NONE', *, *, #3001, .F. ) ;
#530 = CARTESIAN_POINT ( 'NONE',  ( 49.23372534307176807, 43.63913812182124019, 0.5591890369115463111 ) ) ;
#531 = VERTEX_POINT ( 'NONE', #758 ) ;
#532 = CARTESIAN_POINT ( 'NONE',  ( 54.54334256235712530, -30.78611836760146403, 6.572996776293212662 ) ) ;
#533 = CARTESIAN_POINT ( 'NONE',  ( 49.23125140390100540, -4.637808260362531243, -32.12628572360076618 ) ) ;
#534 = CARTESIAN_POINT ( 'NONE',  ( 18.77401912713006027, -50.16797062332311441, -15.43415620504375063 ) ) ;
#535 = CARTESIAN_POINT ( 'NONE',  ( 19.46190759237069301, 31.70013536706088431, -57.21947199010175922 ) ) ;
#536 = VERTEX_POINT ( 'NONE', #2282 ) ;
#537 = CARTESIAN_POINT ( 'NONE',  ( 51.36229326913195337, 16.35039990782589925, 36.18530760378139632 ) ) ;
#538 = CARTESIAN_POINT ( 'NONE',  ( 28.07725316172350460, 10.33919420233177711, 70.22604214938338885 ) ) ;
#539 = CARTESIAN_POINT ( 'NONE',  ( 20.23383572758632454, -14.20694179740469210, -57.99834581969872005 ) ) ;
#540 = CARTESIAN_POINT ( 'NONE',  ( 89.82545070715441682, 8.803036891240076045, 0.001159772792726557460 ) ) ;
#541 = CARTESIAN_POINT ( 'NONE',  ( 19.42422096688429534, 14.65555921590108390, 61.38280663658729708 ) ) ;
#542 = ORIENTED_EDGE ( 'NONE', *, *, #4823, .T. ) ;
#543 = CARTESIAN_POINT ( 'NONE',  ( 49.23165480826241236, 24.21526624016772544, 31.23733879773695676 ) ) ;
#544 =( BOUNDED_SURFACE ( )  B_SPLINE_SURFACE ( 3, 1, ( 
 ( #5717, #6751 ),
 ( #5224, #2101 ),
 ( #5505, #2531 ),
 ( #6065, #6198 ) ),
 .UNSPECIFIED., .F., .F., .T. ) 
 B_SPLINE_SURFACE_WITH_KNOTS ( ( 4, 4 ),
 ( 2, 2 ),
 ( 0.000000000000000000, 1.000000000000000000 ),
 ( 0.000000000000000000, 1.000000000000000000 ),
 .UNSPECIFIED. ) 
 GEOMETRIC_REPRESENTATION_ITEM ( )  RATIONAL_B_SPLINE_SURFACE ( (
 ( 1.000000000000000000, 1.000000000000000000),
 ( 0.9936547718337395141, 0.8399137562987549765),
 ( 0.9936547718337395141, 0.8399137562987549765),
 ( 1.000000000000000000, 1.000000000000000000) ) ) 
 REPRESENTATION_ITEM ( '' )  SURFACE ( )  );
#545 = EDGE_LOOP ( 'NONE', ( #2229, #3980, #3915, #2489 ) ) ;
#546 = ADVANCED_FACE ( 'NONE', ( #726 ), #2022, .T. ) ;
#547 = DIRECTION ( 'NONE',  ( 0.000000000000000000, -8.831319514063744760E-16, -1.000000000000000000 ) ) ;
#548 = LINE ( 'NONE', #2154, #1022 ) ;
#549 = CARTESIAN_POINT ( 'NONE',  ( 18.78844479849039928, -52.11478756015515046, -1.807316344060096558 ) ) ;
#550 = CARTESIAN_POINT ( 'NONE',  ( 33.61636502379864311, 42.20498897312522502, 54.53039736077420230 ) ) ;
#551 = EDGE_CURVE ( 'NONE', #5949, #6280, #2672, .T. ) ;
#552 = EDGE_LOOP ( 'NONE', ( #6339, #3576, #4781, #2446 ) ) ;
#553 = CARTESIAN_POINT ( 'NONE',  ( 49.23125140390097698, -14.82349848048869667, 25.58034009360044436 ) ) ;
#554 = ORIENTED_EDGE ( 'NONE', *, *, #2915, .F. ) ;
#555 = EDGE_CURVE ( 'NONE', #3168, #1571, #6838, .T. ) ;
#556 = CARTESIAN_POINT ( 'NONE',  ( 20.99547524081240724, 71.88084031304308041, 3.425381881056642541 ) ) ;
#557 = DIRECTION ( 'NONE',  ( -0.7588727602565363828, 0.1117057040014793473, 0.6415870708128081912 ) ) ;
#558 = CARTESIAN_POINT ( 'NONE',  ( 50.05827993638285989, -4.337491827825409096, -33.14184043533267499 ) ) ;
#559 = CARTESIAN_POINT ( 'NONE',  ( 49.56354134330947403, -12.92101286234418822, 27.63907405010463592 ) ) ;
#560 = LINE ( 'NONE', #1492, #462 ) ;
#561 = B_SPLINE_CURVE_WITH_KNOTS ( 'NONE', 3,
 ( #3357, #6497, #5400, #4966, #6565, #5982 ),
 .UNSPECIFIED., .F., .F.,
 ( 4, 2, 4 ),
 ( 1.445556636614474228E-16, 0.0007986073165776918018, 0.001597214633155239188 ),
 .UNSPECIFIED. ) ;
#562 = ORIENTED_EDGE ( 'NONE', *, *, #5335, .T. ) ;
#563 = CIRCLE ( 'NONE', #2766, 70.24264068317124554 ) ;
#564 = VECTOR ( 'NONE', #1760, 1000.000000000000000 ) ;
#565 = CARTESIAN_POINT ( 'NONE',  ( 89.84074713331158080, 8.820744053378074767, -0.007170691599464295782 ) ) ;
#566 = ORIENTED_EDGE ( 'NONE', *, *, #1837, .T. ) ;
#567 = CARTESIAN_POINT ( 'NONE',  ( 49.23435778140442665, -20.39725402198577697, -18.97473506435741442 ) ) ;
#568 = VECTOR ( 'NONE', #6486, 1000.000000000000114 ) ;
#569 = VECTOR ( 'NONE', #5148, 1000.000000000000000 ) ;
#570 = DIRECTION ( 'NONE',  ( 0.000000000000000000, 0.000000000000000000, 1.000000000000000000 ) ) ;
#571 = LINE ( 'NONE', #6376, #4666 ) ;
#572 = CARTESIAN_POINT ( 'NONE',  ( 22.50127774655939561, 65.32166532730930442, 31.44120609658152787 ) ) ;
#573 = ORIENTED_EDGE ( 'NONE', *, *, #3470, .F. ) ;
#574 = CARTESIAN_POINT ( 'NONE',  ( 54.54334256235713241, 31.24100766185410194, 33.28941664873961059 ) ) ;
#575 =( BOUNDED_SURFACE ( )  B_SPLINE_SURFACE ( 3, 1, ( 
 ( #784, #6140 ),
 ( #4579, #5054 ),
 ( #3929, #1415 ),
 ( #1967, #3511 ) ),
 .UNSPECIFIED., .F., .F., .T. ) 
 B_SPLINE_SURFACE_WITH_KNOTS ( ( 4, 4 ),
 ( 2, 2 ),
 ( 0.000000000000000000, 1.000000000000000000 ),
 ( 0.000000000000000000, 1.000000000000000000 ),
 .UNSPECIFIED. ) 
 GEOMETRIC_REPRESENTATION_ITEM ( )  RATIONAL_B_SPLINE_SURFACE ( (
 ( 1.000000000000000000, 1.000000000000000000),
 ( 0.7724073758824716585, 0.9739345816297118041),
 ( 0.7724073758824716585, 0.9739345816297118041),
 ( 1.000000000000000000, 1.000000000000000000) ) ) 
 REPRESENTATION_ITEM ( '' )  SURFACE ( )  );
#576 = CARTESIAN_POINT ( 'NONE',  ( 35.20511764130981902, 27.60919017836257083, 59.22403486648626370 ) ) ;
#577 = CARTESIAN_POINT ( 'NONE',  ( 54.17539151718668933, 10.03238132115940928, 39.75512425038475328 ) ) ;
#578 = CARTESIAN_POINT ( 'NONE',  ( 19.42422096688430244, -33.75122798739052143, -44.61327211426038986 ) ) ;
#579 = CARTESIAN_POINT ( 'NONE',  ( 49.23290854358262436, -13.38864670856524164, -26.83819469561519355 ) ) ;
#580 = ORIENTED_EDGE ( 'NONE', *, *, #3808, .F. ) ;
#581 = B_SPLINE_CURVE_WITH_KNOTS ( 'NONE', 3,
 ( #178, #3949, #2236, #3880, #5925, #4911 ),
 .UNSPECIFIED., .F., .F.,
 ( 4, 2, 4 ),
 ( 1.396452398161329711E-16, 0.0007986073165776880070, 0.001597214633155236369 ),
 .UNSPECIFIED. ) ;
#582 = CARTESIAN_POINT ( 'NONE',  ( 23.23982137879184506, -48.51554806053903945, -31.48866513576990300 ) ) ;
#583 = ORIENTED_EDGE ( 'NONE', *, *, #2361, .F. ) ;
#584 = CARTESIAN_POINT ( 'NONE',  ( 19.42422096688430244, 51.37571778330917738, 44.61327211425999195 ) ) ;
#585 = CARTESIAN_POINT ( 'NONE',  ( 49.23411246815348363, 42.32142951962710242, -9.504217320651910939 ) ) ;
#586 = CARTESIAN_POINT ( 'NONE',  ( 33.61636502379867153, 7.422650216812467505, 63.92736988032268641 ) ) ;
#587 = CARTESIAN_POINT ( 'NONE',  ( 19.36839877834437829, -44.47640255752603622, 30.76893436084936795 ) ) ;
#588 = CARTESIAN_POINT ( 'NONE',  ( 52.84917723814559309, 46.68970527395008219, -18.30139642033548242 ) ) ;
#589 = ORIENTED_EDGE ( 'NONE', *, *, #4864, .F. ) ;
#590 = CARTESIAN_POINT ( 'NONE',  ( 35.20511764130976928, -52.86836537864279251, -7.504250372102870159 ) ) ;
#591 = ORIENTED_EDGE ( 'NONE', *, *, #2834, .T. ) ;
#592 = DIRECTION ( 'NONE',  ( 0.000000000000000000, 0.000000000000000000, 1.000000000000000000 ) ) ;
#593 = CARTESIAN_POINT ( 'NONE',  ( 51.15501191307614448, -14.16401243386555997, 37.51758728448905345 ) ) ;
#594 = CARTESIAN_POINT ( 'NONE',  ( 22.50029827766106294, -21.72726142291487506, 57.00066540861458719 ) ) ;
#595 = CARTESIAN_POINT ( 'NONE',  ( 54.54334256235661371, 8.812244897959189416, -6.153557722908013615E-14 ) ) ;
#596 = DIRECTION ( 'NONE',  ( -1.000000000000000000, -0.000000000000000000, -0.000000000000000000 ) ) ;
#597 = EDGE_CURVE ( 'NONE', #6074, #6152, #1892, .T. ) ;
#598 = ORIENTED_EDGE ( 'NONE', *, *, #433, .F. ) ;
#599 = CARTESIAN_POINT ( 'NONE',  ( 26.06099036693303006, 76.00177668633128292, 13.34064576258468371 ) ) ;
#600 = ORIENTED_EDGE ( 'NONE', *, *, #1589, .F. ) ;
#601 = CARTESIAN_POINT ( 'NONE',  ( 89.82681805825622234, 8.803171029159795324, -0.004424856533451828298 ) ) ;
#602 = EDGE_CURVE ( 'NONE', #1311, #2091, #4437, .T. ) ;
#603 = CARTESIAN_POINT ( 'NONE',  ( 49.41026041085037690, -4.280611449220578457, -32.46672203955971980 ) ) ;
#604 = LINE ( 'NONE', #3130, #3538 ) ;
#605 = ADVANCED_FACE ( 'NONE', ( #2797 ), #5876, .T. ) ;
#606 = CARTESIAN_POINT ( 'NONE',  ( 51.77745077274524732, 31.28052809985603488, 29.86753455932751677 ) ) ;
#607 = VECTOR ( 'NONE', #557, 1000.000000000000114 ) ;
#608 = CARTESIAN_POINT ( 'NONE',  ( 18.78844479849038507, 50.07684464833462812, 44.86203833934581553 ) ) ;
#609 = CARTESIAN_POINT ( 'NONE',  ( 28.07725316172350105, 30.06230443817009501, 66.95120267540075076 ) ) ;
#610 = FACE_OUTER_BOUND ( 'NONE', #802, .T. ) ;
#611 = CARTESIAN_POINT ( 'NONE',  ( 49.61704819046447312, 43.98560493621549483, -1.689088502485237120 ) ) ;
#612 = CARTESIAN_POINT ( 'NONE',  ( 18.85583905783801484, 66.65910589232565542, 19.42606055466960768 ) ) ;
#613 = CARTESIAN_POINT ( 'NONE',  ( 49.23290854358261015, 32.21774917054901977, -25.79439187866571714 ) ) ;
#614 = EDGE_LOOP ( 'NONE', ( #3734, #6541, #374, #2165 ) ) ;
#615 =( BOUNDED_SURFACE ( )  B_SPLINE_SURFACE ( 3, 1, ( 
 ( #4034, #3962 ),
 ( #5614, #6724 ),
 ( #265, #4483 ),
 ( #1445, #5022 ) ),
 .UNSPECIFIED., .F., .F., .T. ) 
 B_SPLINE_SURFACE_WITH_KNOTS ( ( 4, 4 ),
 ( 2, 2 ),
 ( 0.000000000000000000, 1.000000000000000000 ),
 ( 0.000000000000000000, 1.000000000000000000 ),
 .UNSPECIFIED. ) 
 GEOMETRIC_REPRESENTATION_ITEM ( )  RATIONAL_B_SPLINE_SURFACE ( (
 ( 1.000000000000000000, 1.000000000000000000),
 ( 0.9611591142731221726, 0.9996856433685865628),
 ( 0.9611591142731221726, 0.9996856433685865628),
 ( 1.000000000000000000, 1.000000000000000000) ) ) 
 REPRESENTATION_ITEM ( '' )  SURFACE ( )  );
#616 = CARTESIAN_POINT ( 'NONE',  ( 18.79321399865038700, 0.7340175802773384328, 60.42171810723451841 ) ) ;
#617 = CARTESIAN_POINT ( 'NONE',  ( 49.23165480826241236, 4.881910635620630323, -34.60602366957853349 ) ) ;
#618 = CARTESIAN_POINT ( 'NONE',  ( 49.61704819046445891, -25.41221813969733745, 8.288812106334280116 ) ) ;
#619 = CARTESIAN_POINT ( 'NONE',  ( 28.07725316172354013, -45.26099570718061926, 44.83428621717720119 ) ) ;
#620 = CARTESIAN_POINT ( 'NONE',  ( 24.68797426277901863, 74.27793401850797750, 13.55677158261087278 ) ) ;
#621 = VERTEX_POINT ( 'NONE', #3384 ) ;
#622 = CARTESIAN_POINT ( 'NONE',  ( 89.82729936416122030, 8.803908359413428641, 0.006189695539606816094 ) ) ;
#623 = VERTEX_POINT ( 'NONE', #1318 ) ;
#624 = FACE_OUTER_BOUND ( 'NONE', #4280, .T. ) ;
#625 = CARTESIAN_POINT ( 'NONE',  ( 51.15501191307615869, -25.05360509756346943, -28.08170152801026376 ) ) ;
#626 = CARTESIAN_POINT ( 'NONE',  ( 53.79462347678106227, -3.750614985518324840, -37.33566144094972827 ) ) ;
#627 = CARTESIAN_POINT ( 'NONE',  ( 89.82729936416122030, 8.822604442518763079, -0.0007000302258270009025 ) ) ;
#628 = CARTESIAN_POINT ( 'NONE',  ( 49.23244927482063105, 24.08046710116639133, 31.30469357808249953 ) ) ;
#629 = CARTESIAN_POINT ( 'NONE',  ( 18.76137069372868282, -18.67162455056492121, 54.42810554206680251 ) ) ;
#630 = ORIENTED_EDGE ( 'NONE', *, *, #2910, .F. ) ;
#631 = CARTESIAN_POINT ( 'NONE',  ( 49.23165480826241236, 43.62537402925171648, 1.034621535195154873 ) ) ;
#632 = ORIENTED_EDGE ( 'NONE', *, *, #5322, .F. ) ;
#633 = B_SPLINE_CURVE_WITH_KNOTS ( 'NONE', 3,
 ( #44, #5219, #6300, #459, #1117, #1020, #4162, #4776, #3121, #6267, #3679, #2160, #4261 ),
 .UNSPECIFIED., .F., .F.,
 ( 4, 3, 3, 3, 4 ),
 ( 1.551583845779545699E-17, 0.0009041618729686921310, 0.001808323717130808864, 0.002711696379629080760, 0.003615359634610206679 ),
 .UNSPECIFIED. ) ;
#634 = CARTESIAN_POINT ( 'NONE',  ( 22.50029827766108426, -54.26510724612510472, 14.24727868186506008 ) ) ;
#635 = B_SPLINE_CURVE_WITH_KNOTS ( 'NONE', 3,
 ( #6279, #6243, #5762, #6759, #1441, #2107, #4613, #1523 ),
 .UNSPECIFIED., .F., .F.,
 ( 4, 2, 2, 4 ),
 ( 0.000000000000000000, 0.0002264431842541131065, 0.0004528863685082262129, 0.0009057727370164524259 ),
 .UNSPECIFIED. ) ;
#636 = EDGE_CURVE ( 'NONE', #6822, #6191, #996, .T. ) ;
#637 = CARTESIAN_POINT ( 'NONE',  ( 53.79529533164529198, 37.55602302960293315, 26.93743257573750327 ) ) ;
#638 = CARTESIAN_POINT ( 'NONE',  ( 50.49366072217502932, 30.92946779628962872, 28.51984088410337037 ) ) ;
#639 = EDGE_CURVE ( 'NONE', #3763, #1919, #5268, .T. ) ;
#640 = CARTESIAN_POINT ( 'NONE',  ( 89.83648776693894433, 8.809843769203983044, -0.01483379300804522384 ) ) ;
#641 = EDGE_CURVE ( 'NONE', #4128, #1747, #5854, .T. ) ;
#642 = CARTESIAN_POINT ( 'NONE',  ( 42.33298211887890261, 39.00237952829888144, 44.80629308467541705 ) ) ;
#643 = EDGE_CURVE ( 'NONE', #4921, #4578, #4422, .T. ) ;
#644 = CARTESIAN_POINT ( 'NONE',  ( 49.23433077323409179, -24.57097287886514536, 9.938389172794980908 ) ) ;
#645 = CARTESIAN_POINT ( 'NONE',  ( 89.82615535696581333, 8.803478415874161911, 0.003594165173132123081 ) ) ;
#646 = DIRECTION ( 'NONE',  ( -1.000000000000000000, -0.000000000000000000, -0.000000000000000000 ) ) ;
#647 = CARTESIAN_POINT ( 'NONE',  ( 49.37576540558966798, 39.02647078858360885, 17.61213784408214167 ) ) ;
#648 = CARTESIAN_POINT ( 'NONE',  ( 49.30502353826710760, -12.96799764567942148, -27.27205233887926283 ) ) ;
#649 = B_SPLINE_CURVE_WITH_KNOTS ( 'NONE', 3,
 ( #5864, #3885, #4884, #1693, #6415, #4274, #3757, #5956 ),
 .UNSPECIFIED., .F., .F.,
 ( 4, 2, 2, 4 ),
 ( 2.077326835537116459E-16, 0.0003956619665159757655, 0.0007913239330317437979, 0.001582647866063289620 ),
 .UNSPECIFIED. ) ;
#650 = CARTESIAN_POINT ( 'NONE',  ( 28.07725316172354013, -55.70192761336404885, -27.78399027001589161 ) ) ;
#651 = EDGE_LOOP ( 'NONE', ( #6042, #4877, #5386, #1911 ) ) ;
#652 = CARTESIAN_POINT ( 'NONE',  ( 49.61704819046445891, 2.134657835592206343, 34.57496359180350254 ) ) ;
#653 = CARTESIAN_POINT ( 'NONE',  ( 54.17538997708381032, 44.46791286950975319, 17.62475126408256187 ) ) ;
#654 = CARTESIAN_POINT ( 'NONE',  ( 19.27981613022932095, 14.69782366880357749, 61.16271085591377954 ) ) ;
#655 = CARTESIAN_POINT ( 'NONE',  ( 53.79462347678107648, 43.98000176645130210, -17.74840670380663710 ) ) ;
#656 = VERTEX_POINT ( 'NONE', #5587 ) ;
#657 = CARTESIAN_POINT ( 'NONE',  ( 54.54334256235661371, 8.812244897959189416, -6.153557722908013615E-14 ) ) ;
#658 = B_SPLINE_CURVE_WITH_KNOTS ( 'NONE', 3,
 ( #4316, #3735, #2688, #4219, #1101, #5838, #5207, #484, #5353, #5244, #4697, #613, #6323 ),
 .UNSPECIFIED., .F., .F.,
 ( 4, 3, 3, 3, 4 ),
 ( 0.000000000000000000, 0.0004520762650174106720, 0.0009041524520694566025, 0.001356228616379101526, 0.002069674869633368434 ),
 .UNSPECIFIED. ) ;
#659 = ORIENTED_EDGE ( 'NONE', *, *, #6594, .F. ) ;
#660 = CARTESIAN_POINT ( 'NONE',  ( 33.61636502379868574, 71.89116638624318512, 10.47326391667708911 ) ) ;
#661 = CARTESIAN_POINT ( 'NONE',  ( 89.83068436596585116, 8.812044906669500577, 0.01462378002607796212 ) ) ;
#662 = CARTESIAN_POINT ( 'NONE',  ( 19.04016012521985246, 69.96034284446633933, 2.653195680143787261 ) ) ;
#663 = CARTESIAN_POINT ( 'NONE',  ( 49.23165480826241236, 22.33301653717540702, -32.09693343472719107 ) ) ;
#664 = VERTEX_POINT ( 'NONE', #4006 ) ;
#665 = VECTOR ( 'NONE', #3610, 1000.000000000000227 ) ;
#666 = CARTESIAN_POINT ( 'NONE',  ( 18.76137069372868282, 58.77498836876518595, -34.95005032374520226 ) ) ;
#667 = EDGE_LOOP ( 'NONE', ( #4225, #2854, #5297, #1367 ) ) ;
#668 = CARTESIAN_POINT ( 'NONE',  ( 26.76916540935824784, -58.98754199022193490, 12.46739149286688431 ) ) ;
#669 = AXIS2_PLACEMENT_3D ( 'NONE', #39, #2086, #2124 ) ;
#670 = CARTESIAN_POINT ( 'NONE',  ( 48.49086870021277917, 21.07798749016490447, 45.39638752718133219 ) ) ;
#671 = B_SPLINE_CURVE_WITH_KNOTS ( 'NONE', 3,
 ( #3753, #4684, #3197, #3650, #89, #4204, #5300, #1129, #5860, #2204, #2638, #4305, #1551 ),
 .UNSPECIFIED., .F., .F.,
 ( 4, 3, 3, 3, 4 ),
 ( 3.469446951953614189E-18, 0.0004520762650173955474, 0.0009041524520694453268, 0.001356228616379089383, 0.002069674869633364965 ),
 .UNSPECIFIED. ) ;
#672 = CARTESIAN_POINT ( 'NONE',  ( 89.82615535696581333, 8.819155993866647947, -0.006481202419156851732 ) ) ;
#673 = EDGE_CURVE ( 'NONE', #536, #5088, #1572, .T. ) ;
#674 = CIRCLE ( 'NONE', #4534, 27.50000000000000000 ) ;
#675 = CARTESIAN_POINT ( 'NONE',  ( 18.79018048702201682, -50.08137722689791360, 15.72302052901513036 ) ) ;
#676 = AXIS2_PLACEMENT_3D ( 'NONE', #5721, #6132, #5121 ) ;
#677 = CARTESIAN_POINT ( 'NONE',  ( 54.62576016552275604, 22.94924924033837144, 27.39396149568525018 ) ) ;
#678 = CARTESIAN_POINT ( 'NONE',  ( 217.5334579613141841, 40.61224489795919368, -8.000000000000060396 ) ) ;
#679 = CARTESIAN_POINT ( 'NONE',  ( 89.82545070715441682, 8.803871609265645048, -0.004002561320605925455 ) ) ;
#680 = CARTESIAN_POINT ( 'NONE',  ( 25.39469577495190578, -39.76633025548242273, 46.95488533000445130 ) ) ;
#681 = ADVANCED_FACE ( 'NONE', ( #303 ), #3322, .T. ) ;
#682 = ORIENTED_EDGE ( 'NONE', *, *, #349, .F. ) ;
#683 = VECTOR ( 'NONE', #4562, 1000.000000000000114 ) ;
#684 = CARTESIAN_POINT ( 'NONE',  ( 51.36229326913196758, -20.97160589875161563, 21.88886701161873205 ) ) ;
#685 = ORIENTED_EDGE ( 'NONE', *, *, #4115, .T. ) ;
#686 = ADVANCED_FACE ( 'NONE', ( #4520 ), #6677, .F. ) ;
#687 = CARTESIAN_POINT ( 'NONE',  ( 27.43416548070789318, 62.79041127536839895, -43.94141585811905060 ) ) ;
#688 = CARTESIAN_POINT ( 'NONE',  ( 18.76137069372868282, -43.73471284430528527, 30.92893442707899609 ) ) ;
#689 = CARTESIAN_POINT ( 'NONE',  ( 28.07725316172350460, 7.285295593586143426, 70.22604214938338885 ) ) ;
#690 = LINE ( 'NONE', #1210, #224 ) ;
#691 = ADVANCED_FACE ( 'NONE', ( #2512 ), #2663, .F. ) ;
#692 = ORIENTED_EDGE ( 'NONE', *, *, #6588, .F. ) ;
#693 = CARTESIAN_POINT ( 'NONE',  ( 54.54334256235712530, -13.61651786593551172, -33.28941664873987349 ) ) ;
#694 = ORIENTED_EDGE ( 'NONE', *, *, #4106, .T. ) ;
#695 = ORIENTED_EDGE ( 'NONE', *, *, #858, .T. ) ;
#696 = CARTESIAN_POINT ( 'NONE',  ( 19.10106442482188172, 58.81081533860439237, -35.40850203773348426 ) ) ;
#697 = CARTESIAN_POINT ( 'NONE',  ( 53.00847882770921160, 46.67118756784191902, -7.560473711923910933 ) ) ;
#698 = CARTESIAN_POINT ( 'NONE',  ( 18.77401912713006382, 47.35291420099351711, 47.23871093047248593 ) ) ;
#699 = VERTEX_POINT ( 'NONE', #4664 ) ;
#700 = FACE_OUTER_BOUND ( 'NONE', #5336, .T. ) ;
#701 = VERTEX_POINT ( 'NONE', #865 ) ;
#702 = CARTESIAN_POINT ( 'NONE',  ( 19.01941379036735214, 31.64230493077206674, 56.83710765094432560 ) ) ;
#703 = CARTESIAN_POINT ( 'NONE',  ( 28.07725316172349750, 8.812244897959189416, -6.153557722908013615E-14 ) ) ;
#704 = CARTESIAN_POINT ( 'NONE',  ( 54.54334256235712530, -27.33027923408486259, -17.46289235198686995 ) ) ;
#705 = B_SPLINE_CURVE_WITH_KNOTS ( 'NONE', 3,
 ( #4829, #2685, #5962, #2211, #1762, #1170, #2273, #6421 ),
 .UNSPECIFIED., .F., .F.,
 ( 4, 2, 2, 4 ),
 ( 2.029552332057047787E-16, 0.0003956619665159741392, 0.0007913239330317453158, 0.001582647866063283549 ),
 .UNSPECIFIED. ) ;
#706 = CARTESIAN_POINT ( 'NONE',  ( 18.79234720619588828, 49.40986480321227958, 45.47173499203798741 ) ) ;
#707 = CARTESIAN_POINT ( 'NONE',  ( 35.20511764130978349, 41.26140265759411108, -52.98927833469329585 ) ) ;
#708 = CARTESIAN_POINT ( 'NONE',  ( 54.54334256235661371, 8.812244897959189416, -6.153557722908013615E-14 ) ) ;
#709 = CARTESIAN_POINT ( 'NONE',  ( 19.27520315313953247, 68.51560528146568174, 14.50712176480620563 ) ) ;
#710 = CARTESIAN_POINT ( 'NONE',  ( 18.76137069372868282, -52.11451333393822694, 2.389954835097607866 ) ) ;
#711 = CARTESIAN_POINT ( 'NONE',  ( 89.82615535696581333, 8.809220361866669791, 0.008978942747520641046 ) ) ;
#712 = CARTESIAN_POINT ( 'NONE',  ( 18.79234864102460278, 69.76328525751767984, 0.9034816947945772947 ) ) ;
#713 = VERTEX_POINT ( 'NONE', #2549 ) ;
#714 = CARTESIAN_POINT ( 'NONE',  ( 89.82729936416122030, 8.820581436504951967, -0.006189695539729943297 ) ) ;
#715 = VERTEX_POINT ( 'NONE', #6252 ) ;
#716 = DIRECTION ( 'NONE',  ( 0.000000000000000000, 0.000000000000000000, 1.000000000000000000 ) ) ;
#717 = B_SPLINE_CURVE_WITH_KNOTS ( 'NONE', 3,
 ( #6029, #2883, #1698, #3798, #5905, #1171, #3274, #4411 ),
 .UNSPECIFIED., .F., .F.,
 ( 4, 2, 2, 4 ),
 ( 9.546969918153399895E-16, 0.001890109674893096113, 0.003780219349785237260, 0.007560438699569520422 ),
 .UNSPECIFIED. ) ;
#718 = EDGE_CURVE ( 'NONE', #4623, #5820, #4284, .T. ) ;
#719 = CARTESIAN_POINT ( 'NONE',  ( 54.17539151718671775, 21.18327002548058857, 37.80101022921188303 ) ) ;
#720 = B_SPLINE_CURVE_WITH_KNOTS ( 'NONE', 3,
 ( #4878, #3684, #1719, #86, #4815, #6407, #2201, #1684, #5296, #1124, #530, #4302, #631 ),
 .UNSPECIFIED., .F., .F.,
 ( 4, 3, 3, 3, 4 ),
 ( 2.602085213965210642E-18, 0.0004520762650173967400, 0.0009041524520694455436, 0.001356228616379089816, 0.002069674869633365399 ),
 .UNSPECIFIED. ) ;
#721 = CARTESIAN_POINT ( 'NONE',  ( 19.46190759237069301, 2.972062956886270868, 61.34994523100070296 ) ) ;
#722 = CARTESIAN_POINT ( 'NONE',  ( 28.07725316172349750, 8.812244897959189416, -6.153557722908013615E-14 ) ) ;
#723 = EDGE_CURVE ( 'NONE', #147, #5806, #6659, .T. ) ;
#724 = EDGE_LOOP ( 'NONE', ( #4688, #1813, #1674, #6752 ) ) ;
#725 = EDGE_CURVE ( 'NONE', #5883, #3836, #1240, .T. ) ;
#726 = FACE_OUTER_BOUND ( 'NONE', #4384, .T. ) ;
#727 = VERTEX_POINT ( 'NONE', #934 ) ;
#728 = CARTESIAN_POINT ( 'NONE',  ( 27.43416788634275960, 62.79041163101738476, 43.94141919813090880 ) ) ;
#729 = ADVANCED_FACE ( 'NONE', ( #3037 ), #1262, .F. ) ;
#730 = CARTESIAN_POINT ( 'NONE',  ( 28.65641647731176178, -61.82564698178676110, -10.80898530970011784 ) ) ;
#731 = EDGE_CURVE ( 'NONE', #4405, #5881, #4832, .T. ) ;
#732 = CARTESIAN_POINT ( 'NONE',  ( 19.42422096688429534, 46.91400446909435829, 48.47936870862016434 ) ) ;
#733 = CARTESIAN_POINT ( 'NONE',  ( 49.23433077323408469, 13.63985797090431795, -34.49499906512164671 ) ) ;
#734 = ORIENTED_EDGE ( 'NONE', *, *, #1548, .T. ) ;
#735 = CARTESIAN_POINT ( 'NONE',  ( 22.90123142467806971, -48.02181459264497221, -31.91539570580995999 ) ) ;
#736 = B_SPLINE_CURVE_WITH_KNOTS ( 'NONE', 3,
 ( #5305, #2144, #5725, #998, #5199, #4175, #6281, #1556, #3657, #5270 ),
 .UNSPECIFIED., .F., .F.,
 ( 4, 2, 2, 2, 4 ),
 ( 3.994537468750074235E-16, 0.003307310133422094924, 0.006614620266843790862, 0.009921930400265486366, 0.01322924053368718100 ),
 .UNSPECIFIED. ) ;
#737 = ORIENTED_EDGE ( 'NONE', *, *, #1580, .F. ) ;
#738 = CARTESIAN_POINT ( 'NONE',  ( 48.49086870021276496, 45.01087784777750045, -30.01565282349541164 ) ) ;
#739 = CARTESIAN_POINT ( 'NONE',  ( 53.79529533164526356, -30.36887994899969101, 4.082831221173610636 ) ) ;
#740 = CARTESIAN_POINT ( 'NONE',  ( 89.83068436596586537, 8.825630235548205249, 0.005893019293739555457 ) ) ;
#741 = ORIENTED_EDGE ( 'NONE', *, *, #3849, .T. ) ;
#742 = CARTESIAN_POINT ( 'NONE',  ( 18.79148157003699993, 66.94978481569910400, 18.32640653748245541 ) ) ;
#743 = B_SPLINE_CURVE_WITH_KNOTS ( 'NONE', 3,
 ( #5998, #3828, #1765, #4952, #1274, #5966, #2372, #5934, #1245, #5907 ),
 .UNSPECIFIED., .F., .F.,
 ( 4, 2, 2, 2, 4 ),
 ( 1.110764993427085326E-17, 0.001890020855637481725, 0.003780041711274952608, 0.005670062566912423274, 0.007560083422549893940 ),
 .UNSPECIFIED. ) ;
#744 = CARTESIAN_POINT ( 'NONE',  ( 18.77401912713006027, -41.47593930903767756, 34.46704991527045792 ) ) ;
#745 = CARTESIAN_POINT ( 'NONE',  ( 49.23443045783675842, 42.22727729100677863, 9.832399046482199978 ) ) ;
#746 = CARTESIAN_POINT ( 'NONE',  ( 89.84074713331158080, 8.802069800774489750, -0.004485739418494662407 ) ) ;
#747 = CARTESIAN_POINT ( 'NONE',  ( 19.42422096688429534, 46.91400446909435829, 48.47936870862015724 ) ) ;
#748 = CARTESIAN_POINT ( 'NONE',  ( 54.30008724204793680, 12.25117851507421740, -30.28431414586957615 ) ) ;
#749 = CARTESIAN_POINT ( 'NONE',  ( 54.62576016552275604, 37.93928085110356818, 10.09454282212773713 ) ) ;
#750 = CARTESIAN_POINT ( 'NONE',  ( 18.78844479849039928, 59.09021721261510862, -34.46005189268178981 ) ) ;
#751 = VERTEX_POINT ( 'NONE', #6836 ) ;
#752 = CARTESIAN_POINT ( 'NONE',  ( 18.79364884033509497, -16.23748948384162816, -55.57522611636773746 ) ) ;
#753 = CARTESIAN_POINT ( 'NONE',  ( 18.78690384720155038, -32.64823885789990499, 44.67976837853253613 ) ) ;
#754 = CARTESIAN_POINT ( 'NONE',  ( 28.65641647731176533, -44.76835254392288732, 47.28282468731077159 ) ) ;
#755 = CARTESIAN_POINT ( 'NONE',  ( 48.49086870021271523, -5.412295875776339749, 44.82123248676465721 ) ) ;
#756 = ORIENTED_EDGE ( 'NONE', *, *, #1671, .F. ) ;
#757 =( BOUNDED_SURFACE ( )  B_SPLINE_SURFACE ( 3, 1, ( 
 ( #4866, #3212 ),
 ( #136, #688 ),
 ( #3738, #4802 ),
 ( #5842, #2187 ) ),
 .UNSPECIFIED., .F., .F., .T. ) 
 B_SPLINE_SURFACE_WITH_KNOTS ( ( 4, 4 ),
 ( 2, 2 ),
 ( 0.000000000000000000, 1.000000000000000000 ),
 ( 0.000000000000000000, 1.000000000000000000 ),
 .UNSPECIFIED. ) 
 GEOMETRIC_REPRESENTATION_ITEM ( )  RATIONAL_B_SPLINE_SURFACE ( (
 ( 1.000000000000000000, 1.000000000000000000),
 ( 0.9936547718337395141, 0.8399137562987549765),
 ( 0.9936547718337395141, 0.8399137562987549765),
 ( 1.000000000000000000, 1.000000000000000000) ) ) 
 REPRESENTATION_ITEM ( '' )  SURFACE ( )  );
#758 = CARTESIAN_POINT ( 'NONE',  ( 18.78844479849039928, 1.930344596824123515, -60.56409105043077545 ) ) ;
#759 = B_SPLINE_CURVE_WITH_KNOTS ( 'NONE', 3,
 ( #949, #3188, #421, #6194, #2524, #7, #1576, #1541, #6817, #5816 ),
 .UNSPECIFIED., .F., .F.,
 ( 4, 2, 2, 2, 4 ),
 ( 0.000000000000000000, 0.003307264529468971568, 0.006614529058937943136, 0.009921793588406915138, 0.01322905811787588627 ),
 .UNSPECIFIED. ) ;
#760 = EDGE_CURVE ( 'NONE', #3860, #4292, #911, .T. ) ;
#761 = ORIENTED_EDGE ( 'NONE', *, *, #768, .F. ) ;
#762 = CARTESIAN_POINT ( 'NONE',  ( 50.49366072217502932, 38.06853255776213985, 21.13344517952219093 ) ) ;
#763 = EDGE_CURVE ( 'NONE', #1966, #4951, #5732, .T. ) ;
#764 = DIRECTION ( 'NONE',  ( 0.000000000000000000, 0.000000000000000000, 1.000000000000000000 ) ) ;
#765 = DIRECTION ( 'NONE',  ( -1.000000000000000000, -0.000000000000000000, -0.000000000000000000 ) ) ;
#766 = ORIENTED_EDGE ( 'NONE', *, *, #5564, .T. ) ;
#767 = CARTESIAN_POINT ( 'NONE',  ( 18.78844479849039928, 32.47825610642994576, -56.17196444846991454 ) ) ;
#768 = EDGE_CURVE ( 'NONE', #5154, #1317, #1231, .T. ) ;
#769 = VERTEX_POINT ( 'NONE', #5773 ) ;
#770 = CARTESIAN_POINT ( 'NONE',  ( 27.43416548070723948, 26.35942199619308823, 67.35419102748200260 ) ) ;
#771 = CARTESIAN_POINT ( 'NONE',  ( 89.82615535696581333, 8.819155993866647947, -0.006481202419156851732 ) ) ;
#772 = FACE_OUTER_BOUND ( 'NONE', #651, .T. ) ;
#773 = ORIENTED_EDGE ( 'NONE', *, *, #3259, .F. ) ;
#774 = CARTESIAN_POINT ( 'NONE',  ( 49.27030864395452170, 42.62015034824453608, 8.529794382856421109 ) ) ;
#775 = DIRECTION ( 'NONE',  ( 0.000000000000000000, 0.000000000000000000, 1.000000000000000000 ) ) ;
#776 = CARTESIAN_POINT ( 'NONE',  ( 49.24038183582142381, 24.35465660629553142, -31.17805285599898113 ) ) ;
#777 = CARTESIAN_POINT ( 'NONE',  ( 89.83648776693891591, 8.802205185933281939, 0.01118083256016238168 ) ) ;
#778 = VECTOR ( 'NONE', #276, 1000.000000000000000 ) ;
#779 = CARTESIAN_POINT ( 'NONE',  ( 89.82729936416122030, 8.808578157512346962, -0.009714176254089221599 ) ) ;
#780 = CARTESIAN_POINT ( 'NONE',  ( 89.82729936416122030, 8.821987586868580422, 0.003590295059357000943 ) ) ;
#781 = CIRCLE ( 'NONE', #669, 70.24264068317124554 ) ;
#782 = CARTESIAN_POINT ( 'NONE',  ( 49.61704819046447312, -19.86427830702869457, 20.43710579372289615 ) ) ;
#783 = VERTEX_POINT ( 'NONE', #543 ) ;
#784 = CARTESIAN_POINT ( 'NONE',  ( 89.84074713331158080, 8.806356749589884458, -0.009433142086828202877 ) ) ;
#785 = AXIS2_PLACEMENT_3D ( 'NONE', #367, #6688, #294 ) ;
#786 = CARTESIAN_POINT ( 'NONE',  ( 52.60448476329265333, -4.175317118974885666, 35.92659769390819946 ) ) ;
#787 = AXIS2_PLACEMENT_3D ( 'NONE', #6175, #5658, #3032 ) ;
#788 = CARTESIAN_POINT ( 'NONE',  ( 18.79018048702201682, 32.75666405673973713, 56.05655084546236822 ) ) ;
#789 = CARTESIAN_POINT ( 'NONE',  ( 54.54334256235661371, 8.812244897959189416, -6.153557722908013615E-14 ) ) ;
#790 = CARTESIAN_POINT ( 'NONE',  ( 49.61704819046447312, 43.03670793561577312, -8.288812106334193075 ) ) ;
#791 = ORIENTED_EDGE ( 'NONE', *, *, #6381, .T. ) ;
#792 = CARTESIAN_POINT ( 'NONE',  ( 19.04016012521984180, 50.86088470451482380, -44.47517532524538098 ) ) ;
#793 = AXIS2_PLACEMENT_3D ( 'NONE', #3133, #5087, #5232 ) ;
#794 = AXIS2_PLACEMENT_3D ( 'NONE', #4390, #1285, #6460 ) ;
#795 = CARTESIAN_POINT ( 'NONE',  ( 28.07725316172355079, 7.285295593587122198, -70.22604214938357359 ) ) ;
#796 = CARTESIAN_POINT ( 'NONE',  ( 49.30519197617822869, -26.06177599106238318, -1.399368230220318976 ) ) ;
#797 =( BOUNDED_SURFACE ( )  B_SPLINE_SURFACE ( 3, 1, ( 
 ( #1288, #730 ),
 ( #4333, #1775 ),
 ( #661, #6466 ),
 ( #2197, #1256 ) ),
 .UNSPECIFIED., .F., .F., .T. ) 
 B_SPLINE_SURFACE_WITH_KNOTS ( ( 4, 4 ),
 ( 2, 2 ),
 ( 0.000000000000000000, 1.000000000000000000 ),
 ( 0.000000000000000000, 1.000000000000000000 ),
 .UNSPECIFIED. ) 
 GEOMETRIC_REPRESENTATION_ITEM ( )  RATIONAL_B_SPLINE_SURFACE ( (
 ( 1.000000000000000000, 1.000000000000000000),
 ( 0.7724073758824716585, 0.9739345816297118041),
 ( 0.7724073758824716585, 0.9739345816297118041),
 ( 1.000000000000000000, 1.000000000000000000) ) ) 
 REPRESENTATION_ITEM ( '' )  SURFACE ( )  );
#798 = CARTESIAN_POINT ( 'NONE',  ( 49.41824768824508141, 37.39065212258152826, -20.23197303931327085 ) ) ;
#799 = CONICAL_SURFACE ( 'NONE', #4093, 40.14018759214401655, 0.8495922745902004802 ) ;
#800 = VERTEX_POINT ( 'NONE', #2617 ) ;
#801 = CARTESIAN_POINT ( 'NONE',  ( 18.79017952991916118, -1.351050923699973483, -60.10307232379074094 ) ) ;
#802 = EDGE_LOOP ( 'NONE', ( #6129, #6660, #2360, #2143 ) ) ;
#803 = CARTESIAN_POINT ( 'NONE',  ( 42.43839482824582632, 50.31055651507288218, -34.40925879567998180 ) ) ;
#804 = CARTESIAN_POINT ( 'NONE',  ( 54.30008724204793680, 37.78841065567602442, -9.452394706631526589 ) ) ;
#805 = ADVANCED_FACE ( 'NONE', ( #6425 ), #3366, .F. ) ;
#806 = DIRECTION ( 'NONE',  ( -0.7588727602565363828, -0.5372039009369568019, 0.3681359837868904417 ) ) ;
#807 = CARTESIAN_POINT ( 'NONE',  ( 49.23165480826241236, -4.708526741256799930, 32.09693343472715554 ) ) ;
#808 = ORIENTED_EDGE ( 'NONE', *, *, #1446, .T. ) ;
#809 = EDGE_CURVE ( 'NONE', #2108, #4464, #658, .T. ) ;
#810 = CARTESIAN_POINT ( 'NONE',  ( 28.65641647731176533, 29.56403048130750477, 68.38062099559144258 ) ) ;
#811 = EDGE_CURVE ( 'NONE', #5079, #4764, #3134, .T. ) ;
#812 = CARTESIAN_POINT ( 'NONE',  ( 48.51805717611821223, 8.812244897959189416, 7.999999999999939604 ) ) ;
#813 = DIRECTION ( 'NONE',  ( 0.000000000000000000, 0.000000000000000000, 1.000000000000000000 ) ) ;
#814 = CARTESIAN_POINT ( 'NONE',  ( 22.90123142467807327, -48.02181459264539853, 31.91539570580906826 ) ) ;
#815 = CARTESIAN_POINT ( 'NONE',  ( 20.99547524081242145, -29.90017088585107885, -49.90721223274261575 ) ) ;
#816 = CARTESIAN_POINT ( 'NONE',  ( 89.82545070715441682, 8.812082429950152118, 0.009279335364941564482 ) ) ;
#817 = DIRECTION ( 'NONE',  ( 0.000000000000000000, 0.000000000000000000, 1.000000000000000000 ) ) ;
#818 = CARTESIAN_POINT ( 'NONE',  ( 49.51003444762826433, 37.41519189086641006, 20.35595631144351358 ) ) ;
#819 = ORIENTED_EDGE ( 'NONE', *, *, #3554, .T. ) ;
#820 = CARTESIAN_POINT ( 'NONE',  ( 49.23395903331217482, -20.25372496743903383, 19.19315023213748717 ) ) ;
#821 = CARTESIAN_POINT ( 'NONE',  ( 54.17538997708383164, -3.558781190150785534, 37.80100830858269489 ) ) ;
#822 = LINE ( 'NONE', #1388, #944 ) ;
#823 = CARTESIAN_POINT ( 'NONE',  ( 49.41026041085034137, 42.81181025388787020, -8.339093651581707789 ) ) ;
#824 = B_SPLINE_CURVE_WITH_KNOTS ( 'NONE', 3,
 ( #4426, #2770, #1257, #6012, #6467, #3907, #5460 ),
 .UNSPECIFIED., .F., .F.,
 ( 4, 3, 4 ),
 ( 3.469446951953613804E-18, 0.01258337285662353491, 0.04008255950779793242 ),
 .UNSPECIFIED. ) ;
#825 = CARTESIAN_POINT ( 'NONE',  ( 19.46190759237069301, 51.35293406064015187, 44.58938517759334275 ) ) ;
#826 = ORIENTED_EDGE ( 'NONE', *, *, #2586, .F. ) ;
#827 = CARTESIAN_POINT ( 'NONE',  ( 89.82615535696581333, 8.817676579586414931, -0.007763122190248818340 ) ) ;
#828 = EDGE_LOOP ( 'NONE', ( #5125, #118, #4996, #4146 ) ) ;
#829 = CARTESIAN_POINT ( 'NONE',  ( 28.07725316172350105, 62.88548550309869256, 44.83428621717749252 ) ) ;
#830 = B_SPLINE_CURVE_WITH_KNOTS ( 'NONE', 3,
 ( #1535, #2518, #4629, #6738, #3599, #4701, #5170, #451, #2589, #4669 ),
 .UNSPECIFIED., .F., .F.,
 ( 4, 2, 2, 2, 4 ),
 ( 4.154834745130022068E-16, 0.003307310133422092322, 0.006614620266843769178, 0.009921930400265446467, 0.01322924053368712376 ),
 .UNSPECIFIED. ) ;
#831 = CARTESIAN_POINT ( 'NONE',  ( 26.76916540935824074, -52.72870415138242350, 31.06378185001829451 ) ) ;
#832 = LINE ( 'NONE', #3974, #1683 ) ;
#833 = CARTESIAN_POINT ( 'NONE',  ( 35.20511764130981192, -52.48405891520535249, 10.17716053649016317 ) ) ;
#834 = ORIENTED_EDGE ( 'NONE', *, *, #5952, .F. ) ;
#835 = LINE ( 'NONE', #6499, #1133 ) ;
#836 = ORIENTED_EDGE ( 'NONE', *, *, #2676, .F. ) ;
#837 = CARTESIAN_POINT ( 'NONE',  ( 22.50029827766104518, 47.97530449477564218, 51.45864423363426710 ) ) ;
#838 = LINE ( 'NONE', #2942, #5185 ) ;
#839 =( BOUNDED_SURFACE ( )  B_SPLINE_SURFACE ( 3, 1, ( 
 ( #2837, #4439 ),
 ( #6540, #1821 ),
 ( #3914, #1300 ),
 ( #3396, #5498 ) ),
 .UNSPECIFIED., .F., .F., .T. ) 
 B_SPLINE_SURFACE_WITH_KNOTS ( ( 4, 4 ),
 ( 2, 2 ),
 ( 0.000000000000000000, 1.000000000000000000 ),
 ( 0.000000000000000000, 1.000000000000000000 ),
 .UNSPECIFIED. ) 
 GEOMETRIC_REPRESENTATION_ITEM ( )  RATIONAL_B_SPLINE_SURFACE ( (
 ( 1.000000000000000000, 1.000000000000000000),
 ( 0.9611591142731221726, 0.9996856433685865628),
 ( 0.9611591142731221726, 0.9996856433685865628),
 ( 1.000000000000000000, 1.000000000000000000) ) ) 
 REPRESENTATION_ITEM ( '' )  SURFACE ( )  );
#840 = CARTESIAN_POINT ( 'NONE',  ( 49.27737675194772748, 41.87451339933187455, 11.09517518283772297 ) ) ;
#841 = CARTESIAN_POINT ( 'NONE',  ( 25.39469577495191288, -24.56983672975347233, 58.73904873670637983 ) ) ;
#842 = LINE ( 'NONE', #387, #2117 ) ;
#843 = LINE ( 'NONE', #4500, #892 ) ;
#844 = ORIENTED_EDGE ( 'NONE', *, *, #2751, .F. ) ;
#845 = EDGE_CURVE ( 'NONE', #1516, #727, #4373, .T. ) ;
#846 = CARTESIAN_POINT ( 'NONE',  ( 18.79148013494830849, 59.43147350092739600, -33.96357084875258892 ) ) ;
#847 = CARTESIAN_POINT ( 'NONE',  ( 89.83648776693894433, 8.814646026714397564, 0.01483379300792213480 ) ) ;
#848 = CARTESIAN_POINT ( 'NONE',  ( 24.68797426277905060, -57.82100774652268882, 5.436188902906066822 ) ) ;
#849 = EDGE_CURVE ( 'NONE', #3452, #1161, #3859, .T. ) ;
#850 = LINE ( 'NONE', #3993, #15 ) ;
#851 = CARTESIAN_POINT ( 'NONE',  ( 19.01941379036734503, -52.37255643011373252, 2.844034752095050855 ) ) ;
#852 = CARTESIAN_POINT ( 'NONE',  ( 19.27520315313952892, -19.32139040292554100, -54.62093360368886863 ) ) ;
#853 = CARTESIAN_POINT ( 'NONE',  ( 18.85592173195389876, -52.16444864044508734, 2.341784949217093015 ) ) ;
#854 = CARTESIAN_POINT ( 'NONE',  ( 18.76137069372868282, 2.507091694578024832, 60.64673771806501890 ) ) ;
#855 = EDGE_CURVE ( 'NONE', #536, #5151, #6673, .T. ) ;
#856 = ORIENTED_EDGE ( 'NONE', *, *, #1953, .T. ) ;
#857 = CARTESIAN_POINT ( 'NONE',  ( 19.42422096688429534, 70.40185340182245000, 2.951846395697262260 ) ) ;
#858 = EDGE_CURVE ( 'NONE', #6330, #1649, #4481, .T. ) ;
#859 = CARTESIAN_POINT ( 'NONE',  ( 49.61704819046447312, -4.262847974807252527, 32.69648639714306171 ) ) ;
#860 = CARTESIAN_POINT ( 'NONE',  ( 19.11442843794943869, -33.34952112615091835, 44.47027675529806601 ) ) ;
#861 = DIRECTION ( 'NONE',  ( -1.000000000000000000, -0.000000000000000000, -0.000000000000000000 ) ) ;
#862 = CARTESIAN_POINT ( 'NONE',  ( 89.82615535696581333, 8.809220361866664462, -0.008978942747644517650 ) ) ;
#863 = CARTESIAN_POINT ( 'NONE',  ( 54.54334256235712530, 29.77611861316039565, 34.23084367621628843 ) ) ;
#864 = ORIENTED_EDGE ( 'NONE', *, *, #2674, .F. ) ;
#865 = CARTESIAN_POINT ( 'NONE',  ( 19.46190759237069301, 2.972062956887084439, -61.34994523100089481 ) ) ;
#866 = ORIENTED_EDGE ( 'NONE', *, *, #1791, .T. ) ;
#867 = CARTESIAN_POINT ( 'NONE',  ( 18.78844479849039928, 59.09021721261462545, 34.46005189268237245 ) ) ;
#868 = CARTESIAN_POINT ( 'NONE',  ( 54.30008724204793680, 28.07819630843383862, 23.61755838264961227 ) ) ;
#869 = LINE ( 'NONE', #5138, #4429 ) ;
#870 = CARTESIAN_POINT ( 'NONE',  ( 19.01941379036734503, 36.81635494358454253, 54.47419818390518031 ) ) ;
#871 = LINE ( 'NONE', #4595, #456 ) ;
#872 = ORIENTED_EDGE ( 'NONE', *, *, #1989, .F. ) ;
#873 = CARTESIAN_POINT ( 'NONE',  ( 49.61704819046445891, 15.48983196032640741, -34.57496359180358780 ) ) ;
#874 = ORIENTED_EDGE ( 'NONE', *, *, #1591, .T. ) ;
#875 = CARTESIAN_POINT ( 'NONE',  ( 18.77401912713006027, 59.10042910495582902, 34.46704991527079898 ) ) ;
#876 = CARTESIAN_POINT ( 'NONE',  ( 217.5334579613141841, 8.812244897959189416, -6.153557722908013615E-14 ) ) ;
#877 = DIRECTION ( 'NONE',  ( 0.000000000000000000, 0.000000000000000000, 1.000000000000000000 ) ) ;
#878 = CARTESIAN_POINT ( 'NONE',  ( 49.23411246815348363, -14.23910722579818255, 26.11188936392287019 ) ) ;
#879 = ORIENTED_EDGE ( 'NONE', *, *, #384, .T. ) ;
#880 = ORIENTED_EDGE ( 'NONE', *, *, #5379, .T. ) ;
#881 = CARTESIAN_POINT ( 'NONE',  ( 26.06099036693303006, -6.964217099160588731, 66.65965240051035323 ) ) ;
#882 = CARTESIAN_POINT ( 'NONE',  ( 18.79364760530904022, -30.87937038379602583, 46.26737854853057286 ) ) ;
#883 = CARTESIAN_POINT ( 'NONE',  ( 89.82545070715441682, 8.819364145631228169, 0.005953887238908533303 ) ) ;
#884 = CARTESIAN_POINT ( 'NONE',  ( 28.65641647731176533, -45.61462286976547631, -46.30617666828703705 ) ) ;
#885 = CARTESIAN_POINT ( 'NONE',  ( 19.42422096688429534, 59.02883198915030505, 35.78110749705420801 ) ) ;
#886 = CARTESIAN_POINT ( 'NONE',  ( 49.56354134330945982, 21.87832601185762726, -32.64246362559032377 ) ) ;
#887 = VECTOR ( 'NONE', #1681, 1000.000000000000114 ) ;
#888 = CARTESIAN_POINT ( 'NONE',  ( 49.27737675194772748, 37.40938714391771214, 19.96046006882433588 ) ) ;
#889 = VERTEX_POINT ( 'NONE', #6518 ) ;
#890 = CARTESIAN_POINT ( 'NONE',  ( 19.46190759237069301, 37.06745574819992584, -54.76829890328959749 ) ) ;
#891 = CARTESIAN_POINT ( 'NONE',  ( 49.23433077323409179, 3.984631825014295359, 34.49499906512156144 ) ) ;
#892 = VECTOR ( 'NONE', #4470, 1000.000000000000114 ) ;
#893 = DIRECTION ( 'NONE',  ( 0.000000000000000000, 0.000000000000000000, -1.000000000000000000 ) ) ;
#894 = CARTESIAN_POINT ( 'NONE',  ( 49.51003444762827854, -21.58627785591953696, 17.56198589039334479 ) ) ;
#895 = CARTESIAN_POINT ( 'NONE',  ( 18.76137069372868282, -2.224165387236128222, 59.96648564639012591 ) ) ;
#896 = EDGE_CURVE ( 'NONE', #6067, #5286, #132, .T. ) ;
#897 = CARTESIAN_POINT ( 'NONE',  ( 18.79364760530904377, -42.63290425862665955, -32.70307737330745113 ) ) ;
#898 = CIRCLE ( 'NONE', #1128, 70.24264068317124554 ) ;
#899 = EDGE_CURVE ( 'NONE', #6289, #4682, #2245, .T. ) ;
#900 = ORIENTED_EDGE ( 'NONE', *, *, #6211, .T. ) ;
#901 = CARTESIAN_POINT ( 'NONE',  ( 51.77745077274522600, 46.09821785626679969, 2.578680136352811569 ) ) ;
#902 = VERTEX_POINT ( 'NONE', #1310 ) ;
#903 = CIRCLE ( 'NONE', #5866, 70.24264068317124554 ) ;
#904 = CARTESIAN_POINT ( 'NONE',  ( 18.79234720619589893, 60.57624410584440255, 32.19213896533739927 ) ) ;
#905 = EDGE_CURVE ( 'NONE', #1296, #5516, #2886, .T. ) ;
#906 = VECTOR ( 'NONE', #3503, 1000.000000000000000 ) ;
#907 = CARTESIAN_POINT ( 'NONE',  ( 89.83068436596585116, 8.823165847046645638, 0.009727682652969287663 ) ) ;
#908 = CARTESIAN_POINT ( 'NONE',  ( 49.61704819046445891, -19.86427830702841391, -20.43710579372341130 ) ) ;
#909 = CARTESIAN_POINT ( 'NONE',  ( 18.77401912713006382, -49.14940460389593824, -18.90307349937300430 ) ) ;
#910 = CARTESIAN_POINT ( 'NONE',  ( 18.78690384720152196, 69.72980365437055639, 2.074717038140591274 ) ) ;
#911 = B_SPLINE_CURVE_WITH_KNOTS ( 'NONE', 3,
 ( #4182, #3109, #102, #3625, #4281, #2150, #34 ),
 .UNSPECIFIED., .F., .F.,
 ( 4, 3, 4 ),
 ( 1.743375517060540341E-17, 0.01258337285662346899, 0.04008255950779794630 ),
 .UNSPECIFIED. ) ;
#912 = ORIENTED_EDGE ( 'NONE', *, *, #3135, .F. ) ;
#913 = CARTESIAN_POINT ( 'NONE',  ( 49.23435778140442665, 38.02174381790426594, 18.97473506435708757 ) ) ;
#914 = CIRCLE ( 'NONE', #3879, 40.14018759214401655 ) ;
#915 = ORIENTED_EDGE ( 'NONE', *, *, #980, .T. ) ;
#916 = CARTESIAN_POINT ( 'NONE',  ( 49.23423108862790798, -5.912709743294446874, -31.56584044698337266 ) ) ;
#917 = CARTESIAN_POINT ( 'NONE',  ( 24.68797426277906482, -38.93165328344840503, -46.79810566908478364 ) ) ;
#918 = CARTESIAN_POINT ( 'NONE',  ( 49.23372534307176807, -14.41712683628283109, 25.95421878688867423 ) ) ;
#919 = VERTEX_POINT ( 'NONE', #4986 ) ;
#920 = CARTESIAN_POINT ( 'NONE',  ( 19.42422096688429534, 62.22060928589663575, 30.81460507954349026 ) ) ;
#921 = ORIENTED_EDGE ( 'NONE', *, *, #4825, .T. ) ;
#922 = CARTESIAN_POINT ( 'NONE',  ( 18.78844479849039928, 67.78048429933554075, 15.43102130196145083 ) ) ;
#923 = CARTESIAN_POINT ( 'NONE',  ( 18.78690384720155038, 36.00554235999749864, -54.55069191834588338 ) ) ;
#924 = CARTESIAN_POINT ( 'NONE',  ( 23.23982137879182730, -56.43902111738014327, 4.503794058403351563 ) ) ;
#925 = CARTESIAN_POINT ( 'NONE',  ( 28.07725316172349750, 8.812244897959189416, -6.153557722908013615E-14 ) ) ;
#926 = CARTESIAN_POINT ( 'NONE',  ( 49.61704819046445891, -15.49793538881506016, 25.47613414108511520 ) ) ;
#927 = ORIENTED_EDGE ( 'NONE', *, *, #6599, .T. ) ;
#928 = CARTESIAN_POINT ( 'NONE',  ( 20.99547524081246408, 38.12772323764445304, -55.94625723297372843 ) ) ;
#929 = CARTESIAN_POINT ( 'NONE',  ( 48.51805717611821223, 8.812244897959189416, -8.000000000000060396 ) ) ;
#930 = FACE_OUTER_BOUND ( 'NONE', #1750, .T. ) ;
#931 = CARTESIAN_POINT ( 'NONE',  ( 18.77401912713006382, -43.43055318664291065, -31.42561135427755659 ) ) ;
#932 = CARTESIAN_POINT ( 'NONE',  ( 18.79321399865036213, -42.79346620046571559, -32.44830284702379686 ) ) ;
#933 = VERTEX_POINT ( 'NONE', #750 ) ;
#934 = CARTESIAN_POINT ( 'NONE',  ( 49.23165480826241236, 12.74257916029844750, -34.60602366957845533 ) ) ;
#935 = ORIENTED_EDGE ( 'NONE', *, *, #5326, .F. ) ;
#936 = CARTESIAN_POINT ( 'NONE',  ( 49.61704819046447312, 30.56936935113395748, -27.68836961395707164 ) ) ;
#937 = EDGE_CURVE ( 'NONE', #6822, #5295, #1799, .T. ) ;
#938 = CARTESIAN_POINT ( 'NONE',  ( 89.83648776693891591, 8.806245102029485849, -0.01377712898635175161 ) ) ;
#939 = CARTESIAN_POINT ( 'NONE',  ( 49.23306814737766501, -4.986445526005175211, 31.98033306401056564 ) ) ;
#940 = CARTESIAN_POINT ( 'NONE',  ( 18.79364760530904377, 17.18892311750703072, -60.38150299085023676 ) ) ;
#941 = DIRECTION ( 'NONE',  ( -0.7522347214610783928, -0.5366567310078751429, 0.3822858575625249222 ) ) ;
#942 = EDGE_CURVE ( 'NONE', #3928, #6347, #743, .T. ) ;
#943 = ORIENTED_EDGE ( 'NONE', *, *, #513, .F. ) ;
#944 = VECTOR ( 'NONE', #232, 999.9999999999998863 ) ;
#945 = CARTESIAN_POINT ( 'NONE',  ( 53.79462347678107648, -21.94148788315986920, -24.61676225080443459 ) ) ;
#946 = VERTEX_POINT ( 'NONE', #3374 ) ;
#947 = EDGE_CURVE ( 'NONE', #2091, #3003, #3960, .T. ) ;
#948 =( BOUNDED_SURFACE ( )  B_SPLINE_SURFACE ( 3, 1, ( 
 ( #3236, #3166 ),
 ( #1620, #4240 ),
 ( #5189, #6342 ),
 ( #2712, #2067 ) ),
 .UNSPECIFIED., .F., .F., .T. ) 
 B_SPLINE_SURFACE_WITH_KNOTS ( ( 4, 4 ),
 ( 2, 2 ),
 ( 0.000000000000000000, 1.000000000000000000 ),
 ( 0.000000000000000000, 1.000000000000000000 ),
 .UNSPECIFIED. ) 
 GEOMETRIC_REPRESENTATION_ITEM ( )  RATIONAL_B_SPLINE_SURFACE ( (
 ( 1.000000000000000000, 1.000000000000000000),
 ( 0.7724073758824716585, 0.9739345816297118041),
 ( 0.7724073758824716585, 0.9739345816297118041),
 ( 1.000000000000000000, 1.000000000000000000) ) ) 
 REPRESENTATION_ITEM ( '' )  SURFACE ( )  );
#949 = CARTESIAN_POINT ( 'NONE',  ( 28.07725316172377461, 27.13211018094878568, -67.81158533877720629 ) ) ;
#950 = EDGE_CURVE ( 'NONE', #1125, #3928, #4537, .T. ) ;
#951 = CARTESIAN_POINT ( 'NONE',  ( 18.78844479849039928, -43.41994538800256009, -31.41922937391545290 ) ) ;
#952 = CARTESIAN_POINT ( 'NONE',  ( 25.39469577495191288, -44.57815946924827699, -41.40173839102079256 ) ) ;
#953 = ORIENTED_EDGE ( 'NONE', *, *, #3338, .T. ) ;
#954 = CARTESIAN_POINT ( 'NONE',  ( 53.79462347678109779, 7.276940470383835624, -39.36267145405371792 ) ) ;
#955 = ORIENTED_EDGE ( 'NONE', *, *, #4737, .T. ) ;
#956 = CARTESIAN_POINT ( 'NONE',  ( 26.76987644061278004, 77.37877971138431121, -7.139697895362285607 ) ) ;
#957 = CARTESIAN_POINT ( 'NONE',  ( 18.78844479849039928, 35.76624165099752162, -54.67039176333777561 ) ) ;
#958 = CARTESIAN_POINT ( 'NONE',  ( 20.23383842789535336, -53.50742454680776206, 3.154395571690569167 ) ) ;
#959 = CARTESIAN_POINT ( 'NONE',  ( 89.84074713331158080, 8.812391413990637190, 0.01111903745381550776 ) ) ;
#960 = CARTESIAN_POINT ( 'NONE',  ( 49.51286555817211621, 30.53344251510021579, -27.58410277940236810 ) ) ;
#961 = ORIENTED_EDGE ( 'NONE', *, *, #811, .F. ) ;
#962 = CARTESIAN_POINT ( 'NONE',  ( 19.42422096688429534, -49.45092047670245705, 20.18407375451648633 ) ) ;
#963 = CARTESIAN_POINT ( 'NONE',  ( 25.39554384420647892, 12.48563020891975839, -67.46302730027355210 ) ) ;
#964 = CARTESIAN_POINT ( 'NONE',  ( 52.84917723814557888, 47.44797895452128245, 16.64100866473041407 ) ) ;
#965 = DIRECTION ( 'NONE',  ( -1.000000000000000000, -0.000000000000000000, -0.000000000000000000 ) ) ;
#966 = CARTESIAN_POINT ( 'NONE',  ( 49.37576540558968929, -21.40198099266511278, -17.61213784408247918 ) ) ;
#967 = CARTESIAN_POINT ( 'NONE',  ( 49.37576540558968219, 5.343123849583456320, 34.80017305647118064 ) ) ;
#968 = ORIENTED_EDGE ( 'NONE', *, *, #3725, .F. ) ;
#969 = ORIENTED_EDGE ( 'NONE', *, *, #2610, .T. ) ;
#970 = CARTESIAN_POINT ( 'NONE',  ( 54.54334256235711820, -28.05364844379437628, -15.87893472645182591 ) ) ;
#971 = B_SPLINE_CURVE_WITH_KNOTS ( 'NONE', 3,
 ( #4529, #5739, #6262, #1945, #6638, #1538, #380, #1507, #3603, #3079 ),
 .UNSPECIFIED., .F., .F.,
 ( 4, 2, 2, 2, 4 ),
 ( 1.298148181579757605E-17, 0.001890020855637480858, 0.003780041711274948705, 0.005670062566912416335, 0.007560083422549884399 ),
 .UNSPECIFIED. ) ;
#972 = CARTESIAN_POINT ( 'NONE',  ( 20.99620941596863233, 60.01747969722340059, -36.97969305351635683 ) ) ;
#973 = CARTESIAN_POINT ( 'NONE',  ( 49.27030864395452170, -19.77361335254069274, 19.96448274390218103 ) ) ;
#974 = FACE_BOUND ( 'NONE', #253, .T. ) ;
#975 = LINE ( 'NONE', #2656, #5005 ) ;
#976 = ADVANCED_FACE ( 'NONE', ( #3927 ), #4077, .F. ) ;
#977 = ORIENTED_EDGE ( 'NONE', *, *, #5406, .F. ) ;
#978 = CARTESIAN_POINT ( 'NONE',  ( 49.23411246815348363, 37.93890232786592520, 19.10061328460583496 ) ) ;
#979 = ORIENTED_EDGE ( 'NONE', *, *, #3463, .T. ) ;
#980 = EDGE_CURVE ( 'NONE', #2191, #5733, #6015, .T. ) ;
#981 = CARTESIAN_POINT ( 'NONE',  ( 28.65641647731176533, 73.54356275935333542, -30.27213934572759513 ) ) ;
#982 = FACE_OUTER_BOUND ( 'NONE', #5217, .T. ) ;
#983 = CARTESIAN_POINT ( 'NONE',  ( 22.50029827766106649, -4.431253627343130219, 63.29571115137147785 ) ) ;
#984 = CARTESIAN_POINT ( 'NONE',  ( 49.61704819046447312, 43.03670793561577312, -8.288812106334193075 ) ) ;
#985 = CARTESIAN_POINT ( 'NONE',  ( 49.23244927482063105, -13.32085726037288431, 26.89290311797864419 ) ) ;
#986 = EDGE_CURVE ( 'NONE', #227, #5079, #3997, .T. ) ;
#987 = ORIENTED_EDGE ( 'NONE', *, *, #3782, .F. ) ;
#988 = CARTESIAN_POINT ( 'NONE',  ( 19.10106442482188172, -29.18530431759342036, 48.06043400007938970 ) ) ;
#989 = VERTEX_POINT ( 'NONE', #1384 ) ;
#990 = CARTESIAN_POINT ( 'NONE',  ( 51.77745077274520469, -27.68988231800805266, 8.030447023834259568 ) ) ;
#991 = EDGE_CURVE ( 'NONE', #2347, #1664, #5101, .T. ) ;
#992 = CARTESIAN_POINT ( 'NONE',  ( 49.23084801259430066, 43.62001864077925717, -1.187661407554103876 ) ) ;
#993 = CARTESIAN_POINT ( 'NONE',  ( 28.07725316172354013, -60.91630494323811718, 8.482800668928561549 ) ) ;
#994 = CARTESIAN_POINT ( 'NONE',  ( 49.23351359036897179, -26.01323890444091091, 0.5827179432386452307 ) ) ;
#995 = CARTESIAN_POINT ( 'NONE',  ( 26.76987644061280491, -26.16582069584044490, -59.40437618284995835 ) ) ;
#996 = B_SPLINE_CURVE_WITH_KNOTS ( 'NONE', 3,
 ( #1356, #1807, #5515, #3451, #792, #2895, #3866, #4995 ),
 .UNSPECIFIED., .F., .F.,
 ( 4, 2, 2, 4 ),
 ( 2.110667359536012596E-16, 0.0003956619665159778255, 0.0007913239330317446652, 0.001582647866063278128 ),
 .UNSPECIFIED. ) ;
#997 = EDGE_LOOP ( 'NONE', ( #497, #879, #761, #4054 ) ) ;
#998 = CARTESIAN_POINT ( 'NONE',  ( 22.50127774655940982, -43.26254376241467980, 38.34162782207037878 ) ) ;
#999 = CARTESIAN_POINT ( 'NONE',  ( 26.76987644061300387, 11.50325414551019776, -68.88471130510249907 ) ) ;
#1000 = CARTESIAN_POINT ( 'NONE',  ( 89.82545070715441682, 8.814703301924248890, -0.008949229610188031564 ) ) ;
#1001 = CARTESIAN_POINT ( 'NONE',  ( 54.54334256235712530, 45.67813823971305709, -15.87893472645110471 ) ) ;
#1002 = CARTESIAN_POINT ( 'NONE',  ( 18.79364884033507721, 17.18993847740206249, 60.38136468127504486 ) ) ;
#1003 = CARTESIAN_POINT ( 'NONE',  ( 49.23372534307177517, -13.57191308302344801, -26.68660067314128170 ) ) ;
#1004 = ORIENTED_EDGE ( 'NONE', *, *, #5664, .T. ) ;
#1005 = B_SPLINE_CURVE_WITH_KNOTS ( 'NONE', 3,
 ( #5946, #628, #4366, #1219, #2228, #1812, #3390, #146, #6564, #6440, #5399, #3841, #2350 ),
 .UNSPECIFIED., .F., .F.,
 ( 4, 3, 3, 3, 4 ),
 ( 0.000000000000000000, 0.0004520762650174022152, 0.0009041524520694480373, 0.001356228616379103044, 0.002069674869633367567 ),
 .UNSPECIFIED. ) ;
#1006 = CARTESIAN_POINT ( 'NONE',  ( 89.82729936416122030, 8.802107766439062786, -0.002246946893602767836 ) ) ;
#1007 = ORIENTED_EDGE ( 'NONE', *, *, #763, .T. ) ;
#1008 = CONICAL_SURFACE ( 'NONE', #1103, 40.14018759214401655, 0.8495922745902004802 ) ;
#1009 = CARTESIAN_POINT ( 'NONE',  ( 49.23084801259433618, -6.727761699939868834, -31.16889230446932757 ) ) ;
#1010 = CARTESIAN_POINT ( 'NONE',  ( 28.07725316172349750, 8.812244897959189416, -70.24264068317130238 ) ) ;
#1011 = DIRECTION ( 'NONE',  ( -1.000000000000000000, 0.000000000000000000, -0.000000000000000000 ) ) ;
#1012 = CARTESIAN_POINT ( 'NONE',  ( 54.54334256235713241, 44.95476903000359670, -17.46289235198611678 ) ) ;
#1013 = ORIENTED_EDGE ( 'NONE', *, *, #4140, .T. ) ;
#1014 = VECTOR ( 'NONE', #2416, 1000.000000000000114 ) ;
#1015 = CARTESIAN_POINT ( 'NONE',  ( 48.51805717611819802, 8.812244897959189416, -34.11490221672037393 ) ) ;
#1016 = CIRCLE ( 'NONE', #4321, 70.24264068317124554 ) ;
#1017 = ORIENTED_EDGE ( 'NONE', *, *, #4699, .T. ) ;
#1018 = CARTESIAN_POINT ( 'NONE',  ( 89.83648776693894433, 8.825027935649965016, 0.007899416541620209870 ) ) ;
#1019 = CARTESIAN_POINT ( 'NONE',  ( 89.83648776693891591, 8.821883125772101764, 0.01152872061106264244 ) ) ;
#1020 = CARTESIAN_POINT ( 'NONE',  ( 18.79364884033508432, -49.59279602652789976, -17.46270726700646136 ) ) ;
#1021 = FACE_OUTER_BOUND ( 'NONE', #104, .T. ) ;
#1022 = VECTOR ( 'NONE', #6291, 1000.000000000000114 ) ;
#1023 = FACE_OUTER_BOUND ( 'NONE', #5731, .T. ) ;
#1024 = ORIENTED_EDGE ( 'NONE', *, *, #6588, .T. ) ;
#1025 = DIRECTION ( 'NONE',  ( -1.000000000000000000, -0.000000000000000000, -0.000000000000000000 ) ) ;
#1026 = ORIENTED_EDGE ( 'NONE', *, *, #3818, .F. ) ;
#1027 = CARTESIAN_POINT ( 'NONE',  ( 28.07725316172420804, 73.32641740928335139, -27.78399027001551147 ) ) ;
#1028 = EDGE_CURVE ( 'NONE', #5000, #4496, #6686, .T. ) ;
#1029 = CARTESIAN_POINT ( 'NONE',  ( 49.61704819046445891, -4.262847974806825313, -32.69648639714335303 ) ) ;
#1030 = EDGE_CURVE ( 'NONE', #1937, #4598, #502, .T. ) ;
#1031 = CARTESIAN_POINT ( 'NONE',  ( 19.04016012521986312, 61.68772420274843427, -30.82714742044052514 ) ) ;
#1032 = CARTESIAN_POINT ( 'NONE',  ( 19.46190759237069301, 67.04421725030893242, 20.17327194350979624 ) ) ;
#1033 = ORIENTED_EDGE ( 'NONE', *, *, #5368, .T. ) ;
#1034 = CARTESIAN_POINT ( 'NONE',  ( 19.27520315313953603, 14.67503100339219912, -61.16024494770860542 ) ) ;
#1035 = EDGE_CURVE ( 'NONE', #1252, #4264, #2637, .T. ) ;
#1036 = CARTESIAN_POINT ( 'NONE',  ( 18.79364822255247702, -42.46941118627823641, 32.95748458435217287 ) ) ;
#1037 = CARTESIAN_POINT ( 'NONE',  ( 18.78844479849039928, -29.72059773692282292, -47.22911935443057985 ) ) ;
#1038 = DIRECTION ( 'NONE',  ( 0.000000000000000000, 0.000000000000000000, 1.000000000000000000 ) ) ;
#1039 = CARTESIAN_POINT ( 'NONE',  ( 89.82729936416122030, 8.818499909367657708, 0.008287643698768349526 ) ) ;
#1040 = CARTESIAN_POINT ( 'NONE',  ( 53.00847882770916897, 17.66216927100343881, -37.57843984815708893 ) ) ;
#1041 = VERTEX_POINT ( 'NONE', #3039 ) ;
#1042 = DIRECTION ( 'NONE',  ( -1.000000000000000000, -0.000000000000000000, -0.000000000000000000 ) ) ;
#1043 = EDGE_LOOP ( 'NONE', ( #1444, #6603, #6490, #3416 ) ) ;
#1044 = CARTESIAN_POINT ( 'NONE',  ( 22.90123142467807327, 14.23378841412404050, 64.95621346062506518 ) ) ;
#1045 = CARTESIAN_POINT ( 'NONE',  ( 36.38592095397838477, 7.491327740861538409, 60.77803374967049876 ) ) ;
#1046 = CARTESIAN_POINT ( 'NONE',  ( 19.04016012521985601, -52.33585304854791076, -2.653195680144312174 ) ) ;
#1047 = CARTESIAN_POINT ( 'NONE',  ( 53.00898906108307074, -10.26682034214579531, -33.56320944607727341 ) ) ;
#1048 = ORIENTED_EDGE ( 'NONE', *, *, #3554, .F. ) ;
#1049 = CARTESIAN_POINT ( 'NONE',  ( 54.54334256235711820, -31.03393360987626082, -4.849403907098070121 ) ) ;
#1050 = VERTEX_POINT ( 'NONE', #4075 ) ;
#1051 = CARTESIAN_POINT ( 'NONE',  ( 49.23165480826241236, -26.00088423333334120, 1.034621535194923059 ) ) ;
#1052 = CARTESIAN_POINT ( 'NONE',  ( 19.42422096688429534, -33.75122798739109697, 44.61327211425970063 ) ) ;
#1053 = CARTESIAN_POINT ( 'NONE',  ( 53.00847882770919028, -4.059163396142228208, -36.39762562800904533 ) ) ;
#1054 = DIRECTION ( 'NONE',  ( 0.000000000000000000, 0.000000000000000000, 1.000000000000000000 ) ) ;
#1055 = LINE ( 'NONE', #5788, #887 ) ;
#1056 = ORIENTED_EDGE ( 'NONE', *, *, #3094, .T. ) ;
#1057 = CARTESIAN_POINT ( 'NONE',  ( 19.27520315313956445, 36.94588019884426444, 54.62093360368854889 ) ) ;
#1058 = ORIENTED_EDGE ( 'NONE', *, *, #2536, .T. ) ;
#1059 = DIRECTION ( 'NONE',  ( 0.000000000000000000, 0.000000000000000000, 1.000000000000000000 ) ) ;
#1060 = B_SPLINE_CURVE_WITH_KNOTS ( 'NONE', 3,
 ( #1997, #4099, #853, #6205, #1483, #5052 ),
 .UNSPECIFIED., .F., .F.,
 ( 4, 2, 4 ),
 ( 1.424164657854845069E-16, 0.0007986073165776924523, 0.001597214633155242440 ),
 .UNSPECIFIED. ) ;
#1061 = B_SPLINE_CURVE_WITH_KNOTS ( 'NONE', 3,
 ( #1049, #1180, #6397, #77, #2659, #590, #5848 ),
 .UNSPECIFIED., .F., .F.,
 ( 4, 3, 4 ),
 ( 0.000000000000000000, 0.007697376234836517117, 0.04008255950779804344 ),
 .UNSPECIFIED. ) ;
#1062 = CARTESIAN_POINT ( 'NONE',  ( 89.82729936416122030, 8.801885353399617529, 0.0007000302257038585208 ) ) ;
#1063 = CARTESIAN_POINT ( 'NONE',  ( 28.07725316172349750, 78.54079473915638232, -8.482800668929110444 ) ) ;
#1064 = CARTESIAN_POINT ( 'NONE',  ( 20.99620941596855062, 31.89609809058014633, -58.79293742416330559 ) ) ;
#1065 = EDGE_CURVE ( 'NONE', #1771, #2091, #5781, .T. ) ;
#1066 = ORIENTED_EDGE ( 'NONE', *, *, #4488, .T. ) ;
#1067 = EDGE_CURVE ( 'NONE', #5088, #1780, #4216, .T. ) ;
#1068 =( BOUNDED_SURFACE ( )  B_SPLINE_SURFACE ( 3, 1, ( 
 ( #5317, #36 ),
 ( #2277, #5909 ),
 ( #3830, #5841 ),
 ( #6455, #584 ) ),
 .UNSPECIFIED., .F., .F., .T. ) 
 B_SPLINE_SURFACE_WITH_KNOTS ( ( 4, 4 ),
 ( 2, 2 ),
 ( 0.000000000000000000, 1.000000000000000000 ),
 ( 0.000000000000000000, 1.000000000000000000 ),
 .UNSPECIFIED. ) 
 GEOMETRIC_REPRESENTATION_ITEM ( )  RATIONAL_B_SPLINE_SURFACE ( (
 ( 1.000000000000000000, 1.000000000000000000),
 ( 0.7724073758824716585, 0.9739345816297118041),
 ( 0.7724073758824716585, 0.9739345816297118041),
 ( 1.000000000000000000, 1.000000000000000000) ) ) 
 REPRESENTATION_ITEM ( '' )  SURFACE ( )  );
#1069 = CARTESIAN_POINT ( 'NONE',  ( 49.23165480826241236, -26.00088423333332699, -1.034621535195505704 ) ) ;
#1070 = CARTESIAN_POINT ( 'NONE',  ( 18.79364822255246636, -52.14679085930364266, 0.0006438739564691299110 ) ) ;
#1071 = CARTESIAN_POINT ( 'NONE',  ( 25.39469577495190222, 12.48617812096428281, 67.46214816447321994 ) ) ;
#1072 = EDGE_CURVE ( 'NONE', #713, #3865, #3875, .T. ) ;
#1073 = ORIENTED_EDGE ( 'NONE', *, *, #5760, .F. ) ;
#1074 = CARTESIAN_POINT ( 'NONE',  ( 20.23383842789536047, -45.31979218777952667, -31.03891061354980252 ) ) ;
#1075 = ORIENTED_EDGE ( 'NONE', *, *, #1871, .F. ) ;
#1076 = CARTESIAN_POINT ( 'NONE',  ( 18.79018048702202393, -1.350887365958198583, 60.10310178457851293 ) ) ;
#1077 = CARTESIAN_POINT ( 'NONE',  ( 19.46190759237070012, -49.41972745439068859, 20.17327194350940189 ) ) ;
#1078 = DIRECTION ( 'NONE',  ( 0.000000000000000000, 0.000000000000000000, 1.000000000000000000 ) ) ;
#1079 = CARTESIAN_POINT ( 'NONE',  ( 18.79321399865037279, -15.96152258372057808, 55.69831434065056897 ) ) ;
#1080 = ORIENTED_EDGE ( 'NONE', *, *, #6470, .F. ) ;
#1081 = CARTESIAN_POINT ( 'NONE',  ( 89.83648776693894433, 8.827269420593388816, -0.0002656198737735829263 ) ) ;
#1082 = VERTEX_POINT ( 'NONE', #3562 ) ;
#1083 = B_SPLINE_CURVE_WITH_KNOTS ( 'NONE', 3,
 ( #5292, #559, #2098, #6335, #4126, #2132, #5331, #4195 ),
 .UNSPECIFIED., .F., .F.,
 ( 4, 2, 2, 4 ),
 ( 0.000000000000000000, 0.0002264431842541180667, 0.0004528863685082361334, 0.0009057727370164644605 ),
 .UNSPECIFIED. ) ;
#1084 = CARTESIAN_POINT ( 'NONE',  ( 49.41824768824506720, -25.19293684495204744, -8.348994382044976348 ) ) ;
#1085 = LINE ( 'NONE', #5176, #607 ) ;
#1086 = CARTESIAN_POINT ( 'NONE',  ( 54.54334256235661371, 8.812244897959189416, -6.153557722908013615E-14 ) ) ;
#1087 = LINE ( 'NONE', #4745, #6416 ) ;
#1088 = CARTESIAN_POINT ( 'NONE',  ( 19.42422096688429534, -19.45809704635268744, 54.79763716762438719 ) ) ;
#1089 = VERTEX_POINT ( 'NONE', #5667 ) ;
#1090 = CARTESIAN_POINT ( 'NONE',  ( 19.42422096688429534, 59.02883198915080243, -35.78110749705364668 ) ) ;
#1091 = VERTEX_POINT ( 'NONE', #936 ) ;
#1092 = CARTESIAN_POINT ( 'NONE',  ( 49.23125140390099830, 32.44798827640727268, -25.58034009360042305 ) ) ;
#1093 = CARTESIAN_POINT ( 'NONE',  ( 19.42422096688430244, 46.91400446909503330, -48.47936870861978065 ) ) ;
#1094 = CARTESIAN_POINT ( 'NONE',  ( 19.36839877834438894, 62.10089235344464242, -30.76893436084912636 ) ) ;
#1095 = CARTESIAN_POINT ( 'NONE',  ( 20.99620941596850088, 63.72158015772809136, 31.21600023241840915 ) ) ;
#1096 = ORIENTED_EDGE ( 'NONE', *, *, #6721, .T. ) ;
#1097 = CARTESIAN_POINT ( 'NONE',  ( 54.54334256235661371, 8.812244897959189416, -6.153557722908013615E-14 ) ) ;
#1098 = CARTESIAN_POINT ( 'NONE',  ( 49.61704819046447312, -12.94487955521538680, 27.68836961395709650 ) ) ;
#1099 = CARTESIAN_POINT ( 'NONE',  ( 52.60397151635672941, 17.30942005764417857, -37.24454031063773130 ) ) ;
#1100 = ORIENTED_EDGE ( 'NONE', *, *, #5571, .T. ) ;
#1101 = CARTESIAN_POINT ( 'NONE',  ( 49.23395903331217482, 31.29350346635788327, -26.60452279651794782 ) ) ;
#1102 = VERTEX_POINT ( 'NONE', #2014 ) ;
#1103 = AXIS2_PLACEMENT_3D ( 'NONE', #4844, #4394, #6496 ) ;
#1104 =( BOUNDED_SURFACE ( )  B_SPLINE_SURFACE ( 3, 1, ( 
 ( #1595, #6830 ),
 ( #4245, #1486 ),
 ( #4722, #5829 ),
 ( #5765, #3201 ) ),
 .UNSPECIFIED., .F., .F., .T. ) 
 B_SPLINE_SURFACE_WITH_KNOTS ( ( 4, 4 ),
 ( 2, 2 ),
 ( 0.000000000000000000, 1.000000000000000000 ),
 ( 0.000000000000000000, 1.000000000000000000 ),
 .UNSPECIFIED. ) 
 GEOMETRIC_REPRESENTATION_ITEM ( )  RATIONAL_B_SPLINE_SURFACE ( (
 ( 1.000000000000000000, 1.000000000000000000),
 ( 0.9936547718337396251, 0.8399137562987545325),
 ( 0.9936547718337396251, 0.8399137562987545325),
 ( 1.000000000000000000, 1.000000000000000000) ) ) 
 REPRESENTATION_ITEM ( '' )  SURFACE ( )  );
#1105 = CARTESIAN_POINT ( 'NONE',  ( 49.24040381077555395, 2.683104468129413611, 34.29391666571148534 ) ) ;
#1106 = EDGE_CURVE ( 'NONE', #1747, #1050, #6354, .T. ) ;
#1107 = CARTESIAN_POINT ( 'NONE',  ( 49.23290854358261015, 42.44770916602249855, -9.045652332266005402 ) ) ;
#1108 = CARTESIAN_POINT ( 'NONE',  ( 49.23165480826241236, 42.50668425944240170, -8.815279788439491782 ) ) ;
#1109 = CARTESIAN_POINT ( 'NONE',  ( 28.07725316172354724, -54.43329228310554413, -30.56191415509952947 ) ) ;
#1110 = CARTESIAN_POINT ( 'NONE',  ( 50.49951337408941754, -7.911136560441419441, -31.98925615215585694 ) ) ;
#1111 = B_SPLINE_CURVE_WITH_KNOTS ( 'NONE', 3,
 ( #3869, #1675, #6367, #5978, #1255, #5287, #3781, #556, #5885, #4260 ),
 .UNSPECIFIED., .F., .F.,
 ( 4, 2, 2, 2, 4 ),
 ( 0.000000000000000000, 0.003307264529468854908, 0.006614529058937709816, 0.009921793588406564723, 0.01322905811787541963 ),
 .UNSPECIFIED. ) ;
#1112 = ORIENTED_EDGE ( 'NONE', *, *, #2703, .F. ) ;
#1113 = CARTESIAN_POINT ( 'NONE',  ( 51.15501191307616580, -30.80015181212467823, 19.13990030043066426 ) ) ;
#1114 = ORIENTED_EDGE ( 'NONE', *, *, #3342, .T. ) ;
#1115 = CARTESIAN_POINT ( 'NONE',  ( 18.78844479849039217, 67.78048429933575392, -15.43102130196080424 ) ) ;
#1116 = ADVANCED_FACE ( 'NONE', ( #289 ), #5792, .F. ) ;
#1117 = CARTESIAN_POINT ( 'NONE',  ( 18.79321571199460195, -49.50532468558719756, -17.75114702952875234 ) ) ;
#1118 = CARTESIAN_POINT ( 'NONE',  ( 54.54334256235712530, -3.329282912655100013, -38.25987405045331258 ) ) ;
#1119 = DIRECTION ( 'NONE',  ( 0.000000000000000000, 0.000000000000000000, 1.000000000000000000 ) ) ;
#1120 = AXIS2_PLACEMENT_3D ( 'NONE', #169, #4294, #592 ) ;
#1121 = CARTESIAN_POINT ( 'NONE',  ( 89.82643428741084790, 8.810751999983276406, -0.009672434044377588996 ) ) ;
#1122 = ORIENTED_EDGE ( 'NONE', *, *, #1358, .T. ) ;
#1123 = AXIS2_PLACEMENT_3D ( 'NONE', #2783, #4380, #1136 ) ;
#1124 = CARTESIAN_POINT ( 'NONE',  ( 49.23411246815348363, 43.64171954052439162, 0.3213985222628666372 ) ) ;
#1125 = VERTEX_POINT ( 'NONE', #4948 ) ;
#1126 = CARTESIAN_POINT ( 'NONE',  ( 49.51003444762827144, 33.03163070045276584, -25.41485560420196776 ) ) ;
#1127 = VECTOR ( 'NONE', #3613, 1000.000000000000114 ) ;
#1128 = AXIS2_PLACEMENT_3D ( 'NONE', #6135, #4476, #5015 ) ;
#1129 = CARTESIAN_POINT ( 'NONE',  ( 49.23443045783674421, 13.74948625020189752, 34.47990876825786444 ) ) ;
#1130 = CARTESIAN_POINT ( 'NONE',  ( 89.82681805825623655, 8.807003731828594084, 0.008628130036113769441 ) ) ;
#1131 = CARTESIAN_POINT ( 'NONE',  ( 25.39554384420629063, 68.65279362704973209, 31.36658317320419087 ) ) ;
#1132 = B_SPLINE_CURVE_WITH_KNOTS ( 'NONE', 3,
 ( #4478, #3403, #6514, #6101, #852, #3995 ),
 .UNSPECIFIED., .F., .F.,
 ( 4, 2, 4 ),
 ( 1.368563798628542935E-16, 0.0007986073165776945123, 0.001597214633155252198 ),
 .UNSPECIFIED. ) ;
#1133 = VECTOR ( 'NONE', #1223, 1000.000000000000227 ) ;
#1134 = CARTESIAN_POINT ( 'NONE',  ( 89.83068436596585116, 8.804506928950555533, -0.01241043006474017163 ) ) ;
#1135 = CARTESIAN_POINT ( 'NONE',  ( 49.23306814737766501, -24.39309874139536660, 10.51430996755528469 ) ) ;
#1136 = DIRECTION ( 'NONE',  ( 0.000000000000000000, 0.000000000000000000, 1.000000000000000000 ) ) ;
#1137 = VECTOR ( 'NONE', #2333, 1000.000000000000114 ) ;
#1138 = CARTESIAN_POINT ( 'NONE',  ( 49.50991164883095763, 15.44653082662436994, -34.47421011937247215 ) ) ;
#1139 = CARTESIAN_POINT ( 'NONE',  ( 49.23423108862792219, -14.20937055509309843, -26.13870299466236347 ) ) ;
#1140 = VERTEX_POINT ( 'NONE', #5050 ) ;
#1141 = CARTESIAN_POINT ( 'NONE',  ( 89.82545070715441682, 8.817125008629790983, -0.007894110495416030437 ) ) ;
#1142 = ORIENTED_EDGE ( 'NONE', *, *, #3223, .F. ) ;
#1143 = CARTESIAN_POINT ( 'NONE',  ( 18.79364760530902956, 0.4355666784117563917, 60.38150299085017281 ) ) ;
#1144 = CARTESIAN_POINT ( 'NONE',  ( 49.23244927482063105, 2.982044337287953706, -34.33818880905784710 ) ) ;
#1145 = DIRECTION ( 'NONE',  ( 0.7522347214610783928, 0.4547689546248877557, -0.4767893892881431839 ) ) ;
#1146 = EDGE_CURVE ( 'NONE', #167, #1808, #412, .T. ) ;
#1147 = CARTESIAN_POINT ( 'NONE',  ( 22.50127774655937074, 71.89064812671635707, 14.24707282844711465 ) ) ;
#1148 = ORIENTED_EDGE ( 'NONE', *, *, #6378, .F. ) ;
#1149 = CARTESIAN_POINT ( 'NONE',  ( 49.27737675194772748, -15.01484414178318616, 25.46539492501353408 ) ) ;
#1150 = EDGE_CURVE ( 'NONE', #1224, #4128, #1661, .T. ) ;
#1151 = VERTEX_POINT ( 'NONE', #1855 ) ;
#1152 = CARTESIAN_POINT ( 'NONE',  ( 18.79148157003701414, 67.62865915532002248, -16.01437286222607881 ) ) ;
#1153 = CARTESIAN_POINT ( 'NONE',  ( 23.23982137879196586, -4.931930400964443351, -63.94614548882178440 ) ) ;
#1154 = CARTESIAN_POINT ( 'NONE',  ( 49.41026041085036269, -19.75500190252815358, -20.23421205685958313 ) ) ;
#1155 = CARTESIAN_POINT ( 'NONE',  ( 89.82615535696581333, 8.806813216331958571, -0.007763122190248096695 ) ) ;
#1156 = FACE_OUTER_BOUND ( 'NONE', #408, .T. ) ;
#1157 = DIRECTION ( 'NONE',  ( -1.000000000000000000, -0.000000000000000000, -0.000000000000000000 ) ) ;
#1158 = ORIENTED_EDGE ( 'NONE', *, *, #6088, .F. ) ;
#1159 = CARTESIAN_POINT ( 'NONE',  ( 28.65641647731176533, -11.93954068538867475, -68.38062099559168416 ) ) ;
#1160 = ADVANCED_FACE ( 'NONE', ( #1827 ), #5108, .F. ) ;
#1161 = VERTEX_POINT ( 'NONE', #2844 ) ;
#1162 = B_SPLINE_CURVE_WITH_KNOTS ( 'NONE', 3,
 ( #4689, #5161, #3065, #1525, #3619, #28, #4210 ),
 .UNSPECIFIED., .F., .F.,
 ( 4, 3, 4 ),
 ( 0.000000000000000000, 0.01258337285662348808, 0.04008255950779794630 ),
 .UNSPECIFIED. ) ;
#1163 = EDGE_CURVE ( 'NONE', #1317, #3483, #12, .T. ) ;
#1164 = CARTESIAN_POINT ( 'NONE',  ( 18.77401912713006382, -41.47593930903767045, 34.46704991527046502 ) ) ;
#1165 = CARTESIAN_POINT ( 'NONE',  ( 51.36229326913193916, -23.47122764383112781, -17.99937965532526363 ) ) ;
#1166 = CARTESIAN_POINT ( 'NONE',  ( 89.83648776693894433, 8.810369601696761421, 0.01490939630666112195 ) ) ;
#1167 = CARTESIAN_POINT ( 'NONE',  ( 28.07725316172354368, -45.26099570718001530, -44.83428621717803253 ) ) ;
#1168 = DIRECTION ( 'NONE',  ( 0.000000000000000000, 0.000000000000000000, 1.000000000000000000 ) ) ;
#1169 = CARTESIAN_POINT ( 'NONE',  ( 28.07725316172350105, 78.54079473915638232, 8.482800668928982546 ) ) ;
#1170 = CARTESIAN_POINT ( 'NONE',  ( 18.85583905783801484, -18.64855303736091585, 54.49344669160469579 ) ) ;
#1171 = CARTESIAN_POINT ( 'NONE',  ( 51.36229326913194626, 26.23963089525023662, 32.59580470911071615 ) ) ;
#1172 = CARTESIAN_POINT ( 'NONE',  ( 49.27737675194773459, -13.00300070157095966, -27.20866718946194140 ) ) ;
#1173 = CARTESIAN_POINT ( 'NONE',  ( 54.54334256235711820, -28.05364844379437628, -15.87893472645182591 ) ) ;
#1174 = ORIENTED_EDGE ( 'NONE', *, *, #3893, .F. ) ;
#1175 = LINE ( 'NONE', #71, #2013 ) ;
#1176 = CARTESIAN_POINT ( 'NONE',  ( 49.23443045783675842, 3.875003545716709574, -34.47990876825800655 ) ) ;
#1177 = CARTESIAN_POINT ( 'NONE',  ( 18.78844479849039928, -52.11478756015515046, -1.807316344060096558 ) ) ;
#1178 = CARTESIAN_POINT ( 'NONE',  ( 51.35395742193608015, 41.10409892198386217, -17.96179926322372111 ) ) ;
#1179 = VERTEX_POINT ( 'NONE', #5542 ) ;
#1180 = CARTESIAN_POINT ( 'NONE',  ( 52.84917723814557178, -32.94678437928535431, -5.081986746466411020 ) ) ;
#1181 = ORIENTED_EDGE ( 'NONE', *, *, #5014, .T. ) ;
#1182 = CARTESIAN_POINT ( 'NONE',  ( 89.82729936416122030, 8.822604442518766632, 0.0007000302257005610283 ) ) ;
#1183 = CARTESIAN_POINT ( 'NONE',  ( 49.23165480826241236, 32.39191097665123209, -25.63247450502040437 ) ) ;
#1184 = EDGE_CURVE ( 'NONE', #5967, #4682, #430, .T. ) ;
#1185 = CARTESIAN_POINT ( 'NONE',  ( 25.39554384420631550, -30.75126969998540716, 54.76752801449435282 ) ) ;
#1186 = CARTESIAN_POINT ( 'NONE',  ( 49.61704819046447312, 21.88733777072541997, 32.69648639714314697 ) ) ;
#1187 = ORIENTED_EDGE ( 'NONE', *, *, #6346, .F. ) ;
#1188 = VERTEX_POINT ( 'NONE', #5444 ) ;
#1189 = EDGE_CURVE ( 'NONE', #4740, #1771, #6118, .T. ) ;
#1190 = CARTESIAN_POINT ( 'NONE',  ( 49.23411246815348363, -20.31441253194743268, -19.10061328460616181 ) ) ;
#1191 = EDGE_CURVE ( 'NONE', #4264, #2602, #3655, .T. ) ;
#1192 = CARTESIAN_POINT ( 'NONE',  ( 33.61636502379864311, -24.58049917720646249, -54.53039736077454336 ) ) ;
#1193 = ADVANCED_FACE ( 'NONE', ( #5158 ), #1558, .F. ) ;
#1194 = CARTESIAN_POINT ( 'NONE',  ( 28.65641647731176178, -62.00955909976084257, 9.529848432609753672 ) ) ;
#1195 = B_SPLINE_CURVE_WITH_KNOTS ( 'NONE', 3,
 ( #1249, #1387, #2406, #5478, #2341, #752, #1860, #4512, #2850, #3931, #230, #268, #3479 ),
 .UNSPECIFIED., .F., .F.,
 ( 4, 3, 3, 3, 4 ),
 ( 1.398578778534940505E-17, 0.0009041618729686828069, 0.001808323717130791734, 0.002711696379629078158, 0.003615359634610207113 ),
 .UNSPECIFIED. ) ;
#1196 = CARTESIAN_POINT ( 'NONE',  ( 18.78844479849039928, 66.76212459006907807, 18.89923596840916886 ) ) ;
#1197 = CARTESIAN_POINT ( 'NONE',  ( 52.84917723814560020, 32.31788413878241073, 34.88736217241556403 ) ) ;
#1198 = EDGE_CURVE ( 'NONE', #5275, #5088, #5456, .T. ) ;
#1199 = CARTESIAN_POINT ( 'NONE',  ( 42.43839482824582632, 58.32379177096999712, -21.32401660524594789 ) ) ;
#1200 = FACE_OUTER_BOUND ( 'NONE', #4814, .T. ) ;
#1201 = CARTESIAN_POINT ( 'NONE',  ( 54.62576016552275604, 2.965659377683646181, 30.26716795403292082 ) ) ;
#1202 = CARTESIAN_POINT ( 'NONE',  ( 49.56354134330947403, 39.26295808979694613, 17.57859417960928639 ) ) ;
#1203 = ORIENTED_EDGE ( 'NONE', *, *, #2873, .T. ) ;
#1204 = CARTESIAN_POINT ( 'NONE',  ( 54.62576016552275604, 39.60339259664143441, -1.479608597390708935 ) ) ;
#1205 = ORIENTED_EDGE ( 'NONE', *, *, #4973, .T. ) ;
#1206 =( BOUNDED_SURFACE ( )  B_SPLINE_SURFACE ( 3, 1, ( 
 ( #1714, #5918 ),
 ( #5397, #1743 ),
 ( #5591, #2017 ),
 ( #3488, #6597 ) ),
 .UNSPECIFIED., .F., .F., .T. ) 
 B_SPLINE_SURFACE_WITH_KNOTS ( ( 4, 4 ),
 ( 2, 2 ),
 ( 0.000000000000000000, 1.000000000000000000 ),
 ( 0.000000000000000000, 1.000000000000000000 ),
 .UNSPECIFIED. ) 
 GEOMETRIC_REPRESENTATION_ITEM ( )  RATIONAL_B_SPLINE_SURFACE ( (
 ( 1.000000000000000000, 1.000000000000000000),
 ( 0.9936547718337395141, 0.8399137562987549765),
 ( 0.9936547718337395141, 0.8399137562987549765),
 ( 1.000000000000000000, 1.000000000000000000) ) ) 
 REPRESENTATION_ITEM ( '' )  SURFACE ( )  );
#1207 = CARTESIAN_POINT ( 'NONE',  ( 49.23435778140443375, -24.55986470359837526, -9.976858155674468875 ) ) ;
#1208 = CARTESIAN_POINT ( 'NONE',  ( 51.36229326913196758, 41.09571743974962033, 17.99937965532491546 ) ) ;
#1209 = CARTESIAN_POINT ( 'NONE',  ( 27.43416788634278447, -55.35915519293230602, -26.95407604393884782 ) ) ;
#1210 = CARTESIAN_POINT ( 'NONE',  ( 54.62576016552275604, 38.77298867763852286, -7.255194716335613414 ) ) ;
#1211 = B_SPLINE_CURVE_WITH_KNOTS ( 'NONE', 3,
 ( #5817, #4675, #4125, #3608, #493, #6368, #5785 ),
 .UNSPECIFIED., .F., .F.,
 ( 4, 3, 4 ),
 ( 0.000000000000000000, 0.007697376234836454667, 0.04008255950779805732 ),
 .UNSPECIFIED. ) ;
#1212 = ORIENTED_EDGE ( 'NONE', *, *, #3846, .F. ) ;
#1213 = CARTESIAN_POINT ( 'NONE',  ( 49.50991164883097184, 5.465288269443457025, -34.94685671794768922 ) ) ;
#1214 = VERTEX_POINT ( 'NONE', #1032 ) ;
#1215 = ORIENTED_EDGE ( 'NONE', *, *, #46, .T. ) ;
#1216 =( BOUNDED_SURFACE ( )  B_SPLINE_SURFACE ( 3, 1, ( 
 ( #3676, #6433 ),
 ( #4291, #3807 ),
 ( #5325, #5914 ),
 ( #622, #5882 ) ),
 .UNSPECIFIED., .F., .F., .T. ) 
 B_SPLINE_SURFACE_WITH_KNOTS ( ( 4, 4 ),
 ( 2, 2 ),
 ( 0.000000000000000000, 1.000000000000000000 ),
 ( 0.000000000000000000, 1.000000000000000000 ),
 .UNSPECIFIED. ) 
 GEOMETRIC_REPRESENTATION_ITEM ( )  RATIONAL_B_SPLINE_SURFACE ( (
 ( 1.000000000000000000, 1.000000000000000000),
 ( 0.7724073758824716585, 0.9739345816297118041),
 ( 0.7724073758824716585, 0.9739345816297118041),
 ( 1.000000000000000000, 1.000000000000000000) ) ) 
 REPRESENTATION_ITEM ( '' )  SURFACE ( )  );
#1217 = LINE ( 'NONE', #5917, #4091 ) ;
#1218 = LINE ( 'NONE', #5888, #3986 ) ;
#1219 = CARTESIAN_POINT ( 'NONE',  ( 49.23351359036896469, 23.80933258996745394, 31.43630453839661598 ) ) ;
#1220 = CARTESIAN_POINT ( 'NONE',  ( 49.27737675194772748, 22.07825239284853325, 32.25258991058321101 ) ) ;
#1221 = VERTEX_POINT ( 'NONE', #4686 ) ;
#1222 = AXIS2_PLACEMENT_3D ( 'NONE', #595, #2704, #4813 ) ;
#1223 = DIRECTION ( 'NONE',  ( -0.7588727602565362718, -0.5580308349862570516, -0.3357286418302231068 ) ) ;
#1224 = VERTEX_POINT ( 'NONE', #1521 ) ;
#1225 = EDGE_LOOP ( 'NONE', ( #1647, #4252, #5635, #2465 ) ) ;
#1226 = CARTESIAN_POINT ( 'NONE',  ( 49.23395903331218904, -20.72089889438591825, -18.46621341234603264 ) ) ;
#1227 = CIRCLE ( 'NONE', #5965, 40.14018759214401655 ) ;
#1228 = CARTESIAN_POINT ( 'NONE',  ( 28.07725316172349750, 78.54079473915638232, -8.482800668929110444 ) ) ;
#1229 = B_SPLINE_CURVE_WITH_KNOTS ( 'NONE', 3,
 ( #3394, #2978, #6642, #2866, #5003, #1368, #312, #1402 ),
 .UNSPECIFIED., .F., .F.,
 ( 4, 2, 2, 4 ),
 ( 9.456518500101415518E-16, 0.001890109674893089607, 0.003780219349785233791, 0.007560438699569521290 ),
 .UNSPECIFIED. ) ;
#1230 = CARTESIAN_POINT ( 'NONE',  ( 53.79529533164531330, 47.99336974491806274, -4.082831221174015646 ) ) ;
#1231 = CIRCLE ( 'NONE', #5074, 70.24264068317124554 ) ;
#1232 = EDGE_CURVE ( 'NONE', #1875, #3456, #177, .T. ) ;
#1233 = CARTESIAN_POINT ( 'NONE',  ( 19.42422096688430244, 67.07541027262098510, -20.18407375451626251 ) ) ;
#1234 = CONICAL_SURFACE ( 'NONE', #676, 40.14018759214401655, 0.8495922745902004802 ) ;
#1235 = EDGE_CURVE ( 'NONE', #5586, #3044, #5754, .T. ) ;
#1236 = CARTESIAN_POINT ( 'NONE',  ( 51.15501191307613027, 31.78850222978420703, -37.51758728448904634 ) ) ;
#1237 = CARTESIAN_POINT ( 'NONE',  ( 18.77401912713006382, 50.08522474495043753, 44.87115036689440473 ) ) ;
#1238 = ADVANCED_FACE ( 'NONE', ( #6683 ), #3627, .F. ) ;
#1239 = CARTESIAN_POINT ( 'NONE',  ( 28.07725316172350460, -27.87026843959725753, 59.90343717504941878 ) ) ;
#1240 = B_SPLINE_CURVE_WITH_KNOTS ( 'NONE', 3,
 ( #4040, #5097, #2447, #1938, #6147, #1422, #373, #1973, #4073, #5665 ),
 .UNSPECIFIED., .F., .F.,
 ( 4, 2, 2, 2, 4 ),
 ( 4.069914154861927000E-16, 0.003307310133422078878, 0.006614620266843750963, 0.009921930400265423916, 0.01322924053368709600 ),
 .UNSPECIFIED. ) ;
#1241 = CARTESIAN_POINT ( 'NONE',  ( 18.80019331273212302, 67.13847697114213986, 17.75432365815936819 ) ) ;
#1242 = CARTESIAN_POINT ( 'NONE',  ( 26.06099036693303006, -25.10535384573014284, 59.51472512551421801 ) ) ;
#1243 = VECTOR ( 'NONE', #4070, 1000.000000000000000 ) ;
#1244 = VERTEX_POINT ( 'NONE', #5405 ) ;
#1245 = CARTESIAN_POINT ( 'NONE',  ( 54.17539151718671064, -11.65455389826453825, 34.10379427702501687 ) ) ;
#1246 = EDGE_CURVE ( 'NONE', #6152, #656, #6690, .T. ) ;
#1247 = ORIENTED_EDGE ( 'NONE', *, *, #5374, .T. ) ;
#1248 = ADVANCED_FACE ( 'NONE', ( #4754 ), #2040, .F. ) ;
#1249 = CARTESIAN_POINT ( 'NONE',  ( 18.78844479849039928, -14.85376631051043361, -56.17196444847039061 ) ) ;
#1250 = CARTESIAN_POINT ( 'NONE',  ( 51.77745077274523311, 21.95574788141072275, 34.98773642317068067 ) ) ;
#1251 = CARTESIAN_POINT ( 'NONE',  ( 18.79148157003701058, 49.63373754515362180, -45.27070203033015616 ) ) ;
#1252 = VERTEX_POINT ( 'NONE', #6446 ) ;
#1253 = CARTESIAN_POINT ( 'NONE',  ( 19.46190759237070012, -51.08210180147582946, -14.51174484338483239 ) ) ;
#1254 = VERTEX_POINT ( 'NONE', #5302 ) ;
#1255 = CARTESIAN_POINT ( 'NONE',  ( 24.68883653248300902, 75.44631256089299143, 5.436805240799687411 ) ) ;
#1256 = CARTESIAN_POINT ( 'NONE',  ( 19.42422096688430244, -51.11418294162816522, -14.51952200279569283 ) ) ;
#1257 = CARTESIAN_POINT ( 'NONE',  ( 33.61636502379869995, -26.91850204664302737, 53.02785415207993935 ) ) ;
#1258 = CARTESIAN_POINT ( 'NONE',  ( 49.23306814737766501, 13.04209040207063630, -34.57244520297646062 ) ) ;
#1259 = VERTEX_POINT ( 'NONE', #152 ) ;
#1260 = CARTESIAN_POINT ( 'NONE',  ( 89.82615535696581333, 8.803478415874158358, -0.003594165173251808593 ) ) ;
#1261 = ORIENTED_EDGE ( 'NONE', *, *, #340, .T. ) ;
#1262 =( BOUNDED_SURFACE ( )  B_SPLINE_SURFACE ( 3, 1, ( 
 ( #409, #6733 ),
 ( #2011, #4114 ),
 ( #3667, #3208 ),
 ( #1006, #2726 ) ),
 .UNSPECIFIED., .F., .F., .T. ) 
 B_SPLINE_SURFACE_WITH_KNOTS ( ( 4, 4 ),
 ( 2, 2 ),
 ( 0.000000000000000000, 1.000000000000000000 ),
 ( 0.000000000000000000, 1.000000000000000000 ),
 .UNSPECIFIED. ) 
 GEOMETRIC_REPRESENTATION_ITEM ( )  RATIONAL_B_SPLINE_SURFACE ( (
 ( 1.000000000000000000, 1.000000000000000000),
 ( 0.7724073758824716585, 0.9739345816297118041),
 ( 0.7724073758824716585, 0.9739345816297118041),
 ( 1.000000000000000000, 1.000000000000000000) ) ) 
 REPRESENTATION_ITEM ( '' )  SURFACE ( )  );
#1263 = CARTESIAN_POINT ( 'NONE',  ( 18.77401912713006027, 61.05504298256150264, 31.42561135427708052 ) ) ;
#1264 = CARTESIAN_POINT ( 'NONE',  ( 51.36229326913194626, -28.07753976042900135, 2.311721261486828993 ) ) ;
#1265 = FACE_OUTER_BOUND ( 'NONE', #6552, .T. ) ;
#1266 = VERTEX_POINT ( 'NONE', #1723 ) ;
#1267 = CARTESIAN_POINT ( 'NONE',  ( 22.90123142467806971, 70.15068552907987964, -22.05217681278761432 ) ) ;
#1268 = CARTESIAN_POINT ( 'NONE',  ( 18.76137069372868282, 19.84865518315410071, 59.96648564639021117 ) ) ;
#1269 = CARTESIAN_POINT ( 'NONE',  ( 19.42422096688429534, -41.40434219323169174, -35.78110749705467697 ) ) ;
#1270 = ADVANCED_FACE ( 'NONE', ( #2640 ), #2472, .F. ) ;
#1271 = CARTESIAN_POINT ( 'NONE',  ( 22.50029827766107360, -30.35081469885693295, -51.45864423363467921 ) ) ;
#1272 = CARTESIAN_POINT ( 'NONE',  ( 51.36229326913193205, 1.274089888092711620, -36.18530760378155975 ) ) ;
#1273 = LINE ( 'NONE', #749, #5767 ) ;
#1274 = CARTESIAN_POINT ( 'NONE',  ( 51.77745077274522600, -9.022558001116003368, 32.84529153842909466 ) ) ;
#1275 = ORIENTED_EDGE ( 'NONE', *, *, #6387, .T. ) ;
#1276 = ADVANCED_FACE ( 'NONE', ( #4207 ), #5344, .F. ) ;
#1277 = FACE_OUTER_BOUND ( 'NONE', #5808, .T. ) ;
#1278 = CARTESIAN_POINT ( 'NONE',  ( 18.85583905783802550, -2.183619703299970016, 60.02268002385445556 ) ) ;
#1279 = CARTESIAN_POINT ( 'NONE',  ( 89.82615535696581333, 8.812617258590396574, -0.009467342763458183943 ) ) ;
#1280 = CARTESIAN_POINT ( 'NONE',  ( 24.68883653248303744, -53.59094978643923923, -23.98956268288153737 ) ) ;
#1281 = CARTESIAN_POINT ( 'NONE',  ( 49.24038183582139538, 42.55316021167590179, -8.671111543250534126 ) ) ;
#1282 = EDGE_CURVE ( 'NONE', #3119, #309, #2322, .T. ) ;
#1283 = EDGE_CURVE ( 'NONE', #5483, #1254, #2896, .T. ) ;
#1284 = ORIENTED_EDGE ( 'NONE', *, *, #2867, .T. ) ;
#1285 = DIRECTION ( 'NONE',  ( -1.000000000000000000, -0.000000000000000000, -0.000000000000000000 ) ) ;
#1286 = ORIENTED_EDGE ( 'NONE', *, *, #4156, .F. ) ;
#1287 = CARTESIAN_POINT ( 'NONE',  ( 49.23443045783675132, 38.12526892993621885, -18.81454445205687875 ) ) ;
#1288 = CARTESIAN_POINT ( 'NONE',  ( 89.84074713331158080, 8.803745742540305841, 0.007170691599341167712 ) ) ;
#1289 = B_SPLINE_CURVE_WITH_KNOTS ( 'NONE', 3,
 ( #721, #3311, #4925, #5512, #2821, #1835, #5424, #6430, #3832, #689 ),
 .UNSPECIFIED., .F., .F.,
 ( 4, 2, 2, 2, 4 ),
 ( 4.091300359195785568E-16, 0.003307310133422084950, 0.006614620266843761372, 0.009921930400265437794, 0.01322924053368711335 ),
 .UNSPECIFIED. ) ;
#1290 = EDGE_CURVE ( 'NONE', #3028, #6289, #4800, .T. ) ;
#1291 =( BOUNDED_SURFACE ( )  B_SPLINE_SURFACE ( 3, 1, ( 
 ( #5091, #4691 ),
 ( #4068, #6728 ),
 ( #1000, #3103 ),
 ( #1489, #4036 ) ),
 .UNSPECIFIED., .F., .F., .T. ) 
 B_SPLINE_SURFACE_WITH_KNOTS ( ( 4, 4 ),
 ( 2, 2 ),
 ( 0.000000000000000000, 1.000000000000000000 ),
 ( 0.000000000000000000, 1.000000000000000000 ),
 .UNSPECIFIED. ) 
 GEOMETRIC_REPRESENTATION_ITEM ( )  RATIONAL_B_SPLINE_SURFACE ( (
 ( 1.000000000000000000, 1.000000000000000000),
 ( 0.9611591142731221726, 0.9996856433685865628),
 ( 0.9611591142731221726, 0.9996856433685865628),
 ( 1.000000000000000000, 1.000000000000000000) ) ) 
 REPRESENTATION_ITEM ( '' )  SURFACE ( )  );
#1292 = CARTESIAN_POINT ( 'NONE',  ( 19.04016012521985246, -29.22609189670098573, -47.95012266604508966 ) ) ;
#1293 = CARTESIAN_POINT ( 'NONE',  ( 49.23165480826241236, 12.74257916029844750, -34.60602366957845533 ) ) ;
#1294 = ORIENTED_EDGE ( 'NONE', *, *, #4693, .F. ) ;
#1295 = CARTESIAN_POINT ( 'NONE',  ( 19.10106442482187106, 31.73043743110216042, -56.81879542614511536 ) ) ;
#1296 = VERTEX_POINT ( 'NONE', #807 ) ;
#1297 = CARTESIAN_POINT ( 'NONE',  ( 28.07725316172349039, 48.06386122903074920, 58.25237493479085771 ) ) ;
#1298 = CARTESIAN_POINT ( 'NONE',  ( 20.99547524081242145, -54.25635051712466606, -3.425381881057178113 ) ) ;
#1299 = CARTESIAN_POINT ( 'NONE',  ( 18.80019331273212302, -49.85361594625576487, -16.59765428669619780 ) ) ;
#1300 = CARTESIAN_POINT ( 'NONE',  ( 18.80019331273212302, 69.77782574879033461, 0.6027503083770815451 ) ) ;
#1301 = ORIENTED_EDGE ( 'NONE', *, *, #4442, .F. ) ;
#1302 = CARTESIAN_POINT ( 'NONE',  ( 89.84074713331158080, 8.806356749589879129, 0.009433142086707283977 ) ) ;
#1303 = CARTESIAN_POINT ( 'NONE',  ( 18.80019331273212302, 60.42562658926892283, -32.45341564151072333 ) ) ;
#1304 = CARTESIAN_POINT ( 'NONE',  ( 49.23435778140440533, 42.18435449951685001, 9.976858155674126039 ) ) ;
#1305 = CARTESIAN_POINT ( 'NONE',  ( 89.82615535696581333, 8.819643682579142663, 0.005918379641945113907 ) ) ;
#1306 = CARTESIAN_POINT ( 'NONE',  ( 19.27520315313956445, 70.18432819431660619, -2.900898972169144940 ) ) ;
#1307 = CARTESIAN_POINT ( 'NONE',  ( 89.82729936416122030, 8.811463485978038079, 0.01035372402148982546 ) ) ;
#1308 = CARTESIAN_POINT ( 'NONE',  ( 54.54334256235712530, -12.15162881724225130, 34.23084367621615343 ) ) ;
#1309 = ORIENTED_EDGE ( 'NONE', *, *, #4659, .T. ) ;
#1310 = CARTESIAN_POINT ( 'NONE',  ( 49.23165480826241236, 43.62537402925171648, -1.034621535195273889 ) ) ;
#1311 = VERTEX_POINT ( 'NONE', #704 ) ;
#1312 = CARTESIAN_POINT ( 'NONE',  ( 27.43416788634300829, 44.62450973804497778, -59.68226279248546717 ) ) ;
#1313 = CARTESIAN_POINT ( 'NONE',  ( 18.78844479849039928, 1.930344596823311720, 60.56409105043055519 ) ) ;
#1314 = CARTESIAN_POINT ( 'NONE',  ( 18.78844479849039928, 35.76624165099678265, 54.67039176333801720 ) ) ;
#1315 = CARTESIAN_POINT ( 'NONE',  ( 18.79321399865037989, 48.27452923753978808, -46.46256439681693706 ) ) ;
#1316 = CARTESIAN_POINT ( 'NONE',  ( 49.23165480826241236, 42.50668425944240170, -8.815279788439491782 ) ) ;
#1317 = VERTEX_POINT ( 'NONE', #3331 ) ;
#1318 = CARTESIAN_POINT ( 'NONE',  ( 48.51805717611820512, 35.12288913180493211, 7.999999999999941380 ) ) ;
#1319 = ORIENTED_EDGE ( 'NONE', *, *, #5891, .F. ) ;
#1320 = ADVANCED_FACE ( 'NONE', ( #3364 ), #3717, .F. ) ;
#1321 = CARTESIAN_POINT ( 'NONE',  ( 19.42422096688429534, 67.07541027262070088, 20.18407375451689134 ) ) ;
#1322 = CARTESIAN_POINT ( 'NONE',  ( 49.23125094256061374, -25.99820343346125995, -1.111230220513526934 ) ) ;
#1323 = CARTESIAN_POINT ( 'NONE',  ( 18.85592173195392007, -50.35422116769991163, -14.93219357382097279 ) ) ;
#1324 = ORIENTED_EDGE ( 'NONE', *, *, #473, .T. ) ;
#1325 = CARTESIAN_POINT ( 'NONE',  ( 19.46190759237069301, 31.70013536706088431, -57.21947199010175922 ) ) ;
#1326 = B_SPLINE_CURVE_WITH_KNOTS ( 'NONE', 3,
 ( #3731, #2210, #3796, #5310, #3334, #5442, #5903, #2812, #577, #6384 ),
 .UNSPECIFIED., .F., .F.,
 ( 4, 2, 2, 2, 4 ),
 ( 9.965227682168975268E-18, 0.001890020855637481942, 0.003780041711274953909, 0.005670062566912425876, 0.007560083422549897410 ),
 .UNSPECIFIED. ) ;
#1327 = ORIENTED_EDGE ( 'NONE', *, *, #2450, .T. ) ;
#1328 = EDGE_CURVE ( 'NONE', #5815, #1514, #843, .T. ) ;
#1329 = CARTESIAN_POINT ( 'NONE',  ( 22.50127774655940982, 22.05636731046990917, 63.29658173701954382 ) ) ;
#1330 = CARTESIAN_POINT ( 'NONE',  ( 49.23290854358262436, 24.00254181526690189, -31.34363032911834068 ) ) ;
#1331 =( BOUNDED_SURFACE ( )  B_SPLINE_SURFACE ( 3, 1, ( 
 ( #4732, #1499 ),
 ( #1976, #3598 ),
 ( #907, #6776 ),
 ( #5102, #450 ) ),
 .UNSPECIFIED., .F., .F., .T. ) 
 B_SPLINE_SURFACE_WITH_KNOTS ( ( 4, 4 ),
 ( 2, 2 ),
 ( 0.000000000000000000, 1.000000000000000000 ),
 ( 0.000000000000000000, 1.000000000000000000 ),
 .UNSPECIFIED. ) 
 GEOMETRIC_REPRESENTATION_ITEM ( )  RATIONAL_B_SPLINE_SURFACE ( (
 ( 1.000000000000000000, 1.000000000000000000),
 ( 0.7724073758824716585, 0.9739345816297118041),
 ( 0.7724073758824716585, 0.9739345816297118041),
 ( 1.000000000000000000, 1.000000000000000000) ) ) 
 REPRESENTATION_ITEM ( '' )  SURFACE ( )  );
#1332 = CARTESIAN_POINT ( 'NONE',  ( 28.07725316172349750, 78.10617965254974138, 11.50561499319576164 ) ) ;
#1333 = CARTESIAN_POINT ( 'NONE',  ( 18.77401912713006382, -50.16797062332332757, 15.43415620504281982 ) ) ;
#1334 = CARTESIAN_POINT ( 'NONE',  ( 26.06099036693303006, 42.72984364164814508, 59.51472512551444538 ) ) ;
#1335 = VERTEX_POINT ( 'NONE', #4975 ) ;
#1336 = CARTESIAN_POINT ( 'NONE',  ( 53.00847882770923292, 44.74871485621743972, 14.10781449301631341 ) ) ;
#1337 = CARTESIAN_POINT ( 'NONE',  ( 20.99547524081242145, -42.39253254540816584, -36.97907158972263630 ) ) ;
#1338 = CARTESIAN_POINT ( 'NONE',  ( 18.79364822255246281, -31.10792060610732790, -46.06934367882580261 ) ) ;
#1339 = CARTESIAN_POINT ( 'NONE',  ( 49.23165480826241236, 41.92371111849491427, -10.80070397517960501 ) ) ;
#1340 = CARTESIAN_POINT ( 'NONE',  ( 26.06099036693303006, 48.85886334375408069, 55.57584333467509197 ) ) ;
#1341 = VECTOR ( 'NONE', #6550, 1000.000000000000114 ) ;
#1342 = CARTESIAN_POINT ( 'NONE',  ( 49.23084801259427934, 14.94148031571310931, 34.28445895364396279 ) ) ;
#1343 = DIRECTION ( 'NONE',  ( -1.000000000000000000, -0.000000000000000000, -0.000000000000000000 ) ) ;
#1344 = CARTESIAN_POINT ( 'NONE',  ( 89.82681805825623655, 8.802958694135808670, -0.003959907685888067186 ) ) ;
#1345 = VECTOR ( 'NONE', #2768, 1000.000000000000114 ) ;
#1346 = CARTESIAN_POINT ( 'NONE',  ( 54.54334256235712530, 31.24100766185455313, -33.28941664873942585 ) ) ;
#1347 = ORIENTED_EDGE ( 'NONE', *, *, #5798, .T. ) ;
#1348 = CARTESIAN_POINT ( 'NONE',  ( 26.76916540935842193, 43.78943728684581771, -59.40406522545433887 ) ) ;
#1349 = AXIS2_PLACEMENT_3D ( 'NONE', #1435, #5644, #1059 ) ;
#1350 = CARTESIAN_POINT ( 'NONE',  ( 48.51805717611819802, 8.812244897959189416, -6.153557722908013615E-14 ) ) ;
#1351 = VECTOR ( 'NONE', #1578, 1000.000000000000227 ) ;
#1352 = CARTESIAN_POINT ( 'NONE',  ( 18.79148157003701058, 33.03406301811803303, 55.93866508255108272 ) ) ;
#1353 = CARTESIAN_POINT ( 'NONE',  ( 18.76137069372868282, 67.94436941300189403, -14.87190650519881352 ) ) ;
#1354 = PLANE ( 'NONE',  #4102 ) ;
#1355 = ORIENTED_EDGE ( 'NONE', *, *, #1791, .F. ) ;
#1356 = CARTESIAN_POINT ( 'NONE',  ( 19.46190759237070012, 51.35293406064074873, -44.58938517759289510 ) ) ;
#1357 = ORIENTED_EDGE ( 'NONE', *, *, #1868, .T. ) ;
#1358 = EDGE_CURVE ( 'NONE', #5999, #3938, #2295, .T. ) ;
#1359 = CARTESIAN_POINT ( 'NONE',  ( 51.77745077274521179, 38.78506163730900624, 22.32764267455515039 ) ) ;
#1360 = CARTESIAN_POINT ( 'NONE',  ( 27.43416788634279513, -53.58161676117757821, 30.84634228345730378 ) ) ;
#1361 = FACE_OUTER_BOUND ( 'NONE', #33, .T. ) ;
#1362 = B_SPLINE_CURVE_WITH_KNOTS ( 'NONE', 3,
 ( #331, #821, #3445, #4989, #786, #296, #2819, #859 ),
 .UNSPECIFIED., .F., .F.,
 ( 4, 2, 2, 4 ),
 ( 9.420228322653349376E-16, 0.001890109674893088090, 0.003780219349785233357, 0.007560438699569523024 ),
 .UNSPECIFIED. ) ;
#1363 = CARTESIAN_POINT ( 'NONE',  ( 18.78844479849039928, -41.46572741669601925, -34.46005189268283431 ) ) ;
#1364 = ADVANCED_FACE ( 'NONE', ( #6021 ), #5555, .F. ) ;
#1365 = ORIENTED_EDGE ( 'NONE', *, *, #2757, .T. ) ;
#1366 = DIRECTION ( 'NONE',  ( -1.000000000000000000, -0.000000000000000000, -0.000000000000000000 ) ) ;
#1367 = ORIENTED_EDGE ( 'NONE', *, *, #1030, .F. ) ;
#1368 = CARTESIAN_POINT ( 'NONE',  ( 51.36229326913197468, 5.850472432636232512, 36.84329207870426615 ) ) ;
#1369 = ADVANCED_FACE ( 'NONE', ( #2946 ), #2261, .F. ) ;
#1370 = CARTESIAN_POINT ( 'NONE',  ( 49.23351359036895758, 22.74921481909325038, -31.92044410233061669 ) ) ;
#1371 = CARTESIAN_POINT ( 'NONE',  ( 54.54334256235661371, 48.65842340579525427, -4.849403907097887156 ) ) ;
#1372 = CARTESIAN_POINT ( 'NONE',  ( 36.38592095397839898, -45.92467039748764535, -26.44965618965754572 ) ) ;
#1373 = EDGE_CURVE ( 'NONE', #4113, #4561, #6078, .T. ) ;
#1374 = CARTESIAN_POINT ( 'NONE',  ( 89.83068436596585116, 8.816556783133883357, -0.01397507012543570612 ) ) ;
#1375 = ADVANCED_FACE ( 'NONE', ( #1265 ), #839, .F. ) ;
#1376 = ORIENTED_EDGE ( 'NONE', *, *, #4523, .F. ) ;
#1377 = CARTESIAN_POINT ( 'NONE',  ( 19.42422096688429534, -2.874671131183430983, 60.54262355176473420 ) ) ;
#1378 = CARTESIAN_POINT ( 'NONE',  ( 23.24077445196135372, -43.64615126899221309, -39.06729126375465455 ) ) ;
#1379 = CARTESIAN_POINT ( 'NONE',  ( 54.54334256235711820, -31.03393360987626082, -4.849403907098070121 ) ) ;
#1380 = FACE_OUTER_BOUND ( 'NONE', #2427, .T. ) ;
#1381 = B_SPLINE_CURVE_WITH_KNOTS ( 'NONE', 3,
 ( #4984, #259, #2368, #4687, #3026, #6794, #5195, #995, #2071, #1593 ),
 .UNSPECIFIED., .F., .F.,
 ( 4, 2, 2, 2, 4 ),
 ( 4.171135293311424823E-16, 0.003307310133422108802, 0.006614620266843800403, 0.009921930400265491570, 0.01322924053368718274 ),
 .UNSPECIFIED. ) ;
#1382 = CARTESIAN_POINT ( 'NONE',  ( 54.54334256235713951, 7.941586415395067711, -40.13074399683127069 ) ) ;
#1383 = CARTESIAN_POINT ( 'NONE',  ( 18.77401912713006382, -32.46073494903177448, -44.87115036689478842 ) ) ;
#1384 = CARTESIAN_POINT ( 'NONE',  ( 54.54334256235712530, 9.682903380523590897, 40.13074399683113569 ) ) ;
#1385 = ORIENTED_EDGE ( 'NONE', *, *, #3971, .T. ) ;
#1386 = CARTESIAN_POINT ( 'NONE',  ( 49.23165480826241236, -21.03378160519395834, 17.95101957010284721 ) ) ;
#1387 = CARTESIAN_POINT ( 'NONE',  ( 18.79018048702202393, -15.13217426082099060, -56.05655084546263822 ) ) ;
#1388 = CARTESIAN_POINT ( 'NONE',  ( 54.62576016552275604, -21.14849888172009074, 7.255194716335672034 ) ) ;
#1389 = CARTESIAN_POINT ( 'NONE',  ( 89.82643428741084790, 8.808087433266790001, -0.008860034539474549373 ) ) ;
#1390 = DIRECTION ( 'NONE',  ( 0.000000000000000000, 0.000000000000000000, 1.000000000000000000 ) ) ;
#1391 = EDGE_LOOP ( 'NONE', ( #3877, #165, #4641, #987 ) ) ;
#1392 = CARTESIAN_POINT ( 'NONE',  ( 50.49366072217502932, 44.84980332680370196, 1.961442142055101590 ) ) ;
#1393 = EDGE_LOOP ( 'NONE', ( #2047, #1901, #1974, #6734, #514, #2421, #474, #4715, #1017, #5653, #953, #4137, #2511, #6498, #2151, #4774, #4833, #1508, #5053, #900, #51, #4273, #3260, #3635, #2265, #6227, #4399, #2977, #1407, #2495, #2591, #4080, #6188, #2200, #6646, #6057, #3510, #969, #2966, #4266, #6837, #6667, #116, #5499, #3116, #2100, #6772, #2457, #3790, #3317, #562, #4089, #4906, #3611, #5688, #316, #1731, #4519, #3407, #3943, #4489, #3595, #1181, #2010, #4957, #3644, #4970, #4007, #3284, #6705 ) ) ;
#1394 = CARTESIAN_POINT ( 'NONE',  ( 52.84917723814558599, -22.37481298389570483, 28.23137503103338730 ) ) ;
#1395 = CARTESIAN_POINT ( 'NONE',  ( 49.23165480826241236, 38.65827140111246507, -17.95101957010275839 ) ) ;
#1396 = CARTESIAN_POINT ( 'NONE',  ( 49.23411246815347653, -5.948796142641063156, 31.54849074496142336 ) ) ;
#1397 = CARTESIAN_POINT ( 'NONE',  ( 18.79364822255248058, 17.48698289280164175, -60.33865230174323102 ) ) ;
#1398 = CARTESIAN_POINT ( 'NONE',  ( 54.54334256235712530, -31.03393360987631411, 4.849403907097429745 ) ) ;
#1399 = ORIENTED_EDGE ( 'NONE', *, *, #4191, .T. ) ;
#1400 = CARTESIAN_POINT ( 'NONE',  ( 19.04016012521986667, 68.23090683029163017, -14.68168736773660044 ) ) ;
#1401 = ORIENTED_EDGE ( 'NONE', *, *, #6304, .F. ) ;
#1402 = CARTESIAN_POINT ( 'NONE',  ( 49.61704819046447312, 5.478449869580968468, 35.05572830592440425 ) ) ;
#1403 = ADVANCED_FACE ( 'NONE', ( #772 ), #5827, .F. ) ;
#1404 = CARTESIAN_POINT ( 'NONE',  ( 26.76916540935843969, 70.35319394730127840, -31.06378185001792858 ) ) ;
#1405 = CARTESIAN_POINT ( 'NONE',  ( 18.78844479849039928, 15.69414519909547501, -60.56409105043064045 ) ) ;
#1406 = ORIENTED_EDGE ( 'NONE', *, *, #1184, .F. ) ;
#1407 = ORIENTED_EDGE ( 'NONE', *, *, #3, .T. ) ;
#1408 = CARTESIAN_POINT ( 'NONE',  ( 52.60448476329265333, -26.84431041177803934, 13.71157366779214826 ) ) ;
#1409 = EDGE_CURVE ( 'NONE', #4791, #4360, #2769, .T. ) ;
#1410 = CARTESIAN_POINT ( 'NONE',  ( 54.54334256235661371, 8.812244897959189416, -6.153557722908013615E-14 ) ) ;
#1411 = CARTESIAN_POINT ( 'NONE',  ( 50.05827993638285989, 25.24793045684405257, -31.64119788516173060 ) ) ;
#1412 = CARTESIAN_POINT ( 'NONE',  ( 89.84074713331158080, 8.812098381927741642, -0.01111903745393857772 ) ) ;
#1413 = CARTESIAN_POINT ( 'NONE',  ( 49.23435778140442665, -26.01886553687063497, -0.1707155338788850785 ) ) ;
#1414 = VERTEX_POINT ( 'NONE', #5254 ) ;
#1415 = CARTESIAN_POINT ( 'NONE',  ( 22.90123142467806971, 32.31445790886506586, -60.79760509123674694 ) ) ;
#1416 = CARTESIAN_POINT ( 'NONE',  ( 18.78844479849039928, -32.45235485241596507, -44.86203833934620633 ) ) ;
#1417 = CARTESIAN_POINT ( 'NONE',  ( 49.51286555817213042, 24.88031575871015022, 31.21714674472039874 ) ) ;
#1418 = CARTESIAN_POINT ( 'NONE',  ( 49.24038183582142381, -21.11899184313646671, 17.82578494068009789 ) ) ;
#1419 = SURFACE_STYLE_FILL_AREA ( #5583 ) ;
#1420 = FACE_BOUND ( 'NONE', #2383, .T. ) ;
#1421 = VERTEX_POINT ( 'NONE', #4599 ) ;
#1422 = CARTESIAN_POINT ( 'NONE',  ( 24.68797426277903639, 41.43762977049941298, 58.35346407618011710 ) ) ;
#1423 = ORIENTED_EDGE ( 'NONE', *, *, #5416, .T. ) ;
#1424 = CARTESIAN_POINT ( 'NONE',  ( 89.84074713331158080, 8.803745742540305841, -0.007170691599469508626 ) ) ;
#1425 = DIRECTION ( 'NONE',  ( -0.7588727602565363828, -0.6300123538972740578, -0.1649138189402006849 ) ) ;
#1426 = CARTESIAN_POINT ( 'NONE',  ( 19.46190759237069301, 20.49290829288100113, 60.51021077145703941 ) ) ;
#1427 = ORIENTED_EDGE ( 'NONE', *, *, #4567, .F. ) ;
#1428 = CARTESIAN_POINT ( 'NONE',  ( 49.61704819046445891, -19.86427830702841391, -20.43710579372341130 ) ) ;
#1429 = ORIENTED_EDGE ( 'NONE', *, *, #2246, .F. ) ;
#1430 = CARTESIAN_POINT ( 'NONE',  ( 49.23165480826241236, -4.708526741256377157, -32.09693343472746108 ) ) ;
#1431 = CARTESIAN_POINT ( 'NONE',  ( 20.23383842789535336, -34.38239268451852837, -45.03237385754977140 ) ) ;
#1432 = CARTESIAN_POINT ( 'NONE',  ( 33.61636502379868574, -48.76087763150908927, -27.82040897255651402 ) ) ;
#1433 = VERTEX_POINT ( 'NONE', #2024 ) ;
#1434 = EDGE_LOOP ( 'NONE', ( #4755, #6678, #2635, #741, #2403, #872 ) ) ;
#1435 = CARTESIAN_POINT ( 'NONE',  ( 48.51805717611820512, 8.812244897959189416, -6.153557722908013615E-14 ) ) ;
#1436 = CARTESIAN_POINT ( 'NONE',  ( 49.51286555817210200, 43.88327824616808215, -1.647959937722973667 ) ) ;
#1437 = CARTESIAN_POINT ( 'NONE',  ( 54.54334256235712530, 29.77611861316086106, -34.23084367621613211 ) ) ;
#1438 = DIRECTION ( 'NONE',  ( 0.000000000000000000, 0.000000000000000000, 1.000000000000000000 ) ) ;
#1439 = B_SPLINE_CURVE_WITH_KNOTS ( 'NONE', 3,
 ( #5146, #383, #5784, #5677, #4742, #6229, #1509, #1051 ),
 .UNSPECIFIED., .F., .F.,
 ( 4, 2, 2, 4 ),
 ( 1.033808233555732417E-17, 0.0002264431842541229456, 0.0004528863685082355913, 0.0009057727370164557869 ),
 .UNSPECIFIED. ) ;
#1440 = CARTESIAN_POINT ( 'NONE',  ( 26.06099036693303006, 62.89421835501690339, 42.04219497473385303 ) ) ;
#1441 = CARTESIAN_POINT ( 'NONE',  ( 49.37576540558969640, -24.28423092349746071, 11.30089084136138844 ) ) ;
#1442 = CARTESIAN_POINT ( 'NONE',  ( 18.79364760530903311, 33.86104401538564446, -55.57564488337244768 ) ) ;
#1443 = EDGE_CURVE ( 'NONE', #6067, #2755, #2097, .T. ) ;
#1444 = ORIENTED_EDGE ( 'NONE', *, *, #4825, .F. ) ;
#1445 = CARTESIAN_POINT ( 'NONE',  ( 89.82615535696581333, 8.809934916685261186, 0.009188754972918029493 ) ) ;
#1446 = EDGE_CURVE ( 'NONE', #3882, #2481, #3316, .T. ) ;
#1447 = CARTESIAN_POINT ( 'NONE',  ( 49.23411246815348363, 3.537366698334222903, 34.42922103194207040 ) ) ;
#1448 = VECTOR ( 'NONE', #5850, 1000.000000000000000 ) ;
#1449 = CARTESIAN_POINT ( 'NONE',  ( 49.23084801259432197, 24.35225149585846438, 31.16889230446910375 ) ) ;
#1450 = CARTESIAN_POINT ( 'NONE',  ( 89.84074713331158080, 8.820744053378074767, 0.007170691599346490711 ) ) ;
#1451 = CARTESIAN_POINT ( 'NONE',  ( 18.79321571199463037, 16.89122753244514641, 60.42162015857721258 ) ) ;
#1452 = CARTESIAN_POINT ( 'NONE',  ( 19.46190759237069301, 20.49290829288181470, -60.51021077145698257 ) ) ;
#1453 = AXIS2_PLACEMENT_3D ( 'NONE', #1761, #4886, #5383 ) ;
#1454 = EDGE_CURVE ( 'NONE', #3327, #1244, #4434, .T. ) ;
#1455 = ORIENTED_EDGE ( 'NONE', *, *, #4024, .F. ) ;
#1456 = CARTESIAN_POINT ( 'NONE',  ( 19.42422096688429534, 37.08258684227144641, -54.79763716762432324 ) ) ;
#1457 = ADVANCED_FACE ( 'NONE', ( #5496 ), #2905, .F. ) ;
#1458 = ORIENTED_EDGE ( 'NONE', *, *, #3264, .T. ) ;
#1459 = VECTOR ( 'NONE', #2269, 1000.000000000000114 ) ;
#1460 = CARTESIAN_POINT ( 'NONE',  ( 19.10106442482186395, 66.76124973954334507, -19.88798382276060295 ) ) ;
#1461 = AXIS2_PLACEMENT_3D ( 'NONE', #3113, #4255, #4769 ) ;
#1462 = CARTESIAN_POINT ( 'NONE',  ( 49.23372534307176096, 31.19640287894199915, 26.68660067314101525 ) ) ;
#1463 = B_SPLINE_CURVE_WITH_KNOTS ( 'NONE', 3,
 ( #4940, #6811, #550, #3600, #2623, #4736, #40 ),
 .UNSPECIFIED., .F., .F.,
 ( 4, 3, 4 ),
 ( 1.430489624538199204E-17, 0.01258337285662346379, 0.04008255950779793936 ),
 .UNSPECIFIED. ) ;
#1464 = CARTESIAN_POINT ( 'NONE',  ( 26.76916540935883404, 76.61203178614101716, -12.46739149286623949 ) ) ;
#1465 = CARTESIAN_POINT ( 'NONE',  ( 18.79364884033509142, 17.78530303061932827, -60.29576418150845996 ) ) ;
#1466 = CARTESIAN_POINT ( 'NONE',  ( 89.82681805825623655, 8.804785210747482438, 0.006802023010276887771 ) ) ;
#1467 = B_SPLINE_CURVE_WITH_KNOTS ( 'NONE', 3,
 ( #4547, #3371, #2402, #5543, #4032, #6138, #1342, #220 ),
 .UNSPECIFIED., .F., .F.,
 ( 4, 2, 2, 4 ),
 ( 1.040834085586084257E-17, 0.0002264431842541205604, 0.0004528863685082307124, 0.0009057727370164554617 ),
 .UNSPECIFIED. ) ;
#1468 = ORIENTED_EDGE ( 'NONE', *, *, #6091, .F. ) ;
#1469 = CARTESIAN_POINT ( 'NONE',  ( 51.77745077274523311, -21.16057184139046399, -22.32764267455548080 ) ) ;
#1470 = EDGE_LOOP ( 'NONE', ( #6287, #5401, #1429, #3391 ) ) ;
#1471 = CARTESIAN_POINT ( 'NONE',  ( 49.61704819046447312, 12.14603992633765017, -35.05572830592450373 ) ) ;
#1472 = DIRECTION ( 'NONE',  ( -1.000000000000000000, -0.000000000000000000, -0.000000000000000000 ) ) ;
#1473 = DIRECTION ( 'NONE',  ( 0.7588727602565363828, 0.6191592603249218563, 0.2018760612220309170 ) ) ;
#1474 = ORIENTED_EDGE ( 'NONE', *, *, #2218, .F. ) ;
#1475 = CARTESIAN_POINT ( 'NONE',  ( 50.05827993638283147, 5.532300348965323522, -35.50407197990147523 ) ) ;
#1476 = EDGE_LOOP ( 'NONE', ( #6590, #3373, #1733, #935 ) ) ;
#1477 =( BOUNDED_SURFACE ( )  B_SPLINE_SURFACE ( 3, 1, ( 
 ( #6785, #4163 ),
 ( #6268, #4444 ),
 ( #6544, #1303 ),
 ( #2701, #6301 ) ),
 .UNSPECIFIED., .F., .F., .T. ) 
 B_SPLINE_SURFACE_WITH_KNOTS ( ( 4, 4 ),
 ( 2, 2 ),
 ( 0.000000000000000000, 1.000000000000000000 ),
 ( 0.000000000000000000, 1.000000000000000000 ),
 .UNSPECIFIED. ) 
 GEOMETRIC_REPRESENTATION_ITEM ( )  RATIONAL_B_SPLINE_SURFACE ( (
 ( 1.000000000000000000, 1.000000000000000000),
 ( 0.9611591142731221726, 0.9996856433685865628),
 ( 0.9611591142731221726, 0.9996856433685865628),
 ( 1.000000000000000000, 1.000000000000000000) ) ) 
 REPRESENTATION_ITEM ( '' )  SURFACE ( )  );
#1478 = CARTESIAN_POINT ( 'NONE',  ( 49.23165480826241236, 14.79076031983395900, 34.31153967666766391 ) ) ;
#1479 = CARTESIAN_POINT ( 'NONE',  ( 18.78844479849039928, -32.45235485241655482, 44.86203833934553131 ) ) ;
#1480 = CARTESIAN_POINT ( 'NONE',  ( 49.61704819046445891, -26.36111514029710534, -1.689088502485467824 ) ) ;
#1481 = CARTESIAN_POINT ( 'NONE',  ( 89.82615535696581333, 8.812617258590400127, 0.009467342763337343106 ) ) ;
#1482 = CARTESIAN_POINT ( 'NONE',  ( 49.23165480826241236, 30.82808140696818455, -26.98754054080749398 ) ) ;
#1483 = CARTESIAN_POINT ( 'NONE',  ( 19.27520315313954669, -52.55983839839824867, 2.900898972168620027 ) ) ;
#1484 = CARTESIAN_POINT ( 'NONE',  ( 30.84680909296950446, 46.30342657885332613, -55.64011451463969848 ) ) ;
#1485 = ORIENTED_EDGE ( 'NONE', *, *, #1830, .F. ) ;
#1486 = CARTESIAN_POINT ( 'NONE',  ( 19.01941379036734503, 68.31988904669785256, 14.50891915664176679 ) ) ;
#1487 = CARTESIAN_POINT ( 'NONE',  ( 22.50127774655950574, 13.93731031355835981, -64.46392590088365182 ) ) ;
#1488 = EDGE_CURVE ( 'NONE', #6500, #3535, #5797, .T. ) ;
#1489 = CARTESIAN_POINT ( 'NONE',  ( 89.82615535696581333, 8.811872537327978705, -0.009467342763460413063 ) ) ;
#1490 = CARTESIAN_POINT ( 'NONE',  ( 52.84917723814503887, 50.57127417520438684, 5.081986746466109928 ) ) ;
#1491 = CARTESIAN_POINT ( 'NONE',  ( 18.85592173195390586, -41.21854943233763180, 34.93652430200211967 ) ) ;
#1492 = CARTESIAN_POINT ( 'NONE',  ( 54.30008724204793680, 34.93124134914344125, -15.70872280268712906 ) ) ;
#1493 = ORIENTED_EDGE ( 'NONE', *, *, #6461, .T. ) ;
#1494 = B_SPLINE_CURVE_WITH_KNOTS ( 'NONE', 3,
 ( #6131, #6096, #4541, #3536, #1408, #5046, #2914, #2396 ),
 .UNSPECIFIED., .F., .F.,
 ( 4, 2, 2, 4 ),
 ( 9.678762121325763514E-16, 0.001890109674893109774, 0.003780219349785251572, 0.007560438699569535168 ),
 .UNSPECIFIED. ) ;
#1495 = EDGE_CURVE ( 'NONE', #464, #3535, #838, .T. ) ;
#1496 = CARTESIAN_POINT ( 'NONE',  ( 18.77401912713006027, -1.649619794261798500, 60.06187133165475700 ) ) ;
#1497 = ORIENTED_EDGE ( 'NONE', *, *, #1999, .T. ) ;
#1498 = CARTESIAN_POINT ( 'NONE',  ( 51.77745077274521179, -26.23688602182610197, -12.97889796789456618 ) ) ;
#1499 = CARTESIAN_POINT ( 'NONE',  ( 28.65641647731176178, -45.61462286976610159, 46.30617666828616308 ) ) ;
#1500 = EDGE_CURVE ( 'NONE', #4168, #1858, #759, .T. ) ;
#1501 = CARTESIAN_POINT ( 'NONE',  ( 49.23443045783675842, -5.675529434291858522, 31.67561926364579605 ) ) ;
#1502 = CARTESIAN_POINT ( 'NONE',  ( 19.27981613022930318, -52.56552294170538175, -2.878689238554339891 ) ) ;
#1503 = CARTESIAN_POINT ( 'NONE',  ( 26.06099036693303006, -31.23437354783534303, -55.57584333467547566 ) ) ;
#1504 = ORIENTED_EDGE ( 'NONE', *, *, #3086, .T. ) ;
#1505 = VECTOR ( 'NONE', #6747, 1000.000000000000114 ) ;
#1506 = EDGE_CURVE ( 'NONE', #5985, #3456, #2129, .T. ) ;
#1507 = CARTESIAN_POINT ( 'NONE',  ( 53.79462347678106937, -26.35551197053283090, 17.74840670380677210 ) ) ;
#1508 = ORIENTED_EDGE ( 'NONE', *, *, #2486, .T. ) ;
#1509 = CARTESIAN_POINT ( 'NONE',  ( 49.23084801259429355, -25.99552884486092807, 1.187661407553754600 ) ) ;
#1510 = CARTESIAN_POINT ( 'NONE',  ( 49.23165480826241236, -24.88219446352396602, 8.815279788439577047 ) ) ;
#1511 = CARTESIAN_POINT ( 'NONE',  ( 20.23383572758631033, 31.83143159332346173, 57.99834581969845004 ) ) ;
#1512 = CARTESIAN_POINT ( 'NONE',  ( 36.38592095397838477, 63.54916019340623023, 26.44965618965705190 ) ) ;
#1513 = CARTESIAN_POINT ( 'NONE',  ( 19.04016012521985601, 58.81887243998273362, 35.29116789886798244 ) ) ;
#1514 = VERTEX_POINT ( 'NONE', #4193 ) ;
#1515 = CARTESIAN_POINT ( 'NONE',  ( 19.46190759237069301, -29.26911333288972372, 48.45341742586767708 ) ) ;
#1516 = VERTEX_POINT ( 'NONE', #1471 ) ;
#1517 = CARTESIAN_POINT ( 'NONE',  ( 24.68797426277902218, 75.44549754244104633, -5.436188902906602394 ) ) ;
#1518 = CARTESIAN_POINT ( 'NONE',  ( 19.36839877834437118, 37.00656600459449663, -54.69449265395189741 ) ) ;
#1519 = FACE_OUTER_BOUND ( 'NONE', #3530, .T. ) ;
#1520 = B_SPLINE_CURVE_WITH_KNOTS ( 'NONE', 3,
 ( #4894, #2251, #6487, #6429, #1250, #5318, #4320, #5910, #719, #5357 ),
 .UNSPECIFIED., .F., .F.,
 ( 4, 2, 2, 2, 4 ),
 ( 6.938893903907228378E-18, 0.001890020855637475437, 0.003780041711274943934, 0.005670062566912412866, 0.007560083422549880930 ),
 .UNSPECIFIED. ) ;
#1521 = CARTESIAN_POINT ( 'NONE',  ( 49.61704819046445891, -12.94487955521501910, -27.68836961395750862 ) ) ;
#1522 =( BOUNDED_SURFACE ( )  B_SPLINE_SURFACE ( 3, 1, ( 
 ( #627, #3839 ),
 ( #2739, #2287 ),
 ( #4843, #4365 ),
 ( #6598, #1942 ) ),
 .UNSPECIFIED., .F., .F., .T. ) 
 B_SPLINE_SURFACE_WITH_KNOTS ( ( 4, 4 ),
 ( 2, 2 ),
 ( 0.000000000000000000, 1.000000000000000000 ),
 ( 0.000000000000000000, 1.000000000000000000 ),
 .UNSPECIFIED. ) 
 GEOMETRIC_REPRESENTATION_ITEM ( )  RATIONAL_B_SPLINE_SURFACE ( (
 ( 1.000000000000000000, 1.000000000000000000),
 ( 0.9936547718337396251, 0.8399137562987545325),
 ( 0.9936547718337396251, 0.8399137562987545325),
 ( 1.000000000000000000, 1.000000000000000000) ) ) 
 REPRESENTATION_ITEM ( '' )  SURFACE ( )  );
#1523 = CARTESIAN_POINT ( 'NONE',  ( 49.23165480826241236, -24.29922132257647505, 10.80070397517968495 ) ) ;
#1524 = ORIENTED_EDGE ( 'NONE', *, *, #4404, .F. ) ;
#1525 = CARTESIAN_POINT ( 'NONE',  ( 36.38592095397837056, -36.25571145946503293, -40.79943036829466507 ) ) ;
#1526 = CARTESIAN_POINT ( 'NONE',  ( 54.54334256235713241, 38.57087753917614492, 26.93804824514127816 ) ) ;
#1527 = DIRECTION ( 'NONE',  ( -1.000000000000000000, -0.000000000000000000, -0.000000000000000000 ) ) ;
#1528 = CARTESIAN_POINT ( 'NONE',  ( 89.82545070715441682, 8.803871609265646825, 0.004002561320487882726 ) ) ;
#1529 = CARTESIAN_POINT ( 'NONE',  ( 18.85592173195389876, 61.37516828675619251, 30.99645457868217946 ) ) ;
#1530 = VERTEX_POINT ( 'NONE', #1983 ) ;
#1531 = DIRECTION ( 'NONE',  ( -1.000000000000000000, -0.000000000000000000, -0.000000000000000000 ) ) ;
#1532 = VERTEX_POINT ( 'NONE', #3638 ) ;
#1533 = CARTESIAN_POINT ( 'NONE',  ( 89.82729936416122030, 8.817185178188168493, -0.009132570123415898605 ) ) ;
#1534 = CARTESIAN_POINT ( 'NONE',  ( 23.23982137879182019, -52.52702094764810425, 22.70476476528659404 ) ) ;
#1535 = CARTESIAN_POINT ( 'NONE',  ( 19.46190759237069301, -14.07564557114210402, 57.21947199010178764 ) ) ;
#1536 = CARTESIAN_POINT ( 'NONE',  ( 18.79364884033509497, -16.78462114172655006, 55.32535946047296704 ) ) ;
#1537 = ORIENTED_EDGE ( 'NONE', *, *, #6465, .T. ) ;
#1538 = CARTESIAN_POINT ( 'NONE',  ( 52.60397151635674362, -24.89976695035811360, 17.96825049313352807 ) ) ;
#1539 = EDGE_CURVE ( 'NONE', #4847, #5269, #5134, .T. ) ;
#1540 = ORIENTED_EDGE ( 'NONE', *, *, #551, .F. ) ;
#1541 = CARTESIAN_POINT ( 'NONE',  ( 20.99547524081245697, 21.17835828708114221, -61.93916538273666106 ) ) ;
#1542 = CARTESIAN_POINT ( 'NONE',  ( 19.46190759237069301, 62.19201873634112587, -30.79810464809198223 ) ) ;
#1543 = CARTESIAN_POINT ( 'NONE',  ( 24.68883653248304100, -44.30454110066266793, -40.59882842781848211 ) ) ;
#1544 = CARTESIAN_POINT ( 'NONE',  ( 51.35395742193603752, 44.85647557089641424, -8.136553587198550375 ) ) ;
#1545 = CARTESIAN_POINT ( 'NONE',  ( 51.36229326913197468, -27.23453142161955043, -8.174973045785622006 ) ) ;
#1546 = ORIENTED_EDGE ( 'NONE', *, *, #5568, .T. ) ;
#1547 = CARTESIAN_POINT ( 'NONE',  ( 89.82615535696581333, 8.807439715724944662, -0.008165748902336534068 ) ) ;
#1548 = EDGE_CURVE ( 'NONE', #6121, #6835, #3120, .T. ) ;
#1549 = VERTEX_POINT ( 'NONE', #2561 ) ;
#1550 = CARTESIAN_POINT ( 'NONE',  ( 28.07725316172349750, 73.32641740928259821, 27.78399027001529475 ) ) ;
#1551 = CARTESIAN_POINT ( 'NONE',  ( 49.23165480826241236, 12.74257916029797677, 34.60602366957838427 ) ) ;
#1552 = CARTESIAN_POINT ( 'NONE',  ( 54.17538997708383164, -26.84342307359128199, -17.62475126408292780 ) ) ;
#1553 = CARTESIAN_POINT ( 'NONE',  ( 49.61704819046445891, -24.46047569462399096, -11.53014920622997863 ) ) ;
#1554 =( NAMED_UNIT ( * ) PLANE_ANGLE_UNIT ( ) SI_UNIT ( $, .RADIAN. ) );
#1555 = EDGE_LOOP ( 'NONE', ( #3485, #523, #1908, #6157 ) ) ;
#1556 = CARTESIAN_POINT ( 'NONE',  ( 26.76987644061281202, -45.00958264129251063, 43.07616350944837080 ) ) ;
#1557 = CARTESIAN_POINT ( 'NONE',  ( 28.07725316172377816, 48.06386122903145974, -58.25237493479085771 ) ) ;
#1558 =( BOUNDED_SURFACE ( )  B_SPLINE_SURFACE ( 3, 1, ( 
 ( #505, #4060 ),
 ( #2606, #5650 ),
 ( #3132, #364 ),
 ( #1481, #472 ) ),
 .UNSPECIFIED., .F., .F., .T. ) 
 B_SPLINE_SURFACE_WITH_KNOTS ( ( 4, 4 ),
 ( 2, 2 ),
 ( 0.000000000000000000, 1.000000000000000000 ),
 ( 0.000000000000000000, 1.000000000000000000 ),
 .UNSPECIFIED. ) 
 GEOMETRIC_REPRESENTATION_ITEM ( )  RATIONAL_B_SPLINE_SURFACE ( (
 ( 1.000000000000000000, 1.000000000000000000),
 ( 0.9611591142731221726, 0.9996856433685865628),
 ( 0.9611591142731221726, 0.9996856433685865628),
 ( 1.000000000000000000, 1.000000000000000000) ) ) 
 REPRESENTATION_ITEM ( '' )  SURFACE ( )  );
#1559 = CARTESIAN_POINT ( 'NONE',  ( 19.27981613022930674, 31.69094328702876240, 57.02703215786276303 ) ) ;
#1560 = CARTESIAN_POINT ( 'NONE',  ( 26.06099036693303006, 76.00177668633148187, -13.34064576258394119 ) ) ;
#1561 = CARTESIAN_POINT ( 'NONE',  ( 89.82615535696581333, 8.815269434051716146, 0.008978942747521466775 ) ) ;
#1562 = CARTESIAN_POINT ( 'NONE',  ( 18.79148157003699637, 69.75795132378344476, 1.204820534821626543 ) ) ;
#1563 = ORIENTED_EDGE ( 'NONE', *, *, #2620, .F. ) ;
#1564 = CARTESIAN_POINT ( 'NONE',  ( 28.07725316172354724, -54.43329228310554413, -30.56191415509952947 ) ) ;
#1565 = ORIENTED_EDGE ( 'NONE', *, *, #6578, .T. ) ;
#1566 = CARTESIAN_POINT ( 'NONE',  ( 49.23433077323409890, 31.72041151862289254, 26.23788693025251462 ) ) ;
#1567 = VECTOR ( 'NONE', #193, 1000.000000000000114 ) ;
#1568 = B_SPLINE_CURVE_WITH_KNOTS ( 'NONE', 3,
 ( #3128, #3165, #6309, #5264, #6276, #1517, #3686, #956, #4131, #1990 ),
 .UNSPECIFIED., .F., .F.,
 ( 4, 2, 2, 2, 4 ),
 ( 4.127313739314932802E-16, 0.003307310133422084082, 0.006614620266843755300, 0.009921930400265427386, 0.01322924053368709774 ),
 .UNSPECIFIED. ) ;
#1569 = CARTESIAN_POINT ( 'NONE',  ( 49.23290854358262436, -6.378052019348306345, 31.34363032911831937 ) ) ;
#1570 = CARTESIAN_POINT ( 'NONE',  ( 19.46190759237069301, 70.36888069425495473, -2.950270223865278485 ) ) ;
#1571 = VERTEX_POINT ( 'NONE', #6333 ) ;
#1572 = CIRCLE ( 'NONE', #1886, 40.14018759214401655 ) ;
#1573 = FACE_OUTER_BOUND ( 'NONE', #5822, .T. ) ;
#1574 = CIRCLE ( 'NONE', #6310, 40.14018759214401655 ) ;
#1575 = ORIENTED_EDGE ( 'NONE', *, *, #5486, .F. ) ;
#1576 = CARTESIAN_POINT ( 'NONE',  ( 22.50029827766115886, 22.05574342326199044, -63.29571115137159865 ) ) ;
#1577 = CARTESIAN_POINT ( 'NONE',  ( 54.62576016552275604, 38.77298867763842338, 7.255194716335879868 ) ) ;
#1578 = DIRECTION ( 'NONE',  ( -0.7588727602565362718, 0.4117274763696960327, -0.5045717183343383372 ) ) ;
#1579 = DIRECTION ( 'NONE',  ( -1.000000000000000000, -0.000000000000000000, -0.000000000000000000 ) ) ;
#1580 = EDGE_CURVE ( 'NONE', #5908, #1875, #1439, .T. ) ;
#1581 = CARTESIAN_POINT ( 'NONE',  ( 53.00898906108307074, -29.04726702100160551, -7.560232537130958441 ) ) ;
#1582 = ORIENTED_EDGE ( 'NONE', *, *, #4013, .F. ) ;
#1583 = AXIS2_PLACEMENT_3D ( 'NONE', #5492, #1366, #3876 ) ;
#1584 = CARTESIAN_POINT ( 'NONE',  ( 18.80019331273212302, 16.89193649765069338, -60.43081945553409184 ) ) ;
#1585 = ORIENTED_EDGE ( 'NONE', *, *, #2826, .F. ) ;
#1586 = ADVANCED_FACE ( 'NONE', ( #3158 ), #6530, .F. ) ;
#1587 = LINE ( 'NONE', #5155, #4964 ) ;
#1588 = CARTESIAN_POINT ( 'NONE',  ( 54.54334256235712530, 9.682903380523590897, 40.13074399683113569 ) ) ;
#1589 = EDGE_CURVE ( 'NONE', #1161, #4623, #6047, .T. ) ;
#1590 = CARTESIAN_POINT ( 'NONE',  ( 19.42422096688429534, -2.874671131182629402, -60.54262355176501131 ) ) ;
#1591 = EDGE_CURVE ( 'NONE', #5708, #946, #2340, .T. ) ;
#1592 = CARTESIAN_POINT ( 'NONE',  ( 89.82545070715441682, 8.820618186652732007, -0.004002561320611004725 ) ) ;
#1593 = CARTESIAN_POINT ( 'NONE',  ( 28.07725316172355079, -27.87026843959652922, -59.90343717505002985 ) ) ;
#1594 = ORIENTED_EDGE ( 'NONE', *, *, #2177, .F. ) ;
#1595 = CARTESIAN_POINT ( 'NONE',  ( 89.82729936416122030, 8.807304617730210339, -0.009132570123410788110 ) ) ;
#1596 = CARTESIAN_POINT ( 'NONE',  ( 18.76137069372868282, 69.73900312985658445, 2.389954835098009323 ) ) ;
#1597 = CARTESIAN_POINT ( 'NONE',  ( 49.23165480826241236, 42.50668425944228090, 8.815279788439811526 ) ) ;
#1598 = CARTESIAN_POINT ( 'NONE',  ( 89.82643428741084790, 8.820423081206781646, -0.005376062079033134232 ) ) ;
#1599 = CARTESIAN_POINT ( 'NONE',  ( 89.82681805825622234, 8.817486064089791853, 0.008628130036114643742 ) ) ;
#1600 = CARTESIAN_POINT ( 'NONE',  ( 19.46190759237070012, 62.19201873634071376, 30.79810464809258974 ) ) ;
#1601 = ORIENTED_EDGE ( 'NONE', *, *, #845, .F. ) ;
#1602 = CARTESIAN_POINT ( 'NONE',  ( 49.51286555817211621, 12.17218725526798018, -34.94858994899637139 ) ) ;
#1603 = ORIENTED_EDGE ( 'NONE', *, *, #4371, .F. ) ;
#1604 = CARTESIAN_POINT ( 'NONE',  ( 49.23433077323410600, -24.64460384063870535, -9.687625145895637502 ) ) ;
#1605 = CARTESIAN_POINT ( 'NONE',  ( 49.41026041085033427, -25.18732045796944163, 8.339093651581798383 ) ) ;
#1606 = DIRECTION ( 'NONE',  ( -0.000000000000000000, 0.000000000000000000, 1.000000000000000000 ) ) ;
#1607 = CARTESIAN_POINT ( 'NONE',  ( 35.20511764130979060, 64.75838025589916924, -27.03407842432076080 ) ) ;
#1608 = VERTEX_POINT ( 'NONE', #3838 ) ;
#1609 = CARTESIAN_POINT ( 'NONE',  ( 19.42422096688430244, 20.49916092710140703, 60.54262355176482657 ) ) ;
#1610 = ORIENTED_EDGE ( 'NONE', *, *, #3733, .T. ) ;
#1611 = CARTESIAN_POINT ( 'NONE',  ( 22.90123142467807327, 65.64630438856401895, -31.91539570580879470 ) ) ;
#1612 = CARTESIAN_POINT ( 'NONE',  ( 52.84917723814558599, -13.15782053674683283, 35.87421553516895756 ) ) ;
#1613 = CARTESIAN_POINT ( 'NONE',  ( 18.78844479849039928, 35.76624165099678265, 54.67039176333801720 ) ) ;
#1614 = CARTESIAN_POINT ( 'NONE',  ( 28.07725316172349750, 8.812244897959189416, -6.153557722908013615E-14 ) ) ;
#1615 = CARTESIAN_POINT ( 'NONE',  ( 42.33298211887886708, -5.279758307245319138, 52.15806337137505011 ) ) ;
#1616 = ORIENTED_EDGE ( 'NONE', *, *, #855, .F. ) ;
#1617 = CARTESIAN_POINT ( 'NONE',  ( 89.82615535696581333, 8.815269434051716146, 0.008978942747521466775 ) ) ;
#1618 = VERTEX_POINT ( 'NONE', #2799 ) ;
#1619 = CARTESIAN_POINT ( 'NONE',  ( 18.85583905783801129, -50.35415253496449139, 14.93213214462589811 ) ) ;
#1620 = CARTESIAN_POINT ( 'NONE',  ( 89.83648776693894433, 8.797220375324993569, 0.0002656198736504136021 ) ) ;
#1621 = CARTESIAN_POINT ( 'NONE',  ( 19.27981613022930318, 62.00284583350189394, -30.76161908657899957 ) ) ;
#1622 = CARTESIAN_POINT ( 'NONE',  ( 24.68797426277919271, 31.54776705275028803, -62.87001304374339838 ) ) ;
#1623 = EDGE_CURVE ( 'NONE', #6500, #372, #3320, .T. ) ;
#1624 = ORIENTED_EDGE ( 'NONE', *, *, #942, .F. ) ;
#1625 = CARTESIAN_POINT ( 'NONE',  ( 28.65641647731176533, 8.166099632275118481, -71.45717898808791801 ) ) ;
#1626 = CARTESIAN_POINT ( 'NONE',  ( 35.20511764130980481, 43.53312058932361595, 51.52933386883704969 ) ) ;
#1627 = DIRECTION ( 'NONE',  ( 0.000000000000000000, 0.000000000000000000, 1.000000000000000000 ) ) ;
#1628 = CARTESIAN_POINT ( 'NONE',  ( 54.54334256235712530, 45.67813823971285103, 15.87893472645147241 ) ) ;
#1629 = FACE_OUTER_BOUND ( 'NONE', #2217, .T. ) ;
#1630 = CARTESIAN_POINT ( 'NONE',  ( 89.82615535696581333, 8.806813216331958571, -0.007763122190248096695 ) ) ;
#1631 = ORIENTED_EDGE ( 'NONE', *, *, #6378, .T. ) ;
#1632 = CARTESIAN_POINT ( 'NONE',  ( 18.77401912713006027, -32.46073494903235002, 44.87115036689414183 ) ) ;
#1633 = ORIENTED_EDGE ( 'NONE', *, *, #2789, .F. ) ;
#1634 = CARTESIAN_POINT ( 'NONE',  ( 49.41064597117350843, 2.273311874924824227, 34.39157292282455103 ) ) ;
#1635 = CARTESIAN_POINT ( 'NONE',  ( 49.23433077323409890, 3.725941435920079314, -34.45780500230480214 ) ) ;
#1636 = CARTESIAN_POINT ( 'NONE',  ( 49.51003444762826433, -25.30270728076152054, 8.286348524896700596 ) ) ;
#1637 = CARTESIAN_POINT ( 'NONE',  ( 19.27520315313953247, 51.19476557262440508, 44.48224099844046009 ) ) ;
#1638 = B_SPLINE_CURVE_WITH_KNOTS ( 'NONE', 3,
 ( #3256, #5365, #625, #2737, #191, #2307, #1803 ),
 .UNSPECIFIED., .F., .F.,
 ( 4, 3, 4 ),
 ( 0.000000000000000000, 0.007697376234836500637, 0.04008255950779805038 ),
 .UNSPECIFIED. ) ;
#1639 = DIRECTION ( 'NONE',  ( -0.7522347214610782817, -0.4547689546248815939, -0.4767893892881491236 ) ) ;
#1640 = ORIENTED_EDGE ( 'NONE', *, *, #1235, .F. ) ;
#1641 = CARTESIAN_POINT ( 'NONE',  ( 54.54334256235712530, -27.33027923408508286, 17.46289235198625178 ) ) ;
#1642 = ORIENTED_EDGE ( 'NONE', *, *, #5952, .T. ) ;
#1643 = CARTESIAN_POINT ( 'NONE',  ( 18.79234864102461700, 67.54888006538331524, -16.30500810469814965 ) ) ;
#1644 = CARTESIAN_POINT ( 'NONE',  ( 49.61704819046447312, 33.12242518473361486, -25.47613414108507257 ) ) ;
#1645 = CARTESIAN_POINT ( 'NONE',  ( 20.99547524081241079, -20.50323344172565143, 55.94625723297378528 ) ) ;
#1646 = CARTESIAN_POINT ( 'NONE',  ( 89.84074713331158080, 8.823271611049433361, 0.001437379307434897982 ) ) ;
#1647 = ORIENTED_EDGE ( 'NONE', *, *, #5711, .T. ) ;
#1648 = CARTESIAN_POINT ( 'NONE',  ( 89.83068436596586537, 8.816173002659397184, -0.01408775824022245708 ) ) ;
#1649 = VERTEX_POINT ( 'NONE', #2767 ) ;
#1650 = CARTESIAN_POINT ( 'NONE',  ( 49.30502353826712891, 32.70705537193011736, -25.43976879704894500 ) ) ;
#1651 = CARTESIAN_POINT ( 'NONE',  ( 26.06099036693303006, 48.85886334375484097, -55.57584333467467985 ) ) ;
#1652 = DIRECTION ( 'NONE',  ( 0.7522347214610783928, 0.3020205228615771009, -0.5855992892744946721 ) ) ;
#1653 = CARTESIAN_POINT ( 'NONE',  ( 27.43416548070748462, 30.46504506901429110, -66.14867132328303967 ) ) ;
#1654 = ORIENTED_EDGE ( 'NONE', *, *, #5840, .T. ) ;
#1655 = CARTESIAN_POINT ( 'NONE',  ( 18.79148157003701414, -50.00416935940156549, 16.01437286222630618 ) ) ;
#1656 = CARTESIAN_POINT ( 'NONE',  ( 28.07725316172349750, 8.812244897959198298, 70.24264068317118870 ) ) ;
#1657 = CARTESIAN_POINT ( 'NONE',  ( 89.82615535696581333, 8.811872537327982258, 0.009467342763335108782 ) ) ;
#1658 = ADVANCED_FACE ( 'NONE', ( #624 ), #4423, .T. ) ;
#1659 = CARTESIAN_POINT ( 'NONE',  ( 49.30519197617821447, 15.16046022007857808, -34.31990277718855964 ) ) ;
#1660 = CARTESIAN_POINT ( 'NONE',  ( 24.68883653248301613, 12.91379505822633256, 66.72956699108448220 ) ) ;
#1661 = B_SPLINE_CURVE_WITH_KNOTS ( 'NONE', 3,
 ( #4916, #6512, #1794, #3994, #3438, #4546, #5994, #3370, #3335, #6100 ),
 .UNSPECIFIED., .F., .F.,
 ( 4, 2, 2, 2, 4 ),
 ( 3.024593730708204070E-17, 0.001890020855637488447, 0.003780041711274946970, 0.005670062566912405060, 0.007560083422549863583 ),
 .UNSPECIFIED. ) ;
#1662 = ORIENTED_EDGE ( 'NONE', *, *, #1495, .F. ) ;
#1663 = DIRECTION ( 'NONE',  ( 0.7588727602565363828, -0.6300123538972774995, 0.1649138189401883614 ) ) ;
#1664 = VERTEX_POINT ( 'NONE', #6464 ) ;
#1665 = FACE_OUTER_BOUND ( 'NONE', #1391, .T. ) ;
#1666 = CARTESIAN_POINT ( 'NONE',  ( 18.78844479849039928, -1.647496342400850855, 60.04967518400352589 ) ) ;
#1667 = CARTESIAN_POINT ( 'NONE',  ( 19.42422096688429534, -33.75122798739109697, 44.61327211425970773 ) ) ;
#1668 = CARTESIAN_POINT ( 'NONE',  ( 19.11442843794946000, -44.17039813106907786, 30.79057593847789676 ) ) ;
#1669 = ADVANCED_FACE ( 'NONE', ( #6436 ), #4339, .F. ) ;
#1670 = CARTESIAN_POINT ( 'NONE',  ( 20.23383842789534981, 69.49622577789293132, 14.53085942714865730 ) ) ;
#1671 = EDGE_CURVE ( 'NONE', #715, #6608, #2258, .T. ) ;
#1672 = ORIENTED_EDGE ( 'NONE', *, *, #3921, .F. ) ;
#1673 = CARTESIAN_POINT ( 'NONE',  ( 49.30502353826712891, -15.08256557601155201, 25.43976879704896987 ) ) ;
#1674 = ORIENTED_EDGE ( 'NONE', *, *, #1708, .F. ) ;
#1675 = CARTESIAN_POINT ( 'NONE',  ( 27.43416788634275605, 77.97809315333157087, 7.783073950728317314 ) ) ;
#1676 = B_SPLINE_CURVE_WITH_KNOTS ( 'NONE', 3,
 ( #6311, #533, #503, #6791, #4170, #603, #5756, #1029 ),
 .UNSPECIFIED., .F., .F.,
 ( 4, 2, 2, 4 ),
 ( 7.102310439743253091E-17, 0.0002264465145598527549, 0.0004528930291196344945, 0.0009057860582391899507 ),
 .UNSPECIFIED. ) ;
#1677 = CARTESIAN_POINT ( 'NONE',  ( 18.78844479849040638, 32.47825610642918548, 56.17196444847012060 ) ) ;
#1678 = CARTESIAN_POINT ( 'NONE',  ( 18.80019331273212302, -17.06205362956554339, -55.20585143009763840 ) ) ;
#1679 = CARTESIAN_POINT ( 'NONE',  ( 89.82615535696581333, 8.815269434051710817, -0.008978942747643731820 ) ) ;
#1680 = CIRCLE ( 'NONE', #5419, 40.14018759214401655 ) ;
#1681 = DIRECTION ( 'NONE',  ( 0.7588727602565363828, 0.4408409765618215292, -0.4793447268142678186 ) ) ;
#1682 = ORIENTED_EDGE ( 'NONE', *, *, #3223, .T. ) ;
#1683 = VECTOR ( 'NONE', #3042, 1000.000000000000114 ) ;
#1684 = CARTESIAN_POINT ( 'NONE',  ( 49.23443045783675842, 43.64384061543986348, 0.02001528584104039082 ) ) ;
#1685 = ORIENTED_EDGE ( 'NONE', *, *, #1746, .F. ) ;
#1686 = CARTESIAN_POINT ( 'NONE',  ( 23.24077445196137504, -55.06578766127948654, 14.06177554424404441 ) ) ;
#1687 = VECTOR ( 'NONE', #4645, 1000.000000000000114 ) ;
#1688 = CIRCLE ( 'NONE', #1461, 40.14018759214401655 ) ;
#1689 = CARTESIAN_POINT ( 'NONE',  ( 89.84074713331158080, 8.809252884210394541, -0.01070991664656769163 ) ) ;
#1690 = CARTESIAN_POINT ( 'NONE',  ( 89.82643428741083369, 8.808087433266793553, 0.008860034539350650218 ) ) ;
#1691 = CARTESIAN_POINT ( 'NONE',  ( 23.23982137879181664, 66.14003785645762434, 31.48866513576938075 ) ) ;
#1692 = PRODUCT_DEFINITION_FORMATION_WITH_SPECIFIED_SOURCE ( 'ANY', '', #6722, .NOT_KNOWN. ) ;
#1693 = CARTESIAN_POINT ( 'NONE',  ( 19.11442843794944935, -49.15397226201846337, -19.87807075968214932 ) ) ;
#1694 = CARTESIAN_POINT ( 'NONE',  ( 49.46084658743959039, 32.79469424507446718, -39.16095896087131933 ) ) ;
#1695 = FACE_OUTER_BOUND ( 'NONE', #4747, .T. ) ;
#1696 = CARTESIAN_POINT ( 'NONE',  ( 89.82729936416122030, 8.801885353399617529, 0.0007000302257038585208 ) ) ;
#1697 = CARTESIAN_POINT ( 'NONE',  ( 26.06099036693303006, -40.49868845781206517, -47.54826876854854589 ) ) ;
#1698 = CARTESIAN_POINT ( 'NONE',  ( 53.79529533164525645, 28.80254629609922290, 33.94433538994520205 ) ) ;
#1699 = DIRECTION ( 'NONE',  ( -0.7522347214610782817, 0.1248041845212279760, 0.6469674175368997915 ) ) ;
#1700 = CARTESIAN_POINT ( 'NONE',  ( 54.17538997708382453, -22.03169253600809085, 25.11195012713566754 ) ) ;
#1701 = EDGE_LOOP ( 'NONE', ( #3254, #5, #112, #3017 ) ) ;
#1702 =( BOUNDED_SURFACE ( )  B_SPLINE_SURFACE ( 3, 1, ( 
 ( #4811, #3747 ),
 ( #5852, #1678 ),
 ( #5745, #4777 ),
 ( #5257, #10 ) ),
 .UNSPECIFIED., .F., .F., .T. ) 
 B_SPLINE_SURFACE_WITH_KNOTS ( ( 4, 4 ),
 ( 2, 2 ),
 ( 0.000000000000000000, 1.000000000000000000 ),
 ( 0.000000000000000000, 1.000000000000000000 ),
 .UNSPECIFIED. ) 
 GEOMETRIC_REPRESENTATION_ITEM ( )  RATIONAL_B_SPLINE_SURFACE ( (
 ( 1.000000000000000000, 1.000000000000000000),
 ( 0.9611591142731221726, 0.9996856433685865628),
 ( 0.9611591142731221726, 0.9996856433685865628),
 ( 1.000000000000000000, 1.000000000000000000) ) ) 
 REPRESENTATION_ITEM ( '' )  SURFACE ( )  );
#1703 = EDGE_CURVE ( 'NONE', #933, #4471, #6382, .T. ) ;
#1704 = CARTESIAN_POINT ( 'NONE',  ( 26.76987644061342309, 62.63407243721132289, -43.07616350944885397 ) ) ;
#1705 = CARTESIAN_POINT ( 'NONE',  ( 49.23423108862791508, 42.15237014172718233, -10.08278835646420113 ) ) ;
#1706 = CARTESIAN_POINT ( 'NONE',  ( 28.07725316172354013, -55.70192761336404885, -27.78399027001589161 ) ) ;
#1707 = FACE_OUTER_BOUND ( 'NONE', #2957, .T. ) ;
#1708 = EDGE_CURVE ( 'NONE', #3206, #4959, #3810, .T. ) ;
#1709 = EDGE_LOOP ( 'NONE', ( #4749, #3765, #5724, #4556 ) ) ;
#1710 = CARTESIAN_POINT ( 'NONE',  ( 217.5334579613141841, 40.61224489795919368, 7.999999999999939604 ) ) ;
#1711 = ORIENTED_EDGE ( 'NONE', *, *, #896, .F. ) ;
#1712 = EDGE_CURVE ( 'NONE', #1875, #3858, #1217, .T. ) ;
#1713 = CARTESIAN_POINT ( 'NONE',  ( 89.82643428741084790, 8.821663425670930536, 0.002660086549525768947 ) ) ;
#1714 = CARTESIAN_POINT ( 'NONE',  ( 89.82615535696581333, 8.821668869267048407, 0.0009787728173039267256 ) ) ;
#1715 = FACE_OUTER_BOUND ( 'NONE', #2126, .T. ) ;
#1716 = CARTESIAN_POINT ( 'NONE',  ( 19.01941379036735214, 46.73039074861247144, 48.10283424576412159 ) ) ;
#1717 = EDGE_CURVE ( 'NONE', #6215, #656, #5303, .T. ) ;
#1718 = ORIENTED_EDGE ( 'NONE', *, *, #3884, .F. ) ;
#1719 = CARTESIAN_POINT ( 'NONE',  ( 49.23306814737766501, 43.63476223695741396, -0.7333801719608482594 ) ) ;
#1720 = ORIENTED_EDGE ( 'NONE', *, *, #4780, .T. ) ;
#1721 = CARTESIAN_POINT ( 'NONE',  ( 89.82681805825623655, 8.822270580196461154, 0.001183277654138747016 ) ) ;
#1722 = CARTESIAN_POINT ( 'NONE',  ( 30.84680909296950091, 26.31073500739448079, 64.77047082523031918 ) ) ;
#1723 = CARTESIAN_POINT ( 'NONE',  ( 54.54334256235712530, 7.941586415394512599, 40.13074399683114990 ) ) ;
#1724 = B_SPLINE_CURVE_WITH_KNOTS ( 'NONE', 3,
 ( #6556, #3280, #4895, #192, #233, #4418, #3933, #4387 ),
 .UNSPECIFIED., .F., .F.,
 ( 4, 2, 2, 4 ),
 ( 1.990401487367638249E-16, 0.0003956619665159660619, 0.0007913239330317330643, 0.001582647866063289187 ),
 .UNSPECIFIED. ) ;
#1725 = CARTESIAN_POINT ( 'NONE',  ( 18.79148013494830849, 49.63398289904699112, 45.27047775016655606 ) ) ;
#1726 = FACE_OUTER_BOUND ( 'NONE', #61, .T. ) ;
#1727 = CARTESIAN_POINT ( 'NONE',  ( 49.23165480826241236, -24.88219446352396602, 8.815279788439577047 ) ) ;
#1728 = CARTESIAN_POINT ( 'NONE',  ( 54.54334256235712530, -20.94638774325794017, 26.93804824514107921 ) ) ;
#1729 = FACE_OUTER_BOUND ( 'NONE', #6050, .T. ) ;
#1730 = CARTESIAN_POINT ( 'NONE',  ( 18.79364822255245926, 69.77128065522202860, -0.0006438739569904413122 ) ) ;
#1731 = ORIENTED_EDGE ( 'NONE', *, *, #347, .T. ) ;
#1732 = DIRECTION ( 'NONE',  ( -0.7522347214610782817, 0.6581437094123251397, -0.03146079448072908874 ) ) ;
#1733 = ORIENTED_EDGE ( 'NONE', *, *, #3463, .F. ) ;
#1734 = CARTESIAN_POINT ( 'NONE',  ( 28.07725316172349750, 8.812244897959189416, -6.153557722908013615E-14 ) ) ;
#1735 = CARTESIAN_POINT ( 'NONE',  ( 49.23435778140442665, 42.28054674722127260, -9.649257445187084059 ) ) ;
#1736 = CARTESIAN_POINT ( 'NONE',  ( 18.79364822255248413, 48.73143718708886496, -46.07018697436897980 ) ) ;
#1737 = CARTESIAN_POINT ( 'NONE',  ( 89.82643428741083369, 8.820532476135358735, -0.005205840247509850929 ) ) ;
#1738 = ORIENTED_EDGE ( 'NONE', *, *, #3818, .T. ) ;
#1739 = CARTESIAN_POINT ( 'NONE',  ( 28.07725316172354013, -54.43329228310596335, 30.56191415509853115 ) ) ;
#1740 = EDGE_LOOP ( 'NONE', ( #6454, #4783, #6762, #1601 ) ) ;
#1741 = EDGE_LOOP ( 'NONE', ( #3234, #591, #766, #2030 ) ) ;
#1742 = CARTESIAN_POINT ( 'NONE',  ( 89.82615535696581333, 8.821011380044222250, 0.003594165173128793279 ) ) ;
#1743 = CARTESIAN_POINT ( 'NONE',  ( 18.76137069372868282, -41.15049857284608237, -34.95005032374623966 ) ) ;
#1744 = FACE_OUTER_BOUND ( 'NONE', #614, .T. ) ;
#1745 = FACE_OUTER_BOUND ( 'NONE', #4738, .T. ) ;
#1746 = EDGE_CURVE ( 'NONE', #5892, #5708, #5900, .T. ) ;
#1747 = VERTEX_POINT ( 'NONE', #6400 ) ;
#1748 = CARTESIAN_POINT ( 'NONE',  ( 18.79364884033509142, 0.4345513185167164671, -60.38136468127517986 ) ) ;
#1749 = EDGE_CURVE ( 'NONE', #3459, #417, #1111, .T. ) ;
#1750 = EDGE_LOOP ( 'NONE', ( #3397, #3098, #2474, #507 ) ) ;
#1751 =( BOUNDED_SURFACE ( )  B_SPLINE_SURFACE ( 3, 1, ( 
 ( #4337, #6338 ),
 ( #2773, #1584 ),
 ( #5821, #5372 ),
 ( #1617, #3193 ) ),
 .UNSPECIFIED., .F., .F., .T. ) 
 B_SPLINE_SURFACE_WITH_KNOTS ( ( 4, 4 ),
 ( 2, 2 ),
 ( 0.000000000000000000, 1.000000000000000000 ),
 ( 0.000000000000000000, 1.000000000000000000 ),
 .UNSPECIFIED. ) 
 GEOMETRIC_REPRESENTATION_ITEM ( )  RATIONAL_B_SPLINE_SURFACE ( (
 ( 1.000000000000000000, 1.000000000000000000),
 ( 0.9611591142731221726, 0.9996856433685865628),
 ( 0.9611591142731221726, 0.9996856433685865628),
 ( 1.000000000000000000, 1.000000000000000000) ) ) 
 REPRESENTATION_ITEM ( '' )  SURFACE ( )  );
#1752 = CARTESIAN_POINT ( 'NONE',  ( 18.77401912713006382, 32.48306348028532398, 56.18337252551859251 ) ) ;
#1753 = EDGE_CURVE ( 'NONE', #4405, #1252, #2198, .T. ) ;
#1754 = CARTESIAN_POINT ( 'NONE',  ( 18.78844479849039928, 61.04443518392115209, 31.41922937391496973 ) ) ;
#1755 = EDGE_CURVE ( 'NONE', #2788, #6297, #6707, .T. ) ;
#1756 = CARTESIAN_POINT ( 'NONE',  ( 22.90123142467806971, 39.36933260575985116, 57.57575177153775314 ) ) ;
#1757 = EDGE_CURVE ( 'NONE', #2724, #1041, #6224, .T. ) ;
#1758 = CARTESIAN_POINT ( 'NONE',  ( 89.84074713331158080, 8.815518073913382935, -0.01062735997424961096 ) ) ;
#1759 = CARTESIAN_POINT ( 'NONE',  ( 52.84917723814557178, 30.78231033266546035, -35.87421553516893624 ) ) ;
#1760 = DIRECTION ( 'NONE',  ( -0.7522347214610782817, 0.3020205228615734927, 0.5855992892744967815 ) ) ;
#1761 = CARTESIAN_POINT ( 'NONE',  ( 28.07725316172349750, 8.812244897959189416, -6.153557722908013615E-14 ) ) ;
#1762 = CARTESIAN_POINT ( 'NONE',  ( 19.04016012521985601, -19.00302468612515128, 54.52008902925114597 ) ) ;
#1763 = CARTESIAN_POINT ( 'NONE',  ( 20.23383572758631388, -34.38239039692706456, 45.03237230792018408 ) ) ;
#1764 = ORIENTED_EDGE ( 'NONE', *, *, #1328, .T. ) ;
#1765 = CARTESIAN_POINT ( 'NONE',  ( 50.49366072217505774, -7.942488434765699878, 31.96610366839043493 ) ) ;
#1766 = ORIENTED_EDGE ( 'NONE', *, *, #6725, .F. ) ;
#1767 = LINE ( 'NONE', #6034, #3543 ) ;
#1768 = DIRECTION ( 'NONE',  ( 0.7522347214610785038, 0.06252304660995380847, 0.6559220932938478743 ) ) ;
#1769 = CARTESIAN_POINT ( 'NONE',  ( 89.84074713331158080, 8.801218184868945471, -0.001437379307557892262 ) ) ;
#1770 = CARTESIAN_POINT ( 'NONE',  ( 50.05827993638285278, 39.74534652878167407, -17.73246702790410012 ) ) ;
#1771 = VERTEX_POINT ( 'NONE', #1903 ) ;
#1772 = CARTESIAN_POINT ( 'NONE',  ( 20.99620941596850798, -52.66744002947361736, -14.48178547015650430 ) ) ;
#1773 = ORIENTED_EDGE ( 'NONE', *, *, #1065, .T. ) ;
#1774 = CARTESIAN_POINT ( 'NONE',  ( 54.54334256235713241, 48.41060816351981089, 6.572996776293480892 ) ) ;
#1775 = CARTESIAN_POINT ( 'NONE',  ( 26.06099036693303006, -58.37728689041283303, -13.34064576258525392 ) ) ;
#1776 =( BOUNDED_SURFACE ( )  B_SPLINE_SURFACE ( 3, 1, ( 
 ( #1279, #3379 ),
 ( #2476, #6691 ),
 ( #3067, #5657 ),
 ( #3031, #2005 ) ),
 .UNSPECIFIED., .F., .F., .T. ) 
 B_SPLINE_SURFACE_WITH_KNOTS ( ( 4, 4 ),
 ( 2, 2 ),
 ( 0.000000000000000000, 1.000000000000000000 ),
 ( 0.000000000000000000, 1.000000000000000000 ),
 .UNSPECIFIED. ) 
 GEOMETRIC_REPRESENTATION_ITEM ( )  RATIONAL_B_SPLINE_SURFACE ( (
 ( 1.000000000000000000, 1.000000000000000000),
 ( 0.9611591142731221726, 0.9996856433685865628),
 ( 0.9611591142731221726, 0.9996856433685865628),
 ( 1.000000000000000000, 1.000000000000000000) ) ) 
 REPRESENTATION_ITEM ( '' )  SURFACE ( )  );
#1777 = CARTESIAN_POINT ( 'NONE',  ( 27.43416548070726790, -30.59969902881850246, 57.36888659365677512 ) ) ;
#1778 = ORIENTED_EDGE ( 'NONE', *, *, #1232, .T. ) ;
#1779 = CARTESIAN_POINT ( 'NONE',  ( 18.79234864102460278, 1.032293000455392740, -60.45922550411881247 ) ) ;
#1780 = VERTEX_POINT ( 'NONE', #2451 ) ;
#1781 = CARTESIAN_POINT ( 'NONE',  ( 49.51286555817214463, 33.02433255807378742, 25.42573427074322723 ) ) ;
#1782 = EDGE_CURVE ( 'NONE', #1664, #4360, #4334, .T. ) ;
#1783 = AXIS2_PLACEMENT_3D ( 'NONE', #4707, #6193, #3156 ) ;
#1784 = CIRCLE ( 'NONE', #2429, 40.14018759214401655 ) ;
#1785 = CARTESIAN_POINT ( 'NONE',  ( 18.78844479849039928, -52.11478756015517178, 1.807316344059169078 ) ) ;
#1786 = CARTESIAN_POINT ( 'NONE',  ( 89.84074713331158080, 8.822298265225672509, -0.004752290758569949203 ) ) ;
#1787 = ADVANCED_FACE ( 'NONE', ( #5458 ), #3398, .F. ) ;
#1788 = VECTOR ( 'NONE', #6282, 1000.000000000000227 ) ;
#1789 = CARTESIAN_POINT ( 'NONE',  ( 18.79364884033508076, 67.21728582244639938, 17.46270726700595333 ) ) ;
#1790 = VECTOR ( 'NONE', #1425, 1000.000000000000114 ) ;
#1791 = EDGE_CURVE ( 'NONE', #621, #6074, #5033, .T. ) ;
#1792 = CARTESIAN_POINT ( 'NONE',  ( 18.79234720619588472, -31.78537500729361653, -45.47173499203837821 ) ) ;
#1793 = CARTESIAN_POINT ( 'NONE',  ( 49.23165480826241236, -24.88219446352384168, -8.815279788440157915 ) ) ;
#1794 = CARTESIAN_POINT ( 'NONE',  ( 50.49366072217506485, -13.30497800037108291, -28.51984088410366525 ) ) ;
#1795 = CARTESIAN_POINT ( 'NONE',  ( 89.82615535696581333, 8.814554879233122975, 0.009188754972914565250 ) ) ;
#1796 = CARTESIAN_POINT ( 'NONE',  ( 28.65641647731176533, -29.27685077575237216, 60.46293677451359372 ) ) ;
#1797 = AXIS2_PLACEMENT_3D ( 'NONE', #6451, #646, #5932 ) ;
#1798 = CARTESIAN_POINT ( 'NONE',  ( 19.36839877834437473, 66.96249672815596909, 20.12350569413656842 ) ) ;
#1799 = LINE ( 'NONE', #2848, #122 ) ;
#1800 = ORIENTED_EDGE ( 'NONE', *, *, #17, .F. ) ;
#1801 = CARTESIAN_POINT ( 'NONE',  ( 54.30008724204793680, 20.64395479681228096, 28.08872707293826210 ) ) ;
#1802 = CARTESIAN_POINT ( 'NONE',  ( 89.84074713331158080, 8.808971722004995897, 0.01062735997412655835 ) ) ;
#1803 = CARTESIAN_POINT ( 'NONE',  ( 28.07725316172354368, -45.26099570718001530, -44.83428621717803253 ) ) ;
#1804 = CARTESIAN_POINT ( 'NONE',  ( 19.46190759237069301, 14.65242683903169763, 61.34994523100074559 ) ) ;
#1805 = CARTESIAN_POINT ( 'NONE',  ( 54.17539151718673907, 44.46791490729593477, -17.62475058660526983 ) ) ;
#1806 = ORIENTED_EDGE ( 'NONE', *, *, #2922, .T. ) ;
#1807 = CARTESIAN_POINT ( 'NONE',  ( 19.36839877834436763, 51.27371715614933834, -44.53572322309590703 ) ) ;
#1808 = VERTEX_POINT ( 'NONE', #795 ) ;
#1809 = B_SPLINE_CURVE_WITH_KNOTS ( 'NONE', 3,
 ( #5549, #6622, #5618, #298, #6692, #3552, #2408, #5092 ),
 .UNSPECIFIED., .F., .F.,
 ( 4, 2, 2, 4 ),
 ( 9.813077866773594792E-18, 0.0002264431842541171451, 0.0004528863685082244782, 0.0009057727370164538354 ),
 .UNSPECIFIED. ) ;
#1810 = CARTESIAN_POINT ( 'NONE',  ( 49.23351359036895758, 37.79426507410485669, -19.31829155960983258 ) ) ;
#1811 = CARTESIAN_POINT ( 'NONE',  ( 42.33298211887892393, 62.11091785100328622, -8.848705579480149908 ) ) ;
#1812 = CARTESIAN_POINT ( 'NONE',  ( 49.23423108862791508, 23.53719953921303443, 31.56584044698314884 ) ) ;
#1813 = ORIENTED_EDGE ( 'NONE', *, *, #2995, .F. ) ;
#1814 = CARTESIAN_POINT ( 'NONE',  ( 18.85592173195389876, 32.01271632098011821, -56.43916403858625586 ) ) ;
#1815 = ORIENTED_EDGE ( 'NONE', *, *, #1191, .F. ) ;
#1816 = CARTESIAN_POINT ( 'NONE',  ( 89.82615535696581333, 8.802820926651332201, -0.0009787728174269335821 ) ) ;
#1817 = CARTESIAN_POINT ( 'NONE',  ( 20.23383572758630322, -53.50742187762213575, -3.154394857635903548 ) ) ;
#1818 = B_SPLINE_CURVE_WITH_KNOTS ( 'NONE', 3,
 ( #1641, #3743, #1113, #2734, #2256, #2824, #1739 ),
 .UNSPECIFIED., .F., .F.,
 ( 4, 3, 4 ),
 ( 0.000000000000000000, 0.007697376234836483290, 0.04008255950779806426 ),
 .UNSPECIFIED. ) ;
#1819 =( BOUNDED_SURFACE ( )  B_SPLINE_SURFACE ( 3, 1, ( 
 ( #6316, #962 ),
 ( #4792, #6245 ),
 ( #3169, #2109 ),
 ( #4756, #439 ) ),
 .UNSPECIFIED., .F., .F., .T. ) 
 B_SPLINE_SURFACE_WITH_KNOTS ( ( 4, 4 ),
 ( 2, 2 ),
 ( 0.000000000000000000, 1.000000000000000000 ),
 ( 0.000000000000000000, 1.000000000000000000 ),
 .UNSPECIFIED. ) 
 GEOMETRIC_REPRESENTATION_ITEM ( )  RATIONAL_B_SPLINE_SURFACE ( (
 ( 1.000000000000000000, 1.000000000000000000),
 ( 0.9936547718337396251, 0.8399137562987545325),
 ( 0.9936547718337396251, 0.8399137562987545325),
 ( 1.000000000000000000, 1.000000000000000000) ) ) 
 REPRESENTATION_ITEM ( '' )  SURFACE ( )  );
#1820 = CARTESIAN_POINT ( 'NONE',  ( 18.78844479849039928, 1.930344596824123515, -60.56409105043077545 ) ) ;
#1821 = CARTESIAN_POINT ( 'NONE',  ( 18.80019331273212302, 69.77782574879033461, -0.6027503083772115522 ) ) ;
#1822 = ORIENTED_EDGE ( 'NONE', *, *, #5486, .T. ) ;
#1823 = CARTESIAN_POINT ( 'NONE',  ( 54.54334256235712530, 20.95377270857424890, -38.25987405045304968 ) ) ;
#1824 = CARTESIAN_POINT ( 'NONE',  ( 89.82545070715441682, 8.820753169952908479, -0.003706989122120358041 ) ) ;
#1825 = CARTESIAN_POINT ( 'NONE',  ( 49.23372534307175385, 42.07086248195039246, 10.34840762664101987 ) ) ;
#1826 = CARTESIAN_POINT ( 'NONE',  ( 26.06099036693303006, -45.26972855909823323, -42.04219497473435752 ) ) ;
#1827 = FACE_OUTER_BOUND ( 'NONE', #5849, .T. ) ;
#1828 = CARTESIAN_POINT ( 'NONE',  ( 54.54334256235712530, -30.78611836760138232, -6.572996776293873467 ) ) ;
#1829 = CARTESIAN_POINT ( 'NONE',  ( 27.43416788634278447, -42.36380807993310782, 47.17523085912413450 ) ) ;
#1830 = EDGE_CURVE ( 'NONE', #2387, #6396, #2898, .T. ) ;
#1831 = CARTESIAN_POINT ( 'NONE',  ( 49.41026041085034848, -7.150468947161556343, 31.15610203508617815 ) ) ;
#1832 = ORIENTED_EDGE ( 'NONE', *, *, #2134, .F. ) ;
#1833 = CARTESIAN_POINT ( 'NONE',  ( 28.07725316172349750, 73.32641740928259821, 27.78399027001529475 ) ) ;
#1834 = CARTESIAN_POINT ( 'NONE',  ( 18.78844479849039928, -32.45235485241655482, 44.86203833934553131 ) ) ;
#1835 = CARTESIAN_POINT ( 'NONE',  ( 24.68797426277901153, 4.710200662448650100, 66.72867255431756917 ) ) ;
#1836 = CARTESIAN_POINT ( 'NONE',  ( 89.82681805825622234, 8.806573733914493829, 0.008351787156463268830 ) ) ;
#1837 = EDGE_CURVE ( 'NONE', #5719, #3492, #4997, .T. ) ;
#1838 = VERTEX_POINT ( 'NONE', #1867 ) ;
#1839 = CARTESIAN_POINT ( 'NONE',  ( 54.54334256235661371, 8.812244897959189416, -6.153557722908013615E-14 ) ) ;
#1840 = CARTESIAN_POINT ( 'NONE',  ( 89.82681805825622234, 8.802958694135806894, 0.003959907685770014917 ) ) ;
#1841 = DIRECTION ( 'NONE',  ( -0.7588727602565363828, 0.2879368039985766292, 0.5841271528046875217 ) ) ;
#1842 = B_SPLINE_CURVE_WITH_KNOTS ( 'NONE', 3,
 ( #258, #6511, #776, #2366, #3368, #6650, #4030, #2880 ),
 .UNSPECIFIED., .F., .F.,
 ( 4, 2, 2, 4 ),
 ( 7.384300342650183380E-17, 0.0002264465145598537035, 0.0004528930291196335729, 0.0009057860582391832286 ),
 .UNSPECIFIED. ) ;
#1843 = DIRECTION ( 'NONE',  ( 0.000000000000000000, 0.000000000000000000, 1.000000000000000000 ) ) ;
#1844 = ORIENTED_EDGE ( 'NONE', *, *, #5453, .F. ) ;
#1845 = CARTESIAN_POINT ( 'NONE',  ( 54.30008724204793680, 14.04468951211615746, -30.02644619445364071 ) ) ;
#1846 = EDGE_LOOP ( 'NONE', ( #87, #3070, #866, #1946 ) ) ;
#1847 = CARTESIAN_POINT ( 'NONE',  ( 36.38592095397837767, 55.61023481333970864, -38.80286520982642884 ) ) ;
#1848 = CARTESIAN_POINT ( 'NONE',  ( 25.39469577495191288, -58.48609108304368220, -5.964326825426561562 ) ) ;
#1849 = CARTESIAN_POINT ( 'NONE',  ( 19.46190759237069301, 2.972062956887084439, -61.34994523100089481 ) ) ;
#1850 = CARTESIAN_POINT ( 'NONE',  ( 89.82729936416122030, 8.810077676123183821, -0.01015447464488044085 ) ) ;
#1851 = CARTESIAN_POINT ( 'NONE',  ( 54.17539151718619195, 45.48164088351103373, 15.40500032812407838 ) ) ;
#1852 = CARTESIAN_POINT ( 'NONE',  ( 20.99547524081242145, 31.89604932700999029, 58.79216735028514762 ) ) ;
#1853 = CARTESIAN_POINT ( 'NONE',  ( 89.82729936416122030, 8.813026309940342529, -0.01035372402161290062 ) ) ;
#1854 = B_SPLINE_CURVE_WITH_KNOTS ( 'NONE', 3,
 ( #4627, #5700, #972, #3074, #2554, #5278, #135, #1704, #687, #4253 ),
 .UNSPECIFIED., .F., .F.,
 ( 4, 2, 2, 2, 4 ),
 ( 4.025156600327200013E-16, 0.003307310133422389394, 0.006614620266844376331, 0.009921930400266364136, 0.01322924053368835021 ),
 .UNSPECIFIED. ) ;
#1855 = CARTESIAN_POINT ( 'NONE',  ( 48.51805717611820512, 8.812244897959192969, -27.50000000000006395 ) ) ;
#1856 = LINE ( 'NONE', #748, #2780 ) ;
#1857 = CARTESIAN_POINT ( 'NONE',  ( 18.78844479849039928, -29.72059773692345530, 47.22911935442994746 ) ) ;
#1858 = VERTEX_POINT ( 'NONE', #6632 ) ;
#1859 = CARTESIAN_POINT ( 'NONE',  ( 51.77745077274521890, 0.9534647958209081509, 36.53947106896180230 ) ) ;
#1860 = CARTESIAN_POINT ( 'NONE',  ( 18.79364822255248058, -16.51163942207829649, -55.45002185585850896 ) ) ;
#1861 = ADVANCED_FACE ( 'NONE', ( #6255 ), #6708, .F. ) ;
#1862 = CARTESIAN_POINT ( 'NONE',  ( 26.76987644061301452, -8.012816480354272741, -66.85254140250543742 ) ) ;
#1863 = CARTESIAN_POINT ( 'NONE',  ( 89.82681805825622234, 8.809646861019182040, -0.009755237280010186848 ) ) ;
#1864 = ORIENTED_EDGE ( 'NONE', *, *, #5233, .T. ) ;
#1865 = CARTESIAN_POINT ( 'NONE',  ( 27.43416548070725725, -59.74464308426792769, -12.01846842470770049 ) ) ;
#1866 = EDGE_LOOP ( 'NONE', ( #3375, #2054, #188, #6274 ) ) ;
#1867 = CARTESIAN_POINT ( 'NONE',  ( 49.61704819046445891, 2.134657835592206343, 34.57496359180350254 ) ) ;
#1868 = EDGE_CURVE ( 'NONE', #1421, #6067, #2026, .T. ) ;
#1869 = B_SPLINE_CURVE_WITH_KNOTS ( 'NONE', 3,
 ( #1012, #588, #6842, #3631, #6329, #1607, #2053 ),
 .UNSPECIFIED., .F., .F.,
 ( 4, 3, 4 ),
 ( 0.000000000000000000, 0.007697376234836480688, 0.04008255950779810589 ),
 .UNSPECIFIED. ) ;
#1870 = CARTESIAN_POINT ( 'NONE',  ( 18.78844479849039928, 19.27198613831963669, -60.04967518400358273 ) ) ;
#1871 = EDGE_CURVE ( 'NONE', #1151, #5429, #674, .T. ) ;
#1872 = CARTESIAN_POINT ( 'NONE',  ( 89.82643428741083369, 8.805759679614297397, 0.007329847728720165385 ) ) ;
#1873 = ORIENTED_EDGE ( 'NONE', *, *, #1757, .T. ) ;
#1874 = CARTESIAN_POINT ( 'NONE',  ( 22.90123142467806971, -30.86662808258552460, 51.71353633463634480 ) ) ;
#1875 = VERTEX_POINT ( 'NONE', #3005 ) ;
#1876 = CARTESIAN_POINT ( 'NONE',  ( 54.54334256235713241, 39.71119764499228921, -25.62204868992882822 ) ) ;
#1877 = CARTESIAN_POINT ( 'NONE',  ( 23.23982137879194454, 48.13899640900602606, -52.26297439979360604 ) ) ;
#1878 = CARTESIAN_POINT ( 'NONE',  ( 49.23435778140442665, -14.12629983758728791, 26.21180198559702035 ) ) ;
#1879 = CARTESIAN_POINT ( 'NONE',  ( 89.84074713331158080, 8.823229908238790387, 0.001727428726450644901 ) ) ;
#1880 = EDGE_LOOP ( 'NONE', ( #6199, #6119, #3801, #6687 ) ) ;
#1881 = CARTESIAN_POINT ( 'NONE',  ( 26.06099036693303006, 31.57916947242332029, 64.60706738990782583 ) ) ;
#1882 = AXIS2_PLACEMENT_3D ( 'NONE', #5482, #6072, #271 ) ;
#1883 = CARTESIAN_POINT ( 'NONE',  ( 24.68883653248303034, 31.54754498298269283, 62.87101044661800842 ) ) ;
#1884 = CARTESIAN_POINT ( 'NONE',  ( 19.42422096688429534, -49.45092047670218705, -20.18407375451739938 ) ) ;
#1885 = CARTESIAN_POINT ( 'NONE',  ( 89.82681805825623655, 8.820039310362094653, 0.006415729547163272380 ) ) ;
#1886 = AXIS2_PLACEMENT_3D ( 'NONE', #2931, #2967, #6180 ) ;
#1887 = CARTESIAN_POINT ( 'NONE',  ( 89.82643428741083369, 8.813537512415166475, 0.009701230467063772997 ) ) ;
#1888 = CARTESIAN_POINT ( 'NONE',  ( 18.79364822255246992, 34.13495784129341359, -55.45055680567440248 ) ) ;
#1889 = ORIENTED_EDGE ( 'NONE', *, *, #4241, .T. ) ;
#1890 = CARTESIAN_POINT ( 'NONE',  ( 50.49366072217502222, 1.742088109178935307, 35.39160572467812926 ) ) ;
#1891 = CARTESIAN_POINT ( 'NONE',  ( 18.85583905783800063, 46.97359981444564880, 47.61661628584292316 ) ) ;
#1892 = B_SPLINE_CURVE_WITH_KNOTS ( 'NONE', 3,
 ( #3902, #3414, #5942, #3969, #3937, #235, #195, #2346 ),
 .UNSPECIFIED., .F., .F.,
 ( 4, 2, 2, 4 ),
 ( 7.392446291451011694E-17, 0.0002264465145598560617, 0.0004528930291196382350, 0.0009057860582391930948 ),
 .UNSPECIFIED. ) ;
#1893 = AXIS2_PLACEMENT_3D ( 'NONE', #789, #861, #4515 ) ;
#1894 = CARTESIAN_POINT ( 'NONE',  ( 28.07725316172354013, -55.70192761336441123, 27.78399027001487909 ) ) ;
#1895 = CARTESIAN_POINT ( 'NONE',  ( 54.54334256235712530, 38.57087753917650019, -26.93804824514099749 ) ) ;
#1896 =( NAMED_UNIT ( * ) SI_UNIT ( $, .STERADIAN. ) SOLID_ANGLE_UNIT ( ) );
#1897 = CARTESIAN_POINT ( 'NONE',  ( 18.85583905783801129, 19.80810949921875874, -60.02268002385449819 ) ) ;
#1898 = ORIENTED_EDGE ( 'NONE', *, *, #513, .T. ) ;
#1899 = CARTESIAN_POINT ( 'NONE',  ( 18.80019331273212302, -0.4606770603959923216, 60.25925883022228646 ) ) ;
#1900 = EDGE_CURVE ( 'NONE', #6789, #6074, #2911, .T. ) ;
#1901 = ORIENTED_EDGE ( 'NONE', *, *, #3423, .T. ) ;
#1902 = CARTESIAN_POINT ( 'NONE',  ( 51.35395742193603752, -25.90904447648560449, -12.64207788527383514 ) ) ;
#1903 = CARTESIAN_POINT ( 'NONE',  ( 49.61704819046445891, -24.46047569462399096, -11.53014920622997863 ) ) ;
#1904 = B_SPLINE_CURVE_WITH_KNOTS ( 'NONE', 3,
 ( #4096, #958, #4134, #6681, #924, #848, #1993, #5157, #6756, #993 ),
 .UNSPECIFIED., .F., .F.,
 ( 4, 2, 2, 2, 4 ),
 ( 4.147259108084911991E-16, 0.003307310133422103164, 0.006614620266843791729, 0.009921930400265481162, 0.01322924053368716886 ),
 .UNSPECIFIED. ) ;
#1905 = CARTESIAN_POINT ( 'NONE',  ( 49.23423108862792219, -5.400830980300328044, 31.79960764522445160 ) ) ;
#1906 = CARTESIAN_POINT ( 'NONE',  ( 89.82681805825623655, 8.814842934899191462, -0.009755237280007938647 ) ) ;
#1907 = CARTESIAN_POINT ( 'NONE',  ( 28.07725316172354724, -60.48168985663150465, 11.50561499319524472 ) ) ;
#1908 = ORIENTED_EDGE ( 'NONE', *, *, #3941, .T. ) ;
#1909 = CARTESIAN_POINT ( 'NONE',  ( 49.23165480826241236, 41.92371111849491427, -10.80070397517960501 ) ) ;
#1910 = ADVANCED_FACE ( 'NONE', ( #6699 ), #4117, .F. ) ;
#1911 = ORIENTED_EDGE ( 'NONE', *, *, #2052, .F. ) ;
#1912 = ADVANCED_FACE ( 'NONE', ( #5247 ), #1331, .F. ) ;
#1913 = CARTESIAN_POINT ( 'NONE',  ( 89.82643428741083369, 8.804066714711598962, -0.005376062079027832917 ) ) ;
#1914 = CARTESIAN_POINT ( 'NONE',  ( 49.23395903331216772, -6.049027938402131710, -31.50159027307785564 ) ) ;
#1915 = EDGE_CURVE ( 'NONE', #5708, #5820, #1680, .T. ) ;
#1916 = DIRECTION ( 'NONE',  ( -1.000000000000000000, 0.000000000000000000, 0.000000000000000000 ) ) ;
#1917 = CARTESIAN_POINT ( 'NONE',  ( 24.68883653248303034, -23.81403918614984505, 58.35394940702670397 ) ) ;
#1918 = CARTESIAN_POINT ( 'NONE',  ( 49.61704819046445891, -4.262847974806825313, -32.69648639714335303 ) ) ;
#1919 = VERTEX_POINT ( 'NONE', #5137 ) ;
#1920 = EDGE_CURVE ( 'NONE', #4471, #2023, #1854, .T. ) ;
#1921 = ORIENTED_EDGE ( 'NONE', *, *, #5844, .T. ) ;
#1922 = CARTESIAN_POINT ( 'NONE',  ( 89.83068436596586537, 8.797798428656010472, 0.002279136556030515650 ) ) ;
#1923 = CARTESIAN_POINT ( 'NONE',  ( 19.11442843794947066, -2.614042942764008171, 60.20514907502141000 ) ) ;
#1924 = CARTESIAN_POINT ( 'NONE',  ( 50.05827993638285278, -26.79723159986665237, -1.806196819088079941 ) ) ;
#1925 = FACE_OUTER_BOUND ( 'NONE', #6253, .T. ) ;
#1926 = CARTESIAN_POINT ( 'NONE',  ( 18.78844479849039928, 69.73927735607354350, -1.807316344059690660 ) ) ;
#1927 = CARTESIAN_POINT ( 'NONE',  ( 28.07725316172355079, -27.87026843959652922, -59.90343717505002985 ) ) ;
#1928 = CARTESIAN_POINT ( 'NONE',  ( 18.79234720619587762, 33.30992913021278667, -55.81853538399533932 ) ) ;
#1929 = CARTESIAN_POINT ( 'NONE',  ( 49.23125140390099830, 37.49593100958424685, 19.75470362738643715 ) ) ;
#1930 = ORIENTED_EDGE ( 'NONE', *, *, #4313, .F. ) ;
#1931 = CARTESIAN_POINT ( 'NONE',  ( 54.54334256235712530, -1.658501519778535993, 38.75045973131020105 ) ) ;
#1932 = CARTESIAN_POINT ( 'NONE',  ( 49.23435778140442665, 3.686283153652142541, 34.45228459932251042 ) ) ;
#1933 = FACE_OUTER_BOUND ( 'NONE', #4806, .T. ) ;
#1934 = CARTESIAN_POINT ( 'NONE',  ( 26.06099036693303006, 77.03862278995893575, 6.129222711036486970 ) ) ;
#1935 = CARTESIAN_POINT ( 'NONE',  ( 18.77401912713006382, -1.649619794261814043, 60.06187133165475700 ) ) ;
#1936 = CARTESIAN_POINT ( 'NONE',  ( 18.79364822255248058, -42.47010739536258939, -32.95640126187109331 ) ) ;
#1937 = VERTEX_POINT ( 'NONE', #4355 ) ;
#1938 = CARTESIAN_POINT ( 'NONE',  ( 22.50127774655940271, 39.35259510654663018, 57.00132496008838245 ) ) ;
#1939 = ORIENTED_EDGE ( 'NONE', *, *, #6578, .F. ) ;
#1940 = CARTESIAN_POINT ( 'NONE',  ( 52.60397151635672941, -26.84392558587840227, -13.71113689934542279 ) ) ;
#1941 = CARTESIAN_POINT ( 'NONE',  ( 51.35395742193604462, 38.56539316116811023, 21.91210253510066153 ) ) ;
#1942 = CARTESIAN_POINT ( 'NONE',  ( 18.77401912713006382, -29.72842440507545447, 47.23871093047223013 ) ) ;
#1943 = CARTESIAN_POINT ( 'NONE',  ( 28.07725316172350460, -27.87026843959725753, 59.90343717504941878 ) ) ;
#1944 = ORIENTED_EDGE ( 'NONE', *, *, #6472, .T. ) ;
#1945 = CARTESIAN_POINT ( 'NONE',  ( 51.35395742193604462, -23.47960912606535544, 17.96179926322383125 ) ) ;
#1946 = ORIENTED_EDGE ( 'NONE', *, *, #1900, .F. ) ;
#1947 = CARTESIAN_POINT ( 'NONE',  ( 89.82729936416122030, 8.804931791460413493, -0.007370799084033209138 ) ) ;
#1948 = CARTESIAN_POINT ( 'NONE',  ( 49.23244927482063105, -6.455977305247803777, -31.30469357808272335 ) ) ;
#1949 = B_SPLINE_CURVE_WITH_KNOTS ( 'NONE', 3,
 ( #4185, #5280, #586, #1045, #5320, #38, #5735 ),
 .UNSPECIFIED., .F., .F.,
 ( 4, 3, 4 ),
 ( 3.469446951953614189E-18, 0.01258337285662352971, 0.04008255950779793242 ),
 .UNSPECIFIED. ) ;
#1950 = CARTESIAN_POINT ( 'NONE',  ( 25.39554384420626931, 75.06581861752374607, 13.23698536474326559 ) ) ;
#1951 = EDGE_CURVE ( 'NONE', #2000, #202, #1175, .T. ) ;
#1952 = CARTESIAN_POINT ( 'NONE',  ( 49.61704819046447312, 30.56936935113395748, -27.68836961395707164 ) ) ;
#1953 = EDGE_CURVE ( 'NONE', #5168, #1838, #4161, .T. ) ;
#1954 = ORIENTED_EDGE ( 'NONE', *, *, #5830, .T. ) ;
#1955 = ORIENTED_EDGE ( 'NONE', *, *, #4602, .F. ) ;
#1956 = EDGE_CURVE ( 'NONE', #6608, #4772, #22, .T. ) ;
#1957 = CARTESIAN_POINT ( 'NONE',  ( 28.65641647731176533, -10.69959700067193253, 68.74470131117601568 ) ) ;
#1958 = CARTESIAN_POINT ( 'NONE',  ( 22.90123142467806971, -52.52619573316135870, 22.05217681278786657 ) ) ;
#1959 = EDGE_CURVE ( 'NONE', #5269, #4740, #2505, .T. ) ;
#1960 = CARTESIAN_POINT ( 'NONE',  ( 51.35395742193603752, -28.06427321806297215, -2.347867270513946725 ) ) ;
#1961 = DIRECTION ( 'NONE',  ( -1.000000000000000000, 0.000000000000000000, 0.000000000000000000 ) ) ;
#1962 = ADVANCED_FACE ( 'NONE', ( #1665 ), #1068, .F. ) ;
#1963 = CARTESIAN_POINT ( 'NONE',  ( 22.90123142467807327, 61.45323153860304188, 38.43994441644671411 ) ) ;
#1964 = B_SPLINE_CURVE_WITH_KNOTS ( 'NONE', 3,
 ( #6833, #5693, #1491, #5804, #4214, #3068 ),
 .UNSPECIFIED., .F., .F.,
 ( 4, 2, 4 ),
 ( 1.311065397059051419E-16, 0.0007986073165776913681, 0.001597214633155251765 ),
 .UNSPECIFIED. ) ;
#1965 = CARTESIAN_POINT ( 'NONE',  ( 49.41026041085032006, 37.37949169844667807, 20.23421205685925983 ) ) ;
#1966 = VERTEX_POINT ( 'NONE', #6427 ) ;
#1967 = CARTESIAN_POINT ( 'NONE',  ( 89.82729936416122030, 8.802502209049805515, 0.003590295059359026233 ) ) ;
#1968 = CARTESIAN_POINT ( 'NONE',  ( 49.23351359036897179, 4.432848517618237061, 34.55394000134364774 ) ) ;
#1969 = DIRECTION ( 'NONE',  ( 0.000000000000000000, 0.000000000000000000, 1.000000000000000000 ) ) ;
#1970 = CARTESIAN_POINT ( 'NONE',  ( 18.79234720619592025, 18.38126009057101129, 60.20198811834283958 ) ) ;
#1971 = CARTESIAN_POINT ( 'NONE',  ( 18.79017952991917895, -43.26616978920362300, -31.67823556306876398 ) ) ;
#1972 = ORIENTED_EDGE ( 'NONE', *, *, #845, .T. ) ;
#1973 = CARTESIAN_POINT ( 'NONE',  ( 26.76987644061276939, 43.79031049175915058, 59.40437618284956756 ) ) ;
#1974 = ORIENTED_EDGE ( 'NONE', *, *, #1163, .T. ) ;
#1975 = CARTESIAN_POINT ( 'NONE',  ( 18.79364884033507721, 59.93165812096480494, 33.20994643506319477 ) ) ;
#1976 = CARTESIAN_POINT ( 'NONE',  ( 89.83648776693894433, 8.818727926560352870, 0.01355644401964018961 ) ) ;
#1977 = CARTESIAN_POINT ( 'NONE',  ( 49.51286555817212331, -19.80043139839726507, 20.34718425796164709 ) ) ;
#1978 = CARTESIAN_POINT ( 'NONE',  ( 18.85592173195391297, 19.80808213232626613, 60.02276797299629862 ) ) ;
#1979 = CARTESIAN_POINT ( 'NONE',  ( 89.82615535696581333, 8.807439715724948215, 0.008165748902217903268 ) ) ;
#1980 = ORIENTED_EDGE ( 'NONE', *, *, #1782, .F. ) ;
#1981 = CARTESIAN_POINT ( 'NONE',  ( 49.23423108862794351, 38.26544679362285706, 18.59396327856583753 ) ) ;
#1982 = ORIENTED_EDGE ( 'NONE', *, *, #6542, .T. ) ;
#1983 = CARTESIAN_POINT ( 'NONE',  ( 18.78844479849038507, -50.15599450341706245, -15.43102130196196953 ) ) ;
#1984 = DIRECTION ( 'NONE',  ( 0.000000000000000000, 0.000000000000000000, -1.000000000000000000 ) ) ;
#1985 = LINE ( 'NONE', #5679, #665 ) ;
#1986 = EDGE_LOOP ( 'NONE', ( #6308, #2864, #6225, #4104 ) ) ;
#1987 = CARTESIAN_POINT ( 'NONE',  ( 18.76137069372868282, 66.59771324014650418, -19.45819624826401650 ) ) ;
#1988 = ORIENTED_EDGE ( 'NONE', *, *, #6346, .T. ) ;
#1989 = EDGE_CURVE ( 'NONE', #5894, #1808, #903, .T. ) ;
#1990 = CARTESIAN_POINT ( 'NONE',  ( 28.07725316172349750, 78.54079473915638232, -8.482800668929110444 ) ) ;
#1991 = CARTESIAN_POINT ( 'NONE',  ( 28.65641647731176178, -56.45590985132585615, 29.09663053110045894 ) ) ;
#1992 = B_SPLINE_CURVE_WITH_KNOTS ( 'NONE', 3,
 ( #6336, #2099, #3682, #3162, #1615, #3718, #4463 ),
 .UNSPECIFIED., .F., .F.,
 ( 4, 3, 4 ),
 ( 0.000000000000000000, 0.007697376234836536199, 0.04008255950779805732 ),
 .UNSPECIFIED. ) ;
#1993 = CARTESIAN_POINT ( 'NONE',  ( 25.39554384420633681, -58.48688329449486645, 5.964994274585479594 ) ) ;
#1994 = ADVANCED_FACE ( 'NONE', ( #2690 ), #5420, .T. ) ;
#1995 = CARTESIAN_POINT ( 'NONE',  ( 89.82729936416122030, 8.802107766439059233, 0.002246946893484061143 ) ) ;
#1996 =( BOUNDED_SURFACE ( )  B_SPLINE_SURFACE ( 3, 1, ( 
 ( #150, #1752 ),
 ( #5339, #2233 ),
 ( #601, #702 ),
 ( #2711, #2293 ) ),
 .UNSPECIFIED., .F., .F., .T. ) 
 B_SPLINE_SURFACE_WITH_KNOTS ( ( 4, 4 ),
 ( 2, 2 ),
 ( 0.000000000000000000, 1.000000000000000000 ),
 ( 0.000000000000000000, 1.000000000000000000 ),
 .UNSPECIFIED. ) 
 GEOMETRIC_REPRESENTATION_ITEM ( )  RATIONAL_B_SPLINE_SURFACE ( (
 ( 1.000000000000000000, 1.000000000000000000),
 ( 0.9936547718337395141, 0.8399137562987549765),
 ( 0.9936547718337395141, 0.8399137562987549765),
 ( 1.000000000000000000, 1.000000000000000000) ) ) 
 REPRESENTATION_ITEM ( '' )  SURFACE ( )  );
#1997 = CARTESIAN_POINT ( 'NONE',  ( 18.78844479849039928, -52.11478756015517178, 1.807316344059169078 ) ) ;
#1998 = CARTESIAN_POINT ( 'NONE',  ( 54.17538997708386717, 39.65618233192665798, -25.11195012713562136 ) ) ;
#1999 = EDGE_CURVE ( 'NONE', #5363, #769, #4246, .T. ) ;
#2000 = VERTEX_POINT ( 'NONE', #3963 ) ;
#2001 = CARTESIAN_POINT ( 'NONE',  ( 89.83648776693891591, 8.826735655624787569, -0.003978036774637161606 ) ) ;
#2002 = B_SPLINE_CURVE_WITH_KNOTS ( 'NONE', 3,
 ( #5970, #1518, #5647, #4543, #4094, #6648, #923, #957 ),
 .UNSPECIFIED., .F., .F.,
 ( 4, 2, 2, 4 ),
 ( 2.073556992427385366E-16, 0.0003956619665159717540, 0.0007913239330317362085, 0.001582647866063286585 ),
 .UNSPECIFIED. ) ;
#2003 = CARTESIAN_POINT ( 'NONE',  ( 20.23383842789537113, 14.55897020320237800, -62.13426236299751082 ) ) ;
#2004 = VECTOR ( 'NONE', #3406, 1000.000000000000114 ) ;
#2005 = CARTESIAN_POINT ( 'NONE',  ( 18.77401912713006027, 32.48306348028533819, 56.18337252551858541 ) ) ;
#2006 = CARTESIAN_POINT ( 'NONE',  ( 18.78844479849039928, -52.11478756015517178, 1.807316344059169078 ) ) ;
#2007 = CARTESIAN_POINT ( 'NONE',  ( 18.77401912713006027, 67.79246041924180588, -15.43415620504259778 ) ) ;
#2008 = CARTESIAN_POINT ( 'NONE',  ( 19.11442843794946000, 20.23853273868278890, -60.20514907502146684 ) ) ;
#2009 = VECTOR ( 'NONE', #5973, 1000.000000000000114 ) ;
#2010 = ORIENTED_EDGE ( 'NONE', *, *, #1500, .T. ) ;
#2011 = CARTESIAN_POINT ( 'NONE',  ( 89.83648776693894433, 8.805761869358027738, -0.01355644401976330293 ) ) ;
#2012 = ORIENTED_EDGE ( 'NONE', *, *, #3418, .T. ) ;
#2013 = VECTOR ( 'NONE', #2759, 1000.000000000000227 ) ;
#2014 = CARTESIAN_POINT ( 'NONE',  ( 19.46190759237069301, 20.49290829288100113, 60.51021077145703941 ) ) ;
#2015 = AXIS2_PLACEMENT_3D ( 'NONE', #5265, #5229, #570 ) ;
#2016 = CARTESIAN_POINT ( 'NONE',  ( 19.42422096688429534, -51.11418294162834997, 14.51952200279476202 ) ) ;
#2017 = CARTESIAN_POINT ( 'NONE',  ( 19.01941379036735214, -41.12208410161074568, -35.47155528856312401 ) ) ;
#2018 = CARTESIAN_POINT ( 'NONE',  ( 18.77401912713006382, 35.77171513999859087, 54.68149563579242312 ) ) ;
#2019 = CARTESIAN_POINT ( 'NONE',  ( 18.78690384720153261, -41.31318990183321205, -34.67988180142694432 ) ) ;
#2020 = EDGE_LOOP ( 'NONE', ( #6146, #5799 ) ) ;
#2021 = CARTESIAN_POINT ( 'NONE',  ( 49.23433077323411311, 38.18453677985255723, 18.72109179747983987 ) ) ;
#2022 = CONICAL_SURFACE ( 'NONE', #5646, 40.14018759214401655, 0.8495922745902004802 ) ;
#2023 = VERTEX_POINT ( 'NONE', #4954 ) ;
#2024 = CARTESIAN_POINT ( 'NONE',  ( 54.54334256235712530, -30.78611836760146403, 6.572996776293212662 ) ) ;
#2025 = DIRECTION ( 'NONE',  ( -0.7522347214610783928, -0.06252304660996245433, 0.6559220932938470972 ) ) ;
#2026 = B_SPLINE_CURVE_WITH_KNOTS ( 'NONE', 3,
 ( #6807, #4076, #413, #376, #6183, #2122, #1009, #2483 ),
 .UNSPECIFIED., .F., .F.,
 ( 4, 2, 2, 4 ),
 ( 1.110764993427085326E-17, 0.0002264431842541202080, 0.0004528863685082293029, 0.0009057727370164502575 ),
 .UNSPECIFIED. ) ;
#2027 = CARTESIAN_POINT ( 'NONE',  ( 89.82615535696581333, 8.814554879233119422, -0.009188754973041113328 ) ) ;
#2028 = CARTESIAN_POINT ( 'NONE',  ( 27.43416788634279158, -45.16592183509868619, -43.94141919813144170 ) ) ;
#2029 = CARTESIAN_POINT ( 'NONE',  ( 49.23351359036896469, -13.55320814730890255, 26.70094366033735866 ) ) ;
#2030 = ORIENTED_EDGE ( 'NONE', *, *, #6091, .T. ) ;
#2031 = FACE_OUTER_BOUND ( 'NONE', #6032, .T. ) ;
#2032 = ORIENTED_EDGE ( 'NONE', *, *, #4644, .F. ) ;
#2033 = DIRECTION ( 'NONE',  ( 0.7522347214610783928, 0.6226207347403873715, 0.2156069212704310734 ) ) ;
#2034 = CARTESIAN_POINT ( 'NONE',  ( 49.61704819046447312, 43.98560493621549483, -1.689088502485237120 ) ) ;
#2035 = CARTESIAN_POINT ( 'NONE',  ( 51.35395742193604462, 26.26699934069609910, -32.56872144289702931 ) ) ;
#2036 = CARTESIAN_POINT ( 'NONE',  ( 28.65641647731176533, 63.23911266568416067, 46.30617666828653256 ) ) ;
#2037 = ORIENTED_EDGE ( 'NONE', *, *, #6040, .T. ) ;
#2038 = CARTESIAN_POINT ( 'NONE',  ( 53.00898906108302810, 17.66262512592498268, 37.57885746770191560 ) ) ;
#2039 = CARTESIAN_POINT ( 'NONE',  ( 18.79234720619588828, -41.97429710778409628, 33.71309206015384774 ) ) ;
#2040 =( BOUNDED_SURFACE ( )  B_SPLINE_SURFACE ( 3, 1, ( 
 ( #5267, #1194 ),
 ( #1166, #5863 ),
 ( #5899, #3268 ),
 ( #4822, #121 ) ),
 .UNSPECIFIED., .F., .F., .T. ) 
 B_SPLINE_SURFACE_WITH_KNOTS ( ( 4, 4 ),
 ( 2, 2 ),
 ( 0.000000000000000000, 1.000000000000000000 ),
 ( 0.000000000000000000, 1.000000000000000000 ),
 .UNSPECIFIED. ) 
 GEOMETRIC_REPRESENTATION_ITEM ( )  RATIONAL_B_SPLINE_SURFACE ( (
 ( 1.000000000000000000, 1.000000000000000000),
 ( 0.7724073758824716585, 0.9739345816297118041),
 ( 0.7724073758824716585, 0.9739345816297118041),
 ( 1.000000000000000000, 1.000000000000000000) ) ) 
 REPRESENTATION_ITEM ( '' )  SURFACE ( )  );
#2041 = CARTESIAN_POINT ( 'NONE',  ( 18.85583905783802194, 32.01264574958913300, 56.43910484671893357 ) ) ;
#2042 = CARTESIAN_POINT ( 'NONE',  ( 18.78844479849039928, -52.11478756015515046, -1.807316344060096558 ) ) ;
#2043 = EDGE_CURVE ( 'NONE', #1140, #1082, #2377, .T. ) ;
#2044 = CARTESIAN_POINT ( 'NONE',  ( 50.05827993638285278, 15.66781412653421945, -34.98997476350498204 ) ) ;
#2045 = ORIENTED_EDGE ( 'NONE', *, *, #1446, .F. ) ;
#2046 = CARTESIAN_POINT ( 'NONE',  ( 53.79462347678111911, 47.99275771420671077, 4.082214979758862050 ) ) ;
#2047 = ORIENTED_EDGE ( 'NONE', *, *, #4151, .F. ) ;
#2048 = EDGE_CURVE ( 'NONE', #2642, #3710, #3091, .T. ) ;
#2049 = CARTESIAN_POINT ( 'NONE',  ( 49.23244927482063105, 32.28154818441205265, 25.73507824959236601 ) ) ;
#2050 = CARTESIAN_POINT ( 'NONE',  ( 33.61636502379867153, 10.20183957910635719, -63.92736988032280010 ) ) ;
#2051 = PLANE ( 'NONE',  #2654 ) ;
#2052 = EDGE_CURVE ( 'NONE', #6089, #664, #1362, .T. ) ;
#2053 = CARTESIAN_POINT ( 'NONE',  ( 28.07725316172378172, 72.05778207902487509, -30.56191415509811904 ) ) ;
#2054 = ORIENTED_EDGE ( 'NONE', *, *, #2542, .F. ) ;
#2055 = AXIS2_PLACEMENT_3D ( 'NONE', #2424, #1472, #877 ) ;
#2056 = CARTESIAN_POINT ( 'NONE',  ( 49.23084801259433618, 41.87545634634626879, -10.94603587010361423 ) ) ;
#2057 = ORIENTED_EDGE ( 'NONE', *, *, #6818, .F. ) ;
#2058 = CARTESIAN_POINT ( 'NONE',  ( 49.41064597117354396, 43.78434839263567824, 1.577944974746855022 ) ) ;
#2059 = CARTESIAN_POINT ( 'NONE',  ( 52.60397151635673652, 36.09644223943068653, -26.73818139060181664 ) ) ;
#2060 = DIRECTION ( 'NONE',  ( 0.7588727602565363828, 0.5372039009369519169, 0.3681359837868977136 ) ) ;
#2061 = CARTESIAN_POINT ( 'NONE',  ( 50.49366072217502932, 43.94263110643520776, -8.270963525027102747 ) ) ;
#2062 = CARTESIAN_POINT ( 'NONE',  ( 49.61704819046447312, 42.08496549054259361, -11.53014920622932316 ) ) ;
#2063 = ORIENTED_EDGE ( 'NONE', *, *, #5656, .T. ) ;
#2064 = CARTESIAN_POINT ( 'NONE',  ( 89.82729936416122030, 8.810077676123183821, -0.01015447464488044085 ) ) ;
#2065 = ORIENTED_EDGE ( 'NONE', *, *, #3296, .T. ) ;
#2066 = CARTESIAN_POINT ( 'NONE',  ( 25.39469577495190222, 71.70418036131395922, 24.68286194843824077 ) ) ;
#2067 = CARTESIAN_POINT ( 'NONE',  ( 19.42422096688430244, -2.874671131182629402, -60.54262355176501842 ) ) ;
#2068 = CARTESIAN_POINT ( 'NONE',  ( 49.61704819046447312, 12.14603992633717411, 35.05572830592442557 ) ) ;
#2069 = B_SPLINE_CURVE_WITH_KNOTS ( 'NONE', 3,
 ( #3819, #3752, #1781, #54, #4881, #3263, #5859, #4784 ),
 .UNSPECIFIED., .F., .F.,
 ( 4, 2, 2, 4 ),
 ( 9.813077866773594792E-18, 0.0002264431842541215904, 0.0004528863685082333687, 0.0009057727370164569795 ),
 .UNSPECIFIED. ) ;
#2070 = CARTESIAN_POINT ( 'NONE',  ( 49.23165480826241236, -26.00088423333332699, -1.034621535195505704 ) ) ;
#2071 = CARTESIAN_POINT ( 'NONE',  ( 27.43416548070726790, -27.00001668672377519, -59.68226196512312498 ) ) ;
#2072 = ORIENTED_EDGE ( 'NONE', *, *, #210, .F. ) ;
#2073 = CARTESIAN_POINT ( 'NONE',  ( 19.46190759237069301, 14.65242683903252363, -61.34994523100078112 ) ) ;
#2074 = LINE ( 'NONE', #4176, #1788 ) ;
#2075 = CARTESIAN_POINT ( 'NONE',  ( 19.46190759237069301, -19.44296595228116331, 54.76829890328966854 ) ) ;
#2076 = CARTESIAN_POINT ( 'NONE',  ( 18.79321399865036213, -52.14411885411777092, 0.6029044291950867995 ) ) ;
#2077 = CARTESIAN_POINT ( 'NONE',  ( 18.79364760530902956, 17.78631622761453812, 60.29561082863455113 ) ) ;
#2078 = CARTESIAN_POINT ( 'NONE',  ( 19.01941379036735214, 14.70466342466811227, 60.96677661753957267 ) ) ;
#2079 = B_SPLINE_CURVE_WITH_KNOTS ( 'NONE', 3,
 ( #984, #4677, #2061, #1544, #3641, #3812, #697, #4875, #5459, #2315 ),
 .UNSPECIFIED., .F., .F.,
 ( 4, 2, 2, 2, 4 ),
 ( 0.000000000000000000, 0.001890020855637475870, 0.003780041711274951741, 0.005670062566912427611, 0.007560083422549903481 ),
 .UNSPECIFIED. ) ;
#2080 = ORIENTED_EDGE ( 'NONE', *, *, #6542, .F. ) ;
#2081 = CARTESIAN_POINT ( 'NONE',  ( 20.99620941596850798, -46.09709036180946384, -31.21600023241888877 ) ) ;
#2082 = ORIENTED_EDGE ( 'NONE', *, *, #471, .T. ) ;
#2083 = EDGE_CURVE ( 'NONE', #366, #621, #5227, .T. ) ;
#2084 = CARTESIAN_POINT ( 'NONE',  ( 49.23411246815347653, 31.37780342891978336, 26.53283190827909266 ) ) ;
#2085 = CARTESIAN_POINT ( 'NONE',  ( 49.61704819046447312, -26.36111514029712666, 1.689088502484883847 ) ) ;
#2086 = DIRECTION ( 'NONE',  ( -1.000000000000000000, -0.000000000000000000, -0.000000000000000000 ) ) ;
#2087 = CARTESIAN_POINT ( 'NONE',  ( 26.06099036693303006, -25.10535384572937900, -59.51472512551478644 ) ) ;
#2088 = EDGE_CURVE ( 'NONE', #6732, #1747, #3871, .T. ) ;
#2089 = ORIENTED_EDGE ( 'NONE', *, *, #3733, .F. ) ;
#2090 = CARTESIAN_POINT ( 'NONE',  ( 54.62576016552275604, 22.94924924033874092, -27.39396149568517913 ) ) ;
#2091 = VERTEX_POINT ( 'NONE', #6104 ) ;
#2092 = ADVANCED_FACE ( 'NONE', ( #2925 ), #4758, .T. ) ;
#2093 = CARTESIAN_POINT ( 'NONE',  ( 54.30008724204793680, -21.65322987783277142, -0.9059770384617549244 ) ) ;
#2094 = ADVANCED_FACE ( 'NONE', ( #1277 ), #6520, .F. ) ;
#2095 = CARTESIAN_POINT ( 'NONE',  ( 54.54334256235712530, 38.57087753917650019, -26.93804824514099749 ) ) ;
#2096 = CARTESIAN_POINT ( 'NONE',  ( 49.24038183582142381, -19.83654452635695975, -19.82131191732997166 ) ) ;
#2097 = B_SPLINE_CURVE_WITH_KNOTS ( 'NONE', 3,
 ( #6228, #1948, #3496, #5563, #1914, #916, #313, #5598, #5530, #4019, #2423, #5112, #1430 ),
 .UNSPECIFIED., .F., .F.,
 ( 4, 3, 3, 3, 4 ),
 ( 5.553824967135426632E-18, 0.0004520762650173990168, 0.0009041524520694496636, 0.001356228616379093286, 0.002069674869633363230 ),
 .UNSPECIFIED. ) ;
#2098 = CARTESIAN_POINT ( 'NONE',  ( 49.51286555817211621, -12.90895271918164333, 27.58410277940240363 ) ) ;
#2099 = CARTESIAN_POINT ( 'NONE',  ( 52.84917723814557178, -2.160944049088248775, 40.61074044881992506 ) ) ;
#2100 = ORIENTED_EDGE ( 'NONE', *, *, #3127, .T. ) ;
#2101 = CARTESIAN_POINT ( 'NONE',  ( 18.76137069372868282, 2.507091694578833962, -60.64673771806521785 ) ) ;
#2102 = ORIENTED_EDGE ( 'NONE', *, *, #2460, .F. ) ;
#2103 = CARTESIAN_POINT ( 'NONE',  ( 52.60397151635671520, -28.59643475030776472, 7.742638802011819976 ) ) ;
#2104 = CARTESIAN_POINT ( 'NONE',  ( 28.65641647731176178, 47.98848454663011154, -59.76427176524368434 ) ) ;
#2105 = CARTESIAN_POINT ( 'NONE',  ( 50.49951337408941754, -22.55105643070183064, -17.86973212835121316 ) ) ;
#2106 = CARTESIAN_POINT ( 'NONE',  ( 25.39554384420679867, 71.70475244047723606, -24.68372555297496618 ) ) ;
#2107 = CARTESIAN_POINT ( 'NONE',  ( 49.27030864395452170, -24.24033000759165546, 11.10221398020198791 ) ) ;
#2108 = VERTEX_POINT ( 'NONE', #5025 ) ;
#2109 = CARTESIAN_POINT ( 'NONE',  ( 18.76137069372868282, -48.97322344422800455, 19.45819624826424388 ) ) ;
#2110 = CARTESIAN_POINT ( 'NONE',  ( 28.07725316172349039, 48.06386122903074920, 58.25237493479085771 ) ) ;
#2111 = B_SPLINE_CURVE_WITH_KNOTS ( 'NONE', 3,
 ( #6727, #4656, #6141, #5766, #5237, #5726, #1526 ),
 .UNSPECIFIED., .F., .F.,
 ( 4, 3, 4 ),
 ( 0.000000000000000000, 0.01258337285662358349, 0.04008255950779793936 ),
 .UNSPECIFIED. ) ;
#2112 = CARTESIAN_POINT ( 'NONE',  ( 49.23125140390099830, 22.26229805628112146, 32.12628572360055301 ) ) ;
#2113 = CARTESIAN_POINT ( 'NONE',  ( 89.82729936416122030, 8.820581436504951967, -0.006189695539729943297 ) ) ;
#2114 = CARTESIAN_POINT ( 'NONE',  ( 22.50029827766107360, -14.26686019889626955, -60.40771648784495795 ) ) ;
#2115 = CARTESIAN_POINT ( 'NONE',  ( 49.27737675194773459, 38.84860023647997451, -17.72100078361363629 ) ) ;
#2116 = FACE_OUTER_BOUND ( 'NONE', #1701, .T. ) ;
#2117 = VECTOR ( 'NONE', #2425, 1000.000000000000114 ) ;
#2118 = ORIENTED_EDGE ( 'NONE', *, *, #6671, .F. ) ;
#2119 = CARTESIAN_POINT ( 'NONE',  ( 89.82615535696581333, 8.814554879233119422, -0.009188754973041115062 ) ) ;
#2120 = ORIENTED_EDGE ( 'NONE', *, *, #937, .F. ) ;
#2121 = VECTOR ( 'NONE', #6020, 1000.000000000000114 ) ;
#2122 = CARTESIAN_POINT ( 'NONE',  ( 49.27030864395450749, -6.880836404194082156, -31.13613756382212117 ) ) ;
#2123 = MECHANICAL_DESIGN_GEOMETRIC_PRESENTATION_REPRESENTATION (  '', ( #6744 ), #5750 ) ;
#2124 = DIRECTION ( 'NONE',  ( 0.000000000000000000, 0.000000000000000000, 1.000000000000000000 ) ) ;
#2125 = CARTESIAN_POINT ( 'NONE',  ( 22.90123142467806971, -21.74484280984109574, -57.57575177153807999 ) ) ;
#2126 = EDGE_LOOP ( 'NONE', ( #2138, #5180, #1585, #4482 ) ) ;
#2127 = CARTESIAN_POINT ( 'NONE',  ( 18.78844479849039928, 35.76624165099752162, -54.67039176333777561 ) ) ;
#2128 = EDGE_LOOP ( 'NONE', ( #5039, #1080, #3499, #3110 ) ) ;
#2129 = LINE ( 'NONE', #2093, #2652 ) ;
#2130 = CARTESIAN_POINT ( 'NONE',  ( 50.05827993638285989, 33.49652528995876111, -25.72903933161216727 ) ) ;
#2131 = CARTESIAN_POINT ( 'NONE',  ( 27.43416788634279868, 6.672771869637900366, -69.56948655961751626 ) ) ;
#2132 = CARTESIAN_POINT ( 'NONE',  ( 49.27030864395453591, -12.99104046867924822, 27.20934784904206083 ) ) ;
#2133 = CARTESIAN_POINT ( 'NONE',  ( 28.65641647731176533, 74.08039964724402182, 29.09663053110091013 ) ) ;
#2134 = EDGE_CURVE ( 'NONE', #1221, #5286, #1195, .T. ) ;
#2135 = EDGE_LOOP ( 'NONE', ( #3561, #4527, #6324, #2940 ) ) ;
#2136 = AXIS2_PLACEMENT_3D ( 'NONE', #352, #5216, #418 ) ;
#2137 = CARTESIAN_POINT ( 'NONE',  ( 18.77401912713006382, 59.10042910495630508, -34.46704991527023765 ) ) ;
#2138 = ORIENTED_EDGE ( 'NONE', *, *, #6774, .F. ) ;
#2139 = CARTESIAN_POINT ( 'NONE',  ( 19.46190759237069301, -51.08210180147601420, 14.51174484338390336 ) ) ;
#2140 = EDGE_CURVE ( 'NONE', #2481, #1335, #4453, .T. ) ;
#2141 = CARTESIAN_POINT ( 'NONE',  ( 19.46190759237069301, 62.19201873634112587, -30.79810464809198223 ) ) ;
#2142 = CARTESIAN_POINT ( 'NONE',  ( 18.80019331273212302, -49.85361594625598514, 16.59765428669528475 ) ) ;
#2143 = ORIENTED_EDGE ( 'NONE', *, *, #6808, .F. ) ;
#2144 = CARTESIAN_POINT ( 'NONE',  ( 20.23383842789535336, -41.90900218686526557, 36.34620345081318504 ) ) ;
#2145 = CARTESIAN_POINT ( 'NONE',  ( 49.46084658743964724, 22.70295858268507061, 43.76970021317209358 ) ) ;
#2146 = CARTESIAN_POINT ( 'NONE',  ( 19.46190759237069301, -14.07564557114135440, -57.21947199010219265 ) ) ;
#2147 = CARTESIAN_POINT ( 'NONE',  ( 28.07725316172420804, 78.10617965255069350, -11.50561499319443115 ) ) ;
#2148 = DIRECTION ( 'NONE',  ( -1.000000000000000000, -0.000000000000000000, -0.000000000000000000 ) ) ;
#2149 = EDGE_LOOP ( 'NONE', ( #6567, #1073, #6803, #5432 ) ) ;
#2150 = CARTESIAN_POINT ( 'NONE',  ( 48.49086870021275786, -37.86767003369258333, 5.680315469235011960 ) ) ;
#2151 = ORIENTED_EDGE ( 'NONE', *, *, #97, .T. ) ;
#2152 = CARTESIAN_POINT ( 'NONE',  ( 18.79321571199462326, -0.4587655660756639886, 60.25023243085012581 ) ) ;
#2153 = CARTESIAN_POINT ( 'NONE',  ( 49.23372534307176807, 42.38594599620407877, -9.275331722962810943 ) ) ;
#2154 = CARTESIAN_POINT ( 'NONE',  ( 54.30008724204793680, 33.95162501580357883, 17.23303557122668650 ) ) ;
#2155 = CARTESIAN_POINT ( 'NONE',  ( 18.85592173195389520, 50.51329016067562350, 44.54956717659246124 ) ) ;
#2156 = CARTESIAN_POINT ( 'NONE',  ( 18.78844479849039928, -18.14175185507876620, 54.67039176333783246 ) ) ;
#2157 = ORIENTED_EDGE ( 'NONE', *, *, #4151, .T. ) ;
#2158 = CARTESIAN_POINT ( 'NONE',  ( 26.06099036693303006, 24.58870689507851992, 66.65965240051048113 ) ) ;
#2159 = ORIENTED_EDGE ( 'NONE', *, *, #1028, .F. ) ;
#2160 = CARTESIAN_POINT ( 'NONE',  ( 18.79017952991916474, -50.08141837276404829, -15.72285951320667685 ) ) ;
#2161 = CARTESIAN_POINT ( 'NONE',  ( 52.60397151635673652, -4.175395199171619609, -35.92602083939281243 ) ) ;
#2162 = CARTESIAN_POINT ( 'NONE',  ( 89.82681805825622234, 8.811989328206843552, 0.01009203321586817949 ) ) ;
#2163 = CARTESIAN_POINT ( 'NONE',  ( 19.42422096688429534, 51.37571778330978844, -44.61327211425953720 ) ) ;
#2164 = VECTOR ( 'NONE', #3189, 1000.000000000000227 ) ;
#2165 = ORIENTED_EDGE ( 'NONE', *, *, #4391, .F. ) ;
#2166 = CARTESIAN_POINT ( 'NONE',  ( 18.85592173195393428, 36.27304135307523580, 54.49353878833277065 ) ) ;
#2167 = VERTEX_POINT ( 'NONE', #1833 ) ;
#2168 = CARTESIAN_POINT ( 'NONE',  ( 49.23290854358262436, -20.05054781908183514, -19.49634527847508991 ) ) ;
#2169 = EDGE_CURVE ( 'NONE', #366, #6152, #1767, .T. ) ;
#2170 = CARTESIAN_POINT ( 'NONE',  ( 18.78844479849039928, -14.85376631051117613, 56.17196444846995007 ) ) ;
#2171 = CARTESIAN_POINT ( 'NONE',  ( 89.82729936416122030, 8.805989886550726453, 0.008287643698767457878 ) ) ;
#2172 = CARTESIAN_POINT ( 'NONE',  ( 18.80019331273212302, -49.51398717522389603, 17.75432365815897739 ) ) ;
#2173 = ADVANCED_FACE ( 'NONE', ( #4485 ), #4817, .F. ) ;
#2174 = EDGE_LOOP ( 'NONE', ( #2355, #1640, #379, #6373, #2585, #2912, #4531, #4257, #3744, #3209, #1205, #2894, #5916, #2281, #2744, #6527, #3010, #279, #5752, #6829, #6592, #3424, #2284, #5032, #2806, #223, #4891, #2413, #5643, #1327, #2317, #6158, #4244, #2263, #808, #4197, #2938, #1493, #3604, #927, #4209, #3000, #4673, #2292, #1642, #41, #1921, #4121, #304, #1565, #35, #1458, #1631, #6406, #1822, #4192, #3693, #3244, #3421, #2626, #1806, #5741, #1720, #3194, #4188, #5183, #1497, #3136, #5080, #2618 ) ) ;
#2175 = CARTESIAN_POINT ( 'NONE',  ( 18.79234720619588828, 67.54901204501061329, 16.30452729368743192 ) ) ;
#2176 = EDGE_CURVE ( 'NONE', #311, #4791, #2111, .T. ) ;
#2177 = EDGE_CURVE ( 'NONE', #5429, #2232, #6208, .T. ) ;
#2178 = CARTESIAN_POINT ( 'NONE',  ( 49.23395903331215351, 42.35162237530074947, 9.397753906228455634 ) ) ;
#2179 = CARTESIAN_POINT ( 'NONE',  ( 89.82643428741083369, 8.810751999983279958, 0.009672434044252265634 ) ) ;
#2180 = CARTESIAN_POINT ( 'NONE',  ( 49.61704819046447312, 2.134657835592665975, -34.57496359180372281 ) ) ;
#2181 = CARTESIAN_POINT ( 'NONE',  ( 49.23165480826241236, -13.20359161104926038, -26.98754054080793452 ) ) ;
#2182 = ORIENTED_EDGE ( 'NONE', *, *, #1623, .F. ) ;
#2183 = CARTESIAN_POINT ( 'NONE',  ( 49.56354134330947403, 12.15261318058088413, -35.00135493033686629 ) ) ;
#2184 = EDGE_LOOP ( 'NONE', ( #3358, #2839, #2339, #4317 ) ) ;
#2185 =( BOUNDED_SURFACE ( )  B_SPLINE_SURFACE ( 3, 1, ( 
 ( #6589, #5370 ),
 ( #1121, #629 ),
 ( #1863, #4300 ),
 ( #5333, #1088 ) ),
 .UNSPECIFIED., .F., .F., .T. ) 
 B_SPLINE_SURFACE_WITH_KNOTS ( ( 4, 4 ),
 ( 2, 2 ),
 ( 0.000000000000000000, 1.000000000000000000 ),
 ( 0.000000000000000000, 1.000000000000000000 ),
 .UNSPECIFIED. ) 
 GEOMETRIC_REPRESENTATION_ITEM ( )  RATIONAL_B_SPLINE_SURFACE ( (
 ( 1.000000000000000000, 1.000000000000000000),
 ( 0.9936547718337395141, 0.8399137562987549765),
 ( 0.9936547718337395141, 0.8399137562987549765),
 ( 1.000000000000000000, 1.000000000000000000) ) ) 
 REPRESENTATION_ITEM ( '' )  SURFACE ( )  );
#2186 = CARTESIAN_POINT ( 'NONE',  ( 49.23372534307177517, -24.44637268603191060, -10.34840762664136271 ) ) ;
#2187 = CARTESIAN_POINT ( 'NONE',  ( 19.42422096688429534, -44.59611948997846298, 30.81460507954313144 ) ) ;
#2188 = CARTESIAN_POINT ( 'NONE',  ( 20.23383842789535336, -50.09434412257110125, 20.58410020122472517 ) ) ;
#2189 = CARTESIAN_POINT ( 'NONE',  ( 49.61704819046445891, 39.31514848042405674, -17.59520245376243253 ) ) ;
#2190 = CARTESIAN_POINT ( 'NONE',  ( 89.83068436596585116, 8.801062015986236275, 0.009425395988851828152 ) ) ;
#2191 = VERTEX_POINT ( 'NONE', #1557 ) ;
#2192 = LINE ( 'NONE', #1710, #3232 ) ;
#2193 = ORIENTED_EDGE ( 'NONE', *, *, #6040, .F. ) ;
#2194 = CARTESIAN_POINT ( 'NONE',  ( 19.01941379036735214, -29.10590095269377997, -48.10283424576447686 ) ) ;
#2195 = CARTESIAN_POINT ( 'NONE',  ( 42.43839482824579790, -40.69930197505151170, 21.32401660524613263 ) ) ;
#2196 = CARTESIAN_POINT ( 'NONE',  ( 22.50029827766108426, 3.686826139288621018, -64.46291481073303942 ) ) ;
#2197 = CARTESIAN_POINT ( 'NONE',  ( 89.82729936416122030, 8.817185178188168493, 0.009132570123287751113 ) ) ;
#2198 = B_SPLINE_CURVE_WITH_KNOTS ( 'NONE', 3,
 ( #1115, #5328, #1152, #1643, #3745, #3255, #6595, #4009, #2384, #3417, #238, #6662, #6080 ),
 .UNSPECIFIED., .F., .F.,
 ( 4, 3, 3, 3, 4 ),
 ( 1.387778780781445676E-17, 0.0009041618729686887700, 0.001808323717130798673, 0.002711696379629075990, 0.003615359634610206679 ),
 .UNSPECIFIED. ) ;
#2199 = CARTESIAN_POINT ( 'NONE',  ( 89.82729936416122030, 8.813026309940347858, 0.01035372402149335562 ) ) ;
#2200 = ORIENTED_EDGE ( 'NONE', *, *, #1749, .T. ) ;
#2201 = CARTESIAN_POINT ( 'NONE',  ( 49.23433077323409890, 43.64317558400144037, -0.1306752804845357219 ) ) ;
#2202 = ORIENTED_EDGE ( 'NONE', *, *, #3172, .T. ) ;
#2203 = CARTESIAN_POINT ( 'NONE',  ( 28.07725316172354724, -60.48168985663150465, 11.50561499319524472 ) ) ;
#2204 = CARTESIAN_POINT ( 'NONE',  ( 49.23411246815348363, 13.45086880013453978, 34.52070058937632524 ) ) ;
#2205 = CARTESIAN_POINT ( 'NONE',  ( 89.82545070715441682, 8.820753169952912032, 0.003706989121992899667 ) ) ;
#2206 = EDGE_CURVE ( 'NONE', #5417, #1089, #4566, .T. ) ;
#2207 = CARTESIAN_POINT ( 'NONE',  ( 18.79364822255246281, 48.73241040202600516, 46.06934367882541181 ) ) ;
#2208 = EDGE_CURVE ( 'NONE', #1649, #5921, #6299, .T. ) ;
#2209 = CARTESIAN_POINT ( 'NONE',  ( 49.61704819046447312, -15.49793538881472799, -25.47613414108555574 ) ) ;
#2210 = CARTESIAN_POINT ( 'NONE',  ( 50.05827993638285278, 12.09218944695328979, 35.50407197990134023 ) ) ;
#2211 = CARTESIAN_POINT ( 'NONE',  ( 19.11442843794943869, -19.11294858363672589, 54.54726022432328847 ) ) ;
#2212 = CARTESIAN_POINT ( 'NONE',  ( 18.79148013494830849, 69.75794249677602465, -1.205152833195526574 ) ) ;
#2213 = B_SPLINE_CURVE_WITH_KNOTS ( 'NONE', 3,
 ( #1428, #4597, #6704, #6189, #1469, #3571, #5675, #945, #4773, #2224 ),
 .UNSPECIFIED., .F., .F.,
 ( 4, 2, 2, 2, 4 ),
 ( 1.868354362588067661E-17, 0.001890020855637486712, 0.003780041711274954776, 0.005670062566912423274, 0.007560083422549891338 ),
 .UNSPECIFIED. ) ;
#2214 = EDGE_CURVE ( 'NONE', #5602, #5168, #5044, .T. ) ;
#2215 = CARTESIAN_POINT ( 'NONE',  ( 18.78844479849039928, 66.76212459006907807, 18.89923596840916886 ) ) ;
#2216 = CARTESIAN_POINT ( 'NONE',  ( 18.80019331273212302, -30.65619183441900475, 46.46942928760510227 ) ) ;
#2217 = EDGE_LOOP ( 'NONE', ( #2012, #6111, #1764, #1048 ) ) ;
#2218 = EDGE_CURVE ( 'NONE', #5943, #4053, #3490, .T. ) ;
#2219 = CARTESIAN_POINT ( 'NONE',  ( 18.79234720619590959, 1.032787700162459466, 60.45928771384242140 ) ) ;
#2220 = CARTESIAN_POINT ( 'NONE',  ( 49.23351359036893626, 3.279275088045385811, -34.38808118164187277 ) ) ;
#2221 = CARTESIAN_POINT ( 'NONE',  ( 89.83068436596585116, 8.808316793258983424, -0.01408775824021711934 ) ) ;
#2222 = EDGE_LOOP ( 'NONE', ( #2374, #5698, #5514, #5674 ) ) ;
#2223 =( BOUNDED_SURFACE ( )  B_SPLINE_SURFACE ( 3, 1, ( 
 ( #2936, #909 ),
 ( #3008, #3419 ),
 ( #3566, #4078 ),
 ( #5558, #239 ) ),
 .UNSPECIFIED., .F., .F., .T. ) 
 B_SPLINE_SURFACE_WITH_KNOTS ( ( 4, 4 ),
 ( 2, 2 ),
 ( 0.000000000000000000, 1.000000000000000000 ),
 ( 0.000000000000000000, 1.000000000000000000 ),
 .UNSPECIFIED. ) 
 GEOMETRIC_REPRESENTATION_ITEM ( )  RATIONAL_B_SPLINE_SURFACE ( (
 ( 1.000000000000000000, 1.000000000000000000),
 ( 0.9936547718337395141, 0.8399137562987549765),
 ( 0.9936547718337395141, 0.8399137562987549765),
 ( 1.000000000000000000, 1.000000000000000000) ) ) 
 REPRESENTATION_ITEM ( '' )  SURFACE ( )  );
#2224 = CARTESIAN_POINT ( 'NONE',  ( 54.54334256235712530, -22.08670784907337747, -25.62204868992947837 ) ) ;
#2225 = ORIENTED_EDGE ( 'NONE', *, *, #1454, .T. ) ;
#2226 = CARTESIAN_POINT ( 'NONE',  ( 54.30008724204793680, -20.16392085975758519, 9.452394706631581656 ) ) ;
#2227 = CARTESIAN_POINT ( 'NONE',  ( 28.07725316172377816, 60.88560721878205584, -47.14226879085747157 ) ) ;
#2228 = CARTESIAN_POINT ( 'NONE',  ( 49.23395903331218193, 23.67351773432071482, 31.50159027307762472 ) ) ;
#2229 = ORIENTED_EDGE ( 'NONE', *, *, #6765, .T. ) ;
#2230 = VECTOR ( 'NONE', #3151, 1000.000000000000000 ) ;
#2231 = FACE_OUTER_BOUND ( 'NONE', #5142, .T. ) ;
#2232 = VERTEX_POINT ( 'NONE', #5201 ) ;
#2233 = CARTESIAN_POINT ( 'NONE',  ( 18.76137069372868282, 31.94815557556807306, 56.41375177985933931 ) ) ;
#2234 = AXIS2_PLACEMENT_3D ( 'NONE', #4038, #2999, #5694 ) ;
#2235 = B_SPLINE_CURVE_WITH_KNOTS ( 'NONE', 3,
 ( #4109, #1490, #3590, #3104, #5203, #4915, #1169 ),
 .UNSPECIFIED., .F., .F.,
 ( 4, 3, 4 ),
 ( 0.000000000000000000, 0.007697376234836636813, 0.04008255950779725241 ),
 .UNSPECIFIED. ) ;
#2236 = CARTESIAN_POINT ( 'NONE',  ( 18.85592173195392007, 2.452305573610880973, 60.68930946563366291 ) ) ;
#2237 = CARTESIAN_POINT ( 'NONE',  ( 50.05827993638285278, 30.76646033550714421, 28.09465408080733084 ) ) ;
#2238 = CONICAL_SURFACE ( 'NONE', #3117, 40.14018759214401655, 0.8495922745902004802 ) ;
#2239 = CARTESIAN_POINT ( 'NONE',  ( 18.79321571199462682, 48.27511169542713532, 46.46207364206863843 ) ) ;
#2240 = FACE_OUTER_BOUND ( 'NONE', #4259, .T. ) ;
#2241 = CARTESIAN_POINT ( 'NONE',  ( 18.85592173195390941, 67.97871096361843968, 14.93219357382045231 ) ) ;
#2242 = DIRECTION ( 'NONE',  ( -0.7588727602565363828, -0.07357512779441591211, 0.6470694200089051051 ) ) ;
#2243 = CARTESIAN_POINT ( 'NONE',  ( 49.61704819046447312, 39.31514848042381516, 17.59520245376272740 ) ) ;
#2244 = CARTESIAN_POINT ( 'NONE',  ( 54.62576016552275604, 14.65883041823453148, 30.26716795403296700 ) ) ;
#2245 = LINE ( 'NONE', #1204, #5968 ) ;
#2246 = EDGE_CURVE ( 'NONE', #6669, #3163, #2074, .T. ) ;
#2247 = B_SPLINE_CURVE_WITH_KNOTS ( 'NONE', 3,
 ( #2691, #653, #5938, #5875, #3248, #1208, #4254, #4835 ),
 .UNSPECIFIED., .F., .F.,
 ( 4, 2, 2, 4 ),
 ( 9.269593543885110151E-16, 0.001890109674893072043, 0.003780219349785216877, 0.007560438699569492667 ),
 .UNSPECIFIED. ) ;
#2248 = ORIENTED_EDGE ( 'NONE', *, *, #3006, .F. ) ;
#2249 = CARTESIAN_POINT ( 'NONE',  ( 49.23165480826241236, 2.833729476084186238, 34.31153967666762128 ) ) ;
#2250 = EDGE_CURVE ( 'NONE', #359, #3143, #4723, .T. ) ;
#2251 = CARTESIAN_POINT ( 'NONE',  ( 50.05827993638285278, 21.96198162374400908, 33.14184043533246893 ) ) ;
#2252 = CARTESIAN_POINT ( 'NONE',  ( 18.85583905783801484, 15.17213318583022108, 60.68923278919452713 ) ) ;
#2253 = CARTESIAN_POINT ( 'NONE',  ( 54.54334256235712530, -22.08670784907373275, 25.62204868992893481 ) ) ;
#2254 = ORIENTED_EDGE ( 'NONE', *, *, #3090, .F. ) ;
#2255 = EDGE_CURVE ( 'NONE', #656, #5983, #5585, .T. ) ;
#2256 = CARTESIAN_POINT ( 'NONE',  ( 42.33298211887890972, -39.83448885581955778, 23.50624223641107946 ) ) ;
#2257 = ORIENTED_EDGE ( 'NONE', *, *, #986, .F. ) ;
#2258 = LINE ( 'NONE', #4809, #1448 ) ;
#2259 = ADVANCED_FACE ( 'NONE', ( #1726 ), #392, .F. ) ;
#2260 = CARTESIAN_POINT ( 'NONE',  ( 18.77401912713006027, 19.27410959017977987, 60.06187133165483516 ) ) ;
#2261 =( BOUNDED_SURFACE ( )  B_SPLINE_SURFACE ( 3, 1, ( 
 ( #1879, #4375 ),
 ( #6475, #1334 ),
 ( #3988, #1756 ),
 ( #3848, #3881 ) ),
 .UNSPECIFIED., .F., .F., .T. ) 
 B_SPLINE_SURFACE_WITH_KNOTS ( ( 4, 4 ),
 ( 2, 2 ),
 ( 0.000000000000000000, 1.000000000000000000 ),
 ( 0.000000000000000000, 1.000000000000000000 ),
 .UNSPECIFIED. ) 
 GEOMETRIC_REPRESENTATION_ITEM ( )  RATIONAL_B_SPLINE_SURFACE ( (
 ( 1.000000000000000000, 1.000000000000000000),
 ( 0.7724073758824716585, 0.9739345816297118041),
 ( 0.7724073758824716585, 0.9739345816297118041),
 ( 1.000000000000000000, 1.000000000000000000) ) ) 
 REPRESENTATION_ITEM ( '' )  SURFACE ( )  );
#2262 = CARTESIAN_POINT ( 'NONE',  ( 18.85583905783800063, -29.34911001852695023, -47.61661628584329264 ) ) ;
#2263 = ORIENTED_EDGE ( 'NONE', *, *, #5322, .T. ) ;
#2264 = CARTESIAN_POINT ( 'NONE',  ( 19.42422096688429534, -52.77736360590404274, -2.951846395697784065 ) ) ;
#2265 = ORIENTED_EDGE ( 'NONE', *, *, #6294, .T. ) ;
#2266 = FACE_OUTER_BOUND ( 'NONE', #391, .T. ) ;
#2267 = CARTESIAN_POINT ( 'NONE',  ( 28.07725316172354013, -60.91630494323811718, 8.482800668928561549 ) ) ;
#2268 = CARTESIAN_POINT ( 'NONE',  ( 53.00898906108305653, 47.26814421167807012, -3.412267095428958896 ) ) ;
#2269 = DIRECTION ( 'NONE',  ( -0.7588727602565363828, 0.5580308349862592721, 0.3357286418302192210 ) ) ;
#2270 = CARTESIAN_POINT ( 'NONE',  ( 35.20511764130978349, 10.16244305052121888, 62.12075677815005292 ) ) ;
#2271 = CARTESIAN_POINT ( 'NONE',  ( 19.01941379036734503, 51.02914685530228667, 44.37794087551780819 ) ) ;
#2272 = CARTESIAN_POINT ( 'NONE',  ( 18.76137069372868282, 46.90457916125575366, -47.61045917794927362 ) ) ;
#2273 = CARTESIAN_POINT ( 'NONE',  ( 18.78690384720153972, -18.38105256407871479, 54.55069191834596154 ) ) ;
#2274 = CARTESIAN_POINT ( 'NONE',  ( 22.90123142467807327, -21.74484280984184537, 57.57575177153755419 ) ) ;
#2275 = CARTESIAN_POINT ( 'NONE',  ( 49.27737675194777012, -6.875248794159740662, 31.14673421812379672 ) ) ;
#2276 = ORIENTED_EDGE ( 'NONE', *, *, #3, .F. ) ;
#2277 = CARTESIAN_POINT ( 'NONE',  ( 89.83648776693894433, 8.824740725758655202, -0.008346323856044146269 ) ) ;
#2278 = LINE ( 'NONE', #4386, #231 ) ;
#2279 = CARTESIAN_POINT ( 'NONE',  ( 19.46190759237069301, -14.07564557114135440, -57.21947199010219265 ) ) ;
#2280 = CARTESIAN_POINT ( 'NONE',  ( 19.46190759237070012, -44.56752894042254098, 30.79810464809223092 ) ) ;
#2281 = ORIENTED_EDGE ( 'NONE', *, *, #6675, .T. ) ;
#2282 = CARTESIAN_POINT ( 'NONE',  ( 54.54334256235712530, -22.08670784907373275, 25.62204868992893481 ) ) ;
#2283 = ADVANCED_FACE ( 'NONE', ( #2924 ), #615, .F. ) ;
#2284 = ORIENTED_EDGE ( 'NONE', *, *, #5612, .T. ) ;
#2285 = CARTESIAN_POINT ( 'NONE',  ( 36.38592095397839898, 68.78365978716135487, 9.957088168696053287 ) ) ;
#2286 = EDGE_CURVE ( 'NONE', #5738, #70, #6344, .T. ) ;
#2287 = CARTESIAN_POINT ( 'NONE',  ( 19.01941379036734503, -29.10590095269441235, 48.10283424576388711 ) ) ;
#2288 = CARTESIAN_POINT ( 'NONE',  ( 28.07725316172353303, -30.43937143311271853, 58.25237493479069428 ) ) ;
#2289 = ORIENTED_EDGE ( 'NONE', *, *, #4238, .F. ) ;
#2290 = CARTESIAN_POINT ( 'NONE',  ( 26.06099036693303006, -51.89714451282274155, -31.72973445639718548 ) ) ;
#2291 = EDGE_CURVE ( 'NONE', #1151, #4772, #6654, .T. ) ;
#2292 = ORIENTED_EDGE ( 'NONE', *, *, #2995, .T. ) ;
#2293 = CARTESIAN_POINT ( 'NONE',  ( 19.42422096688429534, 31.71239898847430538, 57.25011978532092627 ) ) ;
#2294 = CARTESIAN_POINT ( 'NONE',  ( 50.49951337408888463, -27.23334973161061967, 1.923305584711275218 ) ) ;
#2295 = LINE ( 'NONE', #211, #3537 ) ;
#2296 = CARTESIAN_POINT ( 'NONE',  ( 18.79018048702202393, 66.85721924339786426, 18.61324944169219009 ) ) ;
#2297 = B_SPLINE_CURVE_WITH_KNOTS ( 'NONE', 3,
 ( #6501, #1092, #3195, #5299, #1650, #4268, #1126, #4304 ),
 .UNSPECIFIED., .F., .F.,
 ( 4, 2, 2, 4 ),
 ( 8.498374721940739545E-17, 0.0002264465145598634614, 0.0004528930291196419755, 0.0009057860582391895170 ),
 .UNSPECIFIED. ) ;
#2298 = CARTESIAN_POINT ( 'NONE',  ( 18.79148157003699282, -30.18816253650480519, -46.84868134974233556 ) ) ;
#2299 = CARTESIAN_POINT ( 'NONE',  ( 22.90123142467807327, -52.52619573316106028, -22.05217681278881159 ) ) ;
#2300 = CARTESIAN_POINT ( 'NONE',  ( 28.07725316172355079, 7.285295593587122198, -70.22604214938357359 ) ) ;
#2301 = CARTESIAN_POINT ( 'NONE',  ( 18.77401912713006027, 1.928945982103113632, -60.57639141392942150 ) ) ;
#2302 = CARTESIAN_POINT ( 'NONE',  ( 22.50029827766107005, -36.54914004180688636, 46.08776475046172294 ) ) ;
#2303 = CARTESIAN_POINT ( 'NONE',  ( 19.01941379036734503, 2.919826371249854891, 60.96677661753953004 ) ) ;
#2304 = ORIENTED_EDGE ( 'NONE', *, *, #4391, .T. ) ;
#2305 = CARTESIAN_POINT ( 'NONE',  ( 19.36839877834438539, 46.85176111658464748, 48.36736994286724212 ) ) ;
#2306 = CARTESIAN_POINT ( 'NONE',  ( 18.78844479849039928, -43.41994538800299352, 31.41922937391461446 ) ) ;
#2307 = CARTESIAN_POINT ( 'NONE',  ( 35.20511764130979060, -39.01968234885028153, -39.66003269788355112 ) ) ;
#2308 = CARTESIAN_POINT ( 'NONE',  ( 18.79234720619590249, 48.04349948151001826, -46.65569728294891405 ) ) ;
#2309 = CARTESIAN_POINT ( 'NONE',  ( 50.49366072217506485, 40.18940392390753402, -17.83330491662614747 ) ) ;
#2310 = EDGE_LOOP ( 'NONE', ( #2587, #1406, #76, #4521 ) ) ;
#2311 = AXIS2_PLACEMENT_3D ( 'NONE', #5238, #4724, #1627 ) ;
#2312 = CARTESIAN_POINT ( 'NONE',  ( 35.20511764130979770, -25.90863079340492092, -51.52933386883739786 ) ) ;
#2313 = ORIENTED_EDGE ( 'NONE', *, *, #2955, .F. ) ;
#2314 = CARTESIAN_POINT ( 'NONE',  ( 23.24077445196134306, 61.27064106491084061, 39.06729126375416428 ) ) ;
#2315 = CARTESIAN_POINT ( 'NONE',  ( 54.54334256235713241, 48.41060816351988905, -6.572996776293087429 ) ) ;
#2316 = CARTESIAN_POINT ( 'NONE',  ( 19.46190759237069301, -29.26911333288909134, -48.45341742586829525 ) ) ;
#2317 = ORIENTED_EDGE ( 'NONE', *, *, #3210, .T. ) ;
#2318 = DIRECTION ( 'NONE',  ( 0.7588727602565363828, -0.1117057040014879654, 0.6415870708128066369 ) ) ;
#2319 = ORIENTED_EDGE ( 'NONE', *, *, #3808, .T. ) ;
#2320 = B_SPLINE_CURVE_WITH_KNOTS ( 'NONE', 3,
 ( #3454, #1360, #831, #2972, #4118, #6633, #5065, #5557, #3565, #2935 ),
 .UNSPECIFIED., .F., .F.,
 ( 4, 2, 2, 2, 4 ),
 ( 0.000000000000000000, 0.003307264529468872689, 0.006614529058937744510, 0.009921793588406615030, 0.01322905811787548555 ),
 .UNSPECIFIED. ) ;
#2321 = CARTESIAN_POINT ( 'NONE',  ( 25.39469577495187380, 48.37574513214960348, 54.76649221478083263 ) ) ;
#2322 = B_SPLINE_CURVE_WITH_KNOTS ( 'NONE', 3,
 ( #535, #3692, #1064, #6345, #4243, #1622, #6377, #3724, #1653, #6412 ),
 .UNSPECIFIED., .F., .F.,
 ( 4, 2, 2, 2, 4 ),
 ( 4.082169624575950380E-16, 0.003307310133422195972, 0.006614620266843984284, 0.009921930400265770861, 0.01322924053368755917 ),
 .UNSPECIFIED. ) ;
#2323 = CARTESIAN_POINT ( 'NONE',  ( 19.46190759237069301, -52.74439089833655459, -2.950270223865677277 ) ) ;
#2324 = EDGE_CURVE ( 'NONE', #1838, #3153, #6006, .T. ) ;
#2325 = DIRECTION ( 'NONE',  ( 0.000000000000000000, 0.000000000000000000, 1.000000000000000000 ) ) ;
#2326 = CARTESIAN_POINT ( 'NONE',  ( 89.83648776693891591, 8.827269420593390592, 0.0002656198736514855528 ) ) ;
#2327 = ORIENTED_EDGE ( 'NONE', *, *, #1235, .T. ) ;
#2328 = VECTOR ( 'NONE', #4345, 1000.000000000000000 ) ;
#2329 = ADVANCED_FACE ( 'NONE', ( #3444 ), #575, .F. ) ;
#2330 = CARTESIAN_POINT ( 'NONE',  ( 49.51286555817212331, 42.92693893979229358, 8.299445915218582215 ) ) ;
#2331 = CIRCLE ( 'NONE', #787, 40.14018759214401655 ) ;
#2332 = EDGE_CURVE ( 'NONE', #4053, #5894, #3219, .T. ) ;
#2333 = DIRECTION ( 'NONE',  ( 0.7522347214610783928, 0.4072159905495656429, 0.5179942672164528084 ) ) ;
#2334 = CARTESIAN_POINT ( 'NONE',  ( 18.78844479849039928, -41.46572741669601925, -34.46005189268283431 ) ) ;
#2335 = CARTESIAN_POINT ( 'NONE',  ( 28.07725316172349750, 8.812244897959189416, -6.153557722908013615E-14 ) ) ;
#2336 = CARTESIAN_POINT ( 'NONE',  ( 42.43839482824582632, -44.36815259379471144, -8.829058871601617398 ) ) ;
#2337 = CARTESIAN_POINT ( 'NONE',  ( 18.76137069372868282, 31.94815557556883334, -56.41375177985914036 ) ) ;
#2338 = CARTESIAN_POINT ( 'NONE',  ( 51.15501191307611606, -31.59332979017158394, -17.40308279441838835 ) ) ;
#2339 = ORIENTED_EDGE ( 'NONE', *, *, #5279, .T. ) ;
#2340 = B_SPLINE_CURVE_WITH_KNOTS ( 'NONE', 3,
 ( #6265, #4084, #5742, #492, #6706, #2595, #4708, #3224 ),
 .UNSPECIFIED., .F., .F.,
 ( 4, 2, 2, 4 ),
 ( 4.257147131969683559E-17, 0.001890109674892185600, 0.003780219349784328699, 0.007560438699568614897 ),
 .UNSPECIFIED. ) ;
#2341 = CARTESIAN_POINT ( 'NONE',  ( 18.79321571199461971, -15.96221970956095149, -55.69800756226793936 ) ) ;
#2342 = CARTESIAN_POINT ( 'NONE',  ( 52.60448476329266043, -13.77092182858979008, 30.81229899901221359 ) ) ;
#2343 = CARTESIAN_POINT ( 'NONE',  ( 89.83648776693891591, 8.799749070159723630, -0.008346323856047754494 ) ) ;
#2344 = SURFACE_SIDE_STYLE ('',( #1419 ) ) ;
#2345 = ORIENTED_EDGE ( 'NONE', *, *, #602, .F. ) ;
#2346 = CARTESIAN_POINT ( 'NONE',  ( 49.61704819046445891, 30.56936935113358089, 27.68836961395724217 ) ) ;
#2347 = VERTEX_POINT ( 'NONE', #4065 ) ;
#2348 = CARTESIAN_POINT ( 'NONE',  ( 54.54334256235712530, 39.71119764499194105, 25.62204868992914442 ) ) ;
#2349 = CARTESIAN_POINT ( 'NONE',  ( 18.79148013494832981, 16.29283588014754969, -60.49686940425094406 ) ) ;
#2350 = CARTESIAN_POINT ( 'NONE',  ( 49.23165480826241236, 22.33301653717497004, 32.09693343472725502 ) ) ;
#2351 = CARTESIAN_POINT ( 'NONE',  ( 49.23165480826241236, 14.79076031983442618, -34.31153967666770654 ) ) ;
#2352 = VERTEX_POINT ( 'NONE', #2404 ) ;
#2353 = CARTESIAN_POINT ( 'NONE',  ( 18.79364822255247702, 0.1362322626210759613, -60.33846903610731971 ) ) ;
#2354 = B_SPLINE_CURVE_WITH_KNOTS ( 'NONE', 3,
 ( #3159, #1612, #593, #9, #4709, #4230, #4810 ),
 .UNSPECIFIED., .F., .F.,
 ( 4, 3, 4 ),
 ( 0.000000000000000000, 0.007697376234836473749, 0.04008255950779806426 ),
 .UNSPECIFIED. ) ;
#2355 = ORIENTED_EDGE ( 'NONE', *, *, #3423, .F. ) ;
#2356 = CARTESIAN_POINT ( 'NONE',  ( 19.46190759237069301, 46.89360312880777570, 48.45341742586793288 ) ) ;
#2357 = CARTESIAN_POINT ( 'NONE',  ( 49.23423108862792219, 23.02532077621892270, -31.79960764522448002 ) ) ;
#2358 = CARTESIAN_POINT ( 'NONE',  ( 54.54334256235661371, 8.812244897959189416, -6.153557722908013615E-14 ) ) ;
#2359 = CARTESIAN_POINT ( 'NONE',  ( 26.06099036693303006, 69.52163430874135486, 31.72973445639664547 ) ) ;
#2360 = ORIENTED_EDGE ( 'NONE', *, *, #5711, .F. ) ;
#2361 = EDGE_CURVE ( 'NONE', #4154, #4149, #6256, .T. ) ;
#2362 = CARTESIAN_POINT ( 'NONE',  ( 51.77745077274523311, 43.86137581774458027, 12.97889796789423222 ) ) ;
#2363 = CARTESIAN_POINT ( 'NONE',  ( 22.50029827766107005, 31.89134999481502675, 60.40771648784460268 ) ) ;
#2364 = CARTESIAN_POINT ( 'NONE',  ( 18.79364884033507721, -30.88014978309309910, -46.26671325010834579 ) ) ;
#2365 = EDGE_CURVE ( 'NONE', #2923, #5491, #5352, .T. ) ;
#2366 = CARTESIAN_POINT ( 'NONE',  ( 49.27737675194776301, 24.49973859007832644, -31.14673421812381449 ) ) ;
#2367 = CARTESIAN_POINT ( 'NONE',  ( 26.76916540935824074, -30.69354265424210837, -56.49371383259853019 ) ) ;
#2368 = CARTESIAN_POINT ( 'NONE',  ( 20.99620941596851154, -20.50378349138384237, -55.94679837716618920 ) ) ;
#2369 = VECTOR ( 'NONE', #1639, 1000.000000000000227 ) ;
#2370 = B_SPLINE_CURVE_WITH_KNOTS ( 'NONE', 3,
 ( #6212, #3591, #4585, #4662, #1451, #1002, #6693, #2077, #6285, #1970, #3556, #2722, #5384 ),
 .UNSPECIFIED., .F., .F.,
 ( 4, 3, 3, 3, 4 ),
 ( 1.387778780781445676E-17, 0.0009041618729686809637, 0.001808323717130794553, 0.002711696379629079459, 0.003615359634610207547 ),
 .UNSPECIFIED. ) ;
#2371 = CARTESIAN_POINT ( 'NONE',  ( 26.06099036693303006, -13.95467967650451335, -64.60706738990809583 ) ) ;
#2372 = CARTESIAN_POINT ( 'NONE',  ( 53.00847882770923292, -10.26626529552939893, 33.56293717223071837 ) ) ;
#2373 = EDGE_CURVE ( 'NONE', #4696, #699, #4425, .T. ) ;
#2374 = ORIENTED_EDGE ( 'NONE', *, *, #3183, .T. ) ;
#2375 = CARTESIAN_POINT ( 'NONE',  ( 23.24077445196144964, 40.01627930045583525, -57.48430057070963528 ) ) ;
#2376 = EDGE_CURVE ( 'NONE', #4033, #5943, #3951, .T. ) ;
#2377 = LINE ( 'NONE', #1801, #5637 ) ;
#2378 = CARTESIAN_POINT ( 'NONE',  ( 18.79017952991917184, 35.49684806741404941, 54.80514426954900387 ) ) ;
#2379 = CARTESIAN_POINT ( 'NONE',  ( 89.83648776693891591, 8.814120194221620963, 0.01490939630666650480 ) ) ;
#2380 = CARTESIAN_POINT ( 'NONE',  ( 54.54334256235712530, -3.329282912655594728, 38.25987405045302836 ) ) ;
#2381 = ORIENTED_EDGE ( 'NONE', *, *, #2088, .F. ) ;
#2382 = CARTESIAN_POINT ( 'NONE',  ( 20.23383842789535336, -51.87173598197446722, -14.53085942714918311 ) ) ;
#2383 = EDGE_LOOP ( 'NONE', ( #756, #3618, #2193, #2487, #1955, #5435 ) ) ;
#2384 = CARTESIAN_POINT ( 'NONE',  ( 18.79321399865038700, 67.12958980879838577, -17.75187477920240653 ) ) ;
#2385 = CARTESIAN_POINT ( 'NONE',  ( 49.23165480826241236, 12.74257916029797677, 34.60602366957838427 ) ) ;
#2386 = CARTESIAN_POINT ( 'NONE',  ( 19.10106442482189237, -50.68981598055574267, -14.59876069650553099 ) ) ;
#2387 = VERTEX_POINT ( 'NONE', #2608 ) ;
#2388 = CARTESIAN_POINT ( 'NONE',  ( 36.38592095397837056, 27.20280647701106602, -57.94395096486882579 ) ) ;
#2389 = B_SPLINE_CURVE_WITH_KNOTS ( 'NONE', 3,
 ( #199, #6534, #115, #3287, #662, #3455, #910, #4045 ),
 .UNSPECIFIED., .F., .F.,
 ( 4, 2, 2, 4 ),
 ( 1.938005242023075679E-16, 0.0003956619665159705071, 0.0007913239330317471589, 0.001582647866063300679 ),
 .UNSPECIFIED. ) ;
#2390 = ORIENTED_EDGE ( 'NONE', *, *, #332, .F. ) ;
#2391 =( BOUNDED_SURFACE ( )  B_SPLINE_SURFACE ( 3, 1, ( 
 ( #1630, #4695 ),
 ( #5805, #4215 ),
 ( #5312, #2078 ),
 ( #5274, #541 ) ),
 .UNSPECIFIED., .F., .F., .T. ) 
 B_SPLINE_SURFACE_WITH_KNOTS ( ( 4, 4 ),
 ( 2, 2 ),
 ( 0.000000000000000000, 1.000000000000000000 ),
 ( 0.000000000000000000, 1.000000000000000000 ),
 .UNSPECIFIED. ) 
 GEOMETRIC_REPRESENTATION_ITEM ( )  RATIONAL_B_SPLINE_SURFACE ( (
 ( 1.000000000000000000, 1.000000000000000000),
 ( 0.9936547718337395141, 0.8399137562987549765),
 ( 0.9936547718337395141, 0.8399137562987549765),
 ( 1.000000000000000000, 1.000000000000000000) ) ) 
 REPRESENTATION_ITEM ( '' )  SURFACE ( )  );
#2392 = CARTESIAN_POINT ( 'NONE',  ( 19.42422096688429534, 70.40185340182245000, -2.951846395697384828 ) ) ;
#2393 = CARTESIAN_POINT ( 'NONE',  ( 17.53340716131418375, 8.812244897959189416, -6.153557722908013615E-14 ) ) ;
#2394 = CARTESIAN_POINT ( 'NONE',  ( 89.82615535696581333, 8.820702011651309959, 0.004271587461044227402 ) ) ;
#2395 = CARTESIAN_POINT ( 'NONE',  ( 89.82729936416122030, 8.818499909367657708, 0.008287643698768349526 ) ) ;
#2396 = CARTESIAN_POINT ( 'NONE',  ( 49.61704819046445891, -24.46047569462414373, 11.53014920622940664 ) ) ;
#2397 = CARTESIAN_POINT ( 'NONE',  ( 27.43416788634275605, 30.46504356245822365, 66.14867432535864111 ) ) ;
#2398 = CARTESIAN_POINT ( 'NONE',  ( 30.84680909296950446, 70.43315093154488693, -26.53817979123716597 ) ) ;
#2399 = CARTESIAN_POINT ( 'NONE',  ( 89.82729936416122030, 8.821987586868580422, 0.003590295059357000943 ) ) ;
#2400 = ADVANCED_FACE ( 'NONE', ( #475 ), #1104, .F. ) ;
#2401 = CARTESIAN_POINT ( 'NONE',  ( 18.85592173195391652, 69.78893843636342353, -2.341784949217617040 ) ) ;
#2402 = CARTESIAN_POINT ( 'NONE',  ( 49.51286555817210200, 15.43455941870533721, 34.47953164496050249 ) ) ;
#2403 = ORIENTED_EDGE ( 'NONE', *, *, #1146, .T. ) ;
#2404 = CARTESIAN_POINT ( 'NONE',  ( 49.23165480826241236, -19.91506434010349125, -19.69177761335575738 ) ) ;
#2405 = ADVANCED_FACE ( 'NONE', ( #3585 ), #5024, .F. ) ;
#2406 = CARTESIAN_POINT ( 'NONE',  ( 18.79148157003699993, -15.40957322219929004, -55.93866508255137404 ) ) ;
#2407 = CARTESIAN_POINT ( 'NONE',  ( 33.61636502379862890, -49.91539461658116039, 25.29236940746494966 ) ) ;
#2408 = CARTESIAN_POINT ( 'NONE',  ( 49.23084801259431487, -4.567092068022262197, 32.15563706259087695 ) ) ;
#2409 = CARTESIAN_POINT ( 'NONE',  ( 19.42422096688429534, 68.73867273754683538, -14.51952200279451688 ) ) ;
#2410 = ADVANCED_FACE ( 'NONE', ( #5689 ), #1819, .F. ) ;
#2411 = DIRECTION ( 'NONE',  ( -1.000000000000000000, -0.000000000000000000, -0.000000000000000000 ) ) ;
#2412 = EDGE_CURVE ( 'NONE', #1414, #4696, #1162, .T. ) ;
#2413 = ORIENTED_EDGE ( 'NONE', *, *, #3632, .T. ) ;
#2414 = ORIENTED_EDGE ( 'NONE', *, *, #3264, .F. ) ;
#2415 = EDGE_CURVE ( 'NONE', #2419, #3393, #736, .T. ) ;
#2416 = DIRECTION ( 'NONE',  ( 0.7522347214610783928, -0.5706747102996048149, 0.3293528485573425924 ) ) ;
#2417 = CARTESIAN_POINT ( 'NONE',  ( 49.23351359036895758, -5.124725023174651284, 31.92044410233058116 ) ) ;
#2418 = CARTESIAN_POINT ( 'NONE',  ( 18.78844479849040638, 19.27198613831881957, 60.04967518400360404 ) ) ;
#2419 = VERTEX_POINT ( 'NONE', #3137 ) ;
#2420 = CARTESIAN_POINT ( 'NONE',  ( 28.65641647731176178, -30.36399475071131704, 59.76427176524382645 ) ) ;
#2421 = ORIENTED_EDGE ( 'NONE', *, *, #6585, .T. ) ;
#2422 = CARTESIAN_POINT ( 'NONE',  ( 20.23383572758629967, 47.23901505083864549, 49.16375097116919335 ) ) ;
#2423 = CARTESIAN_POINT ( 'NONE',  ( 49.23372534307176807, -5.146713164020201958, -31.91195189625971196 ) ) ;
#2424 = CARTESIAN_POINT ( 'NONE',  ( 28.07725316172349750, 8.812244897959189416, -6.153557722908013615E-14 ) ) ;
#2425 = DIRECTION ( 'NONE',  ( 0.7522347214610783928, -0.5366567310078724784, -0.3822858575625283639 ) ) ;
#2426 = VERTEX_POINT ( 'NONE', #1167 ) ;
#2427 = EDGE_LOOP ( 'NONE', ( #1844, #194, #1122, #3775 ) ) ;
#2428 = CARTESIAN_POINT ( 'NONE',  ( 22.90123142467807327, 32.31445790886425584, 60.79760509123693879 ) ) ;
#2429 = AXIS2_PLACEMENT_3D ( 'NONE', #3085, #5853, #1119 ) ;
#2430 = CARTESIAN_POINT ( 'NONE',  ( 19.42422096688430244, -49.45092047670246416, 20.18407375451648988 ) ) ;
#2431 = CARTESIAN_POINT ( 'NONE',  ( 54.17539151718673907, 29.27904369418320485, -34.10379427702500266 ) ) ;
#2432 = CARTESIAN_POINT ( 'NONE',  ( 89.83068436596586537, 8.823165847046649191, -0.009727682653096718715 ) ) ;
#2433 = CARTESIAN_POINT ( 'NONE',  ( 27.43416788634280223, -30.59969842907097615, -57.36888989857371968 ) ) ;
#2434 = CARTESIAN_POINT ( 'NONE',  ( 53.79529533164527777, -0.8050844342996620329, -38.20127002559533480 ) ) ;
#2435 = AXIS2_PLACEMENT_3D ( 'NONE', #512, #2148, #5350 ) ;
#2436 = CARTESIAN_POINT ( 'NONE',  ( 28.07725316172377816, 48.06386122903145974, -58.25237493479085771 ) ) ;
#2437 = ORIENTED_EDGE ( 'NONE', *, *, #1065, .F. ) ;
#2438 = CARTESIAN_POINT ( 'NONE',  ( 217.5334579613141841, 8.812244897959192969, -27.50000000000006395 ) ) ;
#2439 = B_SPLINE_CURVE_WITH_KNOTS ( 'NONE', 3,
 ( #3152, #5778, #3741, #1047, #5845, #452, #1110, #3216 ),
 .UNSPECIFIED., .F., .F.,
 ( 4, 2, 2, 4 ),
 ( 9.753281231367552669E-16, 0.001890109674893116062, 0.003780219349785256776, 0.007560438699569544709 ),
 .UNSPECIFIED. ) ;
#2440 = CARTESIAN_POINT ( 'NONE',  ( 18.79321399865036568, -42.14155671357040944, 33.46269380906360169 ) ) ;
#2441 = CIRCLE ( 'NONE', #1797, 70.24264068317124554 ) ;
#2442 = CARTESIAN_POINT ( 'NONE',  ( 28.07725316172349750, 73.32641740928259821, 27.78399027001529475 ) ) ;
#2443 = CARTESIAN_POINT ( 'NONE',  ( 89.84074713331158080, 8.818379560586645738, 0.009274716992682200886 ) ) ;
#2444 = CYLINDRICAL_SURFACE ( 'NONE', #1882, 27.50000000000000000 ) ;
#2445 = CARTESIAN_POINT ( 'NONE',  ( 17.53340716131418375, 8.812244897959189416, -6.153557722908013615E-14 ) ) ;
#2446 = ORIENTED_EDGE ( 'NONE', *, *, #6381, .F. ) ;
#2447 = CARTESIAN_POINT ( 'NONE',  ( 20.99620941596851509, 38.12827328730257648, 55.94679837716587656 ) ) ;
#2448 = ORIENTED_EDGE ( 'NONE', *, *, #381, .F. ) ;
#2449 = CARTESIAN_POINT ( 'NONE',  ( 18.79321571199461971, 59.76646711214938534, 33.46205883598076980 ) ) ;
#2450 = EDGE_CURVE ( 'NONE', #5975, #516, #649, .T. ) ;
#2451 = CARTESIAN_POINT ( 'NONE',  ( 28.07725316172353303, -43.26111742286299489, 47.14226879085772737 ) ) ;
#2452 = EDGE_CURVE ( 'NONE', #4330, #3865, #3270, .T. ) ;
#2453 = CARTESIAN_POINT ( 'NONE',  ( 49.56354134330945982, -19.82749021767026321, 20.39653107098204998 ) ) ;
#2454 = CARTESIAN_POINT ( 'NONE',  ( 54.62576016552275604, -5.324759444419808752, -27.39396149568546690 ) ) ;
#2455 = CARTESIAN_POINT ( 'NONE',  ( 18.85583905783801129, -41.21845806236617449, -34.93651266040935610 ) ) ;
#2456 = ADVANCED_FACE ( 'NONE', ( #4308 ), #2953, .F. ) ;
#2457 = ORIENTED_EDGE ( 'NONE', *, *, #2542, .T. ) ;
#2458 = LINE ( 'NONE', #6153, #683 ) ;
#2459 = ORIENTED_EDGE ( 'NONE', *, *, #301, .T. ) ;
#2460 = EDGE_CURVE ( 'NONE', #1532, #623, #3365, .T. ) ;
#2461 = CARTESIAN_POINT ( 'NONE',  ( 18.76137069372868282, 69.73900312985657024, -2.389954835098128783 ) ) ;
#2462 = EDGE_CURVE ( 'NONE', #1608, #4959, #5926, .T. ) ;
#2463 = CARTESIAN_POINT ( 'NONE',  ( 22.50029827766115886, 65.32059882334147005, -31.44110748671701572 ) ) ;
#2464 = CARTESIAN_POINT ( 'NONE',  ( 18.77401912713006027, -52.12716176731688478, 1.807682489461409414 ) ) ;
#2465 = ORIENTED_EDGE ( 'NONE', *, *, #809, .F. ) ;
#2466 = ORIENTED_EDGE ( 'NONE', *, *, #4653, .F. ) ;
#2467 = CARTESIAN_POINT ( 'NONE',  ( 54.54334256235712530, 45.67813823971285103, 15.87893472645147241 ) ) ;
#2468 = CARTESIAN_POINT ( 'NONE',  ( 19.46190759237069301, 14.65242683903169763, 61.34994523100074559 ) ) ;
#2469 = CARTESIAN_POINT ( 'NONE',  ( 18.80019331273212302, -30.65619183441840079, -46.46942928760573466 ) ) ;
#2470 = CYLINDRICAL_SURFACE ( 'NONE', #6086, 27.50000000000000000 ) ;
#2471 = CARTESIAN_POINT ( 'NONE',  ( 51.77745077274520469, -17.55371113482676293, 26.49018182592300263 ) ) ;
#2472 =( BOUNDED_SURFACE ( )  B_SPLINE_SURFACE ( 3, 1, ( 
 ( #3822, #4790 ),
 ( #58, #2779 ),
 ( #2205, #5378 ),
 ( #6314, #5796 ) ),
 .UNSPECIFIED., .F., .F., .T. ) 
 B_SPLINE_SURFACE_WITH_KNOTS ( ( 4, 4 ),
 ( 2, 2 ),
 ( 0.000000000000000000, 1.000000000000000000 ),
 ( 0.000000000000000000, 1.000000000000000000 ),
 .UNSPECIFIED. ) 
 GEOMETRIC_REPRESENTATION_ITEM ( )  RATIONAL_B_SPLINE_SURFACE ( (
 ( 1.000000000000000000, 1.000000000000000000),
 ( 0.9611591142731221726, 0.9996856433685865628),
 ( 0.9611591142731221726, 0.9996856433685865628),
 ( 1.000000000000000000, 1.000000000000000000) ) ) 
 REPRESENTATION_ITEM ( '' )  SURFACE ( )  );
#2473 = PRODUCT_CONTEXT ( 'NONE', #3353, 'mechanical' ) ;
#2474 = ORIENTED_EDGE ( 'NONE', *, *, #5895, .T. ) ;
#2475 = DIRECTION ( 'NONE',  ( 0.000000000000000000, 1.000000000000000000, 0.000000000000000000 ) ) ;
#2476 = CARTESIAN_POINT ( 'NONE',  ( 89.82545070715441682, 8.809786493994128165, -0.008949229610185823261 ) ) ;
#2477 = DIRECTION ( 'NONE',  ( -0.000000000000000000, 1.000000000000000000, 0.000000000000000000 ) ) ;
#2478 = CARTESIAN_POINT ( 'NONE',  ( 18.79321571199463037, -42.14197731623077203, -33.46205883598124586 ) ) ;
#2479 = ORIENTED_EDGE ( 'NONE', *, *, #6133, .F. ) ;
#2480 = CARTESIAN_POINT ( 'NONE',  ( 18.80019331273212302, 0.7325532982680966754, 60.43081945553402079 ) ) ;
#2481 = VERTEX_POINT ( 'NONE', #5901 ) ;
#2482 = CARTESIAN_POINT ( 'NONE',  ( 54.17539151718668222, -27.85715108759288938, -15.40500032812508202 ) ) ;
#2483 = CARTESIAN_POINT ( 'NONE',  ( 49.23165480826241236, -6.590776444249142330, -31.23733879773717703 ) ) ;
#2484 = CARTESIAN_POINT ( 'NONE',  ( 54.54334256235661371, 48.65842340579525427, 4.849403907097777022 ) ) ;
#2485 = CARTESIAN_POINT ( 'NONE',  ( 49.51286555817211621, 37.42492119431578601, -20.34718425796155117 ) ) ;
#2486 = EDGE_CURVE ( 'NONE', #621, #5791, #2959, .T. ) ;
#2487 = ORIENTED_EDGE ( 'NONE', *, *, #3049, .F. ) ;
#2488 = CARTESIAN_POINT ( 'NONE',  ( 19.46190759237069301, 68.70659159739449251, -14.51174484338366000 ) ) ;
#2489 = ORIENTED_EDGE ( 'NONE', *, *, #6472, .F. ) ;
#2490 = EDGE_CURVE ( 'NONE', #5815, #4570, #4289, .T. ) ;
#2491 = CARTESIAN_POINT ( 'NONE',  ( 49.23165480826241236, 43.62537402925171648, 1.034621535195154873 ) ) ;
#2492 = CARTESIAN_POINT ( 'NONE',  ( 49.24038183582140249, 41.88486593957279780, 10.94711281757473742 ) ) ;
#2493 = CARTESIAN_POINT ( 'NONE',  ( 19.46190759237069301, -33.72844426472205015, 44.58938517759306563 ) ) ;
#2494 = ADVANCED_FACE ( 'NONE', ( #4944 ), #95, .F. ) ;
#2495 = ORIENTED_EDGE ( 'NONE', *, *, #2490, .T. ) ;
#2496 = CARTESIAN_POINT ( 'NONE',  ( 22.90123142467807327, -14.68996811294547022, -60.79760509123721590 ) ) ;
#2497 = ORIENTED_EDGE ( 'NONE', *, *, #3049, .T. ) ;
#2498 = CARTESIAN_POINT ( 'NONE',  ( 54.30008724204793680, 5.373311280844774274, -30.28431414586964721 ) ) ;
#2499 = CARTESIAN_POINT ( 'NONE',  ( 18.79321571199463037, -31.56076032112963148, 45.67343421043723595 ) ) ;
#2500 = CARTESIAN_POINT ( 'NONE',  ( 53.00847882770919739, -29.64317617206010169, -3.411875313910938345 ) ) ;
#2501 = CARTESIAN_POINT ( 'NONE',  ( 22.50127774655967627, 69.57972355982256829, -22.11735913595435932 ) ) ;
#2502 = EDGE_LOOP ( 'NONE', ( #630, #589, #5485, #399 ) ) ;
#2503 = CARTESIAN_POINT ( 'NONE',  ( 49.23433077323409179, -20.41875020300958710, 18.94095388020217641 ) ) ;
#2504 = CARTESIAN_POINT ( 'NONE',  ( 18.79148157003699993, -43.10992110249095077, 31.93617701111983109 ) ) ;
#2505 = B_SPLINE_CURVE_WITH_KNOTS ( 'NONE', 3,
 ( #4892, #2653, #3308, #3277, #3802, #5389, #1604, #5356, #1207, #4767, #2186, #162, #4865 ),
 .UNSPECIFIED., .F., .F.,
 ( 4, 3, 3, 3, 4 ),
 ( 1.734723475976806902E-18, 0.0004520762650173956016, 0.0009041524520694457605, 0.001356228616379090250, 0.002069674869633368001 ),
 .UNSPECIFIED. ) ;
#2506 =( BOUNDED_SURFACE ( )  B_SPLINE_SURFACE ( 3, 1, ( 
 ( #5573, #3540 ),
 ( #395, #6202 ),
 ( #883, #2469 ),
 ( #2537, #322 ) ),
 .UNSPECIFIED., .F., .F., .T. ) 
 B_SPLINE_SURFACE_WITH_KNOTS ( ( 4, 4 ),
 ( 2, 2 ),
 ( 0.000000000000000000, 1.000000000000000000 ),
 ( 0.000000000000000000, 1.000000000000000000 ),
 .UNSPECIFIED. ) 
 GEOMETRIC_REPRESENTATION_ITEM ( )  RATIONAL_B_SPLINE_SURFACE ( (
 ( 1.000000000000000000, 1.000000000000000000),
 ( 0.9611591142731221726, 0.9996856433685865628),
 ( 0.9611591142731221726, 0.9996856433685865628),
 ( 1.000000000000000000, 1.000000000000000000) ) ) 
 REPRESENTATION_ITEM ( '' )  SURFACE ( )  );
#2507 = CARTESIAN_POINT ( 'NONE',  ( 54.54334256235661371, 8.812244897959189416, -6.153557722908013615E-14 ) ) ;
#2508 = CARTESIAN_POINT ( 'NONE',  ( 51.15501191307615869, 41.42772815998446845, -29.52470166169409538 ) ) ;
#2509 = CARTESIAN_POINT ( 'NONE',  ( 89.82729936416122030, 8.819558004457967115, -0.007370799084038519994 ) ) ;
#2510 = CARTESIAN_POINT ( 'NONE',  ( 20.99620941596851154, 52.70280270570825110, 45.42128030455192089 ) ) ;
#2511 = ORIENTED_EDGE ( 'NONE', *, *, #201, .T. ) ;
#2512 = FACE_OUTER_BOUND ( 'NONE', #5234, .T. ) ;
#2513 = B_SPLINE_CURVE_WITH_KNOTS ( 'NONE', 3,
 ( #3770, #517, #2050, #5776, #2621, #3629, #2692 ),
 .UNSPECIFIED., .F., .F.,
 ( 4, 3, 4 ),
 ( 3.469446951953614189E-17, 0.01258337285662352277, 0.04008255950779792548 ),
 .UNSPECIFIED. ) ;
#2514 = ORIENTED_EDGE ( 'NONE', *, *, #4859, .F. ) ;
#2515 = CARTESIAN_POINT ( 'NONE',  ( 35.20511764130979060, -37.25129884253389179, 41.70085605606843160 ) ) ;
#2516 = CARTESIAN_POINT ( 'NONE',  ( 49.23290854358261015, 31.01313650448380344, 26.83819469561493420 ) ) ;
#2517 = CARTESIAN_POINT ( 'NONE',  ( 49.23395903331217482, -5.263004505420724399, 31.86055514711393144 ) ) ;
#2518 = CARTESIAN_POINT ( 'NONE',  ( 20.23383842789535336, -14.20694225669739552, 57.99834854430433495 ) ) ;
#2519 = CARTESIAN_POINT ( 'NONE',  ( 19.04016012521985246, -41.19438264406411321, -35.29116789886845851 ) ) ;
#2520 = ORIENTED_EDGE ( 'NONE', *, *, #5141, .F. ) ;
#2521 = CARTESIAN_POINT ( 'NONE',  ( 49.37576540558968219, 41.90872071941590349, -11.30089084136130495 ) ) ;
#2522 = ORIENTED_EDGE ( 'NONE', *, *, #4435, .F. ) ;
#2523 = CARTESIAN_POINT ( 'NONE',  ( 28.65641647731176178, -11.93954068538957003, 68.38062099559128626 ) ) ;
#2524 = CARTESIAN_POINT ( 'NONE',  ( 24.68883653248319376, 23.67672786357579540, -65.18209087394905055 ) ) ;
#2525 = CARTESIAN_POINT ( 'NONE',  ( 23.23982137879184151, -37.32198749832248552, -46.36425863454484642 ) ) ;
#2526 = CARTESIAN_POINT ( 'NONE',  ( 25.39469577495189512, -6.668925481431016600, 65.76452374933411704 ) ) ;
#2527 = B_SPLINE_CURVE_WITH_KNOTS ( 'NONE', 3,
 ( #6481, #1829, #6422, #680, #4918, #4448, #2302, #3925, #1763, #3404 ),
 .UNSPECIFIED., .F., .F.,
 ( 4, 2, 2, 2, 4 ),
 ( 0.000000000000000000, 0.003307264529468866184, 0.006614529058937732367, 0.009921793588406599418, 0.01322905811787546473 ),
 .UNSPECIFIED. ) ;
#2528 = CARTESIAN_POINT ( 'NONE',  ( 52.60448476329268175, 31.39541162450838740, -30.81229899901218872 ) ) ;
#2529 = B_SPLINE_CURVE_WITH_KNOTS ( 'NONE', 3,
 ( #490, #6781, #3011, #4122, #2521, #4633, #2056, #1909 ),
 .UNSPECIFIED., .F., .F.,
 ( 4, 2, 2, 4 ),
 ( 0.000000000000000000, 0.0002264431842541159525, 0.0004528863685082319050, 0.0009057727370164638100 ),
 .UNSPECIFIED. ) ;
#2530 = ORIENTED_EDGE ( 'NONE', *, *, #2452, .T. ) ;
#2531 = CARTESIAN_POINT ( 'NONE',  ( 19.01941379036735214, 2.919826371250665797, -60.96677661753971478 ) ) ;
#2532 = VERTEX_POINT ( 'NONE', #3916 ) ;
#2533 = CARTESIAN_POINT ( 'NONE',  ( 28.07725316172377461, 27.13211018094878568, -67.81158533877720629 ) ) ;
#2534 = EDGE_CURVE ( 'NONE', #1179, #5000, #1494, .T. ) ;
#2535 = CARTESIAN_POINT ( 'NONE',  ( 19.46190759237070012, 62.19201873634071376, 30.79810464809258974 ) ) ;
#2536 = EDGE_CURVE ( 'NONE', #946, #2649, #3207, .T. ) ;
#2537 = CARTESIAN_POINT ( 'NONE',  ( 89.82615535696581333, 8.821011380044222250, 0.003594165173128793279 ) ) ;
#2538 = CARTESIAN_POINT ( 'NONE',  ( 49.23244927482063105, -26.00615471049484029, 0.8840237384600848625 ) ) ;
#2539 = CARTESIAN_POINT ( 'NONE',  ( 54.62576016552275604, 20.25745059876244270, -28.62326474513069030 ) ) ;
#2540 = ORIENTED_EDGE ( 'NONE', *, *, #1030, .T. ) ;
#2541 = CARTESIAN_POINT ( 'NONE',  ( 89.82729936416122030, 8.820581436504955519, 0.006189695539606228022 ) ) ;
#2542 = EDGE_CURVE ( 'NONE', #2633, #933, #2718, .T. ) ;
#2543 = CARTESIAN_POINT ( 'NONE',  ( 18.79321571199461971, -42.79306333329334677, 32.44894921801218857 ) ) ;
#2544 = CARTESIAN_POINT ( 'NONE',  ( 51.15501191307614448, 49.21781958609005869, 17.40308279441799755 ) ) ;
#2545 = FACE_OUTER_BOUND ( 'NONE', #2128, .T. ) ;
#2546 = CARTESIAN_POINT ( 'NONE',  ( 49.23084801259431487, -21.11201596741702602, -17.81937889521588403 ) ) ;
#2547 = CARTESIAN_POINT ( 'NONE',  ( 18.79234864102461700, -41.97457405222507276, -33.71267745235557811 ) ) ;
#2548 = ORIENTED_EDGE ( 'NONE', *, *, #4931, .T. ) ;
#2549 = CARTESIAN_POINT ( 'NONE',  ( 18.78844479849039928, 59.09021721261462545, 34.46005189268237245 ) ) ;
#2550 = ORIENTED_EDGE ( 'NONE', *, *, #1589, .T. ) ;
#2551 = VECTOR ( 'NONE', #206, 1000.000000000000227 ) ;
#2552 = CARTESIAN_POINT ( 'NONE',  ( 53.00847882770921871, -27.12422506029894009, -14.10781449301666157 ) ) ;
#2553 = CONICAL_SURFACE ( 'NONE', #5971, 40.14018759214401655, 0.8495922745902004802 ) ;
#2554 = CARTESIAN_POINT ( 'NONE',  ( 23.23982137879215770, 61.27016805368411667, -39.06633046132173348 ) ) ;
#2555 = B_SPLINE_CURVE_WITH_KNOTS ( 'NONE', 3,
 ( #4037, #3934, #3447, #5550, #6144, #755, #2380 ),
 .UNSPECIFIED., .F., .F.,
 ( 4, 3, 4 ),
 ( 9.832990477942885025E-17, 0.01258337285662354879, 0.04008255950779802956 ),
 .UNSPECIFIED. ) ;
#2556 = CARTESIAN_POINT ( 'NONE',  ( 49.41824768824507430, -19.76616232666300377, 20.23197303931337032 ) ) ;
#2557 = CARTESIAN_POINT ( 'NONE',  ( 19.11442843794946356, -52.40623287425156462, -2.741898652020728910 ) ) ;
#2558 = VERTEX_POINT ( 'NONE', #1823 ) ;
#2559 = CARTESIAN_POINT ( 'NONE',  ( 19.36839877834437829, 68.61093825368564580, -14.50942942658496548 ) ) ;
#2560 = ORIENTED_EDGE ( 'NONE', *, *, #5610, .T. ) ;
#2561 = CARTESIAN_POINT ( 'NONE',  ( 18.78844479849040638, 19.27198613831881957, 60.04967518400360404 ) ) ;
#2562 = CARTESIAN_POINT ( 'NONE',  ( 89.82643428741084790, 8.813537512415161146, -0.009701230467190341891 ) ) ;
#2563 = FACE_OUTER_BOUND ( 'NONE', #1866, .T. ) ;
#2564 = CARTESIAN_POINT ( 'NONE',  ( 54.54334256235661371, 8.812244897959189416, -6.153557722908013615E-14 ) ) ;
#2565 = CARTESIAN_POINT ( 'NONE',  ( 52.60448476329267464, -28.59699462130547687, -7.742479421601965228 ) ) ;
#2566 = ORIENTED_EDGE ( 'NONE', *, *, #5443, .F. ) ;
#2567 = CARTESIAN_POINT ( 'NONE',  ( 49.51003444762825012, -12.89714614782756819, -27.58977844154565062 ) ) ;
#2568 = B_SPLINE_CURVE_WITH_KNOTS ( 'NONE', 3,
 ( #4639, #2028, #6060, #952, #1543, #1378, #4676, #1337, #2841, #6575 ),
 .UNSPECIFIED., .F., .F.,
 ( 4, 2, 2, 2, 4 ),
 ( 0.000000000000000000, 0.003307264529468871388, 0.006614529058937742775, 0.009921793588406613296, 0.01322905811787548555 ),
 .UNSPECIFIED. ) ;
#2569 = ORIENTED_EDGE ( 'NONE', *, *, #2214, .T. ) ;
#2570 = CARTESIAN_POINT ( 'NONE',  ( 54.54334256235712530, 19.28299131569718128, -38.75045973131024368 ) ) ;
#2571 = EDGE_CURVE ( 'NONE', #751, #5098, #401, .T. ) ;
#2572 = FACE_OUTER_BOUND ( 'NONE', #4845, .T. ) ;
#2573 = CARTESIAN_POINT ( 'NONE',  ( 54.54334256235712530, -20.94638774325794017, 26.93804824514107921 ) ) ;
#2574 = APPLICATION_PROTOCOL_DEFINITION ( 'draft international standard', 'automotive_design', 1998, #170 ) ;
#2575 = ADVANCED_FACE ( 'NONE', ( #6058 ), #5743, .F. ) ;
#2576 = ORIENTED_EDGE ( 'NONE', *, *, #4398, .T. ) ;
#2577 = CARTESIAN_POINT ( 'NONE',  ( 89.83068436596586537, 8.826748290718468226, 0.001883225222576264801 ) ) ;
#2578 = EDGE_CURVE ( 'NONE', #623, #4721, #4098, .T. ) ;
#2579 = CARTESIAN_POINT ( 'NONE',  ( 26.06099036693303006, 42.72984364164894089, -59.51472512551409721 ) ) ;
#2580 = CARTESIAN_POINT ( 'NONE',  ( 49.50991164883109263, 12.15920152647514030, 34.94685671794739079 ) ) ;
#2581 = CARTESIAN_POINT ( 'NONE',  ( 18.76137069372868282, -52.11451333393818430, -2.389954835098531127 ) ) ;
#2582 = CARTESIAN_POINT ( 'NONE',  ( 49.30502353826711470, 38.90635876223179679, -17.67733336107255582 ) ) ;
#2583 = CARTESIAN_POINT ( 'NONE',  ( 51.35395742193606594, 16.38428997676799170, -36.16703198225911109 ) ) ;
#2584 = EDGE_CURVE ( 'NONE', #4571, #3726, #5683, .T. ) ;
#2585 = ORIENTED_EDGE ( 'NONE', *, *, #5760, .T. ) ;
#2586 = EDGE_CURVE ( 'NONE', #5975, #1771, #1587, .T. ) ;
#2587 = ORIENTED_EDGE ( 'NONE', *, *, #899, .T. ) ;
#2588 = CARTESIAN_POINT ( 'NONE',  ( 89.82729936416122030, 8.803908359413423312, -0.006189695539729244203 ) ) ;
#2589 = CARTESIAN_POINT ( 'NONE',  ( 27.43416548070725725, -12.84055527309556588, 66.14867132328274124 ) ) ;
#2590 = CARTESIAN_POINT ( 'NONE',  ( 18.78844479849039928, -18.14175185507876620, 54.67039176333783246 ) ) ;
#2591 = ORIENTED_EDGE ( 'NONE', *, *, #5141, .T. ) ;
#2592 = CARTESIAN_POINT ( 'NONE',  ( 54.54334256235712530, 38.57087753917650019, -26.93804824514099749 ) ) ;
#2593 = VERTEX_POINT ( 'NONE', #1478 ) ;
#2594 = CARTESIAN_POINT ( 'NONE',  ( 19.42422096688430244, -14.08790919255629603, 57.25011978532076995 ) ) ;
#2595 = CARTESIAN_POINT ( 'NONE',  ( 51.36229326913196047, 44.85902121753798610, 8.174973045785254300 ) ) ;
#2596 = CARTESIAN_POINT ( 'NONE',  ( 18.76137069372868282, -32.89250406403955651, 44.48028402313259733 ) ) ;
#2597 = CARTESIAN_POINT ( 'NONE',  ( 19.46190759237069301, 2.972062956887084439, -61.34994523100089481 ) ) ;
#2598 = CARTESIAN_POINT ( 'NONE',  ( 19.46190759237069301, -19.44296595228116331, 54.76829890328966854 ) ) ;
#2599 = CARTESIAN_POINT ( 'NONE',  ( 54.54334256235712530, -13.61651786593551172, -33.28941664873987349 ) ) ;
#2600 = EDGE_LOOP ( 'NONE', ( #5457, #659, #2319, #4839 ) ) ;
#2601 = CARTESIAN_POINT ( 'NONE',  ( 89.82729936416122030, 8.803151429586428378, -0.005011889738702386861 ) ) ;
#2602 = VERTEX_POINT ( 'NONE', #1027 ) ;
#2603 = CARTESIAN_POINT ( 'NONE',  ( 53.79462347678107648, -29.93127471566694098, 7.121569464217001766 ) ) ;
#2604 = CARTESIAN_POINT ( 'NONE',  ( 18.78844479849039928, -14.85376631051117613, 56.17196444846995007 ) ) ;
#2605 = FACE_OUTER_BOUND ( 'NONE', #78, .T. ) ;
#2606 = CARTESIAN_POINT ( 'NONE',  ( 89.82545070715441682, 8.807091433715434903, 0.007718436820855749218 ) ) ;
#2607 = ORIENTED_EDGE ( 'NONE', *, *, #4525, .T. ) ;
#2608 = CARTESIAN_POINT ( 'NONE',  ( 19.46190759237069301, 62.19201873634112587, -30.79810464809198223 ) ) ;
#2609 =( BOUNDED_SURFACE ( )  B_SPLINE_SURFACE ( 3, 1, ( 
 ( #1307, #2920 ),
 ( #3440, #3475 ),
 ( #1887, #6580 ),
 ( #1795, #1383 ) ),
 .UNSPECIFIED., .F., .F., .T. ) 
 B_SPLINE_SURFACE_WITH_KNOTS ( ( 4, 4 ),
 ( 2, 2 ),
 ( 0.000000000000000000, 1.000000000000000000 ),
 ( 0.000000000000000000, 1.000000000000000000 ),
 .UNSPECIFIED. ) 
 GEOMETRIC_REPRESENTATION_ITEM ( )  RATIONAL_B_SPLINE_SURFACE ( (
 ( 1.000000000000000000, 1.000000000000000000),
 ( 0.9936547718337396251, 0.8399137562987545325),
 ( 0.9936547718337396251, 0.8399137562987545325),
 ( 1.000000000000000000, 1.000000000000000000) ) ) 
 REPRESENTATION_ITEM ( '' )  SURFACE ( )  );
#2610 = EDGE_CURVE ( 'NONE', #4682, #3903, #1568, .T. ) ;
#2611 = CARTESIAN_POINT ( 'NONE',  ( 22.90123142467806971, 3.390701381793903124, 64.95621346062499413 ) ) ;
#2612 = CARTESIAN_POINT ( 'NONE',  ( 19.01941379036734503, -44.19728664810089214, -30.68644672317315170 ) ) ;
#2613 = B_SPLINE_CURVE_WITH_KNOTS ( 'NONE', 3,
 ( #3441, #2921, #397, #4061, #4508, #6581, #1888, #1442, #326, #1928, #6168, #3996, #6720 ),
 .UNSPECIFIED., .F., .F.,
 ( 4, 3, 3, 3, 4 ),
 ( 1.551583845779545699E-17, 0.0009041618729686764101, 0.001808323717130793469, 0.002711696379629074255, 0.003615359634610208848 ),
 .UNSPECIFIED. ) ;
#2614 = CARTESIAN_POINT ( 'NONE',  ( 49.41824768824508141, -21.46330451653988547, -17.59116824460699391 ) ) ;
#2615 = CARTESIAN_POINT ( 'NONE',  ( 49.23244927482063105, -14.65705838849351395, -25.73507824959263957 ) ) ;
#2616 = VERTEX_POINT ( 'NONE', #5228 ) ;
#2617 = CARTESIAN_POINT ( 'NONE',  ( 48.51805717611820512, 40.61224489795919368, 7.999999999999939604 ) ) ;
#2618 = ORIENTED_EDGE ( 'NONE', *, *, #768, .T. ) ;
#2619 = CARTESIAN_POINT ( 'NONE',  ( 49.23306814737767922, 32.17039591319714731, 25.83684077922050548 ) ) ;
#2620 = EDGE_CURVE ( 'NONE', #2167, #1214, #5434, .T. ) ;
#2621 = CARTESIAN_POINT ( 'NONE',  ( 42.43839482824582632, 9.983077012351687429, -53.89560381050630156 ) ) ;
#2622 = CARTESIAN_POINT ( 'NONE',  ( 53.00898906108305653, 21.68349548466979471, -36.39822340570393067 ) ) ;
#2623 = CARTESIAN_POINT ( 'NONE',  ( 42.43839482824579790, 36.96544154674982252, 45.97286674108621440 ) ) ;
#2624 = ORIENTED_EDGE ( 'NONE', *, *, #1373, .F. ) ;
#2625 = CARTESIAN_POINT ( 'NONE',  ( 54.17538997708382453, -20.43365175295068781, -26.95618750310478617 ) ) ;
#2626 = ORIENTED_EDGE ( 'NONE', *, *, #6594, .T. ) ;
#2627 = B_SPLINE_CURVE_WITH_KNOTS ( 'NONE', 3,
 ( #2203, #5896, #668, #2776, #5436, #1686, #634, #2677, #2807, #176 ),
 .UNSPECIFIED., .F., .F.,
 ( 4, 2, 2, 2, 4 ),
 ( 0.000000000000000000, 0.003307264529468878760, 0.006614529058937757520, 0.009921793588406635847, 0.01322905811787551504 ),
 .UNSPECIFIED. ) ;
#2628 = CARTESIAN_POINT ( 'NONE',  ( 49.50991164883082263, 43.87971459501949312, 1.660566826023597731 ) ) ;
#2629 = CARTESIAN_POINT ( 'NONE',  ( 49.23165480826241236, 2.833729476084645871, -34.31153967666782023 ) ) ;
#2630 = CARTESIAN_POINT ( 'NONE',  ( 54.17539151718671775, -3.558780229561957498, -37.80101022921211751 ) ) ;
#2631 = CARTESIAN_POINT ( 'NONE',  ( 54.54334256235712530, 39.71119764499194105, 25.62204868992914442 ) ) ;
#2632 = CARTESIAN_POINT ( 'NONE',  ( 19.01941379036735214, 58.74657389752938030, 35.47155528856266216 ) ) ;
#2633 = VERTEX_POINT ( 'NONE', #431 ) ;
#2634 = FACE_OUTER_BOUND ( 'NONE', #3318, .T. ) ;
#2635 = ORIENTED_EDGE ( 'NONE', *, *, #349, .T. ) ;
#2636 = CARTESIAN_POINT ( 'NONE',  ( 51.15501191307616580, 20.28787657562324398, -42.47102111117753509 ) ) ;
#2637 = B_SPLINE_CURVE_WITH_KNOTS ( 'NONE', 3,
 ( #4557, #375, #4008, #1460, #5136, #6698 ),
 .UNSPECIFIED., .F., .F.,
 ( 4, 2, 4 ),
 ( 1.315190416366689639E-16, 0.0007986073165776876818, 0.001597214633155243958 ),
 .UNSPECIFIED. ) ;
#2638 = CARTESIAN_POINT ( 'NONE',  ( 49.23372534307176807, 13.21513127587411951, 34.55198656442862415 ) ) ;
#2639 = CARTESIAN_POINT ( 'NONE',  ( 19.46190759237069301, -14.07564557114210402, 57.21947199010178764 ) ) ;
#2640 = FACE_OUTER_BOUND ( 'NONE', #3466, .T. ) ;
#2641 = AXIS2_PLACEMENT_3D ( 'NONE', #2507, #4618, #3621 ) ;
#2642 = VERTEX_POINT ( 'NONE', #6238 ) ;
#2643 = CARTESIAN_POINT ( 'NONE',  ( 19.10106442482188527, 14.79438508939609953, -60.97403596117231217 ) ) ;
#2644 = B_SPLINE_CURVE_WITH_KNOTS ( 'NONE', 3,
 ( #2945, #985, #5078, #2029, #284, #2981, #4052, #4086, #1878, #878, #918, #358, #4603 ),
 .UNSPECIFIED., .F., .F.,
 ( 4, 3, 3, 3, 4 ),
 ( 9.813077866773594792E-18, 0.0004520762650173982037, 0.0009041524520694510731, 0.001356228616379096539, 0.002069674869633362797 ),
 .UNSPECIFIED. ) ;
#2645 = CARTESIAN_POINT ( 'NONE',  ( 54.54334256235711820, 20.95377270857373375, 38.25987405045309231 ) ) ;
#2646 = CARTESIAN_POINT ( 'NONE',  ( 28.07725316172349750, 8.812244897959189416, -6.153557722908013615E-14 ) ) ;
#2647 = CARTESIAN_POINT ( 'NONE',  ( 89.83068436596585116, 8.804170442192580381, 0.01219418315593169197 ) ) ;
#2648 = CARTESIAN_POINT ( 'NONE',  ( 51.77745077274521890, 16.67102500009771759, -36.53947106896188046 ) ) ;
#2649 = VERTEX_POINT ( 'NONE', #4607 ) ;
#2650 = CARTESIAN_POINT ( 'NONE',  ( 24.68797426277906837, -50.18223990555402025, -31.45144305973074950 ) ) ;
#2651 = ORIENTED_EDGE ( 'NONE', *, *, #6774, .T. ) ;
#2652 = VECTOR ( 'NONE', #4124, 1000.000000000000114 ) ;
#2653 = CARTESIAN_POINT ( 'NONE',  ( 49.23244927482063105, -24.84482314699910077, -8.961262181255541748 ) ) ;
#2654 = AXIS2_PLACEMENT_3D ( 'NONE', #5777, #1011, #1606 ) ;
#2655 = CARTESIAN_POINT ( 'NONE',  ( 18.78844479849038507, 50.07684464833462812, 44.86203833934581553 ) ) ;
#2656 = CARTESIAN_POINT ( 'NONE',  ( 54.30008724204793680, -17.30675155322495229, 15.70872280268718946 ) ) ;
#2657 = ORIENTED_EDGE ( 'NONE', *, *, #2571, .T. ) ;
#2658 = AXIS2_PLACEMENT_3D ( 'NONE', #1350, #3376, #4415 ) ;
#2659 = CARTESIAN_POINT ( 'NONE',  ( 42.33298211887888840, -44.82042575110767046, -6.525700578221469428 ) ) ;
#2660 = EDGE_CURVE ( 'NONE', #3736, #1433, #6757, .T. ) ;
#2661 = AXIS2_PLACEMENT_3D ( 'NONE', #3506, #5085, #217 ) ;
#2662 = EDGE_LOOP ( 'NONE', ( #5560, #5118, #6337, #3677 ) ) ;
#2663 =( BOUNDED_SURFACE ( )  B_SPLINE_SURFACE ( 3, 1, ( 
 ( #827, #6628 ),
 ( #3071, #2480 ),
 ( #6110, #1899 ),
 ( #5553, #1496 ) ),
 .UNSPECIFIED., .F., .F., .T. ) 
 B_SPLINE_SURFACE_WITH_KNOTS ( ( 4, 4 ),
 ( 2, 2 ),
 ( 0.000000000000000000, 1.000000000000000000 ),
 ( 0.000000000000000000, 1.000000000000000000 ),
 .UNSPECIFIED. ) 
 GEOMETRIC_REPRESENTATION_ITEM ( )  RATIONAL_B_SPLINE_SURFACE ( (
 ( 1.000000000000000000, 1.000000000000000000),
 ( 0.9611591142731221726, 0.9996856433685865628),
 ( 0.9611591142731221726, 0.9996856433685865628),
 ( 1.000000000000000000, 1.000000000000000000) ) ) 
 REPRESENTATION_ITEM ( '' )  SURFACE ( )  );
#2664 = CARTESIAN_POINT ( 'NONE',  ( 18.77401912713006382, -29.72842440507483985, -47.23871093047285541 ) ) ;
#2665 = EDGE_CURVE ( 'NONE', #4939, #4168, #6574, .T. ) ;
#2666 = CARTESIAN_POINT ( 'NONE',  ( 89.82729936416122030, 8.811463485978032750, -0.01035372402161641864 ) ) ;
#2667 = CARTESIAN_POINT ( 'NONE',  ( 49.23165480826241236, -19.91506434010349125, -19.69177761335575738 ) ) ;
#2668 = CARTESIAN_POINT ( 'NONE',  ( 54.17538997708383164, 10.03238278394143812, -39.75512267818371726 ) ) ;
#2669 = CARTESIAN_POINT ( 'NONE',  ( 18.77401912713006382, 59.10042910495582191, 34.46704991527080608 ) ) ;
#2670 = CARTESIAN_POINT ( 'NONE',  ( 49.24038183582139538, 22.19692993447430140, 32.16345360927797969 ) ) ;
#2671 = ORIENTED_EDGE ( 'NONE', *, *, #5798, .F. ) ;
#2672 = CIRCLE ( 'NONE', #6531, 40.14018759214401655 ) ;
#2673 = CARTESIAN_POINT ( 'NONE',  ( 28.65641647731176178, 79.45013677770521099, 10.80898530969952809 ) ) ;
#2674 = EDGE_CURVE ( 'NONE', #18, #1608, #4206, .T. ) ;
#2675 = ORIENTED_EDGE ( 'NONE', *, *, #5023, .F. ) ;
#2676 = EDGE_CURVE ( 'NONE', #5964, #6347, #4651, .T. ) ;
#2677 = CARTESIAN_POINT ( 'NONE',  ( 20.99547524081242145, -52.66667085405779147, 14.48184679586848311 ) ) ;
#2678 = CARTESIAN_POINT ( 'NONE',  ( 54.62576016552275604, 2.965659377684048081, -30.26716795403312688 ) ) ;
#2679 = CARTESIAN_POINT ( 'NONE',  ( 19.46190759237070012, -52.74439089833659722, 2.950270223864751795 ) ) ;
#2680 = CARTESIAN_POINT ( 'NONE',  ( 52.60397151635674362, 31.39532402321092874, 30.81172351342418736 ) ) ;
#2681 = ORIENTED_EDGE ( 'NONE', *, *, #2324, .F. ) ;
#2682 = CARTESIAN_POINT ( 'NONE',  ( 50.49951337408886332, 15.84579697516756269, 35.40498752645802938 ) ) ;
#2683 = CARTESIAN_POINT ( 'NONE',  ( 26.06099036693303006, 5.169455023734522037, 68.40421107823459579 ) ) ;
#2684 = DIRECTION ( 'NONE',  ( 0.000000000000000000, 0.000000000000000000, 1.000000000000000000 ) ) ;
#2685 = CARTESIAN_POINT ( 'NONE',  ( 19.36839877834437473, -19.38207620867573056, 54.69449265395196136 ) ) ;
#2686 = CARTESIAN_POINT ( 'NONE',  ( 18.78844479849039928, 61.04443518392115209, 31.41922937391496973 ) ) ;
#2687 = ORIENTED_EDGE ( 'NONE', *, *, #1290, .F. ) ;
#2688 = CARTESIAN_POINT ( 'NONE',  ( 49.23306814737766501, 31.06189240759909254, -26.79736453456265011 ) ) ;
#2689 = ORIENTED_EDGE ( 'NONE', *, *, #4282, .T. ) ;
#2690 = FACE_OUTER_BOUND ( 'NONE', #2831, .T. ) ;
#2691 = CARTESIAN_POINT ( 'NONE',  ( 54.54334256235712530, 44.95476903000335511, 17.46289235198649692 ) ) ;
#2692 = CARTESIAN_POINT ( 'NONE',  ( 54.54334256235713241, 9.682903380524122028, -40.13074399683125648 ) ) ;
#2693 = CARTESIAN_POINT ( 'NONE',  ( 18.85583905783801129, -43.75062994481432099, 30.99637630172555447 ) ) ;
#2694 = CARTESIAN_POINT ( 'NONE',  ( 89.82729936416122030, 8.822604442518766632, 0.0007000302257005610283 ) ) ;
#2695 = ORIENTED_EDGE ( 'NONE', *, *, #291, .F. ) ;
#2696 =( BOUNDED_SURFACE ( )  B_SPLINE_SURFACE ( 3, 1, ( 
 ( #520, #5812 ),
 ( #4224, #2087 ),
 ( #2190, #2125 ),
 ( #5737, #3182 ) ),
 .UNSPECIFIED., .F., .F., .T. ) 
 B_SPLINE_SURFACE_WITH_KNOTS ( ( 4, 4 ),
 ( 2, 2 ),
 ( 0.000000000000000000, 1.000000000000000000 ),
 ( 0.000000000000000000, 1.000000000000000000 ),
 .UNSPECIFIED. ) 
 GEOMETRIC_REPRESENTATION_ITEM ( )  RATIONAL_B_SPLINE_SURFACE ( (
 ( 1.000000000000000000, 1.000000000000000000),
 ( 0.7724073758824716585, 0.9739345816297118041),
 ( 0.7724073758824716585, 0.9739345816297118041),
 ( 1.000000000000000000, 1.000000000000000000) ) ) 
 REPRESENTATION_ITEM ( '' )  SURFACE ( )  );
#2697 = FACE_OUTER_BOUND ( 'NONE', #245, .T. ) ;
#2698 = ORIENTED_EDGE ( 'NONE', *, *, #2757, .F. ) ;
#2699 = CARTESIAN_POINT ( 'NONE',  ( 19.46190759237070012, 59.00194572525040115, -35.76195514535852737 ) ) ;
#2700 = CARTESIAN_POINT ( 'NONE',  ( 53.79529533164531330, -13.76033731855979525, 32.28480427588272761 ) ) ;
#2701 = CARTESIAN_POINT ( 'NONE',  ( 89.82615535696581333, 8.807439715724948215, 0.008165748902217905003 ) ) ;
#2702 = CARTESIAN_POINT ( 'NONE',  ( 28.07725316172350105, 72.05778207902406507, 30.56191415509897880 ) ) ;
#2703 = EDGE_CURVE ( 'NONE', #531, #3168, #5119, .T. ) ;
#2704 = DIRECTION ( 'NONE',  ( -1.000000000000000000, -0.000000000000000000, -0.000000000000000000 ) ) ;
#2705 = CONICAL_SURFACE ( 'NONE', #6561, 70.24264068317124554, 0.7853981625000049371 ) ;
#2706 = B_SPLINE_CURVE_WITH_KNOTS ( 'NONE', 3,
 ( #5729, #3034, #406, #2115, #2582, #3141, #4110, #5240 ),
 .UNSPECIFIED., .F., .F.,
 ( 4, 2, 2, 4 ),
 ( 7.941927075885422647E-17, 0.0002264465145598609677, 0.0004528930291196425176, 0.0009057860582391962390 ),
 .UNSPECIFIED. ) ;
#2707 = EDGE_LOOP ( 'NONE', ( #1056, #4123, #3901, #3968 ) ) ;
#2708 = CARTESIAN_POINT ( 'NONE',  ( 89.82729936416122030, 8.802107766439062786, -0.002246946893602767836 ) ) ;
#2709 = ORIENTED_EDGE ( 'NONE', *, *, #6804, .T. ) ;
#2710 = ADVANCED_FACE ( 'NONE', ( #2266 ), #1996, .F. ) ;
#2711 = CARTESIAN_POINT ( 'NONE',  ( 89.82729936416122030, 8.802502209049800186, -0.003590295059480008450 ) ) ;
#2712 = CARTESIAN_POINT ( 'NONE',  ( 89.82729936416122030, 8.805989886550726453, 0.008287643698767457878 ) ) ;
#2713 = ADVANCED_FACE ( 'NONE', ( #4340 ), #6448, .F. ) ;
#2714 = DIRECTION ( 'NONE',  ( 0.7588727602565363828, 0.6300123538972762782, -0.1649138189401921639 ) ) ;
#2715 = CARTESIAN_POINT ( 'NONE',  ( 26.76987644061277649, 70.35409665027985682, 31.06357135380704193 ) ) ;
#2716 = EDGE_CURVE ( 'NONE', #2000, #6789, #2069, .T. ) ;
#2717 = CARTESIAN_POINT ( 'NONE',  ( 18.79234864102461700, -49.92439026946484404, 16.30500810469837347 ) ) ;
#2718 = B_SPLINE_CURVE_WITH_KNOTS ( 'NONE', 3,
 ( #2876, #4978, #4441, #6647, #4472, #5082, #320, #285, #4572, #4502, #846, #4026, #6573 ),
 .UNSPECIFIED., .F., .F.,
 ( 4, 3, 3, 3, 4 ),
 ( 1.551583845779545699E-17, 0.0009041618729686744585, 0.001808323717130772218, 0.002711696379629055173, 0.003615359634610194103 ),
 .UNSPECIFIED. ) ;
#2719 = CARTESIAN_POINT ( 'NONE',  ( 18.77401912713006382, 69.75165156323524229, 1.807682489461815534 ) ) ;
#2720 = DIRECTION ( 'NONE',  ( 0.7071067818211358436, 8.659560554583467185E-17, 0.7071067805519591909 ) ) ;
#2721 = CARTESIAN_POINT ( 'NONE',  ( 89.82681805825623655, 8.802291958457866272, 0.001689214495684438887 ) ) ;
#2722 = CARTESIAN_POINT ( 'NONE',  ( 18.79017952991918250, 18.97554071961874556, 60.10307232379053488 ) ) ;
#2723 = FACE_OUTER_BOUND ( 'NONE', #3873, .T. ) ;
#2724 = VERTEX_POINT ( 'NONE', #5375 ) ;
#2725 = B_SPLINE_CURVE_WITH_KNOTS ( 'NONE', 3,
 ( #1849, #6504, #2836, #6539, #3847, #3330, #6570, #1820 ),
 .UNSPECIFIED., .F., .F.,
 ( 4, 2, 2, 4 ),
 ( 1.801629551555637041E-16, 0.0003956619665159591230, 0.0007913239330317381600, 0.001582647866063313039 ),
 .UNSPECIFIED. ) ;
#2726 = CARTESIAN_POINT ( 'NONE',  ( 19.42422096688430244, 59.02883198915080953, -35.78110749705364668 ) ) ;
#2727 = ORIENTED_EDGE ( 'NONE', *, *, #6254, .F. ) ;
#2728 = CARTESIAN_POINT ( 'NONE',  ( 18.79148013494832981, 1.331653915771239927, 60.49686940425086590 ) ) ;
#2729 = CARTESIAN_POINT ( 'NONE',  ( 49.23411246815349074, 4.173620995784065535, -34.52070058937648867 ) ) ;
#2730 = CARTESIAN_POINT ( 'NONE',  ( 20.99547524081242145, -50.73658766304071577, -21.05510648951006303 ) ) ;
#2731 = CARTESIAN_POINT ( 'NONE',  ( 30.84680909296948670, -42.83591222252240271, 42.82381245393816016 ) ) ;
#2732 = CARTESIAN_POINT ( 'NONE',  ( 18.85592173195389520, -49.03470704506849387, 19.42604598280091466 ) ) ;
#2733 = ORIENTED_EDGE ( 'NONE', *, *, #2462, .F. ) ;
#2734 = CARTESIAN_POINT ( 'NONE',  ( 49.46084658743964013, -32.53508820619679653, 19.97840405527813346 ) ) ;
#2735 = ORIENTED_EDGE ( 'NONE', *, *, #5453, .T. ) ;
#2736 = CARTESIAN_POINT ( 'NONE',  ( 54.54334256235661371, 8.812244897959189416, -6.153557722908013615E-14 ) ) ;
#2737 = CARTESIAN_POINT ( 'NONE',  ( 49.46084658743963303, -26.53705356589854958, -29.31152813374117727 ) ) ;
#2738 = CARTESIAN_POINT ( 'NONE',  ( 49.61704819046445891, -19.86427830702841391, -20.43710579372341130 ) ) ;
#2739 = CARTESIAN_POINT ( 'NONE',  ( 89.82681805825623655, 8.822197837460514336, -0.001689214495807578450 ) ) ;
#2740 =( BOUNDED_SURFACE ( )  B_SPLINE_SURFACE ( 3, 1, ( 
 ( #1947, #2392 ),
 ( #4497, #5072 ),
 ( #1913, #2461 ),
 ( #3362, #5465 ) ),
 .UNSPECIFIED., .F., .F., .T. ) 
 B_SPLINE_SURFACE_WITH_KNOTS ( ( 4, 4 ),
 ( 2, 2 ),
 ( 0.000000000000000000, 1.000000000000000000 ),
 ( 0.000000000000000000, 1.000000000000000000 ),
 .UNSPECIFIED. ) 
 GEOMETRIC_REPRESENTATION_ITEM ( )  RATIONAL_B_SPLINE_SURFACE ( (
 ( 1.000000000000000000, 1.000000000000000000),
 ( 0.9936547718337396251, 0.8399137562987545325),
 ( 0.9936547718337396251, 0.8399137562987545325),
 ( 1.000000000000000000, 1.000000000000000000) ) ) 
 REPRESENTATION_ITEM ( '' )  SURFACE ( )  );
#2741 = FACE_OUTER_BOUND ( 'NONE', #3633, .T. ) ;
#2742 = ORIENTED_EDGE ( 'NONE', *, *, #3470, .T. ) ;
#2743 = CARTESIAN_POINT ( 'NONE',  ( 26.06099036693303006, -59.41413299404050719, -6.129222711037055404 ) ) ;
#2744 = ORIENTED_EDGE ( 'NONE', *, *, #6798, .T. ) ;
#2745 = LINE ( 'NONE', #4848, #5521 ) ;
#2746 = CARTESIAN_POINT ( 'NONE',  ( 42.43839482824562737, 62.32589595572306251, -6.511229408265421625 ) ) ;
#2747 = CARTESIAN_POINT ( 'NONE',  ( 53.00847882770922581, 31.41666684780917862, 31.29697127747816410 ) ) ;
#2748 = EDGE_CURVE ( 'NONE', #3602, #2352, #154, .T. ) ;
#2749 = CARTESIAN_POINT ( 'NONE',  ( 18.79148157003701058, 47.81265233242345403, 46.84868134974191634 ) ) ;
#2750 = CARTESIAN_POINT ( 'NONE',  ( 49.23165480826241236, -24.29922132257647505, 10.80070397517968495 ) ) ;
#2751 = EDGE_CURVE ( 'NONE', #5388, #18, #2627, .T. ) ;
#2752 = CARTESIAN_POINT ( 'NONE',  ( 49.23165480826241236, 2.833729476084186238, 34.31153967666762128 ) ) ;
#2753 = CARTESIAN_POINT ( 'NONE',  ( 49.41824768824506720, 2.280494301039470262, -34.40049893096733058 ) ) ;
#2754 = CARTESIAN_POINT ( 'NONE',  ( 49.23084801259431487, 38.73650576333552920, 17.81937889521556428 ) ) ;
#2755 = VERTEX_POINT ( 'NONE', #3878 ) ;
#2756 = CARTESIAN_POINT ( 'NONE',  ( 49.23165480826241236, -6.590776444249553556, 31.23733879773685373 ) ) ;
#2757 = EDGE_CURVE ( 'NONE', #4464, #5295, #2297, .T. ) ;
#2758 = VERTEX_POINT ( 'NONE', #3791 ) ;
#2759 = DIRECTION ( 'NONE',  ( -0.7522347214610782817, 0.4547689546248845915, 0.4767893892881461815 ) ) ;
#2760 = CARTESIAN_POINT ( 'NONE',  ( 49.23372534307177517, 4.409358520044485807, -34.55198656442878047 ) ) ;
#2761 = CARTESIAN_POINT ( 'NONE',  ( 19.04016012521986667, 14.88833659422291333, 60.90328759181521434 ) ) ;
#2762 = CARTESIAN_POINT ( 'NONE',  ( 36.38592095397831372, -37.98574501742110954, 38.80286520982667753 ) ) ;
#2763 = ORIENTED_EDGE ( 'NONE', *, *, #8, .T. ) ;
#2764 = CARTESIAN_POINT ( 'NONE',  ( 49.61704819046445891, 5.478449869581435649, -35.05572830592457478 ) ) ;
#2765 = ORIENTED_EDGE ( 'NONE', *, *, #6671, .T. ) ;
#2766 = AXIS2_PLACEMENT_3D ( 'NONE', #2646, #965, #1038 ) ;
#2767 = CARTESIAN_POINT ( 'NONE',  ( 18.78844479849039928, -32.45235485241596507, -44.86203833934620633 ) ) ;
#2768 = DIRECTION ( 'NONE',  ( -0.7588727602565363828, -0.1117057040014751285, -0.6415870708128088573 ) ) ;
#2769 = CIRCLE ( 'NONE', #1783, 40.14018759214401655 ) ;
#2770 = CARTESIAN_POINT ( 'NONE',  ( 30.84680909296951512, -28.67893678293453164, 55.64011451463984770 ) ) ;
#2771 = CARTESIAN_POINT ( 'NONE',  ( 49.23244927482063105, 12.89239415571147696, -34.58980819979522181 ) ) ;
#2772 = ORIENTED_EDGE ( 'NONE', *, *, #1703, .F. ) ;
#2773 = CARTESIAN_POINT ( 'NONE',  ( 89.82545070715441682, 8.809474720167909112, 0.008857684554880139449 ) ) ;
#2774 = ORIENTED_EDGE ( 'NONE', *, *, #4789, .T. ) ;
#2775 = B_SPLINE_CURVE_WITH_KNOTS ( 'NONE', 3,
 ( #2156, #3115, #5214, #4703, #3709, #1536, #6293, #4771, #1079, #4187, #3672, #3077, #6259 ),
 .UNSPECIFIED., .F., .F.,
 ( 4, 3, 3, 3, 4 ),
 ( 1.250926888277100303E-17, 0.0009041618729686855174, 0.001808323717130794553, 0.002711696379629078158, 0.003615359634610211884 ),
 .UNSPECIFIED. ) ;
#2776 = CARTESIAN_POINT ( 'NONE',  ( 25.39469577495194130, -57.44038065812612359, 13.23740258576428630 ) ) ;
#2777 = VECTOR ( 'NONE', #1699, 1000.000000000000000 ) ;
#2778 = CARTESIAN_POINT ( 'NONE',  ( 33.61636502379866442, 25.48935993375798503, 61.72935628431739730 ) ) ;
#2779 = CARTESIAN_POINT ( 'NONE',  ( 18.80019331273212302, -42.80113679334989030, -32.45341564151178204 ) ) ;
#2780 = VECTOR ( 'NONE', #5473, 1000.000000000000114 ) ;
#2781 = CARTESIAN_POINT ( 'NONE',  ( 18.79364884033507721, -49.76225444673744391, 16.88558488777644584 ) ) ;
#2782 = CARTESIAN_POINT ( 'NONE',  ( 49.23290854358262436, 41.99864691321991472, 10.57501791610249242 ) ) ;
#2783 = CARTESIAN_POINT ( 'NONE',  ( 54.54334256235661371, 8.812244897959189416, -6.153557722908013615E-14 ) ) ;
#2784 = EDGE_CURVE ( 'NONE', #5447, #3721, #2745, .T. ) ;
#2785 = CARTESIAN_POINT ( 'NONE',  ( 18.80019331273212302, 67.47810574217425028, 16.59765428669568266 ) ) ;
#2786 = ORIENTED_EDGE ( 'NONE', *, *, #2250, .F. ) ;
#2787 = CARTESIAN_POINT ( 'NONE',  ( 49.24038183582142381, -6.730166810376930542, 31.17805285599896692 ) ) ;
#2788 = VERTEX_POINT ( 'NONE', #4433 ) ;
#2789 = EDGE_CURVE ( 'NONE', #5641, #5483, #2904, .T. ) ;
#2790 = CARTESIAN_POINT ( 'NONE',  ( 217.5334579613141841, 8.812244897959189416, 7.999999999999939604 ) ) ;
#2791 = DIRECTION ( 'NONE',  ( 0.000000000000000000, 0.000000000000000000, 1.000000000000000000 ) ) ;
#2792 = CARTESIAN_POINT ( 'NONE',  ( 26.76916540935821587, -54.96494607516690678, -26.16709506797793239 ) ) ;
#2793 = CARTESIAN_POINT ( 'NONE',  ( 18.77401912713006382, -14.85857368436731285, 56.18337252551842198 ) ) ;
#2794 = EDGE_CURVE ( 'NONE', #5983, #366, #3449, .T. ) ;
#2795 = EDGE_CURVE ( 'NONE', #1102, #1188, #5261, .T. ) ;
#2796 = EDGE_LOOP ( 'NONE', ( #2089, #110, #6723, #2687 ) ) ;
#2797 = FACE_OUTER_BOUND ( 'NONE', #196, .T. ) ;
#2798 = ORIENTED_EDGE ( 'NONE', *, *, #4567, .T. ) ;
#2799 = CARTESIAN_POINT ( 'NONE',  ( 28.07725316172355079, -12.43781464225123301, -66.95120267540107761 ) ) ;
#2800 = CARTESIAN_POINT ( 'NONE',  ( 25.39469577495210828, 57.39082005140132736, -46.95488533000429499 ) ) ;
#2801 = CARTESIAN_POINT ( 'NONE',  ( 19.46190759237069301, -29.26911333288972372, 48.45341742586767708 ) ) ;
#2802 = CARTESIAN_POINT ( 'NONE',  ( 49.30502353826712891, 22.02680954645444089, 32.30354601564707195 ) ) ;
#2803 = ORIENTED_EDGE ( 'NONE', *, *, #3296, .F. ) ;
#2804 = CARTESIAN_POINT ( 'NONE',  ( 89.83648776693894433, 8.802606670146280621, 0.01152872061105792573 ) ) ;
#2805 = B_SPLINE_CURVE_WITH_KNOTS ( 'NONE', 3,
 ( #4821, #1552, #5230, #5898, #90, #1165, #2105, #3266 ),
 .UNSPECIFIED., .F., .F.,
 ( 4, 2, 2, 4 ),
 ( 9.494247923591109000E-16, 0.001890109674893091776, 0.003780219349785234224, 0.007560438699569526494 ),
 .UNSPECIFIED. ) ;
#2806 = ORIENTED_EDGE ( 'NONE', *, *, #6136, .T. ) ;
#2807 = CARTESIAN_POINT ( 'NONE',  ( 20.23383572758631388, -51.87173321973713769, 14.53085936028308822 ) ) ;
#2808 = CARTESIAN_POINT ( 'NONE',  ( 28.07725316172354368, -60.91630494323797507, -8.482800668929586507 ) ) ;
#2809 = CARTESIAN_POINT ( 'NONE',  ( 19.42422096688430244, 62.22060928589664286, 30.81460507954349737 ) ) ;
#2810 = CARTESIAN_POINT ( 'NONE',  ( 18.79018048702202393, 47.57970223549323663, 47.03994422959876687 ) ) ;
#2811 = CARTESIAN_POINT ( 'NONE',  ( 18.77401912713006382, 19.27410959017978342, 60.06187133165482805 ) ) ;
#2812 = CARTESIAN_POINT ( 'NONE',  ( 53.79462347678104805, 10.34754932553481943, 39.36267145405359713 ) ) ;
#2813 = CARTESIAN_POINT ( 'NONE',  ( 89.82729936416122030, 8.819558004457967115, 0.007370799083910186018 ) ) ;
#2814 = CARTESIAN_POINT ( 'NONE',  ( 18.77401912713006027, -1.649619794261007355, -60.06187133165501990 ) ) ;
#2815 = CARTESIAN_POINT ( 'NONE',  ( 18.79364760530902245, 69.77127685738270202, -0.3017681193959735886 ) ) ;
#2816 = ORIENTED_EDGE ( 'NONE', *, *, #3643, .T. ) ;
#2817 = CARTESIAN_POINT ( 'NONE',  ( 19.42422096688429534, 2.968930580016879706, 61.38280663658724023 ) ) ;
#2818 = ORIENTED_EDGE ( 'NONE', *, *, #5873, .T. ) ;
#2819 = CARTESIAN_POINT ( 'NONE',  ( 50.49951337408943886, -4.412135967046540763, 33.58719618111463490 ) ) ;
#2820 = CARTESIAN_POINT ( 'NONE',  ( 49.23395903331215351, 42.10817404384137319, -10.22686278200868948 ) ) ;
#2821 = CARTESIAN_POINT ( 'NONE',  ( 23.23982137879180598, 3.983973456682890379, 65.22805893489727680 ) ) ;
#2822 = DIRECTION ( 'NONE',  ( 0.000000000000000000, 0.000000000000000000, 1.000000000000000000 ) ) ;
#2823 = ORIENTED_EDGE ( 'NONE', *, *, #2415, .F. ) ;
#2824 = CARTESIAN_POINT ( 'NONE',  ( 35.20511764130979770, -47.13389045998058435, 27.03407842432102726 ) ) ;
#2825 = ORIENTED_EDGE ( 'NONE', *, *, #3637, .F. ) ;
#2826 = EDGE_CURVE ( 'NONE', #4847, #3763, #355, .T. ) ;
#2827 = CARTESIAN_POINT ( 'NONE',  ( 89.82615535696581333, 8.802926911537351629, 0.001715913891074806290 ) ) ;
#2828 = CARTESIAN_POINT ( 'NONE',  ( 24.68883653248319732, 56.55714260004997129, -46.79831800344693704 ) ) ;
#2829 = CARTESIAN_POINT ( 'NONE',  ( 49.23165480826241236, -19.91506434010375415, 19.69177761335523869 ) ) ;
#2830 = CARTESIAN_POINT ( 'NONE',  ( 49.23435778140444086, 13.93820664226646855, -34.45228459932256015 ) ) ;
#2831 = EDGE_LOOP ( 'NONE', ( #2063, #2102, #2037, #598 ) ) ;
#2832 = CARTESIAN_POINT ( 'NONE',  ( 28.07725316172378172, 30.06230443817081266, -66.95120267540092129 ) ) ;
#2833 = ORIENTED_EDGE ( 'NONE', *, *, #2955, .T. ) ;
#2834 = EDGE_CURVE ( 'NONE', #2023, #1937, #6493, .T. ) ;
#2835 = DIRECTION ( 'NONE',  ( 0.7522347214610783928, -0.06252304660995809671, -0.6559220932938475412 ) ) ;
#2836 = CARTESIAN_POINT ( 'NONE',  ( 19.27981613022932805, 2.926666127115201466, -61.16271085591392165 ) ) ;
#2837 = CARTESIAN_POINT ( 'NONE',  ( 89.82615535696581333, 8.803787784267070649, -0.004271587461167242715 ) ) ;
#2838 = B_SPLINE_CURVE_WITH_KNOTS ( 'NONE', 3,
 ( #1077, #2188, #4152, #6257, #1534, #5211, #486, #4286, #3739, #4222 ),
 .UNSPECIFIED., .F., .F.,
 ( 4, 2, 2, 2, 4 ),
 ( 4.161890488387783451E-16, 0.003307310133422094491, 0.006614620266843772647, 0.009921930400265451672, 0.01322924053368712896 ),
 .UNSPECIFIED. ) ;
#2839 = ORIENTED_EDGE ( 'NONE', *, *, #1871, .T. ) ;
#2840 = CARTESIAN_POINT ( 'NONE',  ( 18.79364822255246636, 67.30219278562394436, 17.17352721394419035 ) ) ;
#2841 = CARTESIAN_POINT ( 'NONE',  ( 20.23383572758631388, -41.90900032745054915, -36.34620140704152647 ) ) ;
#2842 = CARTESIAN_POINT ( 'NONE',  ( 54.62576016552275604, -10.23345511532845364, -24.23933433919741276 ) ) ;
#2843 = CARTESIAN_POINT ( 'NONE',  ( 28.65641647731176533, -55.91907296343475053, 30.27213934572792198 ) ) ;
#2844 = CARTESIAN_POINT ( 'NONE',  ( 49.23165480826241236, 43.62537402925171648, 1.034621535195154873 ) ) ;
#2845 = CARTESIAN_POINT ( 'NONE',  ( 33.61636502379866442, -54.26667659032476365, -10.47326391667763090 ) ) ;
#2846 = CARTESIAN_POINT ( 'NONE',  ( 18.79321399865036568, 69.76860865003614265, -0.6029044291956080492 ) ) ;
#2847 = ORIENTED_EDGE ( 'NONE', *, *, #3772, .F. ) ;
#2848 = CARTESIAN_POINT ( 'NONE',  ( 54.62576016552275604, 30.09437204662506460, -22.30145919511902264 ) ) ;
#2849 = ORIENTED_EDGE ( 'NONE', *, *, #905, .T. ) ;
#2850 = CARTESIAN_POINT ( 'NONE',  ( 18.79321399865036568, -17.05836490159429886, -55.19740323806472304 ) ) ;
#2851 = FACE_OUTER_BOUND ( 'NONE', #68, .T. ) ;
#2852 = CARTESIAN_POINT ( 'NONE',  ( 23.24077445196135017, -52.52774548792282872, -22.70555338580775029 ) ) ;
#2853 =( LENGTH_UNIT ( ) NAMED_UNIT ( * ) SI_UNIT ( .MILLI., .METRE. ) );
#2854 = ORIENTED_EDGE ( 'NONE', *, *, #1920, .F. ) ;
#2855 = DIRECTION ( 'NONE',  ( -1.000000000000000000, -0.000000000000000000, -0.000000000000000000 ) ) ;
#2856 = EDGE_LOOP ( 'NONE', ( #3829, #6181, #6179, #2202 ) ) ;
#2857 = CARTESIAN_POINT ( 'NONE',  ( 49.23290854358263857, 38.53678176755948215, -18.15544520335883050 ) ) ;
#2858 = CARTESIAN_POINT ( 'NONE',  ( 54.30008724204793680, 3.579800283802829330, -30.02644619445374730 ) ) ;
#2859 = CARTESIAN_POINT ( 'NONE',  ( 28.07725316172377461, 27.13211018094878568, -67.81158533877720629 ) ) ;
#2860 = CARTESIAN_POINT ( 'NONE',  ( 49.23443045783674421, 13.78910936838416035, -34.47421182392299244 ) ) ;
#2861 = ADVANCED_FACE ( 'NONE', ( #6053 ), #2996, .F. ) ;
#2862 = ORIENTED_EDGE ( 'NONE', *, *, #3601, .F. ) ;
#2863 = CARTESIAN_POINT ( 'NONE',  ( 33.61636502379867153, 28.15597259922314421, -60.94636815933196772 ) ) ;
#2864 = ORIENTED_EDGE ( 'NONE', *, *, #4743, .F. ) ;
#2865 =( BOUNDED_SURFACE ( )  B_SPLINE_SURFACE ( 3, 1, ( 
 ( #3033, #3140 ),
 ( #1598, #2581 ),
 ( #4143, #4692 ),
 ( #2509, #4178 ) ),
 .UNSPECIFIED., .F., .F., .T. ) 
 B_SPLINE_SURFACE_WITH_KNOTS ( ( 4, 4 ),
 ( 2, 2 ),
 ( 0.000000000000000000, 1.000000000000000000 ),
 ( 0.000000000000000000, 1.000000000000000000 ),
 .UNSPECIFIED. ) 
 GEOMETRIC_REPRESENTATION_ITEM ( )  RATIONAL_B_SPLINE_SURFACE ( (
 ( 1.000000000000000000, 1.000000000000000000),
 ( 0.9936547718337395141, 0.8399137562987549765),
 ( 0.9936547718337395141, 0.8399137562987549765),
 ( 1.000000000000000000, 1.000000000000000000) ) ) 
 REPRESENTATION_ITEM ( '' )  SURFACE ( )  );
#2866 = CARTESIAN_POINT ( 'NONE',  ( 53.00898906108306363, 6.716934942953695753, 38.55008994736429884 ) ) ;
#2867 = EDGE_CURVE ( 'NONE', #1266, #6121, #1229, .T. ) ;
#2868 = CARTESIAN_POINT ( 'NONE',  ( 49.23165480826241236, 22.33301653717540702, -32.09693343472719107 ) ) ;
#2869 = VECTOR ( 'NONE', #3306, 1000.000000000000114 ) ;
#2870 = VECTOR ( 'NONE', #164, 999.9999999999998863 ) ;
#2871 = CARTESIAN_POINT ( 'NONE',  ( 42.43839482824579790, -19.34095175083112039, -45.97286674108651283 ) ) ;
#2872 = ADVANCED_FACE ( 'NONE', ( #6670 ), #2740, .F. ) ;
#2873 = EDGE_CURVE ( 'NONE', #3836, #6215, #1463, .T. ) ;
#2874 = ORIENTED_EDGE ( 'NONE', *, *, #3568, .T. ) ;
#2875 = AXIS2_PLACEMENT_3D ( 'NONE', #2790, #6325, #3706 ) ;
#2876 = CARTESIAN_POINT ( 'NONE',  ( 18.78844479849039928, 61.04443518392158552, -31.41922937391437287 ) ) ;
#2877 = CIRCLE ( 'NONE', #2234, 27.50000000000000000 ) ;
#2878 = CARTESIAN_POINT ( 'NONE',  ( 24.68883653248301613, -6.052238067656824150, 65.18209087394889423 ) ) ;
#2879 = CARTESIAN_POINT ( 'NONE',  ( 89.82681805825623655, 8.817486064089784747, -0.008628130036236877562 ) ) ;
#2880 = CARTESIAN_POINT ( 'NONE',  ( 49.61704819046445891, 24.96023566041777642, -31.29314095270062523 ) ) ;
#2881 = CARTESIAN_POINT ( 'NONE',  ( 49.23165480826241236, -24.29922132257632228, -10.80070397518025871 ) ) ;
#2882 = CARTESIAN_POINT ( 'NONE',  ( 89.82545070715441682, 8.815015075750476825, 0.008857684554879436886 ) ) ;
#2883 = CARTESIAN_POINT ( 'NONE',  ( 54.17538997708381743, 29.27904161361646018, 34.10379374524477214 ) ) ;
#2884 = CARTESIAN_POINT ( 'NONE',  ( 19.42422096688429534, -14.08790919255554996, -57.25011978532118206 ) ) ;
#2885 = AXIS2_PLACEMENT_3D ( 'NONE', #657, #3315, #6041 ) ;
#2886 = LINE ( 'NONE', #5415, #1341 ) ;
#2887 = ORIENTED_EDGE ( 'NONE', *, *, #2748, .F. ) ;
#2888 = CARTESIAN_POINT ( 'NONE',  ( 49.23351359036895758, -20.16977527818634641, 19.31829155960991429 ) ) ;
#2889 = CARTESIAN_POINT ( 'NONE',  ( 18.85592173195390941, -2.183592336407483625, -60.02276797299647626 ) ) ;
#2890 = CARTESIAN_POINT ( 'NONE',  ( 50.49951337408938912, -13.33906227965600344, 28.50094010544824030 ) ) ;
#2891 = CARTESIAN_POINT ( 'NONE',  ( 49.23165480826241236, -21.03378160519395834, 17.95101957010284721 ) ) ;
#2892 = CARTESIAN_POINT ( 'NONE',  ( 19.01941379036735214, 68.31988904669803730, -14.50891915664111487 ) ) ;
#2893 = CARTESIAN_POINT ( 'NONE',  ( 28.07725316172377816, 60.88560721878205584, -47.14226879085747157 ) ) ;
#2894 = ORIENTED_EDGE ( 'NONE', *, *, #6001, .T. ) ;
#2895 = CARTESIAN_POINT ( 'NONE',  ( 18.85583905783800773, 50.51326563427465999, -44.54947839340711369 ) ) ;
#2896 = B_SPLINE_CURVE_WITH_KNOTS ( 'NONE', 3,
 ( #5343, #5826, #1095, #572, #1691, #3755, #1131, #2715, #3238, #5438 ),
 .UNSPECIFIED., .F., .F.,
 ( 4, 2, 2, 2, 4 ),
 ( 4.155377919954671429E-16, 0.003307310133422082347, 0.006614620266843749229, 0.009921930400265416977, 0.01322924053368708386 ),
 .UNSPECIFIED. ) ;
#2897 = EDGE_LOOP ( 'NONE', ( #2248, #5554, #3126, #6235 ) ) ;
#2898 = LINE ( 'NONE', #305, #1014 ) ;
#2899 = CARTESIAN_POINT ( 'NONE',  ( 49.41064597117352974, -26.15985859671728164, -1.577944974747211848 ) ) ;
#2900 = CARTESIAN_POINT ( 'NONE',  ( 89.82729936416122030, 8.810077676123185597, 0.01015447464476185342 ) ) ;
#2901 = ORIENTED_EDGE ( 'NONE', *, *, #760, .T. ) ;
#2902 = CARTESIAN_POINT ( 'NONE',  ( 89.82615535696581333, 8.809934916685257633, -0.009188754973037621329 ) ) ;
#2903 = ORIENTED_EDGE ( 'NONE', *, *, #201, .F. ) ;
#2904 = LINE ( 'NONE', #4467, #2551 ) ;
#2905 = CYLINDRICAL_SURFACE ( 'NONE', #5961, 27.50000000000000000 ) ;
#2906 = ADVANCED_FACE ( 'NONE', ( #75 ), #2696, .F. ) ;
#2907 = CARTESIAN_POINT ( 'NONE',  ( 49.41026041085033427, 41.92295377698885517, 11.36626081216069650 ) ) ;
#2908 = CARTESIAN_POINT ( 'NONE',  ( 49.61704819046446602, -7.335745864499178204, 31.29314095270061813 ) ) ;
#2909 = CARTESIAN_POINT ( 'NONE',  ( 52.60448476329269596, 46.88745588869548442, -3.110546095874379802 ) ) ;
#2910 = EDGE_CURVE ( 'NONE', #5417, #4149, #975, .T. ) ;
#2911 = B_SPLINE_CURVE_WITH_KNOTS ( 'NONE', 3,
 ( #5627, #2049, #2619, #3628, #6290, #4700, #1566, #4667, #6736, #2084, #1462, #2516, #4592 ),
 .UNSPECIFIED., .F., .F.,
 ( 4, 3, 3, 3, 4 ),
 ( 7.757919228897728493E-18, 0.0004520762650173953305, 0.0009041524520694401226, 0.001356228616379091985, 0.002069674869633363230 ),
 .UNSPECIFIED. ) ;
#2912 = ORIENTED_EDGE ( 'NONE', *, *, #3853, .T. ) ;
#2913 =( BOUNDED_SURFACE ( )  B_SPLINE_SURFACE ( 3, 1, ( 
 ( #5425, #4287 ),
 ( #5878, #3771 ),
 ( #1737, #5912 ),
 ( #3346, #2793 ) ),
 .UNSPECIFIED., .F., .F., .T. ) 
 B_SPLINE_SURFACE_WITH_KNOTS ( ( 4, 4 ),
 ( 2, 2 ),
 ( 0.000000000000000000, 1.000000000000000000 ),
 ( 0.000000000000000000, 1.000000000000000000 ),
 .UNSPECIFIED. ) 
 GEOMETRIC_REPRESENTATION_ITEM ( )  RATIONAL_B_SPLINE_SURFACE ( (
 ( 1.000000000000000000, 1.000000000000000000),
 ( 0.9936547718337396251, 0.8399137562987545325),
 ( 0.9936547718337396251, 0.8399137562987545325),
 ( 1.000000000000000000, 1.000000000000000000) ) ) 
 REPRESENTATION_ITEM ( '' )  SURFACE ( )  );
#2914 = CARTESIAN_POINT ( 'NONE',  ( 50.49951337408943175, -25.23139207890088542, 12.00061573250224356 ) ) ;
#2915 = EDGE_CURVE ( 'NONE', #3231, #2616, #1869, .T. ) ;
#2916 = CARTESIAN_POINT ( 'NONE',  ( 25.39469577495189512, 31.34364150335391130, 63.69439054817028989 ) ) ;
#2917 = CARTESIAN_POINT ( 'NONE',  ( 30.84680909296949025, -8.686245211475679184, -64.77047082523054655 ) ) ;
#2918 = CARTESIAN_POINT ( 'NONE',  ( 19.01941379036735214, -14.01781513485330777, -56.83710765094457429 ) ) ;
#2919 = CARTESIAN_POINT ( 'NONE',  ( 19.46190759237069301, 70.36888069425495473, -2.950270223865278485 ) ) ;
#2920 = CARTESIAN_POINT ( 'NONE',  ( 19.42422096688429534, -33.75122798739051433, -44.61327211426038986 ) ) ;
#2921 = CARTESIAN_POINT ( 'NONE',  ( 18.79018048702202393, 35.49669943497315217, -54.80521861650888127 ) ) ;
#2922 = EDGE_CURVE ( 'NONE', #2969, #5516, #2775, .T. ) ;
#2923 = VERTEX_POINT ( 'NONE', #488 ) ;
#2924 = FACE_OUTER_BOUND ( 'NONE', #1225, .T. ) ;
#2925 = FACE_OUTER_BOUND ( 'NONE', #4863, .T. ) ;
#2926 = DIRECTION ( 'NONE',  ( -1.000000000000000000, -0.000000000000000000, -0.000000000000000000 ) ) ;
#2927 = CARTESIAN_POINT ( 'NONE',  ( 49.41026041085032716, -21.46070499080090599, 17.58008624422908284 ) ) ;
#2928 = CARTESIAN_POINT ( 'NONE',  ( 89.82729936416122030, 8.807304617730210339, 0.009132570123292797423 ) ) ;
#2929 = CARTESIAN_POINT ( 'NONE',  ( 18.79234720619588472, -42.95175430992581056, -32.19213896533788244 ) ) ;
#2930 = ORIENTED_EDGE ( 'NONE', *, *, #4902, .T. ) ;
#2931 = CARTESIAN_POINT ( 'NONE',  ( 54.54334256235661371, 8.812244897959189416, -6.153557722908013615E-14 ) ) ;
#2932 = B_SPLINE_CURVE_WITH_KNOTS ( 'NONE', 3,
 ( #3204, #4795, #4278, #6385, #1659, #5869, #1138, #4507 ),
 .UNSPECIFIED., .F., .F.,
 ( 4, 2, 2, 4 ),
 ( 0.000000000000000000, 0.0002267054828044261911, 0.0004534109656088523821, 0.0009068219312177047643 ),
 .UNSPECIFIED. ) ;
#2933 = ORIENTED_EDGE ( 'NONE', *, *, #3849, .F. ) ;
#2934 = CARTESIAN_POINT ( 'NONE',  ( 49.23372534307176096, 38.41281227809579946, -18.35842026916492387 ) ) ;
#2935 = CARTESIAN_POINT ( 'NONE',  ( 19.46190759237070012, -44.56752894042254098, 30.79810464809223092 ) ) ;
#2936 = CARTESIAN_POINT ( 'NONE',  ( 89.82615535696581333, 8.821562884381028979, -0.001715913891197815315 ) ) ;
#2937 = DIRECTION ( 'NONE',  ( 0.000000000000000000, 0.000000000000000000, 1.000000000000000000 ) ) ;
#2938 = ORIENTED_EDGE ( 'NONE', *, *, #5023, .T. ) ;
#2939 = CARTESIAN_POINT ( 'NONE',  ( 18.79148157003699993, 1.331323743502444534, -60.49683085042298814 ) ) ;
#2940 = ORIENTED_EDGE ( 'NONE', *, *, #5049, .T. ) ;
#2941 = CARTESIAN_POINT ( 'NONE',  ( 26.76987644061276228, 25.63730627627284520, 66.85254140250509636 ) ) ;
#2942 = CARTESIAN_POINT ( 'NONE',  ( 54.30008724204793680, 22.29216619929486498, -27.33601414651441885 ) ) ;
#2943 = CARTESIAN_POINT ( 'NONE',  ( 26.76987644061300742, 48.31795256452639364, -56.49463730409692630 ) ) ;
#2944 = B_SPLINE_CURVE_WITH_KNOTS ( 'NONE', 3,
 ( #1452, #4517, #5132, #2008, #4111, #1897, #3482, #5584 ),
 .UNSPECIFIED., .F., .F.,
 ( 4, 2, 2, 4 ),
 ( 1.932017850193292495E-16, 0.0003956619665159669835, 0.0007913239330317407621, 0.001582647866063288319 ),
 .UNSPECIFIED. ) ;
#2945 = CARTESIAN_POINT ( 'NONE',  ( 49.23165480826241236, -13.20359161104961387, 26.98754054080752240 ) ) ;
#2946 = FACE_OUTER_BOUND ( 'NONE', #552, .T. ) ;
#2947 = EDGE_LOOP ( 'NONE', ( #4158, #5172, #3570, #2671 ) ) ;
#2948 = PRODUCT_DEFINITION_CONTEXT ( 'detailed design', #170, 'design' ) ;
#2949 = CARTESIAN_POINT ( 'NONE',  ( 26.06099036693303006, -54.92368371875129895, 25.10253801250019023 ) ) ;
#2950 = DIRECTION ( 'NONE',  ( 0.000000000000000000, 0.000000000000000000, 1.000000000000000000 ) ) ;
#2951 = DIRECTION ( 'NONE',  ( -0.7588727602565363828, 0.5372039009369594664, -0.3681359837868866669 ) ) ;
#2952 = CARTESIAN_POINT ( 'NONE',  ( 89.82615535696581333, 8.820702011651309959, 0.004271587461044227402 ) ) ;
#2953 =( BOUNDED_SURFACE ( )  B_SPLINE_SURFACE ( 3, 1, ( 
 ( #1758, #5380 ),
 ( #640, #4343 ),
 ( #1134, #1267 ),
 ( #3332, #1233 ) ),
 .UNSPECIFIED., .F., .F., .T. ) 
 B_SPLINE_SURFACE_WITH_KNOTS ( ( 4, 4 ),
 ( 2, 2 ),
 ( 0.000000000000000000, 1.000000000000000000 ),
 ( 0.000000000000000000, 1.000000000000000000 ),
 .UNSPECIFIED. ) 
 GEOMETRIC_REPRESENTATION_ITEM ( )  RATIONAL_B_SPLINE_SURFACE ( (
 ( 1.000000000000000000, 1.000000000000000000),
 ( 0.7724073758824716585, 0.9739345816297118041),
 ( 0.7724073758824716585, 0.9739345816297118041),
 ( 1.000000000000000000, 1.000000000000000000) ) ) 
 REPRESENTATION_ITEM ( '' )  SURFACE ( )  );
#2954 = DIRECTION ( 'NONE',  ( 0.7588727602565363828, 0.1117057040014836217, -0.6415870708128074140 ) ) ;
#2955 = EDGE_CURVE ( 'NONE', #6583, #5921, #5704, .T. ) ;
#2956 = CARTESIAN_POINT ( 'NONE',  ( 89.82615535696581333, 8.817676579586414931, -0.007763122190248818340 ) ) ;
#2957 = EDGE_LOOP ( 'NONE', ( #1324, #213, #6484, #339 ) ) ;
#2958 = CARTESIAN_POINT ( 'NONE',  ( 22.50029827766115176, 39.35175121883372640, -57.00066540861454456 ) ) ;
#2959 = B_SPLINE_CURVE_WITH_KNOTS ( 'NONE', 3,
 ( #6476, #2810, #2749, #4853, #2239, #3851, #2207, #6447, #5439, #706, #1725, #3823, #608 ),
 .UNSPECIFIED., .F., .F.,
 ( 4, 3, 3, 3, 4 ),
 ( 1.551583845779545699E-17, 0.0009041618729686823732, 0.001808323717130793469, 0.002711696379629067316, 0.003615359634610204945 ),
 .UNSPECIFIED. ) ;
#2960 = CARTESIAN_POINT ( 'NONE',  ( 19.46190759237069301, -2.868418496962222619, -60.51021077145722415 ) ) ;
#2961 = CARTESIAN_POINT ( 'NONE',  ( 19.04016012521984536, -33.23639490859611811, 44.47517532524554440 ) ) ;
#2962 = CARTESIAN_POINT ( 'NONE',  ( 17.53340716131418375, 8.812244897959189416, 7.999999999999939604 ) ) ;
#2963 = CARTESIAN_POINT ( 'NONE',  ( 89.82729936416122030, 8.805989886550721124, -0.008287643698891379584 ) ) ;
#2964 = CARTESIAN_POINT ( 'NONE',  ( 49.56354134330945982, 5.471876615337733618, 35.00135493033675971 ) ) ;
#2965 = EDGE_CURVE ( 'NONE', #889, #1421, #2439, .T. ) ;
#2966 = ORIENTED_EDGE ( 'NONE', *, *, #5891, .T. ) ;
#2967 = DIRECTION ( 'NONE',  ( -1.000000000000000000, -0.000000000000000000, -0.000000000000000000 ) ) ;
#2968 = ADVANCED_FACE ( 'NONE', ( #5250 ), #4409, .F. ) ;
#2969 = VERTEX_POINT ( 'NONE', #2590 ) ;
#2970 = CARTESIAN_POINT ( 'NONE',  ( 18.79234864102460278, 59.59906384814368607, 33.71267745235510205 ) ) ;
#2971 = CARTESIAN_POINT ( 'NONE',  ( 20.99547524081242500, 60.01702234132678626, 36.97907158972214603 ) ) ;
#2972 = CARTESIAN_POINT ( 'NONE',  ( 25.39469577495192709, -51.02727653019017140, 31.36671636532100393 ) ) ;
#2973 = CARTESIAN_POINT ( 'NONE',  ( 89.82643428741083369, 8.813737795935098873, -0.009672434044375347734 ) ) ;
#2974 = CARTESIAN_POINT ( 'NONE',  ( 89.82681805825622234, 8.809156426255894345, 0.009611232640327151480 ) ) ;
#2975 = EDGE_LOOP ( 'NONE', ( #2576, #1575, #5327, #5941 ) ) ;
#2976 = CARTESIAN_POINT ( 'NONE',  ( 19.46190759237069301, 46.89360312880777570, 48.45341742586793288 ) ) ;
#2977 = ORIENTED_EDGE ( 'NONE', *, *, #2620, .T. ) ;
#2978 = CARTESIAN_POINT ( 'NONE',  ( 54.17538997708381743, 7.592107011977185849, 39.75512267818356094 ) ) ;
#2979 = DIRECTION ( 'NONE',  ( 0.000000000000000000, 0.000000000000000000, 1.000000000000000000 ) ) ;
#2980 = CARTESIAN_POINT ( 'NONE',  ( 28.07725316172355079, -43.26111742286241935, -47.14226879085853028 ) ) ;
#2981 = CARTESIAN_POINT ( 'NONE',  ( 49.23423108862793640, -13.78408630912391430, 26.50721389152737828 ) ) ;
#2982 = ORIENTED_EDGE ( 'NONE', *, *, #2676, .T. ) ;
#2983 = B_SPLINE_CURVE_WITH_KNOTS ( 'NONE', 3,
 ( #2170, #4820, #24, #4786, #55, #3093 ),
 .UNSPECIFIED., .F., .F.,
 ( 4, 2, 4 ),
 ( 1.460468217185455687E-16, 0.0007986073165776882239, 0.001597214633155230514 ),
 .UNSPECIFIED. ) ;
#2984 = EDGE_LOOP ( 'NONE', ( #5144, #1504, #6358, #4604 ) ) ;
#2985 = CARTESIAN_POINT ( 'NONE',  ( 49.61704819046447312, 43.03670793561566654, 8.288812106334516372 ) ) ;
#2986 = CONICAL_SURFACE ( 'NONE', #4530, 40.14018759214401655, 0.8495922745902004802 ) ;
#2987 = CARTESIAN_POINT ( 'NONE',  ( 18.79234720619590249, -30.41900968559129481, 46.65569728294907037 ) ) ;
#2988 = CARTESIAN_POINT ( 'NONE',  ( 35.20511764130979060, -9.984700382443804756, -59.22403486648647686 ) ) ;
#2989 = CARTESIAN_POINT ( 'NONE',  ( 89.83068436596586537, 8.801323948871729641, 0.009727682652973721616 ) ) ;
#2990 = VECTOR ( 'NONE', #4532, 1000.000000000000114 ) ;
#2991 = CARTESIAN_POINT ( 'NONE',  ( 49.51286555817212331, 21.88224158588015555, -32.58632134263184810 ) ) ;
#2992 = CIRCLE ( 'NONE', #4763, 40.14018759214401655 ) ;
#2993 = EDGE_LOOP ( 'NONE', ( #1066, #2072, #389, #6109 ) ) ;
#2994 = CARTESIAN_POINT ( 'NONE',  ( 18.79017952991916118, -41.63744704097076266, 34.21257762847503159 ) ) ;
#2995 = EDGE_CURVE ( 'NONE', #4959, #4496, #3690, .T. ) ;
#2996 =( BOUNDED_SURFACE ( )  B_SPLINE_SURFACE ( 3, 1, ( 
 ( #6538, #1263 ),
 ( #3946, #3495 ),
 ( #5986, #3911 ),
 ( #1816, #875 ) ),
 .UNSPECIFIED., .F., .F., .T. ) 
 B_SPLINE_SURFACE_WITH_KNOTS ( ( 4, 4 ),
 ( 2, 2 ),
 ( 0.000000000000000000, 1.000000000000000000 ),
 ( 0.000000000000000000, 1.000000000000000000 ),
 .UNSPECIFIED. ) 
 GEOMETRIC_REPRESENTATION_ITEM ( )  RATIONAL_B_SPLINE_SURFACE ( (
 ( 1.000000000000000000, 1.000000000000000000),
 ( 0.9611591142731221726, 0.9996856433685865628),
 ( 0.9611591142731221726, 0.9996856433685865628),
 ( 1.000000000000000000, 1.000000000000000000) ) ) 
 REPRESENTATION_ITEM ( '' )  SURFACE ( )  );
#2997 = CARTESIAN_POINT ( 'NONE',  ( 48.51805717611819802, 8.812244897959189416, -6.153557722908013615E-14 ) ) ;
#2998 = CARTESIAN_POINT ( 'NONE',  ( 49.23351359036895758, 13.19164127830037714, -34.55394000134374721 ) ) ;
#2999 = DIRECTION ( 'NONE',  ( 1.000000000000000000, 0.000000000000000000, 0.000000000000000000 ) ) ;
#3000 = ORIENTED_EDGE ( 'NONE', *, *, #2674, .T. ) ;
#3001 = EDGE_CURVE ( 'NONE', #3910, #5892, #4010, .T. ) ;
#3002 = CARTESIAN_POINT ( 'NONE',  ( 54.62576016552275604, -16.29098008187618163, -17.89167722197414179 ) ) ;
#3003 = VERTEX_POINT ( 'NONE', #5147 ) ;
#3004 = CARTESIAN_POINT ( 'NONE',  ( 18.79148013494831915, 60.73458312672237724, 31.93589269169878975 ) ) ;
#3005 = CARTESIAN_POINT ( 'NONE',  ( 49.23165480826241236, -26.00088423333334120, 1.034621535194923059 ) ) ;
#3006 = EDGE_CURVE ( 'NONE', #1254, #2167, #60, .T. ) ;
#3007 = CARTESIAN_POINT ( 'NONE',  ( 27.43416788634340975, 77.36913563730102794, -12.01846650624523605 ) ) ;
#3008 = CARTESIAN_POINT ( 'NONE',  ( 89.82643428741084790, 8.821606419037433255, -0.002854233313888558232 ) ) ;
#3009 = CARTESIAN_POINT ( 'NONE',  ( 19.46190759237069301, 67.04421725030920243, -20.17327194350917452 ) ) ;
#3010 = ORIENTED_EDGE ( 'NONE', *, *, #1106, .T. ) ;
#3011 = CARTESIAN_POINT ( 'NONE',  ( 49.51286555817213042, 41.99837100613858354, -11.46185787730493999 ) ) ;
#3012 = ORIENTED_EDGE ( 'NONE', *, *, #723, .F. ) ;
#3013 = CARTESIAN_POINT ( 'NONE',  ( 89.82729936416122030, 8.821987586868575093, -0.003590295059482165579 ) ) ;
#3014 = CARTESIAN_POINT ( 'NONE',  ( 28.07725316172354368, -60.91630494323797507, -8.482800668929586507 ) ) ;
#3015 = CARTESIAN_POINT ( 'NONE',  ( 26.76987644061281202, -41.48511005948299868, -47.14362169628849131 ) ) ;
#3016 = FACE_OUTER_BOUND ( 'NONE', #3814, .T. ) ;
#3017 = ORIENTED_EDGE ( 'NONE', *, *, #3342, .F. ) ;
#3018 = CARTESIAN_POINT ( 'NONE',  ( 50.49366072217502932, 5.625043087609537196, -35.94989036713629815 ) ) ;
#3019 = ORIENTED_EDGE ( 'NONE', *, *, #2286, .F. ) ;
#3020 = ADVANCED_BREP_SHAPE_REPRESENTATION ( '6M22PT 22GT 20PA 40FW without hub', ( #4932, #793 ), #3786 ) ;
#3021 = DIRECTION ( 'NONE',  ( 0.000000000000000000, 0.000000000000000000, 1.000000000000000000 ) ) ;
#3022 = CARTESIAN_POINT ( 'NONE',  ( 48.51805717611820512, 35.12288913180492500, -8.000000000000060396 ) ) ;
#3023 = CARTESIAN_POINT ( 'NONE',  ( 49.61704819046445891, 24.96023566041777642, -31.29314095270062523 ) ) ;
#3024 = FACE_OUTER_BOUND ( 'NONE', #2184, .T. ) ;
#3025 = CARTESIAN_POINT ( 'NONE',  ( 51.35395742193603752, -17.11113851117681151, 26.33188678587599085 ) ) ;
#3026 = CARTESIAN_POINT ( 'NONE',  ( 23.23982137879184151, -22.39090579820373961, -57.48369563761227852 ) ) ;
#3027 = CARTESIAN_POINT ( 'NONE',  ( 49.24038183582140249, 37.46103432227548069, 19.82131191732963416 ) ) ;
#3028 = VERTEX_POINT ( 'NONE', #1371 ) ;
#3029 = CARTESIAN_POINT ( 'NONE',  ( 50.05827993638285278, 1.956675669384401406, 34.98997476350488967 ) ) ;
#3030 = CARTESIAN_POINT ( 'NONE',  ( 19.46190759237069301, 14.65242683903252363, -61.34994523100078112 ) ) ;
#3031 = CARTESIAN_POINT ( 'NONE',  ( 89.82615535696581333, 8.804846113339237945, -0.005918379642068136159 ) ) ;
#3032 = DIRECTION ( 'NONE',  ( 0.000000000000000000, 0.000000000000000000, 1.000000000000000000 ) ) ;
#3033 = CARTESIAN_POINT ( 'NONE',  ( 89.82615535696581333, 8.820702011651309959, -0.004271587461172541428 ) ) ;
#3034 = CARTESIAN_POINT ( 'NONE',  ( 49.23125140390099119, 38.69738921517887320, -17.88519816762072878 ) ) ;
#3035 = DIRECTION ( 'NONE',  ( 0.000000000000000000, 0.000000000000000000, -1.000000000000000000 ) ) ;
#3036 = ORIENTED_EDGE ( 'NONE', *, *, #1189, .F. ) ;
#3037 = FACE_OUTER_BOUND ( 'NONE', #667, .T. ) ;
#3038 = ORIENTED_EDGE ( 'NONE', *, *, #4693, .T. ) ;
#3039 = CARTESIAN_POINT ( 'NONE',  ( 49.23165480826241236, 38.65827140111246507, -17.95101957010275839 ) ) ;
#3040 = DIRECTION ( 'NONE',  ( 0.000000000000000000, 0.000000000000000000, 1.000000000000000000 ) ) ;
#3041 = CARTESIAN_POINT ( 'NONE',  ( 49.61704819046447312, -19.86427830702869457, 20.43710579372289615 ) ) ;
#3042 = DIRECTION ( 'NONE',  ( 0.7588727602565363828, 0.2879368039985802930, -0.5841271528046856343 ) ) ;
#3043 = CARTESIAN_POINT ( 'NONE',  ( 49.37576540558973193, 37.38425202872642217, -20.16748011349015002 ) ) ;
#3044 = VERTEX_POINT ( 'NONE', #6605 ) ;
#3045 = DIRECTION ( 'NONE',  ( 0.000000000000000000, 0.000000000000000000, 1.000000000000000000 ) ) ;
#3046 = ADVANCED_FACE ( 'NONE', ( #4498 ), #2705, .T. ) ;
#3047 = ORIENTED_EDGE ( 'NONE', *, *, #521, .F. ) ;
#3048 = CARTESIAN_POINT ( 'NONE',  ( 49.23165480826241236, -24.88219446352384168, -8.815279788440157915 ) ) ;
#3049 = EDGE_CURVE ( 'NONE', #3788, #1532, #4142, .T. ) ;
#3050 = CARTESIAN_POINT ( 'NONE',  ( 24.68797426277920692, 48.33934818040586379, -53.91799897872927971 ) ) ;
#3051 = CARTESIAN_POINT ( 'NONE',  ( 23.24077445196134661, 31.82168371545287400, 61.22664697988830085 ) ) ;
#3052 = CARTESIAN_POINT ( 'NONE',  ( 89.82729936416122030, 8.817185178188168493, -0.009132570123415898605 ) ) ;
#3053 = ORIENTED_EDGE ( 'NONE', *, *, #6551, .F. ) ;
#3054 = CARTESIAN_POINT ( 'NONE',  ( 54.54334256235713951, 7.941586415395067711, -40.13074399683127069 ) ) ;
#3055 = EDGE_CURVE ( 'NONE', #42, #2191, #3430, .T. ) ;
#3056 = ORIENTED_EDGE ( 'NONE', *, *, #3086, .F. ) ;
#3057 = CARTESIAN_POINT ( 'NONE',  ( 19.04016012521985957, -50.60641703437314476, 14.68168736773684024 ) ) ;
#3058 = CARTESIAN_POINT ( 'NONE',  ( 49.41824768824507430, 43.79216138107472744, -1.569565351969180567 ) ) ;
#3059 = B_SPLINE_CURVE_WITH_KNOTS ( 'NONE', 3,
 ( #3227, #2668, #5178, #6269, #5818, #11, #6820, #3681 ),
 .UNSPECIFIED., .F., .F.,
 ( 4, 2, 2, 4 ),
 ( 9.909158981906917865E-16, 0.001890109674893138397, 0.003780219349785285832, 0.007560438699569580270 ),
 .UNSPECIFIED. ) ;
#3060 = CARTESIAN_POINT ( 'NONE',  ( 53.79462347678109779, 28.80173149644579667, -33.94403466316330054 ) ) ;
#3061 = CARTESIAN_POINT ( 'NONE',  ( 49.27737675194772748, -24.25002360341340335, -11.09517518283807114 ) ) ;
#3062 = CARTESIAN_POINT ( 'NONE',  ( 49.41824768824506720, 21.91570049564690592, -32.47087223896632224 ) ) ;
#3063 = CARTESIAN_POINT ( 'NONE',  ( 33.61636502379864311, 44.54299184256176858, -53.02785415207978303 ) ) ;
#3064 = VERTEX_POINT ( 'NONE', #3462 ) ;
#3065 = CARTESIAN_POINT ( 'NONE',  ( 33.61636502379866442, -38.59084668589957090, -42.91370994782175075 ) ) ;
#3066 = CARTESIAN_POINT ( 'NONE',  ( 27.43416548070749172, 10.95172021759342051, -69.56948410359275670 ) ) ;
#3067 = CARTESIAN_POINT ( 'NONE',  ( 89.82545070715441682, 8.807091433715429574, -0.007718436820976669853 ) ) ;
#3068 = CARTESIAN_POINT ( 'NONE',  ( 19.46190759237069301, -41.37745592933178784, 35.76195514535875475 ) ) ;
#3069 = CARTESIAN_POINT ( 'NONE',  ( 20.23383842789535336, 52.00688248043718431, 45.03237385754935929 ) ) ;
#3070 = ORIENTED_EDGE ( 'NONE', *, *, #2486, .F. ) ;
#3071 = CARTESIAN_POINT ( 'NONE',  ( 89.82545070715441682, 8.815015075750471496, -0.008857684555003228488 ) ) ;
#3072 = B_SPLINE_CURVE_WITH_KNOTS ( 'NONE', 3,
 ( #72, #3768, #37, #3831, #2820, #1705, #5450, #6392, #1735, #585, #2153, #1107, #4285 ),
 .UNSPECIFIED., .F., .F.,
 ( 4, 3, 3, 3, 4 ),
 ( 5.204170427930421283E-18, 0.0004520762650173986374, 0.0009041524520694503141, 0.001356228616379091985, 0.002069674869633365832 ),
 .UNSPECIFIED. ) ;
#3073 = VERTEX_POINT ( 'NONE', #5678 ) ;
#3074 = CARTESIAN_POINT ( 'NONE',  ( 22.50127774655966206, 60.88703355833344233, -38.34162782207040010 ) ) ;
#3075 = CARTESIAN_POINT ( 'NONE',  ( 54.30008724204793680, -20.67440731472823501, -7.713837501312358569 ) ) ;
#3076 = CARTESIAN_POINT ( 'NONE',  ( 18.85583905783801129, -52.16436548121347982, -2.341824554022089888 ) ) ;
#3077 = CARTESIAN_POINT ( 'NONE',  ( 18.79017952991916474, -15.13202073958844096, 56.05661448746183595 ) ) ;
#3078 = ORIENTED_EDGE ( 'NONE', *, *, #3643, .F. ) ;
#3079 = CARTESIAN_POINT ( 'NONE',  ( 54.54334256235712530, -27.33027923408508286, 17.46289235198625178 ) ) ;
#3080 = ORIENTED_EDGE ( 'NONE', *, *, #1067, .T. ) ;
#3081 = CARTESIAN_POINT ( 'NONE',  ( 89.83068436596585116, 8.826691367262363030, 0.002279136556028390180 ) ) ;
#3082 = CARTESIAN_POINT ( 'NONE',  ( 49.51286555817213042, -25.30244914387385791, -8.299445915218926828 ) ) ;
#3083 = CARTESIAN_POINT ( 'NONE',  ( 49.23165480826241236, 4.881910635620630323, -34.60602366957853349 ) ) ;
#3084 = CARTESIAN_POINT ( 'NONE',  ( 20.99547524081241079, -3.553868491162321064, 61.93916538273656869 ) ) ;
#3085 = CARTESIAN_POINT ( 'NONE',  ( 54.54334256235661371, 8.812244897959189416, -6.153557722908013615E-14 ) ) ;
#3086 = EDGE_CURVE ( 'NONE', #2232, #715, #385, .T. ) ;
#3087 = CARTESIAN_POINT ( 'NONE',  ( 53.00898906108304942, 31.41668394211404802, -31.29758927228292720 ) ) ;
#3088 = VERTEX_POINT ( 'NONE', #951 ) ;
#3089 = ORIENTED_EDGE ( 'NONE', *, *, #5920, .F. ) ;
#3090 = EDGE_CURVE ( 'NONE', #5921, #1414, #4344, .T. ) ;
#3091 = B_SPLINE_CURVE_WITH_KNOTS ( 'NONE', 3,
 ( #4385, #3409, #2889, #6620, #5547, #2960 ),
 .UNSPECIFIED., .F., .F.,
 ( 4, 2, 4 ),
 ( 1.439533077486444689E-16, 0.0007986073165776932112, 0.001597214633155242440 ),
 .UNSPECIFIED. ) ;
#3092 = CARTESIAN_POINT ( 'NONE',  ( 24.68883653248302679, 71.21543958235773175, 23.98956268288097959 ) ) ;
#3093 = CARTESIAN_POINT ( 'NONE',  ( 19.46190759237069301, -14.07564557114210402, 57.21947199010178764 ) ) ;
#3094 = EDGE_CURVE ( 'NONE', #5223, #1252, #4638, .T. ) ;
#3095 = CARTESIAN_POINT ( 'NONE',  ( 19.46190759237069301, -2.868418496962222619, -60.51021077145722415 ) ) ;
#3096 = EDGE_CURVE ( 'NONE', #1514, #751, #4095, .T. ) ;
#3097 = CARTESIAN_POINT ( 'NONE',  ( 49.41026041085033427, -24.29846398107038041, -11.36626081216105000 ) ) ;
#3098 = ORIENTED_EDGE ( 'NONE', *, *, #212, .T. ) ;
#3099 = CARTESIAN_POINT ( 'NONE',  ( 49.61704819046447312, 15.48983196032594023, 34.57496359180355228 ) ) ;
#3100 =( BOUNDED_SURFACE ( )  B_SPLINE_SURFACE ( 3, 1, ( 
 ( #1689, #2104 ),
 ( #3792, #1651 ),
 ( #5897, #5824 ),
 ( #1062, #1093 ) ),
 .UNSPECIFIED., .F., .F., .T. ) 
 B_SPLINE_SURFACE_WITH_KNOTS ( ( 4, 4 ),
 ( 2, 2 ),
 ( 0.000000000000000000, 1.000000000000000000 ),
 ( 0.000000000000000000, 1.000000000000000000 ),
 .UNSPECIFIED. ) 
 GEOMETRIC_REPRESENTATION_ITEM ( )  RATIONAL_B_SPLINE_SURFACE ( (
 ( 1.000000000000000000, 1.000000000000000000),
 ( 0.7724073758824716585, 0.9739345816297118041),
 ( 0.7724073758824716585, 0.9739345816297118041),
 ( 1.000000000000000000, 1.000000000000000000) ) ) 
 REPRESENTATION_ITEM ( '' )  SURFACE ( )  );
#3101 = CARTESIAN_POINT ( 'NONE',  ( 28.07725316172377816, 10.33919420233245567, -70.22604214938377254 ) ) ;
#3102 = VECTOR ( 'NONE', #5697, 1000.000000000000114 ) ;
#3103 = CARTESIAN_POINT ( 'NONE',  ( 18.80019331273212302, -17.06205362956625393, 55.20585143009718365 ) ) ;
#3104 = CARTESIAN_POINT ( 'NONE',  ( 49.46084658743902907, 54.39697564488263026, 5.547152977207980840 ) ) ;
#3105 = CARTESIAN_POINT ( 'NONE',  ( 54.54334256235661371, 8.812244897959189416, -6.153557722908013615E-14 ) ) ;
#3106 = COLOUR_RGB ( '',0.7921568627450980005, 0.8196078431372548767, 0.9333333333333333481 ) ;
#3107 = ORIENTED_EDGE ( 'NONE', *, *, #5920, .T. ) ;
#3108 = B_SPLINE_CURVE_WITH_KNOTS ( 'NONE', 3,
 ( #369, #5202, #1417, #6174, #4177, #6799, #1449, #477 ),
 .UNSPECIFIED., .F., .F.,
 ( 4, 2, 2, 4 ),
 ( 0.000000000000000000, 0.0002264431842541162236, 0.0004528863685082324471, 0.0009057727370164648942 ),
 .UNSPECIFIED. ) ;
#3109 = CARTESIAN_POINT ( 'NONE',  ( 30.84680909296949025, -57.78925071552821890, 8.102581630482999842 ) ) ;
#3110 = ORIENTED_EDGE ( 'NONE', *, *, #6553, .F. ) ;
#3111 = VECTOR ( 'NONE', #2060, 1000.000000000000114 ) ;
#3112 = DIRECTION ( 'NONE',  ( 1.000000000000000000, 0.000000000000000000, 0.000000000000000000 ) ) ;
#3113 = CARTESIAN_POINT ( 'NONE',  ( 54.54334256235661371, 8.812244897959189416, -6.153557722908013615E-14 ) ) ;
#3114 = CARTESIAN_POINT ( 'NONE',  ( 53.79529533164531330, 21.37479847527537657, -37.33647415960206928 ) ) ;
#3115 = CARTESIAN_POINT ( 'NONE',  ( 18.79018048702202393, -17.87220963905439319, 54.80521861650894522 ) ) ;
#3116 = ORIENTED_EDGE ( 'NONE', *, *, #4826, .T. ) ;
#3117 = AXIS2_PLACEMENT_3D ( 'NONE', #6685, #1343, #817 ) ;
#3118 = CARTESIAN_POINT ( 'NONE',  ( 49.23244927482063105, 38.58128589271029796, 18.08055993372379788 ) ) ;
#3119 = VERTEX_POINT ( 'NONE', #6644 ) ;
#3120 = LINE ( 'NONE', #6746, #6513 ) ;
#3121 = CARTESIAN_POINT ( 'NONE',  ( 18.79321399865035502, -49.84481562561625623, -16.59490965205517909 ) ) ;
#3122 = CARTESIAN_POINT ( 'NONE',  ( 51.77745077274521890, -4.331258085492107668, -34.98773642317087251 ) ) ;
#3123 = DIRECTION ( 'NONE',  ( -0.7588727602565363828, -0.4117274763696925355, 0.5045717183343411127 ) ) ;
#3124 = CARTESIAN_POINT ( 'NONE',  ( 53.00898906108306363, 44.74906335007811009, -14.10832514145016070 ) ) ;
#3125 = ORIENTED_EDGE ( 'NONE', *, *, #6641, .F. ) ;
#3126 = ORIENTED_EDGE ( 'NONE', *, *, #6088, .T. ) ;
#3127 = EDGE_CURVE ( 'NONE', #2616, #2387, #4580, .T. ) ;
#3128 = CARTESIAN_POINT ( 'NONE',  ( 19.46190759237069301, 70.36888069425495473, -2.950270223865278485 ) ) ;
#3129 = LINE ( 'NONE', #2678, #5077 ) ;
#3130 = CARTESIAN_POINT ( 'NONE',  ( 54.30008724204793680, -20.67440731472833804, 7.713837501311832767 ) ) ;
#3131 = ADVANCED_FACE ( 'NONE', ( #982 ), #3439, .F. ) ;
#3132 = CARTESIAN_POINT ( 'NONE',  ( 89.82545070715441682, 8.809786493994131717, 0.008949229610064945994 ) ) ;
#3133 = CARTESIAN_POINT ( 'NONE',  ( 0.000000000000000000, 0.000000000000000000, 0.000000000000000000 ) ) ;
#3134 = B_SPLINE_CURVE_WITH_KNOTS ( 'NONE', 3,
 ( #515, #1074, #2081, #5315, #582, #2650, #6288, #4729, #4798, #1564 ),
 .UNSPECIFIED., .F., .F.,
 ( 4, 2, 2, 2, 4 ),
 ( 4.155377919954670936E-16, 0.003307310133422101863, 0.006614620266843788260, 0.009921930400265475958, 0.01322924053368716192 ),
 .UNSPECIFIED. ) ;
#3135 = EDGE_CURVE ( 'NONE', #6347, #5133, #2354, .T. ) ;
#3136 = ORIENTED_EDGE ( 'NONE', *, *, #3893, .T. ) ;
#3137 = CARTESIAN_POINT ( 'NONE',  ( 19.46190759237069301, -41.37745592933178784, 35.76195514535875475 ) ) ;
#3138 = CARTESIAN_POINT ( 'NONE',  ( 18.78844479849039928, -41.46572741669648110, 34.46005189268202429 ) ) ;
#3139 = CARTESIAN_POINT ( 'NONE',  ( 89.84074713331158080, 8.820552158186293568, 0.007392150456151878532 ) ) ;
#3140 = CARTESIAN_POINT ( 'NONE',  ( 18.77401912713006382, -52.12716176731685636, -1.807682489462337339 ) ) ;
#3141 = CARTESIAN_POINT ( 'NONE',  ( 49.41026041085033427, 39.08519478671940561, -17.58008624422899047 ) ) ;
#3142 = CARTESIAN_POINT ( 'NONE',  ( 49.23435778140443375, -13.86826345345811440, -26.43539178522064503 ) ) ;
#3143 = VERTEX_POINT ( 'NONE', #3714 ) ;
#3144 = B_SPLINE_CURVE_WITH_KNOTS ( 'NONE', 3,
 ( #2141, #1094, #1621, #3723, #1031, #4205, #3754, #4718 ),
 .UNSPECIFIED., .F., .F.,
 ( 4, 2, 2, 4 ),
 ( 1.795417846747139736E-16, 0.0003956619665159638935, 0.0007913239330317482431, 0.001582647866063311955 ),
 .UNSPECIFIED. ) ;
#3145 = CARTESIAN_POINT ( 'NONE',  ( 54.30008724204793680, 38.29889711064677016, -7.713837501311775036 ) ) ;
#3146 = EDGE_CURVE ( 'NONE', #946, #3910, #525, .T. ) ;
#3147 = VERTEX_POINT ( 'NONE', #2629 ) ;
#3148 =( BOUNDED_SURFACE ( )  B_SPLINE_SURFACE ( 3, 1, ( 
 ( #711, #2814 ),
 ( #816, #6548 ),
 ( #2882, #4917 ),
 ( #184, #2301 ) ),
 .UNSPECIFIED., .F., .F., .T. ) 
 B_SPLINE_SURFACE_WITH_KNOTS ( ( 4, 4 ),
 ( 2, 2 ),
 ( 0.000000000000000000, 1.000000000000000000 ),
 ( 0.000000000000000000, 1.000000000000000000 ),
 .UNSPECIFIED. ) 
 GEOMETRIC_REPRESENTATION_ITEM ( )  RATIONAL_B_SPLINE_SURFACE ( (
 ( 1.000000000000000000, 1.000000000000000000),
 ( 0.9611591142731221726, 0.9996856433685865628),
 ( 0.9611591142731221726, 0.9996856433685865628),
 ( 1.000000000000000000, 1.000000000000000000) ) ) 
 REPRESENTATION_ITEM ( '' )  SURFACE ( )  );
#3149 = CARTESIAN_POINT ( 'NONE',  ( 28.65641647731176533, 9.458390163643727533, 71.45717898808781854 ) ) ;
#3150 = CARTESIAN_POINT ( 'NONE',  ( 49.27737675194775591, -25.00000986289617444, 8.540956549575179579 ) ) ;
#3151 = DIRECTION ( 'NONE',  ( 0.000000000000000000, 0.000000000000000000, 1.000000000000000000 ) ) ;
#3152 = CARTESIAN_POINT ( 'NONE',  ( 54.54334256235712530, -12.15162881724179655, -34.23084367621655133 ) ) ;
#3153 = VERTEX_POINT ( 'NONE', #6819 ) ;
#3154 = CARTESIAN_POINT ( 'NONE',  ( 49.23165480826241236, -14.76742118073267385, 25.63247450502043634 ) ) ;
#3155 = ORIENTED_EDGE ( 'NONE', *, *, #3181, .F. ) ;
#3156 = DIRECTION ( 'NONE',  ( 0.000000000000000000, 0.000000000000000000, 1.000000000000000000 ) ) ;
#3157 =( BOUNDED_SURFACE ( )  B_SPLINE_SURFACE ( 3, 1, ( 
 ( #4397, #5433 ),
 ( #2804, #2290 ),
 ( #3359, #735 ),
 ( #5948, #6087 ) ),
 .UNSPECIFIED., .F., .F., .T. ) 
 B_SPLINE_SURFACE_WITH_KNOTS ( ( 4, 4 ),
 ( 2, 2 ),
 ( 0.000000000000000000, 1.000000000000000000 ),
 ( 0.000000000000000000, 1.000000000000000000 ),
 .UNSPECIFIED. ) 
 GEOMETRIC_REPRESENTATION_ITEM ( )  RATIONAL_B_SPLINE_SURFACE ( (
 ( 1.000000000000000000, 1.000000000000000000),
 ( 0.7724073758824716585, 0.9739345816297118041),
 ( 0.7724073758824716585, 0.9739345816297118041),
 ( 1.000000000000000000, 1.000000000000000000) ) ) 
 REPRESENTATION_ITEM ( '' )  SURFACE ( )  );
#3158 = FACE_OUTER_BOUND ( 'NONE', #85, .T. ) ;
#3159 = CARTESIAN_POINT ( 'NONE',  ( 54.54334256235712530, -12.15162881724225130, 34.23084367621615343 ) ) ;
#3160 = LINE ( 'NONE', #3715, #1351 ) ;
#3161 = DIRECTION ( 'NONE',  ( 0.000000000000000000, 0.000000000000000000, 1.000000000000000000 ) ) ;
#3162 = CARTESIAN_POINT ( 'NONE',  ( 49.46084658743958329, -3.165829644254614994, 44.33130173684455144 ) ) ;
#3163 = VERTEX_POINT ( 'NONE', #4744 ) ;
#3164 = ORIENTED_EDGE ( 'NONE', *, *, #2534, .T. ) ;
#3165 = CARTESIAN_POINT ( 'NONE',  ( 20.23383842789535336, 71.13191434272613378, -3.154395571691097189 ) ) ;
#3166 = CARTESIAN_POINT ( 'NONE',  ( 28.65641647731176178, -10.69959700067101771, -68.74470131117639937 ) ) ;
#3167 = CARTESIAN_POINT ( 'NONE',  ( 54.54334256235713241, 31.24100766185410194, 33.28941664873961059 ) ) ;
#3168 = VERTEX_POINT ( 'NONE', #3083 ) ;
#3169 = CARTESIAN_POINT ( 'NONE',  ( 89.82643428741083369, 8.821606419037429703, 0.002854233313760476658 ) ) ;
#3170 = CARTESIAN_POINT ( 'NONE',  ( 49.23351359036893626, 42.39122252515367251, 9.252358822753086187 ) ) ;
#3171 = CARTESIAN_POINT ( 'NONE',  ( 18.79234720619588472, -52.13878663500896948, 0.9039802125391114274 ) ) ;
#3172 = EDGE_CURVE ( 'NONE', #4360, #2788, #1211, .T. ) ;
#3173 = CARTESIAN_POINT ( 'NONE',  ( 89.82615535696581333, 8.805333802051732661, 0.006481202419033739275 ) ) ;
#3174 = CARTESIAN_POINT ( 'NONE',  ( 28.07725316172350460, 10.33919420233177711, 70.22604214938338885 ) ) ;
#3175 = ORIENTED_EDGE ( 'NONE', *, *, #3127, .F. ) ;
#3176 = CARTESIAN_POINT ( 'NONE',  ( 49.61704819046447312, 12.14603992633765017, -35.05572830592450373 ) ) ;
#3177 = VERTEX_POINT ( 'NONE', #1510 ) ;
#3178 = CARTESIAN_POINT ( 'NONE',  ( 18.79234864102460989, -0.7562781072547251071, 60.20206780156342319 ) ) ;
#3179 = CARTESIAN_POINT ( 'NONE',  ( 28.07725316172349750, 8.812244897959189416, -6.153557722908013615E-14 ) ) ;
#3180 = CARTESIAN_POINT ( 'NONE',  ( 51.36229326913196758, 22.03399964767068653, -34.51645214490547176 ) ) ;
#3181 = EDGE_CURVE ( 'NONE', #5295, #491, #6816, .T. ) ;
#3182 = CARTESIAN_POINT ( 'NONE',  ( 19.42422096688430244, -19.45809704635196624, -54.79763716762489167 ) ) ;
#3183 = EDGE_CURVE ( 'NONE', #2593, #1549, #1085, .T. ) ;
#3184 = EDGE_LOOP ( 'NONE', ( #3528, #4665, #342, #3036 ) ) ;
#3185 =( BOUNDED_SURFACE ( )  B_SPLINE_SURFACE ( 3, 1, ( 
 ( #4574, #5606 ),
 ( #504, #4242 ),
 ( #5862, #6343 ),
 ( #3198, #6411 ) ),
 .UNSPECIFIED., .F., .F., .T. ) 
 B_SPLINE_SURFACE_WITH_KNOTS ( ( 4, 4 ),
 ( 2, 2 ),
 ( 0.000000000000000000, 1.000000000000000000 ),
 ( 0.000000000000000000, 1.000000000000000000 ),
 .UNSPECIFIED. ) 
 GEOMETRIC_REPRESENTATION_ITEM ( )  RATIONAL_B_SPLINE_SURFACE ( (
 ( 1.000000000000000000, 1.000000000000000000),
 ( 0.9936547718337396251, 0.8399137562987545325),
 ( 0.9936547718337396251, 0.8399137562987545325),
 ( 1.000000000000000000, 1.000000000000000000) ) ) 
 REPRESENTATION_ITEM ( '' )  SURFACE ( )  );
#3186 = CARTESIAN_POINT ( 'NONE',  ( 89.84074713331158080, 8.822298265225667180, 0.004752290758447782169 ) ) ;
#3187 = ORIENTED_EDGE ( 'NONE', *, *, #3930, .F. ) ;
#3188 = CARTESIAN_POINT ( 'NONE',  ( 27.43416788634300474, 26.35942488663395267, -67.35419273848360433 ) ) ;
#3189 = DIRECTION ( 'NONE',  ( -0.7522347214610782817, 0.6403477948790260443, 0.1552340987732483413 ) ) ;
#3190 = CARTESIAN_POINT ( 'NONE',  ( 20.23383572758632098, 3.065519265794415915, -62.13425961935977426 ) ) ;
#3191 = FACE_OUTER_BOUND ( 'NONE', #1434, .T. ) ;
#3192 = ORIENTED_EDGE ( 'NONE', *, *, #1623, .T. ) ;
#3193 = CARTESIAN_POINT ( 'NONE',  ( 18.77401912713006027, 19.27410959018058279, -60.06187133165481384 ) ) ;
#3194 = ORIENTED_EDGE ( 'NONE', *, *, #3930, .T. ) ;
#3195 = CARTESIAN_POINT ( 'NONE',  ( 49.24038183582142381, 32.50895227358945050, -25.53631925624064536 ) ) ;
#3196 = B_SPLINE_CURVE_WITH_KNOTS ( 'NONE', 3,
 ( #767, #6536, #1814, #1295, #4969, #1325 ),
 .UNSPECIFIED., .F., .F.,
 ( 4, 2, 4 ),
 ( 1.398148380377792632E-16, 0.0007986073165776907175, 0.001597214633155241573 ),
 .UNSPECIFIED. ) ;
#3197 = CARTESIAN_POINT ( 'NONE',  ( 49.23306814737767212, 14.49392124058439535, 34.36370344184553716 ) ) ;
#3198 = CARTESIAN_POINT ( 'NONE',  ( 89.82615535696581333, 8.819155993866649723, 0.006481202419028736332 ) ) ;
#3199 = CARTESIAN_POINT ( 'NONE',  ( 54.17539151718669643, 31.33193184728929381, 32.78448317053236849 ) ) ;
#3200 = ORIENTED_EDGE ( 'NONE', *, *, #896, .T. ) ;
#3201 = CARTESIAN_POINT ( 'NONE',  ( 18.77401912713006382, 67.79246041924160693, 15.43415620504323016 ) ) ;
#3202 = CARTESIAN_POINT ( 'NONE',  ( 28.65641647731176178, 8.166099632274166353, 71.45717898808779012 ) ) ;
#3203 = CARTESIAN_POINT ( 'NONE',  ( 18.78844479849039928, 67.78048429933554075, 15.43102130196145083 ) ) ;
#3204 = CARTESIAN_POINT ( 'NONE',  ( 49.23165480826241236, 14.79076031983442618, -34.31153967666770654 ) ) ;
#3205 = CARTESIAN_POINT ( 'NONE',  ( 54.17539151718673907, 18.84184537565740314, -38.48851453761910335 ) ) ;
#3206 = VERTEX_POINT ( 'NONE', #3639 ) ;
#3207 = B_SPLINE_CURVE_WITH_KNOTS ( 'NONE', 3,
 ( #2985, #3399, #2330, #4055, #5010, #774, #5500, #5538 ),
 .UNSPECIFIED., .F., .F.,
 ( 4, 2, 2, 4 ),
 ( 9.965227682168975268E-18, 0.0002264431842541219698, 0.0004528863685082339650, 0.0009057727370164579553 ),
 .UNSPECIFIED. ) ;
#3208 = CARTESIAN_POINT ( 'NONE',  ( 22.90123142467806971, 61.45323153860356058, -38.43994441644611015 ) ) ;
#3209 = ORIENTED_EDGE ( 'NONE', *, *, #4731, .T. ) ;
#3210 = EDGE_CURVE ( 'NONE', #516, #1530, #633, .T. ) ;
#3211 = DIRECTION ( 'NONE',  ( -1.000000000000000000, -0.000000000000000000, -0.000000000000000000 ) ) ;
#3212 = CARTESIAN_POINT ( 'NONE',  ( 18.77401912713006382, -43.43055318664333697, 31.42561135427671815 ) ) ;
#3213 = AXIS2_PLACEMENT_3D ( 'NONE', #678, #98, #6450 ) ;
#3214 = AXIS2_PLACEMENT_3D ( 'NONE', #4445, #5540, #813 ) ;
#3215 = CARTESIAN_POINT ( 'NONE',  ( 19.42422096688430244, 70.40185340182245000, -2.951846395697384828 ) ) ;
#3216 = CARTESIAN_POINT ( 'NONE',  ( 49.61704819046447312, -7.335745864498768753, -31.29314095270094853 ) ) ;
#3217 = EDGE_CURVE ( 'NONE', #5964, #6669, #3518, .T. ) ;
#3218 = EDGE_LOOP ( 'NONE', ( #5467, #2566, #3307, #3339 ) ) ;
#3219 = CIRCLE ( 'NONE', #785, 70.24264068317124554 ) ;
#3220 = DIRECTION ( 'NONE',  ( -1.000000000000000000, -0.000000000000000000, -0.000000000000000000 ) ) ;
#3221 = AXIS2_PLACEMENT_3D ( 'NONE', #5294, #596, #6405 ) ;
#3222 = ORIENTED_EDGE ( 'NONE', *, *, #5958, .F. ) ;
#3223 = EDGE_CURVE ( 'NONE', #4113, #1179, #5337, .T. ) ;
#3224 = CARTESIAN_POINT ( 'NONE',  ( 49.61704819046447312, 43.03670793561566654, 8.288812106334516372 ) ) ;
#3225 = CARTESIAN_POINT ( 'NONE',  ( 54.54334256235711820, -13.61651786593594871, 33.28941664873946138 ) ) ;
#3226 = CARTESIAN_POINT ( 'NONE',  ( 49.23125140390098409, -19.87144121366572591, -19.75470362738674623 ) ) ;
#3227 = CARTESIAN_POINT ( 'NONE',  ( 54.54334256235713241, 9.682903380524122028, -40.13074399683125648 ) ) ;
#3228 =( BOUNDED_SURFACE ( )  B_SPLINE_SURFACE ( 3, 1, ( 
 ( #5266, #534 ),
 ( #5497, #1299 ),
 ( #5466, #4974 ),
 ( #5533, #249 ) ),
 .UNSPECIFIED., .F., .F., .T. ) 
 B_SPLINE_SURFACE_WITH_KNOTS ( ( 4, 4 ),
 ( 2, 2 ),
 ( 0.000000000000000000, 1.000000000000000000 ),
 ( 0.000000000000000000, 1.000000000000000000 ),
 .UNSPECIFIED. ) 
 GEOMETRIC_REPRESENTATION_ITEM ( )  RATIONAL_B_SPLINE_SURFACE ( (
 ( 1.000000000000000000, 1.000000000000000000),
 ( 0.9611591142731221726, 0.9996856433685865628),
 ( 0.9611591142731221726, 0.9996856433685865628),
 ( 1.000000000000000000, 1.000000000000000000) ) ) 
 REPRESENTATION_ITEM ( '' )  SURFACE ( )  );
#3229 = CARTESIAN_POINT ( 'NONE',  ( 89.83068436596586537, 8.804506928950553757, 0.01241043006462214278 ) ) ;
#3230 = CARTESIAN_POINT ( 'NONE',  ( 35.20511764130980481, 54.87578863845256194, -41.70085605606823265 ) ) ;
#3231 = VERTEX_POINT ( 'NONE', #4417 ) ;
#3232 = VECTOR ( 'NONE', #111, 1000.000000000000000 ) ;
#3233 = CARTESIAN_POINT ( 'NONE',  ( 89.83648776693891591, 8.810369601696759645, -0.01490939630678959037 ) ) ;
#3234 = ORIENTED_EDGE ( 'NONE', *, *, #5335, .F. ) ;
#3235 = CARTESIAN_POINT ( 'NONE',  ( 89.82615535696581333, 8.821668869267044855, -0.0009787728174313729563 ) ) ;
#3236 = CARTESIAN_POINT ( 'NONE',  ( 89.84074713331158080, 8.802191530692713428, -0.004752290758570918046 ) ) ;
#3237 = CARTESIAN_POINT ( 'NONE',  ( 54.17538997708382453, 38.05814154886922296, 26.95618750310446998 ) ) ;
#3238 = CARTESIAN_POINT ( 'NONE',  ( 27.43416548070721461, 71.20610337117156519, 30.84634334743859085 ) ) ;
#3239 = CARTESIAN_POINT ( 'NONE',  ( 18.79364760530902601, -49.59250004159871139, 17.46368832672762039 ) ) ;
#3240 = CARTESIAN_POINT ( 'NONE',  ( 89.82681805825622234, 8.804450485556287731, 0.006415729547168578899 ) ) ;
#3241 = CARTESIAN_POINT ( 'NONE',  ( 49.23411246815349074, -24.69693972370867030, 9.504217320651990875 ) ) ;
#3242 = CARTESIAN_POINT ( 'NONE',  ( 28.65641647731176178, -44.76835254392226915, -47.28282468731159582 ) ) ;
#3243 = CARTESIAN_POINT ( 'NONE',  ( 20.23383572758631388, 14.55897053012437503, 62.13425961935961794 ) ) ;
#3244 = ORIENTED_EDGE ( 'NONE', *, *, #5242, .T. ) ;
#3245 = DIRECTION ( 'NONE',  ( 0.7522347214610783928, -0.2447850323436854270, -0.6117378619710199805 ) ) ;
#3246 = ORIENTED_EDGE ( 'NONE', *, *, #555, .F. ) ;
#3247 = CARTESIAN_POINT ( 'NONE',  ( 17.53340716131418375, 8.812244897959189416, -6.153557722908013615E-14 ) ) ;
#3248 = CARTESIAN_POINT ( 'NONE',  ( 52.60448476329267464, 42.52483884121548385, 17.96825530263749471 ) ) ;
#3249 = CARTESIAN_POINT ( 'NONE',  ( 49.23165480826241236, -6.590776444249553556, 31.23733879773685373 ) ) ;
#3250 = CARTESIAN_POINT ( 'NONE',  ( 18.78690384720153617, -43.55654333281250246, 31.18915572550438498 ) ) ;
#3251 = CARTESIAN_POINT ( 'NONE',  ( 23.23982137879180598, 72.68924157468900660, 14.06204725799661404 ) ) ;
#3252 = VERTEX_POINT ( 'NONE', #3783 ) ;
#3253 = CARTESIAN_POINT ( 'NONE',  ( 89.82729936416122030, 8.818499909367652378, -0.008287643698890569469 ) ) ;
#3254 = ORIENTED_EDGE ( 'NONE', *, *, #643, .F. ) ;
#3255 = CARTESIAN_POINT ( 'NONE',  ( 18.79364884033509497, 67.38674424265590801, -16.88558488777620781 ) ) ;
#3256 = CARTESIAN_POINT ( 'NONE',  ( 54.54334256235712530, -22.08670784907337747, -25.62204868992947837 ) ) ;
#3257 = CARTESIAN_POINT ( 'NONE',  ( 49.61704819046445891, -4.262847974806825313, -32.69648639714335303 ) ) ;
#3258 = CARTESIAN_POINT ( 'NONE',  ( 18.78690384720154327, -29.51230582093865706, -47.39706982318433859 ) ) ;
#3259 = EDGE_CURVE ( 'NONE', #18, #3736, #822, .T. ) ;
#3260 = ORIENTED_EDGE ( 'NONE', *, *, #4022, .T. ) ;
#3261 = EDGE_CURVE ( 'NONE', #1140, #5774, #4908, .T. ) ;
#3262 = ORIENTED_EDGE ( 'NONE', *, *, #597, .F. ) ;
#3263 = CARTESIAN_POINT ( 'NONE',  ( 49.27030864395450749, 32.64170978775853627, 25.45365329800537424 ) ) ;
#3264 = EDGE_CURVE ( 'NONE', #3393, #1780, #6239, .T. ) ;
#3265 = B_SPLINE_CURVE_WITH_KNOTS ( 'NONE', 3,
 ( #1597, #3699, #5801, #3170, #2178, #4275, #3992, #745, #1304, #4914, #1825, #2782, #3854 ),
 .UNSPECIFIED., .F., .F.,
 ( 4, 3, 3, 3, 4 ),
 ( 0.000000000000000000, 0.0004520762650173954390, 0.0009041524520694450015, 0.001356228616379081793, 0.002069674869633368001 ),
 .UNSPECIFIED. ) ;
#3266 = CARTESIAN_POINT ( 'NONE',  ( 49.61704819046447312, -21.69065868450530843, -17.59520245376306136 ) ) ;
#3267 = EDGE_CURVE ( 'NONE', #3710, #6676, #3347, .T. ) ;
#3268 = CARTESIAN_POINT ( 'NONE',  ( 22.90123142467806971, -56.25437405745701369, 3.877872993102646770 ) ) ;
#3269 = B_SPLINE_CURVE_WITH_KNOTS ( 'NONE', 3,
 ( #2180, #66, #5311, #2753, #6480, #5445, #3761, #158 ),
 .UNSPECIFIED., .F., .F.,
 ( 4, 2, 2, 4 ),
 ( 1.040834085586084257E-17, 0.0002264431842541234606, 0.0004528863685082365129, 0.0009057727370164626174 ),
 .UNSPECIFIED. ) ;
#3270 = LINE ( 'NONE', #4377, #1459 ) ;
#3271 = CARTESIAN_POINT ( 'NONE',  ( 49.23443045783675132, -24.61406541040032891, 9.793989994223126772 ) ) ;
#3272 = CARTESIAN_POINT ( 'NONE',  ( 19.42422096688429534, 46.91400446909502620, -48.47936870861977354 ) ) ;
#3273 = CARTESIAN_POINT ( 'NONE',  ( 18.78844479849039928, 47.34508753284215743, -47.22911935442980536 ) ) ;
#3274 = CARTESIAN_POINT ( 'NONE',  ( 50.49951337408943886, 25.53562635636001232, 31.98925615215564378 ) ) ;
#3275 = CARTESIAN_POINT ( 'NONE',  ( 54.30008724204793680, -4.667676403375931038, -27.33601414651468886 ) ) ;
#3276 = ORIENTED_EDGE ( 'NONE', *, *, #6675, .F. ) ;
#3277 = CARTESIAN_POINT ( 'NONE',  ( 49.23351359036895758, -24.76673272923521907, -9.252358822753432577 ) ) ;
#3278 = B_SPLINE_CURVE_WITH_KNOTS ( 'NONE', 3,
 ( #1895, #404, #2508, #4002, #4619, #3230, #2893 ),
 .UNSPECIFIED., .F., .F.,
 ( 4, 3, 4 ),
 ( 0.000000000000000000, 0.007697376234836465943, 0.04008255950779809895 ),
 .UNSPECIFIED. ) ;
#3279 = CARTESIAN_POINT ( 'NONE',  ( 49.23435778140443375, 4.024238945442969673, -34.50087530651201462 ) ) ;
#3280 = CARTESIAN_POINT ( 'NONE',  ( 19.36839877834437118, -14.05974083180689682, -57.12512177767882804 ) ) ;
#3281 = DIRECTION ( 'NONE',  ( -1.000000000000000000, -0.000000000000000000, -0.000000000000000000 ) ) ;
#3282 = VERTEX_POINT ( 'NONE', #6555 ) ;
#3283 = CARTESIAN_POINT ( 'NONE',  ( 89.83068436596585116, 8.825630235548199920, -0.005893019293861673918 ) ) ;
#3284 = ORIENTED_EDGE ( 'NONE', *, *, #2332, .T. ) ;
#3285 = CARTESIAN_POINT ( 'NONE',  ( 18.78690642288627544, 58.93793466269022474, -34.67951435792136294 ) ) ;
#3286 = CARTESIAN_POINT ( 'NONE',  ( 18.80019331273212302, 18.08516685631397181, 60.25925883022235041 ) ) ;
#3287 = CARTESIAN_POINT ( 'NONE',  ( 19.11442843794947066, 70.03072267016999319, 2.741898652020206217 ) ) ;
#3288 = CARTESIAN_POINT ( 'NONE',  ( 49.23395903331217482, 13.34119213839028006, -34.53543480170815627 ) ) ;
#3289 = VERTEX_POINT ( 'NONE', #6621 ) ;
#3290 = CARTESIAN_POINT ( 'NONE',  ( 89.82729936416122030, 8.807304617730210339, -0.009132570123410788110 ) ) ;
#3291 = ORIENTED_EDGE ( 'NONE', *, *, #2584, .F. ) ;
#3292 = CARTESIAN_POINT ( 'NONE',  ( 49.23372534307176807, -20.18368164612083504, -19.29925977481023835 ) ) ;
#3293 = EDGE_CURVE ( 'NONE', #4025, #3806, #204, .T. ) ;
#3294 = CARTESIAN_POINT ( 'NONE',  ( 36.38592095397834214, -22.93561472682061719, -51.84387734204779008 ) ) ;
#3295 = CARTESIAN_POINT ( 'NONE',  ( 18.77401912713006027, -49.14940460389620114, 18.90307349937208414 ) ) ;
#3296 = EDGE_CURVE ( 'NONE', #699, #2426, #1638, .T. ) ;
#3297 = CARTESIAN_POINT ( 'NONE',  ( 18.79321399865036568, 67.46930542153472743, 16.59490965205466040 ) ) ;
#3298 = B_SPLINE_CURVE_WITH_KNOTS ( 'NONE', 3,
 ( #6702, #3569, #4526, #4630, #4493, #833, #1907 ),
 .UNSPECIFIED., .F., .F.,
 ( 4, 3, 4 ),
 ( 0.000000000000000000, 0.007697376234836458136, 0.04008255950779805732 ),
 .UNSPECIFIED. ) ;
#3299 = ADVANCED_FACE ( 'NONE', ( #2851 ), #1776, .F. ) ;
#3300 = CARTESIAN_POINT ( 'NONE',  ( 89.82615535696581333, 8.803787784267070649, 0.004271587461049526115 ) ) ;
#3301 = ADVANCED_FACE ( 'NONE', ( #6283 ), #6609, .F. ) ;
#3302 = FACE_OUTER_BOUND ( 'NONE', #5680, .T. ) ;
#3303 = PLANE ( 'NONE',  #3213 ) ;
#3304 = DIRECTION ( 'NONE',  ( 0.7522347214610785038, 0.1248041845212322504, -0.6469674175368987923 ) ) ;
#3305 = CARTESIAN_POINT ( 'NONE',  ( 19.42422096688429534, 31.71239898847507632, -57.25011978532073442 ) ) ;
#3306 = DIRECTION ( 'NONE',  ( 0.7588727602565363828, -0.6509540187232717434, -0.01926134078011541503 ) ) ;
#3307 = ORIENTED_EDGE ( 'NONE', *, *, #6641, .T. ) ;
#3308 = CARTESIAN_POINT ( 'NONE',  ( 49.23306814737766501, -24.80633288336186837, -9.106963723586728676 ) ) ;
#3309 = CARTESIAN_POINT ( 'NONE',  ( 49.23306814737764370, 3.130568555334208636, -34.36370344184570058 ) ) ;
#3310 = CIRCLE ( 'NONE', #327, 40.14018759214401655 ) ;
#3311 = CARTESIAN_POINT ( 'NONE',  ( 20.23383842789534981, 3.065519592716418273, 62.13426236299741845 ) ) ;
#3312 = LINE ( 'NONE', #5321, #2870 ) ;
#3313 = B_SPLINE_CURVE_WITH_KNOTS ( 'NONE', 3,
 ( #5713, #286, #3991, #2526, #2878, #3471, #983, #3084, #215, #5177 ),
 .UNSPECIFIED., .F., .F.,
 ( 4, 2, 2, 2, 4 ),
 ( 0.000000000000000000, 0.003307264529468854474, 0.006614529058937708948, 0.009921793588406562989, 0.01322905811787543004 ),
 .UNSPECIFIED. ) ;
#3314 = ORIENTED_EDGE ( 'NONE', *, *, #3181, .T. ) ;
#3315 = DIRECTION ( 'NONE',  ( -1.000000000000000000, -0.000000000000000000, -0.000000000000000000 ) ) ;
#3316 = B_SPLINE_CURVE_WITH_KNOTS ( 'NONE', 3,
 ( #3014, #5041, #4565, #1848, #5636, #4050, #3912, #1298, #1817, #2323 ),
 .UNSPECIFIED., .F., .F.,
 ( 4, 2, 2, 2, 4 ),
 ( 0.000000000000000000, 0.003307264529468869653, 0.006614529058937739306, 0.009921793588406609826, 0.01322905811787547861 ),
 .UNSPECIFIED. ) ;
#3317 = ORIENTED_EDGE ( 'NONE', *, *, #1920, .T. ) ;
#3318 = EDGE_LOOP ( 'NONE', ( #1685, #529, #4362, #485 ) ) ;
#3319 = AXIS2_PLACEMENT_3D ( 'NONE', #3708, #4186, #1078 ) ;
#3320 = LINE ( 'NONE', #4331, #454 ) ;
#3321 = CARTESIAN_POINT ( 'NONE',  ( 54.54334256235661371, 8.812244897959189416, -6.153557722908013615E-14 ) ) ;
#3322 = CONICAL_SURFACE ( 'NONE', #343, 40.14018759214401655, 0.8495922745902004802 ) ;
#3323 = CARTESIAN_POINT ( 'NONE',  ( 89.82615535696581333, 8.803478415874158358, -0.003594165173251809026 ) ) ;
#3324 = ORIENTED_EDGE ( 'NONE', *, *, #6294, .F. ) ;
#3325 = VECTOR ( 'NONE', #4059, 1000.000000000000000 ) ;
#3326 = ORIENTED_EDGE ( 'NONE', *, *, #6304, .T. ) ;
#3327 = VERTEX_POINT ( 'NONE', #1037 ) ;
#3328 = CARTESIAN_POINT ( 'NONE',  ( 49.23443045783676553, -20.47913697301996194, -18.84822031190637759 ) ) ;
#3329 = CIRCLE ( 'NONE', #1583, 40.14018759214401655 ) ;
#3330 = CARTESIAN_POINT ( 'NONE',  ( 18.85583905783802550, 2.452356610088566313, -60.68923278919469055 ) ) ;
#3331 = CARTESIAN_POINT ( 'NONE',  ( 28.07725316172349750, 8.812244897959189416, 70.24264068317118870 ) ) ;
#3332 = CARTESIAN_POINT ( 'NONE',  ( 89.82729936416122030, 8.803151429586428378, -0.005011889738702386861 ) ) ;
#3333 = DIRECTION ( 'NONE',  ( -1.000000000000000000, -0.000000000000000000, -0.000000000000000000 ) ) ;
#3334 = CARTESIAN_POINT ( 'NONE',  ( 51.77745077274522600, 11.56615921866818475, 37.27343996208902155 ) ) ;
#3335 = CARTESIAN_POINT ( 'NONE',  ( 54.17539151718671064, -13.70744205137071781, -32.78448317053265981 ) ) ;
#3336 = CARTESIAN_POINT ( 'NONE',  ( 89.82615535696581333, 8.802926911537351629, 0.001715913891074806940 ) ) ;
#3337 = CARTESIAN_POINT ( 'NONE',  ( 89.84074713331158080, 8.801259887679584892, 0.001727428726448339237 ) ) ;
#3338 = EDGE_CURVE ( 'NONE', #1966, #1140, #5663, .T. ) ;
#3339 = ORIENTED_EDGE ( 'NONE', *, *, #1953, .F. ) ;
#3340 = CARTESIAN_POINT ( 'NONE',  ( 49.51003444762827144, -7.265893353664323762, 31.20876486492434765 ) ) ;
#3341 = ORIENTED_EDGE ( 'NONE', *, *, #2452, .F. ) ;
#3342 = EDGE_CURVE ( 'NONE', #4578, #3721, #5152, .T. ) ;
#3343 = CARTESIAN_POINT ( 'NONE',  ( 19.46190759237069301, 46.89360312880777570, 48.45341742586793288 ) ) ;
#3344 = CARTESIAN_POINT ( 'NONE',  ( 28.07725316172349750, 8.812244897959189416, -6.153557722908013615E-14 ) ) ;
#3345 = CARTESIAN_POINT ( 'NONE',  ( 18.79364760530904732, 48.50386017971474928, -46.26737854853041654 ) ) ;
#3346 = CARTESIAN_POINT ( 'NONE',  ( 89.82615535696581333, 8.819643682579137334, -0.005918379642070308033 ) ) ;
#3347 = B_SPLINE_CURVE_WITH_KNOTS ( 'NONE', 3,
 ( #4514, #6401, #4486, #6586, #1153, #4001, #3964, #1862, #5548, #4296 ),
 .UNSPECIFIED., .F., .F.,
 ( 4, 2, 2, 2, 4 ),
 ( 4.122669886233411749E-16, 0.003307310133422202477, 0.006614620266843992090, 0.009921930400265783004, 0.01322924053368757305 ),
 .UNSPECIFIED. ) ;
#3348 = ORIENTED_EDGE ( 'NONE', *, *, #551, .T. ) ;
#3349 = PRODUCT_RELATED_PRODUCT_CATEGORY ( 'part', '', ( #6722 ) ) ;
#3350 = CARTESIAN_POINT ( 'NONE',  ( 51.15501191307613738, -15.77027064628316211, -36.48530781211224649 ) ) ;
#3351 = EDGE_LOOP ( 'NONE', ( #3125, #4326, #6085, #2681 ) ) ;
#3352 = CARTESIAN_POINT ( 'NONE',  ( 49.23411246815347653, 38.28642464747670004, -18.55985800000473773 ) ) ;
#3353 = APPLICATION_CONTEXT ( 'automotive_design' ) ;
#3354 = FACE_OUTER_BOUND ( 'NONE', #2947, .T. ) ;
#3355 = CARTESIAN_POINT ( 'NONE',  ( 54.54334256235713241, 48.41060816351988905, -6.572996776293087429 ) ) ;
#3356 = CARTESIAN_POINT ( 'NONE',  ( 19.11442843794945645, -29.20514364777664795, -48.06140028262988295 ) ) ;
#3357 = CARTESIAN_POINT ( 'NONE',  ( 18.78844479849039928, -43.41994538800256009, -31.41922937391545290 ) ) ;
#3358 = ORIENTED_EDGE ( 'NONE', *, *, #2291, .F. ) ;
#3359 = CARTESIAN_POINT ( 'NONE',  ( 89.83068436596585116, 8.807933012784497251, 0.01397507012531261014 ) ) ;
#3360 = ORIENTED_EDGE ( 'NONE', *, *, #511, .F. ) ;
#3361 =( BOUNDED_SURFACE ( )  B_SPLINE_SURFACE ( 3, 1, ( 
 ( #4794, #5410 ),
 ( #4348, #64 ),
 ( #2179, #4277 ),
 ( #1657, #3760 ) ),
 .UNSPECIFIED., .F., .F., .T. ) 
 B_SPLINE_SURFACE_WITH_KNOTS ( ( 4, 4 ),
 ( 2, 2 ),
 ( 0.000000000000000000, 1.000000000000000000 ),
 ( 0.000000000000000000, 1.000000000000000000 ),
 .UNSPECIFIED. ) 
 GEOMETRIC_REPRESENTATION_ITEM ( )  RATIONAL_B_SPLINE_SURFACE ( (
 ( 1.000000000000000000, 1.000000000000000000),
 ( 0.9936547718337396251, 0.8399137562987545325),
 ( 0.9936547718337396251, 0.8399137562987545325),
 ( 1.000000000000000000, 1.000000000000000000) ) ) 
 REPRESENTATION_ITEM ( '' )  SURFACE ( )  );
#3362 = CARTESIAN_POINT ( 'NONE',  ( 89.82615535696581333, 8.803787784267070649, -0.004271587461167242715 ) ) ;
#3363 = LINE ( 'NONE', #4469, #6616 ) ;
#3364 = FACE_OUTER_BOUND ( 'NONE', #4494, .T. ) ;
#3365 = LINE ( 'NONE', #153, #3776 ) ;
#3366 =( BOUNDED_SURFACE ( )  B_SPLINE_SURFACE ( 3, 1, ( 
 ( #3764, #4251 ),
 ( #6357, #2216 ),
 ( #1141, #69 ),
 ( #2119, #1632 ) ),
 .UNSPECIFIED., .F., .F., .T. ) 
 B_SPLINE_SURFACE_WITH_KNOTS ( ( 4, 4 ),
 ( 2, 2 ),
 ( 0.000000000000000000, 1.000000000000000000 ),
 ( 0.000000000000000000, 1.000000000000000000 ),
 .UNSPECIFIED. ) 
 GEOMETRIC_REPRESENTATION_ITEM ( )  RATIONAL_B_SPLINE_SURFACE ( (
 ( 1.000000000000000000, 1.000000000000000000),
 ( 0.9611591142731221726, 0.9996856433685865628),
 ( 0.9611591142731221726, 0.9996856433685865628),
 ( 1.000000000000000000, 1.000000000000000000) ) ) 
 REPRESENTATION_ITEM ( '' )  SURFACE ( )  );
#3367 = CARTESIAN_POINT ( 'NONE',  ( 48.49086870021272944, 52.00096548298807164, -18.60147456747924721 ) ) ;
#3368 = CARTESIAN_POINT ( 'NONE',  ( 49.30502353826710760, 24.57193654493696400, -31.14122546121899404 ) ) ;
#3369 = B_SPLINE_CURVE_WITH_KNOTS ( 'NONE', 3,
 ( #4807, #2625, #3711, #5394, #4705, #5814, #5780, #4258 ),
 .UNSPECIFIED., .F., .F.,
 ( 4, 2, 2, 4 ),
 ( 9.761238286196723630E-16, 0.001890109674893118664, 0.003780219349785261113, 0.007560438699569549045 ),
 .UNSPECIFIED. ) ;
#3370 = CARTESIAN_POINT ( 'NONE',  ( 53.79462347678107648, -13.76040224786566313, -32.28393818162821560 ) ) ;
#3371 = CARTESIAN_POINT ( 'NONE',  ( 49.56354134330948824, 15.46820621893737346, 34.52464461970023279 ) ) ;
#3372 = CARTESIAN_POINT ( 'NONE',  ( 19.01941379036734503, 31.64230493077283057, -56.83710765094411954 ) ) ;
#3373 = ORIENTED_EDGE ( 'NONE', *, *, #5670, .F. ) ;
#3374 = CARTESIAN_POINT ( 'NONE',  ( 49.61704819046447312, 43.03670793561566654, 8.288812106334516372 ) ) ;
#3375 = ORIENTED_EDGE ( 'NONE', *, *, #5200, .T. ) ;
#3376 = DIRECTION ( 'NONE',  ( 1.000000000000000000, 0.000000000000000000, 0.000000000000000000 ) ) ;
#3377 = ADVANCED_FACE ( 'NONE', ( #5691 ), #6726, .T. ) ;
#3378 = CARTESIAN_POINT ( 'NONE',  ( 18.79234864102461700, -31.78500403290808407, 45.47206812242595220 ) ) ;
#3379 = CARTESIAN_POINT ( 'NONE',  ( 18.77401912713006027, 35.77171513999858377, 54.68149563579242312 ) ) ;
#3380 = CARTESIAN_POINT ( 'NONE',  ( 18.79234864102461344, 49.40949382882679686, -45.47206812242578167 ) ) ;
#3381 = CARTESIAN_POINT ( 'NONE',  ( 49.30502353826712181, 42.66761602383662932, -8.482785507331628949 ) ) ;
#3382 = ORIENTED_EDGE ( 'NONE', *, *, #4140, .F. ) ;
#3383 = ADVANCED_FACE ( 'NONE', ( #930 ), #319, .T. ) ;
#3384 = CARTESIAN_POINT ( 'NONE',  ( 18.78844479849039928, 47.34508753284151084, 47.22911935443021747 ) ) ;
#3385 = ORIENTED_EDGE ( 'NONE', *, *, #6551, .T. ) ;
#3386 = CARTESIAN_POINT ( 'NONE',  ( 24.68883653248303034, 61.92903089658130966, 40.59882842781797763 ) ) ;
#3387 = ADVANCED_FACE ( 'NONE', ( #1933 ), #1291, .F. ) ;
#3388 = DIRECTION ( 'NONE',  ( -1.000000000000000000, -0.000000000000000000, -0.000000000000000000 ) ) ;
#3389 = EDGE_CURVE ( 'NONE', #6572, #783, #3108, .T. ) ;
#3390 = CARTESIAN_POINT ( 'NONE',  ( 49.23433077323408469, 23.40040283789976527, 31.62904450665802969 ) ) ;
#3391 = ORIENTED_EDGE ( 'NONE', *, *, #3217, .F. ) ;
#3392 = CARTESIAN_POINT ( 'NONE',  ( 18.79321399865037989, -0.4595178825673312817, -60.25011361456435566 ) ) ;
#3393 = VERTEX_POINT ( 'NONE', #442 ) ;
#3394 = CARTESIAN_POINT ( 'NONE',  ( 54.54334256235712530, 7.941586415394512599, 40.13074399683114990 ) ) ;
#3395 = CARTESIAN_POINT ( 'NONE',  ( 54.54334256235712530, -31.03393360987631411, 4.849403907097429745 ) ) ;
#3396 = CARTESIAN_POINT ( 'NONE',  ( 89.82615535696581333, 8.803787784267070649, 0.004271587461049526982 ) ) ;
#3397 = ORIENTED_EDGE ( 'NONE', *, *, #5014, .F. ) ;
#3398 =( BOUNDED_SURFACE ( )  B_SPLINE_SURFACE ( 3, 1, ( 
 ( #2827, #3453 ),
 ( #4461, #6562 ),
 ( #1840, #3939 ),
 ( #6044, #1321 ) ),
 .UNSPECIFIED., .F., .F., .T. ) 
 B_SPLINE_SURFACE_WITH_KNOTS ( ( 4, 4 ),
 ( 2, 2 ),
 ( 0.000000000000000000, 1.000000000000000000 ),
 ( 0.000000000000000000, 1.000000000000000000 ),
 .UNSPECIFIED. ) 
 GEOMETRIC_REPRESENTATION_ITEM ( )  RATIONAL_B_SPLINE_SURFACE ( (
 ( 1.000000000000000000, 1.000000000000000000),
 ( 0.9936547718337395141, 0.8399137562987549765),
 ( 0.9936547718337395141, 0.8399137562987549765),
 ( 1.000000000000000000, 1.000000000000000000) ) ) 
 REPRESENTATION_ITEM ( '' )  SURFACE ( )  );
#3399 = CARTESIAN_POINT ( 'NONE',  ( 49.56354134330945982, 42.98195253097703272, 8.287580316174274486 ) ) ;
#3400 = CARTESIAN_POINT ( 'NONE',  ( 28.07725316172420804, 73.32641740928335139, -27.78399027001551147 ) ) ;
#3401 = CARTESIAN_POINT ( 'NONE',  ( 89.82729936416122030, 8.814412119795195011, -0.01015447464488493899 ) ) ;
#3402 = CARTESIAN_POINT ( 'NONE',  ( 22.90123142467807327, 48.49111787850355171, 51.71353633463661481 ) ) ;
#3403 = CARTESIAN_POINT ( 'NONE',  ( 18.78690642288626833, -18.38065257532463548, -54.55089199544598699 ) ) ;
#3404 = CARTESIAN_POINT ( 'NONE',  ( 19.46190759237069301, -33.72844426472205015, 44.58938517759306563 ) ) ;
#3405 = FACE_OUTER_BOUND ( 'NONE', #828, .T. ) ;
#3406 = DIRECTION ( 'NONE',  ( -0.7588727602565363828, -0.2879368039985727434, -0.5841271528046894090 ) ) ;
#3407 = ORIENTED_EDGE ( 'NONE', *, *, #5406, .T. ) ;
#3408 = CARTESIAN_POINT ( 'NONE',  ( 49.61704819046445891, 2.134657835592206343, 34.57496359180350254 ) ) ;
#3409 = CARTESIAN_POINT ( 'NONE',  ( 18.78690642288627544, -1.910386880018354550, -60.00232210710886704 ) ) ;
#3410 = CARTESIAN_POINT ( 'NONE',  ( 18.79234720619588472, 34.95450777919877794, 55.06748148050440506 ) ) ;
#3411 = CARTESIAN_POINT ( 'NONE',  ( 18.79017952991917539, 47.57957286297252608, -47.04004854557941684 ) ) ;
#3412 = SURFACE_STYLE_USAGE ( .BOTH. , #2344 ) ;
#3413 = VERTEX_POINT ( 'NONE', #2075 ) ;
#3414 = CARTESIAN_POINT ( 'NONE',  ( 49.23125140390099119, 30.76849701683889293, 27.03562755417926056 ) ) ;
#3415 = EDGE_CURVE ( 'NONE', #5098, #2167, #6328, .T. ) ;
#3416 = ORIENTED_EDGE ( 'NONE', *, *, #4440, .F. ) ;
#3417 = CARTESIAN_POINT ( 'NONE',  ( 18.79234720619590959, 67.03965073178517287, -18.03925261812331371 ) ) ;
#3418 = EDGE_CURVE ( 'NONE', #2649, #4570, #4551, .T. ) ;
#3419 = CARTESIAN_POINT ( 'NONE',  ( 18.76137069372868282, -48.97322344422774165, -19.45819624826514982 ) ) ;
#3420 = CARTESIAN_POINT ( 'NONE',  ( 54.54334256235661371, 8.812244897959189416, -6.153557722908013615E-14 ) ) ;
#3421 = ORIENTED_EDGE ( 'NONE', *, *, #4359, .T. ) ;
#3422 = CARTESIAN_POINT ( 'NONE',  ( 54.54334256235712530, 20.95377270857424890, -38.25987405045304968 ) ) ;
#3423 = EDGE_CURVE ( 'NONE', #3044, #1317, #4311, .T. ) ;
#3424 = ORIENTED_EDGE ( 'NONE', *, *, #4363, .T. ) ;
#3425 = CARTESIAN_POINT ( 'NONE',  ( 24.68883653248300547, 48.33941610688626866, 53.91901854406273742 ) ) ;
#3426 = AXIS2_PLACEMENT_3D ( 'NONE', #5954, #4912, #5988 ) ;
#3427 = CARTESIAN_POINT ( 'NONE',  ( 19.46190759237069301, -33.72844426472148172, -44.58938517759374776 ) ) ;
#3428 = CARTESIAN_POINT ( 'NONE',  ( 54.54334256235712530, -12.15162881724179655, -34.23084367621655133 ) ) ;
#3429 = CARTESIAN_POINT ( 'NONE',  ( 89.83648776693894433, 8.821883125772099987, -0.01152872061118106160 ) ) ;
#3430 = B_SPLINE_CURVE_WITH_KNOTS ( 'NONE', 3,
 ( #5531, #3985, #3531, #283, #1877, #3050, #3574, #2943, #5114, #4085 ),
 .UNSPECIFIED., .F., .F.,
 ( 4, 2, 2, 2, 4 ),
 ( 4.108622148914903879E-16, 0.003307310133422197707, 0.006614620266843985151, 0.009921930400265772595, 0.01322924053368755917 ),
 .UNSPECIFIED. ) ;
#3431 = EDGE_LOOP ( 'NONE', ( #419, #445, #3593, #6007 ) ) ;
#3432 = AXIS2_PLACEMENT_3D ( 'NONE', #5510, #4000, #716 ) ;
#3433 = B_SPLINE_CURVE_WITH_KNOTS ( 'NONE', 3,
 ( #4410, #6064, #2845, #4949, #2336, #4447, #1828 ),
 .UNSPECIFIED., .F., .F.,
 ( 4, 3, 4 ),
 ( 9.965227682168975268E-18, 0.01258337285662352104, 0.04008255950779795324 ),
 .UNSPECIFIED. ) ;
#3434 = CIRCLE ( 'NONE', #3665, 70.24264068317124554 ) ;
#3435 = CARTESIAN_POINT ( 'NONE',  ( 89.82615535696581333, 8.817050080193432393, -0.008165748902341009655 ) ) ;
#3436 = LINE ( 'NONE', #2842, #1137 ) ;
#3437 = CARTESIAN_POINT ( 'NONE',  ( 26.06099036693303006, -54.92368371875097210, -25.10253801250116723 ) ) ;
#3438 = CARTESIAN_POINT ( 'NONE',  ( 51.77745077274526153, -13.65603830393746243, -29.86753455932778323 ) ) ;
#3439 =( BOUNDED_SURFACE ( )  B_SPLINE_SURFACE ( 3, 1, ( 
 ( #2027, #4194 ),
 ( #2562, #2596 ),
 ( #6231, #5256 ),
 ( #2666, #1052 ) ),
 .UNSPECIFIED., .F., .F., .T. ) 
 B_SPLINE_SURFACE_WITH_KNOTS ( ( 4, 4 ),
 ( 2, 2 ),
 ( 0.000000000000000000, 1.000000000000000000 ),
 ( 0.000000000000000000, 1.000000000000000000 ),
 .UNSPECIFIED. ) 
 GEOMETRIC_REPRESENTATION_ITEM ( )  RATIONAL_B_SPLINE_SURFACE ( (
 ( 1.000000000000000000, 1.000000000000000000),
 ( 0.9936547718337395141, 0.8399137562987549765),
 ( 0.9936547718337395141, 0.8399137562987549765),
 ( 1.000000000000000000, 1.000000000000000000) ) ) 
 REPRESENTATION_ITEM ( '' )  SURFACE ( )  );
#3440 = CARTESIAN_POINT ( 'NONE',  ( 89.82681805825623655, 8.812500467711540608, 0.01009203321586466841 ) ) ;
#3441 = CARTESIAN_POINT ( 'NONE',  ( 18.78844479849039928, 35.76624165099752162, -54.67039176333777561 ) ) ;
#3442 = CARTESIAN_POINT ( 'NONE',  ( 54.62576016552275604, -17.89085368509142526, -15.40222530244961341 ) ) ;
#3443 = ORIENTED_EDGE ( 'NONE', *, *, #760, .F. ) ;
#3444 = FACE_OUTER_BOUND ( 'NONE', #5705, .T. ) ;
#3445 = CARTESIAN_POINT ( 'NONE',  ( 53.79529533164531330, -3.750308679356729957, 37.33647415960206928 ) ) ;
#3446 = CARTESIAN_POINT ( 'NONE',  ( 18.79364760530903666, 34.41003988854586026, 55.32492686888785016 ) ) ;
#3447 = CARTESIAN_POINT ( 'NONE',  ( 33.61636502379860048, -10.53148280330435682, 60.94636815933199614 ) ) ;
#3448 = CARTESIAN_POINT ( 'NONE',  ( 54.62576016552275604, 11.72973378765767194, -30.68830847052386446 ) ) ;
#3449 = B_SPLINE_CURVE_WITH_KNOTS ( 'NONE', 3,
 ( #1297, #5562, #4971, #2321, #3425, #3460, #837, #246, #2422, #2356 ),
 .UNSPECIFIED., .F., .F.,
 ( 4, 2, 2, 2, 4 ),
 ( 0.000000000000000000, 0.003307264529468843632, 0.006614529058937687264, 0.009921793588406530029, 0.01322905811787537453 ),
 .UNSPECIFIED. ) ;
#3450 = ORIENTED_EDGE ( 'NONE', *, *, #347, .F. ) ;
#3451 = CARTESIAN_POINT ( 'NONE',  ( 19.11442843794944935, 50.97401092206960982, -44.47027675529791679 ) ) ;
#3452 = VERTEX_POINT ( 'NONE', #4827 ) ;
#3453 = CARTESIAN_POINT ( 'NONE',  ( 18.77401912713006382, 66.77389439981446628, 18.90307349937248915 ) ) ;
#3454 = CARTESIAN_POINT ( 'NONE',  ( 28.07725316172354013, -54.43329228310596335, 30.56191415509853115 ) ) ;
#3455 = CARTESIAN_POINT ( 'NONE',  ( 18.85583905783800773, 69.78885527713191550, 2.341824554021568083 ) ) ;
#3456 = VERTEX_POINT ( 'NONE', #1069 ) ;
#3457 = CARTESIAN_POINT ( 'NONE',  ( 30.84680909296949025, 29.10913856812226186, -63.94878540186768845 ) ) ;
#3458 = B_SPLINE_CURVE_WITH_KNOTS ( 'NONE', 3,
 ( #3203, #5930, #2241, #157, #709, #127 ),
 .UNSPECIFIED., .F., .F.,
 ( 4, 2, 4 ),
 ( 1.450544195894442722E-16, 0.0007986073165776942954, 0.001597214633155243525 ),
 .UNSPECIFIED. ) ;
#3459 = VERTEX_POINT ( 'NONE', #4247 ) ;
#3460 = CARTESIAN_POINT ( 'NONE',  ( 23.24077445196132530, 48.13917957062859898, 52.26402954563912573 ) ) ;
#3461 = B_SPLINE_CURVE_WITH_KNOTS ( 'NONE', 3,
 ( #3799, #5906, #131, #1172, #648, #6236, #2567, #6273 ),
 .UNSPECIFIED., .F., .F.,
 ( 4, 2, 2, 4 ),
 ( 7.392446291451011694E-17, 0.0002264465145598553299, 0.0004528930291196367713, 0.0009057860582391901675 ),
 .UNSPECIFIED. ) ;
#3462 = CARTESIAN_POINT ( 'NONE',  ( 49.23165480826241236, 14.79076031983442618, -34.31153967666770654 ) ) ;
#3463 = EDGE_CURVE ( 'NONE', #919, #4927, #5989, .T. ) ;
#3464 = CARTESIAN_POINT ( 'NONE',  ( 19.11442843794943514, 58.83012326976995610, 35.40383979383245361 ) ) ;
#3465 = CARTESIAN_POINT ( 'NONE',  ( 54.54334256235661371, 48.65842340579525427, -4.849403907097887156 ) ) ;
#3466 = EDGE_LOOP ( 'NONE', ( #6516, #4082, #5552, #2887 ) ) ;
#3467 = EDGE_CURVE ( 'NONE', #4292, #1433, #5289, .T. ) ;
#3468 = CARTESIAN_POINT ( 'NONE',  ( 89.83068436596586537, 8.798859560370175359, -0.005893019293862535209 ) ) ;
#3469 = B_SPLINE_CURVE_WITH_KNOTS ( 'NONE', 3,
 ( #2034, #4027, #1436, #3058, #4132, #6240, #992, #3897 ),
 .UNSPECIFIED., .F., .F.,
 ( 4, 2, 2, 4 ),
 ( 1.033808233555732417E-17, 0.0002264431842541204790, 0.0004528863685082306582, 0.0009057727370164601237 ),
 .UNSPECIFIED. ) ;
#3470 = EDGE_CURVE ( 'NONE', #889, #4128, #207, .T. ) ;
#3471 = CARTESIAN_POINT ( 'NONE',  ( 23.24077445196133240, -4.932607881633558122, 63.94697488672291996 ) ) ;
#3472 = CARTESIAN_POINT ( 'NONE',  ( 52.60397151635671520, -29.26247380313906632, -3.110235437602899111 ) ) ;
#3473 = CARTESIAN_POINT ( 'NONE',  ( 89.82681805825622234, 8.821318766758585284, 0.004424856533328816455 ) ) ;
#3474 = CARTESIAN_POINT ( 'NONE',  ( 89.82729936416122030, 8.801885353399613976, -0.0007000302258235661500 ) ) ;
#3475 = CARTESIAN_POINT ( 'NONE',  ( 19.01941379036734503, -33.40465705938361651, -44.37794087551819899 ) ) ;
#3476 = CARTESIAN_POINT ( 'NONE',  ( 50.49951337408938912, 38.09591121954991877, -21.10570736405567516 ) ) ;
#3477 = ORIENTED_EDGE ( 'NONE', *, *, #2412, .T. ) ;
#3478 = CARTESIAN_POINT ( 'NONE',  ( 54.54334256235712530, 19.28299131569666258, 38.75045973131027210 ) ) ;
#3479 = CARTESIAN_POINT ( 'NONE',  ( 18.78844479849039928, -18.14175185507804144, -54.67039176333831563 ) ) ;
#3480 = CARTESIAN_POINT ( 'NONE',  ( 18.79321571199462682, 33.58670950547968914, 55.69800756226764804 ) ) ;
#3481 = CARTESIAN_POINT ( 'NONE',  ( 19.42422096688429534, -2.874671131183434536, 60.54262355176473420 ) ) ;
#3482 = CARTESIAN_POINT ( 'NONE',  ( 18.78690384720155038, 19.53531683056915114, -60.00224282439165080 ) ) ;
#3483 = VERTEX_POINT ( 'NONE', #538 ) ;
#3484 = CARTESIAN_POINT ( 'NONE',  ( 54.17539151718617063, 48.33636282336930634, 4.450026884523646586 ) ) ;
#3485 = ORIENTED_EDGE ( 'NONE', *, *, #5834, .T. ) ;
#3486 = CARTESIAN_POINT ( 'NONE',  ( 28.07725316172353303, -43.26111742286299489, 47.14226879085772737 ) ) ;
#3487 = CARTESIAN_POINT ( 'NONE',  ( 52.60397151635672941, 39.16121628734670423, 23.20124359277360071 ) ) ;
#3488 = CARTESIAN_POINT ( 'NONE',  ( 89.82729936416122030, 8.822382029479319598, -0.002246946893607063012 ) ) ;
#3489 = CARTESIAN_POINT ( 'NONE',  ( 49.23165480826241236, -26.00088423333332699, -1.034621535195505704 ) ) ;
#3490 = B_SPLINE_CURVE_WITH_KNOTS ( 'NONE', 3,
 ( #3030, #2003, #4107, #1487, #3587, #5690, #963, #999, #3066, #3101 ),
 .UNSPECIFIED., .F., .F.,
 ( 4, 2, 2, 2, 4 ),
 ( 4.091300359195786061E-16, 0.003307310133422199441, 0.006614620266843990355, 0.009921930400265781269, 0.01322924053368757132 ),
 .UNSPECIFIED. ) ;
#3491 = CARTESIAN_POINT ( 'NONE',  ( 49.61704819046447312, 37.48876810294721196, -20.43710579372282510 ) ) ;
#3492 = VERTEX_POINT ( 'NONE', #5867 ) ;
#3493 = CARTESIAN_POINT ( 'NONE',  ( 18.85583905783801484, 67.97864233088299102, -14.93213214462564942 ) ) ;
#3494 = ORIENTED_EDGE ( 'NONE', *, *, #2291, .T. ) ;
#3495 = CARTESIAN_POINT ( 'NONE',  ( 18.80019331273212302, 60.42562658926848229, 32.45341564151130598 ) ) ;
#3496 = CARTESIAN_POINT ( 'NONE',  ( 49.23306814737765791, -6.320657664353029226, -31.37101879667007154 ) ) ;
#3497 = CARTESIAN_POINT ( 'NONE',  ( 25.39469577495209407, 68.65176632610898366, -31.36671636532069840 ) ) ;
#3498 = CARTESIAN_POINT ( 'NONE',  ( 28.07725316172351171, -12.43781464225212474, 66.95120267540063708 ) ) ;
#3499 = ORIENTED_EDGE ( 'NONE', *, *, #248, .F. ) ;
#3500 = ORIENTED_EDGE ( 'NONE', *, *, #6341, .F. ) ;
#3501 = EDGE_CURVE ( 'NONE', #6583, #6330, #6059, .T. ) ;
#3502 = CARTESIAN_POINT ( 'NONE',  ( 22.90123142467807327, -4.286102293135030550, 63.85245572490932631 ) ) ;
#3503 = DIRECTION ( 'NONE',  ( 0.7588727602565364938, 0.2528953403045330894, 0.6001300530658999488 ) ) ;
#3504 = LINE ( 'NONE', #6241, #6760 ) ;
#3505 = ADVANCED_FACE ( 'NONE', ( #1695 ), #799, .T. ) ;
#3506 = CARTESIAN_POINT ( 'NONE',  ( 54.54334256235661371, 8.812244897959189416, -6.153557722908013615E-14 ) ) ;
#3507 = CARTESIAN_POINT ( 'NONE',  ( 49.61704819046447312, 2.134657835592665975, -34.57496359180372281 ) ) ;
#3508 = CARTESIAN_POINT ( 'NONE',  ( 18.77401912713006382, 1.928945982102320045, 60.57639141392919413 ) ) ;
#3509 = EDGE_CURVE ( 'NONE', #3206, #3177, #6399, .T. ) ;
#3510 = ORIENTED_EDGE ( 'NONE', *, *, #1184, .T. ) ;
#3511 = CARTESIAN_POINT ( 'NONE',  ( 19.42422096688430244, 31.71239898847508343, -57.25011978532073442 ) ) ;
#3512 = ADVANCED_FACE ( 'NONE', ( #2240 ), #6485, .F. ) ;
#3513 = CARTESIAN_POINT ( 'NONE',  ( 19.27520315313954313, -33.57027577670573493, -44.48224099844087220 ) ) ;
#3514 = CARTESIAN_POINT ( 'NONE',  ( 54.30008724204793680, 38.29889711064667068, 7.713837501312038825 ) ) ;
#3515 = FACE_OUTER_BOUND ( 'NONE', #4451, .T. ) ;
#3516 = LINE ( 'NONE', #3448, #5525 ) ;
#3517 = ORIENTED_EDGE ( 'NONE', *, *, #6170, .F. ) ;
#3518 = B_SPLINE_CURVE_WITH_KNOTS ( 'NONE', 3,
 ( #3225, #5329, #2700, #80, #2342, #4454, #2890, #6070 ),
 .UNSPECIFIED., .F., .F.,
 ( 4, 2, 2, 4 ),
 ( 9.485051725394227180E-16, 0.001890109674893087656, 0.003780219349785226852, 0.007560438699569512616 ),
 .UNSPECIFIED. ) ;
#3519 = CARTESIAN_POINT ( 'NONE',  ( 53.00847882770925423, 47.26766596797850895, 3.411875313910586183 ) ) ;
#3520 = ORIENTED_EDGE ( 'NONE', *, *, #5326, .T. ) ;
#3521 = CARTESIAN_POINT ( 'NONE',  ( 18.79018048702202393, 59.26203157970606128, 34.21244108957328223 ) ) ;
#3522 = B_SPLINE_CURVE_WITH_KNOTS ( 'NONE', 3,
 ( #260, #2112, #2670, #1220, #2802, #5619, #6013, #1186 ),
 .UNSPECIFIED., .F., .F.,
 ( 4, 2, 2, 4 ),
 ( 6.877910602720239033E-17, 0.0002264465145598573898, 0.0004528930291196459870, 0.0009057860582392082737 ),
 .UNSPECIFIED. ) ;
#3523 = B_SPLINE_CURVE_WITH_KNOTS ( 'NONE', 3,
 ( #2832, #3457, #2863, #2388, #4907, #5038, #3422 ),
 .UNSPECIFIED., .F., .F.,
 ( 4, 3, 4 ),
 ( 1.769077770938648657E-17, 0.01258337285662347767, 0.04008255950779792548 ),
 .UNSPECIFIED. ) ;
#3524 = DIRECTION ( 'NONE',  ( 0.000000000000000000, 0.000000000000000000, 1.000000000000000000 ) ) ;
#3525 = CARTESIAN_POINT ( 'NONE',  ( 25.39469577495242092, 75.06487045404509217, -13.23740258576377471 ) ) ;
#3526 = CARTESIAN_POINT ( 'NONE',  ( 49.61704819046447312, 37.48876810294721196, -20.43710579372282510 ) ) ;
#3527 = CARTESIAN_POINT ( 'NONE',  ( 18.77401912713006382, 61.05504298256193607, -31.42561135427647656 ) ) ;
#3528 = ORIENTED_EDGE ( 'NONE', *, *, #3941, .F. ) ;
#3529 = CARTESIAN_POINT ( 'NONE',  ( 49.23165480826241236, 38.65827140111222349, 17.95101957010304616 ) ) ;
#3530 = EDGE_LOOP ( 'NONE', ( #695, #2862, #2225, #2727 ) ) ;
#3531 = CARTESIAN_POINT ( 'NONE',  ( 20.99620941596855062, 47.52492442495530867, -49.90793737493220306 ) ) ;
#3532 = CARTESIAN_POINT ( 'NONE',  ( 48.49086870021276496, -33.52840884924475517, -20.45848191131648619 ) ) ;
#3533 = ORIENTED_EDGE ( 'NONE', *, *, #2412, .F. ) ;
#3534 = CARTESIAN_POINT ( 'NONE',  ( 49.61704819046445891, 5.478449869581435649, -35.05572830592457478 ) ) ;
#3535 = VERTEX_POINT ( 'NONE', #6318 ) ;
#3536 = CARTESIAN_POINT ( 'NONE',  ( 53.00898906108303521, -27.12457355415963534, 14.10832514145026373 ) ) ;
#3537 = VECTOR ( 'NONE', #4942, 1000.000000000000000 ) ;
#3538 = VECTOR ( 'NONE', #2714, 1000.000000000000114 ) ;
#3539 = CARTESIAN_POINT ( 'NONE',  ( 48.51805717611819802, 8.812244897959189416, -6.153557722908013615E-14 ) ) ;
#3540 = CARTESIAN_POINT ( 'NONE',  ( 18.77401912713006027, -32.46073494903176737, -44.87115036689478842 ) ) ;
#3541 = CARTESIAN_POINT ( 'NONE',  ( 217.5334579613141841, 8.812244897959189416, -6.153557722908013615E-14 ) ) ;
#3542 = CARTESIAN_POINT ( 'NONE',  ( 28.07725316172420804, 73.32641740928335139, -27.78399027001551147 ) ) ;
#3543 = VECTOR ( 'NONE', #5581, 1000.000000000000114 ) ;
#3544 = CARTESIAN_POINT ( 'NONE',  ( 49.23084801259432197, 22.19158186394086130, -32.15563706259090537 ) ) ;
#3545 = VECTOR ( 'NONE', #6611, 1000.000000000000000 ) ;
#3546 = CARTESIAN_POINT ( 'NONE',  ( 36.38592095397835635, 42.78255697271112012, -50.41559387883848586 ) ) ;
#3547 = ORIENTED_EDGE ( 'NONE', *, *, #555, .T. ) ;
#3548 = CARTESIAN_POINT ( 'NONE',  ( 49.23165480826241236, -19.91506434010375415, 19.69177761335523869 ) ) ;
#3549 = CARTESIAN_POINT ( 'NONE',  ( 49.23290854358262436, 3.067782851999811378, 34.35359425805281575 ) ) ;
#3550 = VECTOR ( 'NONE', #3304, 1000.000000000000000 ) ;
#3551 = CARTESIAN_POINT ( 'NONE',  ( 49.41064597117352974, 12.22741038076777542, 34.84070289059508951 ) ) ;
#3552 = CARTESIAN_POINT ( 'NONE',  ( 49.27030864395448617, -4.442095073543685935, 32.24987341167497590 ) ) ;
#3553 = CARTESIAN_POINT ( 'NONE',  ( 89.83648776693891591, 8.818244693888891206, 0.01377712898622871808 ) ) ;
#3554 = EDGE_CURVE ( 'NONE', #2649, #1514, #3265, .T. ) ;
#3555 = AXIS2_PLACEMENT_3D ( 'NONE', #3645, #1025, #5751 ) ;
#3556 = CARTESIAN_POINT ( 'NONE',  ( 18.79148013494834046, 18.67860811022758227, 60.15384714314930648 ) ) ;
#3557 = CARTESIAN_POINT ( 'NONE',  ( 18.79018048702202393, -41.63754178378744797, -34.21244108957375119 ) ) ;
#3558 = EDGE_CURVE ( 'NONE', #2602, #5030, #4831, .T. ) ;
#3559 = ORIENTED_EDGE ( 'NONE', *, *, #6081, .T. ) ;
#3560 = CARTESIAN_POINT ( 'NONE',  ( 19.01941379036735214, 36.81635494358527438, -54.47419818390491741 ) ) ;
#3561 = ORIENTED_EDGE ( 'NONE', *, *, #5106, .F. ) ;
#3562 = CARTESIAN_POINT ( 'NONE',  ( 49.23165480826241236, 22.33301653717497004, 32.09693343472725502 ) ) ;
#3563 = ADVANCED_FACE ( 'NONE', ( #4885 ), #3923, .F. ) ;
#3564 = CARTESIAN_POINT ( 'NONE',  ( 54.54334256235661371, 8.812244897959189416, -6.153557722908013615E-14 ) ) ;
#3565 = CARTESIAN_POINT ( 'NONE',  ( 20.23383572758632454, -45.31978955627051420, 31.03890977118005878 ) ) ;
#3566 = CARTESIAN_POINT ( 'NONE',  ( 89.82681805825622234, 8.821531101782573714, -0.003959907685893023291 ) ) ;
#3567 = B_SPLINE_CURVE_WITH_KNOTS ( 'NONE', 3,
 ( #414, #3007, #1464, #3525, #5103, #4628, #5034, #6700, #6184, #5628 ),
 .UNSPECIFIED., .F., .F.,
 ( 4, 2, 2, 2, 4 ),
 ( 0.000000000000000000, 0.003307264529469156750, 0.006614529058938313499, 0.009921793588407470249, 0.01322905811787662700 ),
 .UNSPECIFIED. ) ;
#3568 = EDGE_CURVE ( 'NONE', #5030, #3231, #225, .T. ) ;
#3569 = CARTESIAN_POINT ( 'NONE',  ( 52.84917723814559309, -32.68701139843524572, 6.888747514257699045 ) ) ;
#3570 = ORIENTED_EDGE ( 'NONE', *, *, #723, .T. ) ;
#3571 = CARTESIAN_POINT ( 'NONE',  ( 52.60397151635674362, -21.53672649142816553, -23.20124359277392756 ) ) ;
#3572 = ORIENTED_EDGE ( 'NONE', *, *, #4371, .T. ) ;
#3573 = CARTESIAN_POINT ( 'NONE',  ( 49.56354134330946692, -25.35746273505858284, -8.287580316174627981 ) ) ;
#3574 = CARTESIAN_POINT ( 'NONE',  ( 25.39554384420647892, 48.37575949590421232, -54.76752801449444519 ) ) ;
#3575 = CARTESIAN_POINT ( 'NONE',  ( 89.82545070715441682, 8.821406661461443477, 0.001481401430658300499 ) ) ;
#3576 = ORIENTED_EDGE ( 'NONE', *, *, #725, .F. ) ;
#3577 = CARTESIAN_POINT ( 'NONE',  ( 19.27520315313954313, -29.18556944978336887, 48.28161065847175593 ) ) ;
#3578 = ORIENTED_EDGE ( 'NONE', *, *, #4563, .F. ) ;
#3579 = CARTESIAN_POINT ( 'NONE',  ( 18.78844479849039928, -50.15599450341726850, 15.43102130196104049 ) ) ;
#3580 = CARTESIAN_POINT ( 'NONE',  ( 19.36839877834438539, -2.830788839145208513, 60.42223957065720441 ) ) ;
#3581 = DIRECTION ( 'NONE',  ( -1.000000000000000000, -0.000000000000000000, -0.000000000000000000 ) ) ;
#3582 = CARTESIAN_POINT ( 'NONE',  ( 52.60397151635670809, -18.47195244351211585, 26.73818139060188415 ) ) ;
#3583 = DIRECTION ( 'NONE',  ( -0.7522347214610782817, 0.2447850323436936149, -0.6117378619710167609 ) ) ;
#3584 = ORIENTED_EDGE ( 'NONE', *, *, #4024, .T. ) ;
#3585 = FACE_OUTER_BOUND ( 'NONE', #2149, .T. ) ;
#3586 =( BOUNDED_SURFACE ( )  B_SPLINE_SURFACE ( 3, 1, ( 
 ( #779, #5412 ),
 ( #221, #2274 ),
 ( #5446, #1242 ),
 ( #3337, #1796 ) ),
 .UNSPECIFIED., .F., .F., .T. ) 
 B_SPLINE_SURFACE_WITH_KNOTS ( ( 4, 4 ),
 ( 2, 2 ),
 ( 0.000000000000000000, 1.000000000000000000 ),
 ( 0.000000000000000000, 1.000000000000000000 ),
 .UNSPECIFIED. ) 
 GEOMETRIC_REPRESENTATION_ITEM ( )  RATIONAL_B_SPLINE_SURFACE ( (
 ( 1.000000000000000000, 1.000000000000000000),
 ( 0.7724073758824714364, 0.9739345816297115821),
 ( 0.7724073758824714364, 0.9739345816297115821),
 ( 1.000000000000000000, 1.000000000000000000) ) ) 
 REPRESENTATION_ITEM ( '' )  SURFACE ( )  );
#3587 = CARTESIAN_POINT ( 'NONE',  ( 23.23982137879195520, 13.64051633923587836, -65.22805893489746154 ) ) ;
#3588 = DIRECTION ( 'NONE',  ( 1.000000000000000000, 0.000000000000000000, 0.000000000000000000 ) ) ;
#3589 = VECTOR ( 'NONE', #1916, 1000.000000000000000 ) ;
#3590 = CARTESIAN_POINT ( 'NONE',  ( 51.15501191307559026, 52.48412491867171070, 5.314569792941012061 ) ) ;
#3591 = CARTESIAN_POINT ( 'NONE',  ( 18.79018048702202393, 15.99379144068569936, 60.53178909297110977 ) ) ;
#3592 = CARTESIAN_POINT ( 'NONE',  ( 49.23165480826241236, 4.881910635620167582, 34.60602366957835585 ) ) ;
#3593 = ORIENTED_EDGE ( 'NONE', *, *, #602, .T. ) ;
#3594 = DIRECTION ( 'NONE',  ( 0.000000000000000000, 0.000000000000000000, 1.000000000000000000 ) ) ;
#3595 = ORIENTED_EDGE ( 'NONE', *, *, #1282, .T. ) ;
#3596 = CARTESIAN_POINT ( 'NONE',  ( 53.79462347678106227, -27.63108898801907642, -14.95528264394264362 ) ) ;
#3597 = ADVANCED_FACE ( 'NONE', ( #3302 ), #4632, .F. ) ;
#3598 = CARTESIAN_POINT ( 'NONE',  ( 26.06099036693303006, -45.26972855909880877, 42.04219497473348355 ) ) ;
#3599 = CARTESIAN_POINT ( 'NONE',  ( 23.23982137879181664, -14.19731544618108465, 61.22558297227104873 ) ) ;
#3600 = CARTESIAN_POINT ( 'NONE',  ( 36.38592095397834214, 40.56010452273935840, 51.84387734204746323 ) ) ;
#3601 = EDGE_CURVE ( 'NONE', #3327, #1649, #94, .T. ) ;
#3602 = VERTEX_POINT ( 'NONE', #6576 ) ;
#3603 = CARTESIAN_POINT ( 'NONE',  ( 54.17539151718671064, -26.84342511137739251, 17.62475058660540128 ) ) ;
#3604 = ORIENTED_EDGE ( 'NONE', *, *, #3687, .T. ) ;
#3605 = EDGE_CURVE ( 'NONE', #6572, #5883, #5992, .T. ) ;
#3606 = CARTESIAN_POINT ( 'NONE',  ( 89.82729936416122030, 8.810077676123185597, 0.01015447464476185342 ) ) ;
#3607 = EDGE_CURVE ( 'NONE', #1050, #1224, #3436, .T. ) ;
#3608 = CARTESIAN_POINT ( 'NONE',  ( 49.46084658743965434, 44.16154336181710249, 29.31152813374078647 ) ) ;
#3609 = CARTESIAN_POINT ( 'NONE',  ( 42.43839482824582632, 57.35102929492342128, 23.45406931012545471 ) ) ;
#3610 = DIRECTION ( 'NONE',  ( 0.7588727602565362718, -0.4408409765618248599, 0.4793447268142648210 ) ) ;
#3611 = ORIENTED_EDGE ( 'NONE', *, *, #5957, .T. ) ;
#3612 = ORIENTED_EDGE ( 'NONE', *, *, #2536, .F. ) ;
#3613 = DIRECTION ( 'NONE',  ( 0.7522347214610783928, 0.5706747102996024834, -0.3293528485573465336 ) ) ;
#3614 = CARTESIAN_POINT ( 'NONE',  ( 19.04016012521987022, -2.516226745729437386, 60.14810936356101934 ) ) ;
#3615 = CARTESIAN_POINT ( 'NONE',  ( 54.54334256235661371, 8.812244897959189416, -6.153557722908013615E-14 ) ) ;
#3616 = CARTESIAN_POINT ( 'NONE',  ( 23.23982137879217902, 70.15151074356687388, -22.70476476528660825 ) ) ;
#3617 = CARTESIAN_POINT ( 'NONE',  ( 19.46190759237069301, 2.972062956886270868, 61.34994523100070296 ) ) ;
#3618 = ORIENTED_EDGE ( 'NONE', *, *, #5664, .F. ) ;
#3619 = CARTESIAN_POINT ( 'NONE',  ( 42.43839482824581921, -31.15260276363897418, -36.17897053986484224 ) ) ;
#3620 = CARTESIAN_POINT ( 'NONE',  ( 18.79234864102460278, -42.95149221628543046, 32.19256311716616636 ) ) ;
#3621 = DIRECTION ( 'NONE',  ( 0.000000000000000000, 0.000000000000000000, 1.000000000000000000 ) ) ;
#3622 = CARTESIAN_POINT ( 'NONE',  ( 19.42422096688429534, -44.59611948997805086, -30.81460507954398054 ) ) ;
#3623 = CARTESIAN_POINT ( 'NONE',  ( 18.76137069372868282, 19.84865518315491073, -59.96648564639016143 ) ) ;
#3624 = DIRECTION ( 'NONE',  ( 0.000000000000000000, 0.000000000000000000, 1.000000000000000000 ) ) ;
#3625 = CARTESIAN_POINT ( 'NONE',  ( 36.38592095397833504, -51.53514221441253085, 7.342143918608737607 ) ) ;
#3626 = ORIENTED_EDGE ( 'NONE', *, *, #1712, .T. ) ;
#3627 =( BOUNDED_SURFACE ( )  B_SPLINE_SURFACE ( 3, 1, ( 
 ( #1995, #885 ),
 ( #2989, #1963 ),
 ( #396, #1440 ),
 ( #959, #2036 ) ),
 .UNSPECIFIED., .F., .F., .T. ) 
 B_SPLINE_SURFACE_WITH_KNOTS ( ( 4, 4 ),
 ( 2, 2 ),
 ( 0.000000000000000000, 1.000000000000000000 ),
 ( 0.000000000000000000, 1.000000000000000000 ),
 .UNSPECIFIED. ) 
 GEOMETRIC_REPRESENTATION_ITEM ( )  RATIONAL_B_SPLINE_SURFACE ( (
 ( 1.000000000000000000, 1.000000000000000000),
 ( 0.7724073758824714364, 0.9739345816297115821),
 ( 0.7724073758824714364, 0.9739345816297115821),
 ( 1.000000000000000000, 1.000000000000000000) ) ) 
 REPRESENTATION_ITEM ( '' )  SURFACE ( )  );
#3628 = CARTESIAN_POINT ( 'NONE',  ( 49.23351359036897179, 32.05847561836991844, 25.93774546035243489 ) ) ;
#3629 = CARTESIAN_POINT ( 'NONE',  ( 48.49086870021275075, 9.832991393971282079, -47.01317388187229795 ) ) ;
#3630 = DIRECTION ( 'NONE',  ( -1.000000000000000000, -0.000000000000000000, -0.000000000000000000 ) ) ;
#3631 = CARTESIAN_POINT ( 'NONE',  ( 49.46084658743962592, 50.15957800211530326, -19.97840405527796293 ) ) ;
#3632 = EDGE_CURVE ( 'NONE', #4764, #3003, #6190, .T. ) ;
#3633 = EDGE_LOOP ( 'NONE', ( #2381, #5215, #2742, #4589 ) ) ;
#3634 = CARTESIAN_POINT ( 'NONE',  ( 49.23306814737766501, 38.50330588714108870, 18.20951557944734489 ) ) ;
#3635 = ORIENTED_EDGE ( 'NONE', *, *, #1072, .T. ) ;
#3636 = B_SPLINE_CURVE_WITH_KNOTS ( 'NONE', 3,
 ( #5702, #5139, #1502, #2557, #1046, #3076, #487, #549 ),
 .UNSPECIFIED., .F., .F.,
 ( 4, 2, 2, 4 ),
 ( 1.910013460621252089E-16, 0.0003956619665159686640, 0.0007913239330317464000, 0.001582647866063301764 ),
 .UNSPECIFIED. ) ;
#3637 = EDGE_CURVE ( 'NONE', #6676, #6432, #5861, .T. ) ;
#3638 = CARTESIAN_POINT ( 'NONE',  ( 17.53340716131418375, 35.12288913180492500, 7.999999999999939604 ) ) ;
#3639 = CARTESIAN_POINT ( 'NONE',  ( 49.23165480826241236, -24.29922132257647505, 10.80070397517968495 ) ) ;
#3640 = CARTESIAN_POINT ( 'NONE',  ( 28.07725316172377461, 45.49475823551636466, -59.90343717504937615 ) ) ;
#3641 = CARTESIAN_POINT ( 'NONE',  ( 51.77745077274521890, 45.31437211392648834, -8.030447023834165421 ) ) ;
#3642 = CARTESIAN_POINT ( 'NONE',  ( 50.49951337408885621, -26.31510767883764501, -8.309819343214449816 ) ) ;
#3643 = EDGE_CURVE ( 'NONE', #3252, #4264, #3504, .T. ) ;
#3644 = ORIENTED_EDGE ( 'NONE', *, *, #4611, .T. ) ;
#3645 = CARTESIAN_POINT ( 'NONE',  ( 28.07725316172349750, 8.812244897959189416, -6.153557722908013615E-14 ) ) ;
#3646 = ORIENTED_EDGE ( 'NONE', *, *, #1548, .F. ) ;
#3647 = CARTESIAN_POINT ( 'NONE',  ( 27.43416788634275605, 72.98364498885084117, 26.95407604393826162 ) ) ;
#3648 = EDGE_CURVE ( 'NONE', #3282, #1618, #3953, .T. ) ;
#3649 = AXIS2_PLACEMENT_3D ( 'NONE', #703, #5987, #2325 ) ;
#3650 = CARTESIAN_POINT ( 'NONE',  ( 49.23351359036896469, 14.34521470787321995, 34.38808118164170935 ) ) ;
#3651 = CARTESIAN_POINT ( 'NONE',  ( 49.61704819046445891, -25.41221813969733745, 8.288812106334280116 ) ) ;
#3652 = B_SPLINE_CURVE_WITH_KNOTS ( 'NONE', 3,
 ( #4710, #2131, #5887, #526, #4231, #5220, #2196, #494, #3190, #2597 ),
 .UNSPECIFIED., .F., .F.,
 ( 4, 2, 2, 2, 4 ),
 ( 0.000000000000000000, 0.003307264529468877459, 0.006614529058937754918, 0.009921793588406632378, 0.01322905811787550984 ),
 .UNSPECIFIED. ) ;
#3653 = CARTESIAN_POINT ( 'NONE',  ( 49.23290854358262436, -26.00920149137697379, -0.7969654942211171766 ) ) ;
#3654 = CARTESIAN_POINT ( 'NONE',  ( 49.61704819046447312, 30.56936935113395748, -27.68836961395707164 ) ) ;
#3655 = B_SPLINE_CURVE_WITH_KNOTS ( 'NONE', 3,
 ( #4719, #4135, #5193, #2501, #3616, #6242, #2106, #5231, #5761, #3542 ),
 .UNSPECIFIED., .F., .F.,
 ( 4, 2, 2, 2, 4 ),
 ( 4.121784749586749818E-16, 0.003307310133422387659, 0.006614620266844363321, 0.009921930400266339850, 0.01322924053368831551 ),
 .UNSPECIFIED. ) ;
#3656 = ORIENTED_EDGE ( 'NONE', *, *, #3509, .F. ) ;
#3657 = CARTESIAN_POINT ( 'NONE',  ( 27.43416548070726790, -45.16592147944958668, 43.94141585811846085 ) ) ;
#3658 = CIRCLE ( 'NONE', #5414, 70.24264068317124554 ) ;
#3659 = CARTESIAN_POINT ( 'NONE',  ( 89.84074713331158080, 8.823229908238795716, -0.001727428726571333516 ) ) ;
#3660 = VECTOR ( 'NONE', #5518, 1000.000000000000114 ) ;
#3661 = CARTESIAN_POINT ( 'NONE',  ( 54.54334256235712530, 45.67813823971285103, 15.87893472645147241 ) ) ;
#3662 = CARTESIAN_POINT ( 'NONE',  ( 24.68883653248305521, -13.92305518706388945, -62.87101044661831395 ) ) ;
#3663 = CARTESIAN_POINT ( 'NONE',  ( 89.82643428741084790, 8.816402362651588831, 0.008860034539351503702 ) ) ;
#3664 = DIRECTION ( 'NONE',  ( -1.000000000000000000, -0.000000000000000000, -0.000000000000000000 ) ) ;
#3665 = AXIS2_PLACEMENT_3D ( 'NONE', #3344, #5390, #2791 ) ;
#3666 = EDGE_LOOP ( 'NONE', ( #6077, #6537, #6244, #6695 ) ) ;
#3667 = CARTESIAN_POINT ( 'NONE',  ( 89.83068436596585116, 8.801323948871734970, -0.009727682653092433948 ) ) ;
#3668 = ORIENTED_EDGE ( 'NONE', *, *, #6437, .F. ) ;
#3669 = CARTESIAN_POINT ( 'NONE',  ( 28.65641647731176533, -61.82564698178690321, 10.80898530969903781 ) ) ;
#3670 = CARTESIAN_POINT ( 'NONE',  ( 19.46190759237069301, -33.72844426472148172, -44.58938517759374776 ) ) ;
#3671 = CARTESIAN_POINT ( 'NONE',  ( 54.62576016552275604, -21.97890280072306268, 1.479608597390384528 ) ) ;
#3672 = CARTESIAN_POINT ( 'NONE',  ( 18.79148013494831559, -15.40926728609582774, 55.93879509495581459 ) ) ;
#3673 = ORIENTED_EDGE ( 'NONE', *, *, #3981, .F. ) ;
#3674 =( BOUNDED_SURFACE ( )  B_SPLINE_SURFACE ( 3, 1, ( 
 ( #4896, #4323 ),
 ( #74, #4419 ),
 ( #2221, #5452 ),
 ( #108, #3215 ) ),
 .UNSPECIFIED., .F., .F., .T. ) 
 B_SPLINE_SURFACE_WITH_KNOTS ( ( 4, 4 ),
 ( 2, 2 ),
 ( 0.000000000000000000, 1.000000000000000000 ),
 ( 0.000000000000000000, 1.000000000000000000 ),
 .UNSPECIFIED. ) 
 GEOMETRIC_REPRESENTATION_ITEM ( )  RATIONAL_B_SPLINE_SURFACE ( (
 ( 1.000000000000000000, 1.000000000000000000),
 ( 0.7724073758824716585, 0.9739345816297118041),
 ( 0.7724073758824716585, 0.9739345816297118041),
 ( 1.000000000000000000, 1.000000000000000000) ) ) 
 REPRESENTATION_ITEM ( '' )  SURFACE ( )  );
#3675 = AXIS2_PLACEMENT_3D ( 'NONE', #129, #4761, #99 ) ;
#3676 = CARTESIAN_POINT ( 'NONE',  ( 89.84074713331158080, 8.803937637732087040, -0.007392150456275005735 ) ) ;
#3677 = ORIENTED_EDGE ( 'NONE', *, *, #1150, .F. ) ;
#3678 = CARTESIAN_POINT ( 'NONE',  ( 49.37576540558968219, -25.14000517355308517, -8.386391398576980905 ) ) ;
#3679 = CARTESIAN_POINT ( 'NONE',  ( 18.79148013494829783, -50.00425450922024595, -16.01405153741708531 ) ) ;
#3680 = DIRECTION ( 'NONE',  ( -1.000000000000000000, -0.000000000000000000, -0.000000000000000000 ) ) ;
#3681 = CARTESIAN_POINT ( 'NONE',  ( 49.61704819046447312, 12.14603992633765017, -35.05572830592450373 ) ) ;
#3682 = CARTESIAN_POINT ( 'NONE',  ( 51.15501191307611606, -2.663386779704582263, 42.47102111117752798 ) ) ;
#3683 = ORIENTED_EDGE ( 'NONE', *, *, #1290, .T. ) ;
#3684 = CARTESIAN_POINT ( 'NONE',  ( 49.23244927482063105, 43.63064450641321201, -0.8840237384604358040 ) ) ;
#3685 = ORIENTED_EDGE ( 'NONE', *, *, #1915, .F. ) ;
#3686 = CARTESIAN_POINT ( 'NONE',  ( 25.39554384420629063, 76.11137309041319554, -5.964994274586023160 ) ) ;
#3687 = EDGE_CURVE ( 'NONE', #3809, #3860, #1904, .T. ) ;
#3688 = CARTESIAN_POINT ( 'NONE',  ( 52.84917723814557178, 9.724914946992649689, 42.05722469268054908 ) ) ;
#3689 = EDGE_CURVE ( 'NONE', #5936, #6018, #329, .T. ) ;
#3690 = B_SPLINE_CURVE_WITH_KNOTS ( 'NONE', 3,
 ( #4288, #5360, #2732, #4838, #109, #3774 ),
 .UNSPECIFIED., .F., .F.,
 ( 4, 2, 4 ),
 ( 1.331562711648046583E-16, 0.0007986073165776873565, 0.001597214633155241573 ),
 .UNSPECIFIED. ) ;
#3691 = CARTESIAN_POINT ( 'NONE',  ( 54.54334256235713241, 38.57087753917614492, 26.93804824514127816 ) ) ;
#3692 = CARTESIAN_POINT ( 'NONE',  ( 20.23383842789538178, 31.83143205261618292, -57.99834854430431363 ) ) ;
#3693 = ORIENTED_EDGE ( 'NONE', *, *, #4201, .T. ) ;
#3694 = CARTESIAN_POINT ( 'NONE',  ( 52.60448476329266043, 17.30979761398231531, 37.24498337819532878 ) ) ;
#3695 = ADVANCED_FACE ( 'NONE', ( #470 ), #5634, .T. ) ;
#3696 = PRODUCT_DEFINITION ( 'UNKNOWN', '', #1692, #2948 ) ;
#3697 = CARTESIAN_POINT ( 'NONE',  ( 19.01941379036735214, 69.99704622603208293, 2.844034752095451424 ) ) ;
#3698 = ADVANCED_FACE ( 'NONE', ( #1519 ), #2506, .F. ) ;
#3699 = CARTESIAN_POINT ( 'NONE',  ( 49.23244927482063105, 42.46931294291754710, 8.961262181255193582 ) ) ;
#3700 = CARTESIAN_POINT ( 'NONE',  ( 18.79148157003699993, -52.13346152786505172, -1.204820534822148570 ) ) ;
#3701 = CARTESIAN_POINT ( 'NONE',  ( 49.51286555817211621, -21.58234021412620507, -17.57448001881485311 ) ) ;
#3702 = DIRECTION ( 'NONE',  ( 0.000000000000000000, 0.000000000000000000, 1.000000000000000000 ) ) ;
#3703 = ORIENTED_EDGE ( 'NONE', *, *, #2660, .F. ) ;
#3704 = CARTESIAN_POINT ( 'NONE',  ( 49.37576540558968219, 12.28136594633515344, -34.80017305647128723 ) ) ;
#3705 = ORIENTED_EDGE ( 'NONE', *, *, #6761, .T. ) ;
#3706 = DIRECTION ( 'NONE',  ( -1.000000000000000000, 0.000000000000000000, -0.000000000000000000 ) ) ;
#3707 = CARTESIAN_POINT ( 'NONE',  ( 89.83068436596586537, 8.804170442192575052, -0.01219418315605838403 ) ) ;
#3708 = CARTESIAN_POINT ( 'NONE',  ( 28.07725316172349750, 8.812244897959189416, -6.153557722908013615E-14 ) ) ;
#3709 = CARTESIAN_POINT ( 'NONE',  ( 18.79321571199460550, -17.05767653362262593, 55.19772919350483420 ) ) ;
#3710 = VERTEX_POINT ( 'NONE', #3095 ) ;
#3711 = CARTESIAN_POINT ( 'NONE',  ( 53.79529533164527777, -19.93153323368438024, -26.93743257573781236 ) ) ;
#3712 = ORIENTED_EDGE ( 'NONE', *, *, #2571, .F. ) ;
#3713 = CARTESIAN_POINT ( 'NONE',  ( 89.84074713331158080, 8.822419995143890858, 0.004485739418371661839 ) ) ;
#3714 = CARTESIAN_POINT ( 'NONE',  ( 54.54334256235661371, 8.812244897959189416, -40.14018759214408050 ) ) ;
#3715 = CARTESIAN_POINT ( 'NONE',  ( 54.30008724204793680, 28.07819630843416547, -23.61755838264947727 ) ) ;
#3716 = DIRECTION ( 'NONE',  ( -1.000000000000000000, -0.000000000000000000, -0.000000000000000000 ) ) ;
#3717 =( BOUNDED_SURFACE ( )  B_SPLINE_SURFACE ( 3, 1, ( 
 ( #251, #6505 ),
 ( #3429, #2359 ),
 ( #1374, #3950 ),
 ( #1850, #2809 ) ),
 .UNSPECIFIED., .F., .F., .T. ) 
 B_SPLINE_SURFACE_WITH_KNOTS ( ( 4, 4 ),
 ( 2, 2 ),
 ( 0.000000000000000000, 1.000000000000000000 ),
 ( 0.000000000000000000, 1.000000000000000000 ),
 .UNSPECIFIED. ) 
 GEOMETRIC_REPRESENTATION_ITEM ( )  RATIONAL_B_SPLINE_SURFACE ( (
 ( 1.000000000000000000, 1.000000000000000000),
 ( 0.7724073758824716585, 0.9739345816297118041),
 ( 0.7724073758824716585, 0.9739345816297118041),
 ( 1.000000000000000000, 1.000000000000000000) ) ) 
 REPRESENTATION_ITEM ( '' )  SURFACE ( )  );
#3718 = CARTESIAN_POINT ( 'NONE',  ( 35.20511764130976928, -7.393689101703108335, 59.98482442201396481 ) ) ;
#3719 = ORIENTED_EDGE ( 'NONE', *, *, #1443, .F. ) ;
#3720 = CARTESIAN_POINT ( 'NONE',  ( 19.46190759237069301, -41.37745592933128336, -35.76195514535955766 ) ) ;
#3721 = VERTEX_POINT ( 'NONE', #2068 ) ;
#3722 = CARTESIAN_POINT ( 'NONE',  ( 54.54334256235661371, 8.812244897959189416, -6.153557722908013615E-14 ) ) ;
#3723 = CARTESIAN_POINT ( 'NONE',  ( 19.11442843794946711, 61.79488792698769117, -30.79057593847765517 ) ) ;
#3724 = CARTESIAN_POINT ( 'NONE',  ( 26.76987644061302518, 30.80131520618632379, -65.33625157091245228 ) ) ;
#3725 = EDGE_CURVE ( 'NONE', #1335, #6280, #6763, .T. ) ;
#3726 = VERTEX_POINT ( 'NONE', #4544 ) ;
#3727 = CARTESIAN_POINT ( 'NONE',  ( 53.79529533164527066, 18.42957423021827879, 38.20127002559513585 ) ) ;
#3728 = B_SPLINE_CURVE_WITH_KNOTS ( 'NONE', 3,
 ( #1870, #5672, #4462, #4559, #6185, #1465, #1397, #940, #5035, #5592, #2349, #6563, #348 ),
 .UNSPECIFIED., .F., .F.,
 ( 4, 3, 3, 3, 4 ),
 ( 1.734723475976807094E-17, 0.0009041618729686819395, 0.001808323717130793469, 0.002711696379629073821, 0.003615359634610207113 ),
 .UNSPECIFIED. ) ;
#3729 = ADVANCED_FACE ( 'NONE', ( #4029 ), #3185, .F. ) ;
#3730 = CARTESIAN_POINT ( 'NONE',  ( 49.37576540558968929, -15.21617992103901607, -25.41105362487722630 ) ) ;
#3731 = CARTESIAN_POINT ( 'NONE',  ( 49.61704819046447312, 12.14603992633717411, 35.05572830592442557 ) ) ;
#3732 = CARTESIAN_POINT ( 'NONE',  ( 18.77401912713006027, 66.77389439981446628, 18.90307349937247849 ) ) ;
#3733 = EDGE_CURVE ( 'NONE', #3903, #3028, #244, .T. ) ;
#3734 = ORIENTED_EDGE ( 'NONE', *, *, #2246, .T. ) ;
#3735 = CARTESIAN_POINT ( 'NONE',  ( 49.23244927482063105, 30.94534705629145321, -26.89290311797861577 ) ) ;
#3736 = VERTEX_POINT ( 'NONE', #3651 ) ;
#3737 = CARTESIAN_POINT ( 'NONE',  ( 49.23125094256061374, 2.758282074322336186, 34.29798361081148528 ) ) ;
#3738 = CARTESIAN_POINT ( 'NONE',  ( 89.82681805825622234, 8.815333369662488039, -0.009611232640450243989 ) ) ;
#3739 = CARTESIAN_POINT ( 'NONE',  ( 27.43416548070725725, -55.35915391069913483, 26.95407293941778804 ) ) ;
#3740 = CARTESIAN_POINT ( 'NONE',  ( 19.46190759237069301, 51.35293406064015187, 44.58938517759334275 ) ) ;
#3741 = CARTESIAN_POINT ( 'NONE',  ( 53.79529533164532040, -11.17805650018062558, -33.94433538994543653 ) ) ;
#3742 = ORIENTED_EDGE ( 'NONE', *, *, #435, .F. ) ;
#3743 = CARTESIAN_POINT ( 'NONE',  ( 52.84917723814558599, -29.06521547803156480, 18.30139642033562808 ) ) ;
#3744 = ORIENTED_EDGE ( 'NONE', *, *, #3267, .T. ) ;
#3745 = CARTESIAN_POINT ( 'NONE',  ( 18.79321571199463037, 67.46910097706476961, -16.59564334127522045 ) ) ;
#3746 = CARTESIAN_POINT ( 'NONE',  ( 53.00847882770923292, 36.57371348028509317, -26.82836493308329651 ) ) ;
#3747 = CARTESIAN_POINT ( 'NONE',  ( 18.77401912713006027, -18.14722534407983900, -54.68149563579272154 ) ) ;
#3748 = CARTESIAN_POINT ( 'NONE',  ( 18.76137069372868282, 58.77498836876469568, 34.95005032374577780 ) ) ;
#3749 = ORIENTED_EDGE ( 'NONE', *, *, #3467, .T. ) ;
#3750 = FACE_OUTER_BOUND ( 'NONE', #5314, .T. ) ;
#3751 = EDGE_LOOP ( 'NONE', ( #3187, #2548, #4797, #4116 ) ) ;
#3752 = CARTESIAN_POINT ( 'NONE',  ( 49.56354134330946692, 33.07702796317856553, 25.44549488653732539 ) ) ;
#3753 = CARTESIAN_POINT ( 'NONE',  ( 49.23165480826241236, 14.79076031983395900, 34.31153967666766391 ) ) ;
#3754 = CARTESIAN_POINT ( 'NONE',  ( 18.78690384720151840, 61.18103312873111577, -31.18915572550416471 ) ) ;
#3755 = CARTESIAN_POINT ( 'NONE',  ( 24.68797426277902218, 67.80672970147256251, 31.45144305973023791 ) ) ;
#3756 = VERTEX_POINT ( 'NONE', #2639 ) ;
#3757 = CARTESIAN_POINT ( 'NONE',  ( 18.78690384720153972, -49.05320936268780230, -19.15313600531651872 ) ) ;
#3758 = B_SPLINE_CURVE_WITH_KNOTS ( 'NONE', 3,
 ( #5671, #306, #939, #2417, #2517, #1905, #6737, #1501, #6114, #1396, #4803, #1569, #3249 ),
 .UNSPECIFIED., .F., .F.,
 ( 4, 3, 3, 3, 4 ),
 ( 2.602085213965210642E-18, 0.0004520762650173946800, 0.0009041524520694473868, 0.001356228616379091985, 0.002069674869633364098 ),
 .UNSPECIFIED. ) ;
#3759 = CARTESIAN_POINT ( 'NONE',  ( 54.54334256235661371, 8.812244897959189416, -6.153557722908013615E-14 ) ) ;
#3760 = CARTESIAN_POINT ( 'NONE',  ( 18.77401912713006382, -18.14722534407984256, -54.68149563579272154 ) ) ;
#3761 = CARTESIAN_POINT ( 'NONE',  ( 49.23084801259435750, 2.683009480205505337, -34.28445895364405516 ) ) ;
#3762 = CARTESIAN_POINT ( 'NONE',  ( 23.24077445196133240, 13.64009996968545124, 65.22904560471708635 ) ) ;
#3763 = VERTEX_POINT ( 'NONE', #4171 ) ;
#3764 = CARTESIAN_POINT ( 'NONE',  ( 89.82615535696581333, 8.821011380044218697, -0.003594165173255254187 ) ) ;
#3765 = ORIENTED_EDGE ( 'NONE', *, *, #6045, .T. ) ;
#3766 = CARTESIAN_POINT ( 'NONE',  ( 18.79148157003700703, -1.053790654468277133, 60.15390317129978826 ) ) ;
#3767 = ADVANCED_FACE ( 'NONE', ( #2605 ), #6043, .F. ) ;
#3768 = CARTESIAN_POINT ( 'NONE',  ( 49.23244927482063105, 41.97119640662776874, -10.65769131237718526 ) ) ;
#3769 = AXIS2_PLACEMENT_3D ( 'NONE', #5843, #3630, #4770 ) ;
#3770 = CARTESIAN_POINT ( 'NONE',  ( 28.07725316172377816, 10.33919420233245567, -70.22604214938377254 ) ) ;
#3771 = CARTESIAN_POINT ( 'NONE',  ( 19.01941379036734503, -14.01781513485405029, 56.83710765094416217 ) ) ;
#3772 = EDGE_CURVE ( 'NONE', #2387, #2633, #3144, .T. ) ;
#3773 =( BOUNDED_SURFACE ( )  B_SPLINE_SURFACE ( 3, 1, ( 
 ( #3856, #5411 ),
 ( #679, #2785 ),
 ( #4887, #1241 ),
 ( #3336, #3732 ) ),
 .UNSPECIFIED., .F., .F., .T. ) 
 B_SPLINE_SURFACE_WITH_KNOTS ( ( 4, 4 ),
 ( 2, 2 ),
 ( 0.000000000000000000, 1.000000000000000000 ),
 ( 0.000000000000000000, 1.000000000000000000 ),
 .UNSPECIFIED. ) 
 GEOMETRIC_REPRESENTATION_ITEM ( )  RATIONAL_B_SPLINE_SURFACE ( (
 ( 1.000000000000000000, 1.000000000000000000),
 ( 0.9611591142731221726, 0.9996856433685865628),
 ( 0.9611591142731221726, 0.9996856433685865628),
 ( 1.000000000000000000, 1.000000000000000000) ) ) 
 REPRESENTATION_ITEM ( '' )  SURFACE ( )  );
#3774 = CARTESIAN_POINT ( 'NONE',  ( 19.46190759237070012, -49.41972745439068859, 20.17327194350940189 ) ) ;
#3775 = ORIENTED_EDGE ( 'NONE', *, *, #5571, .F. ) ;
#3776 = VECTOR ( 'NONE', #123, 1000.000000000000000 ) ;
#3777 = CARTESIAN_POINT ( 'NONE',  ( 28.65641647731176178, 28.32408679658984951, 68.74470131117615779 ) ) ;
#3778 = B_SPLINE_CURVE_WITH_KNOTS ( 'NONE', 3,
 ( #825, #3069, #2510, #336, #4071, #4553, #6178, #5029, #6694, #5165 ),
 .UNSPECIFIED., .F., .F.,
 ( 4, 2, 2, 2, 4 ),
 ( 4.099823604698085054E-16, 0.003307310133422082781, 0.006614620266843756168, 0.009921930400265427386, 0.01322924053368710121 ),
 .UNSPECIFIED. ) ;
#3779 = AXIS2_PLACEMENT_3D ( 'NONE', #6073, #2411, #1390 ) ;
#3780 = ORIENTED_EDGE ( 'NONE', *, *, #4789, .F. ) ;
#3781 = CARTESIAN_POINT ( 'NONE',  ( 22.50029827766105583, 73.34844332548971124, 4.100779909962435354 ) ) ;
#3782 = EDGE_CURVE ( 'NONE', #4791, #2000, #6596, .T. ) ;
#3783 = CARTESIAN_POINT ( 'NONE',  ( 49.61704819046447312, 42.08496549054259361, -11.53014920622932316 ) ) ;
#3784 = FACE_OUTER_BOUND ( 'NONE', #4540, .T. ) ;
#3785 = FACE_OUTER_BOUND ( 'NONE', #1741, .T. ) ;
#3786 =( GEOMETRIC_REPRESENTATION_CONTEXT ( 3 ) GLOBAL_UNCERTAINTY_ASSIGNED_CONTEXT ( ( #4267 ) ) GLOBAL_UNIT_ASSIGNED_CONTEXT ( ( #4173, #1554, #4208 ) ) REPRESENTATION_CONTEXT ( 'NONE', 'WORKASPACE' ) );
#3787 = CARTESIAN_POINT ( 'NONE',  ( 54.54334256235712530, -30.78611836760138232, -6.572996776293873467 ) ) ;
#3788 = VERTEX_POINT ( 'NONE', #5301 ) ;
#3789 = CARTESIAN_POINT ( 'NONE',  ( 89.83068436596585116, 8.812444889248881807, -0.01462378002620103729 ) ) ;
#3790 = ORIENTED_EDGE ( 'NONE', *, *, #1703, .T. ) ;
#3791 = CARTESIAN_POINT ( 'NONE',  ( 18.78844479849039928, -29.72059773692345530, 47.22911935442994746 ) ) ;
#3792 = CARTESIAN_POINT ( 'NONE',  ( 89.83648776693894433, 8.802205185933287268, -0.01118083256028208280 ) ) ;
#3793 = CARTESIAN_POINT ( 'NONE',  ( 52.60448476329267464, 36.09699940044060185, 26.73835000038261711 ) ) ;
#3794 = CARTESIAN_POINT ( 'NONE',  ( 18.78844479849039928, -50.15599450341726850, 15.43102130196104049 ) ) ;
#3795 = DIRECTION ( 'NONE',  ( -1.000000000000000000, -0.000000000000000000, -0.000000000000000000 ) ) ;
#3796 = CARTESIAN_POINT ( 'NONE',  ( 50.49366072217503643, 11.99944670830907789, 35.94989036713612762 ) ) ;
#3797 = CARTESIAN_POINT ( 'NONE',  ( 22.90123142467806971, -36.72802981046002202, -46.63460282581680616 ) ) ;
#3798 = CARTESIAN_POINT ( 'NONE',  ( 53.00898906108298547, 27.89131013806439441, 33.56320944607702472 ) ) ;
#3799 = CARTESIAN_POINT ( 'NONE',  ( 49.23165480826241236, -13.20359161104926038, -26.98754054080793452 ) ) ;
#3800 = CARTESIAN_POINT ( 'NONE',  ( 54.30008724204793680, -11.82309003489932486, -22.43098080596093880 ) ) ;
#3801 = ORIENTED_EDGE ( 'NONE', *, *, #5577, .F. ) ;
#3802 = CARTESIAN_POINT ( 'NONE',  ( 49.23395903331217482, -24.72713257938229958, -9.397753906228800247 ) ) ;
#3803 = CARTESIAN_POINT ( 'NONE',  ( 49.23395903331215351, 3.427981604707849517, -34.41245891880715391 ) ) ;
#3804 = CARTESIAN_POINT ( 'NONE',  ( 25.39469577495190222, -54.07969056539543118, -24.68286194843881631 ) ) ;
#3805 = CARTESIAN_POINT ( 'NONE',  ( 54.62576016552275604, -12.46988225070652589, 22.30145919511904395 ) ) ;
#3806 = VERTEX_POINT ( 'NONE', #4270 ) ;
#3807 = CARTESIAN_POINT ( 'NONE',  ( 26.06099036693303006, 12.45503477218431776, -68.40421107823469526 ) ) ;
#3808 = EDGE_CURVE ( 'NONE', #3413, #3928, #571, .T. ) ;
#3809 = VERTEX_POINT ( 'NONE', #2679 ) ;
#3810 = LINE ( 'NONE', #2226, #3984 ) ;
#3811 =( BOUNDED_SURFACE ( )  B_SPLINE_SURFACE ( 3, 1, ( 
 ( #270, #5027 ),
 ( #5057, #334 ),
 ( #2379, #1934 ),
 ( #2443, #6143 ) ),
 .UNSPECIFIED., .F., .F., .T. ) 
 B_SPLINE_SURFACE_WITH_KNOTS ( ( 4, 4 ),
 ( 2, 2 ),
 ( 0.000000000000000000, 1.000000000000000000 ),
 ( 0.000000000000000000, 1.000000000000000000 ),
 .UNSPECIFIED. ) 
 GEOMETRIC_REPRESENTATION_ITEM ( )  RATIONAL_B_SPLINE_SURFACE ( (
 ( 1.000000000000000000, 1.000000000000000000),
 ( 0.7724073758824714364, 0.9739345816297115821),
 ( 0.7724073758824714364, 0.9739345816297115821),
 ( 1.000000000000000000, 1.000000000000000000) ) ) 
 REPRESENTATION_ITEM ( '' )  SURFACE ( )  );
#3812 = CARTESIAN_POINT ( 'NONE',  ( 52.60397151635674362, 46.22092454622620039, -7.742638802011719612 ) ) ;
#3813 = CARTESIAN_POINT ( 'NONE',  ( 89.82729936416122030, 8.801885353399613976, -0.0007000302258235661500 ) ) ;
#3814 = EDGE_LOOP ( 'NONE', ( #3626, #2675, #4704, #438 ) ) ;
#3815 = CARTESIAN_POINT ( 'NONE',  ( 18.78844479849039928, 35.76624165099678265, 54.67039176333801720 ) ) ;
#3816 = EDGE_CURVE ( 'NONE', #1608, #3177, #604, .T. ) ;
#3817 = ORIENTED_EDGE ( 'NONE', *, *, #1198, .F. ) ;
#3818 = EDGE_CURVE ( 'NONE', #1311, #227, #2805, .T. ) ;
#3819 = CARTESIAN_POINT ( 'NONE',  ( 49.61704819046447312, 33.12242518473326669, 25.47613414108527508 ) ) ;
#3820 = CARTESIAN_POINT ( 'NONE',  ( 30.84680909296949025, -26.22538376432180129, -57.21691729511594815 ) ) ;
#3821 =( BOUNDED_SURFACE ( )  B_SPLINE_SURFACE ( 3, 1, ( 
 ( #780, #2884 ),
 ( #4985, #2496 ),
 ( #262, #2371 ),
 ( #6712, #1159 ) ),
 .UNSPECIFIED., .F., .F., .T. ) 
 B_SPLINE_SURFACE_WITH_KNOTS ( ( 4, 4 ),
 ( 2, 2 ),
 ( 0.000000000000000000, 1.000000000000000000 ),
 ( 0.000000000000000000, 1.000000000000000000 ),
 .UNSPECIFIED. ) 
 GEOMETRIC_REPRESENTATION_ITEM ( )  RATIONAL_B_SPLINE_SURFACE ( (
 ( 1.000000000000000000, 1.000000000000000000),
 ( 0.7724073758824714364, 0.9739345816297115821),
 ( 0.7724073758824714364, 0.9739345816297115821),
 ( 1.000000000000000000, 1.000000000000000000) ) ) 
 REPRESENTATION_ITEM ( '' )  SURFACE ( )  );
#3822 = CARTESIAN_POINT ( 'NONE',  ( 89.82615535696581333, 8.817050080193435946, 0.008165748902213497071 ) ) ;
#3823 = CARTESIAN_POINT ( 'NONE',  ( 18.79017952991916474, 49.85632756586578296, 45.06722936533164869 ) ) ;
#3824 = CARTESIAN_POINT ( 'NONE',  ( 49.23084801259432908, -14.87957396550118183, -25.52820736932648416 ) ) ;
#3825 = FACE_OUTER_BOUND ( 'NONE', #2135, .T. ) ;
#3826 = CARTESIAN_POINT ( 'NONE',  ( 89.84074713331158080, 8.801218184868949024, 0.001437379307431156618 ) ) ;
#3827 = CARTESIAN_POINT ( 'NONE',  ( 89.82615535696581333, 8.804846113339241498, 0.005918379641947186902 ) ) ;
#3828 = CARTESIAN_POINT ( 'NONE',  ( 50.05827993638286699, -7.623440660925455248, 31.64119788516171639 ) ) ;
#3829 = ORIENTED_EDGE ( 'NONE', *, *, #6251, .F. ) ;
#3830 = CARTESIAN_POINT ( 'NONE',  ( 89.83068436596585116, 8.820319353725802003, -0.01219418315605481397 ) ) ;
#3831 = CARTESIAN_POINT ( 'NONE',  ( 49.23351359036893626, 42.06288129302163981, -10.37058636702647618 ) ) ;
#3832 = CARTESIAN_POINT ( 'NONE',  ( 27.43416548070723593, 6.672769578325207007, 69.56948410359238721 ) ) ;
#3833 = CARTESIAN_POINT ( 'NONE',  ( 49.61704819046447312, -25.41221813969723442, -8.288812106334866314 ) ) ;
#3834 = ORIENTED_EDGE ( 'NONE', *, *, #2460, .T. ) ;
#3835 = CARTESIAN_POINT ( 'NONE',  ( 49.23165480826241236, 4.881910635620630323, -34.60602366957853349 ) ) ;
#3836 = VERTEX_POINT ( 'NONE', #6312 ) ;
#3837 = ORIENTED_EDGE ( 'NONE', *, *, #3648, .T. ) ;
#3838 = CARTESIAN_POINT ( 'NONE',  ( 18.78844479849039928, -50.15599450341726850, 15.43102130196104049 ) ) ;
#3839 = CARTESIAN_POINT ( 'NONE',  ( 19.42422096688429534, -29.28951467317630986, 48.47936870861991565 ) ) ;
#3840 = ADVANCED_FACE ( 'NONE', ( #5795 ), #3228, .F. ) ;
#3841 = CARTESIAN_POINT ( 'NONE',  ( 49.23290854358262436, 22.55265118979289696, 32.00577319140601418 ) ) ;
#3842 = EDGE_LOOP ( 'NONE', ( #5371, #3324, #3341, #6441 ) ) ;
#3843 = CARTESIAN_POINT ( 'NONE',  ( 89.82545070715441682, 8.805125650287150663, -0.005953887239031559024 ) ) ;
#3844 = ORIENTED_EDGE ( 'NONE', *, *, #3607, .T. ) ;
#3845 = CARTESIAN_POINT ( 'NONE',  ( 19.01941379036734503, -41.12208410161122885, 35.47155528856232820 ) ) ;
#3846 = EDGE_CURVE ( 'NONE', #6732, #889, #6, .T. ) ;
#3847 = CARTESIAN_POINT ( 'NONE',  ( 19.04016012521987733, 2.736153201695874948, -60.90328759181536356 ) ) ;
#3848 = CARTESIAN_POINT ( 'NONE',  ( 89.82729936416122030, 8.815911638406026540, -0.009714176254086968193 ) ) ;
#3849 = EDGE_CURVE ( 'NONE', #3143, #167, #3310, .T. ) ;
#3850 = B_SPLINE_CURVE_WITH_KNOTS ( 'NONE', 3,
 ( #1706, #1209, #2792, #3804, #1280, #2852, #6457, #2730, #5911, #137 ),
 .UNSPECIFIED., .F., .F.,
 ( 4, 2, 2, 2, 4 ),
 ( 0.000000000000000000, 0.003307264529468868786, 0.006614529058937737571, 0.009921793588406606357, 0.01322905811787547514 ),
 .UNSPECIFIED. ) ;
#3851 = CARTESIAN_POINT ( 'NONE',  ( 18.79364884033507721, 48.50463957901177992, 46.26671325010795499 ) ) ;
#3852 =( BOUNDED_SURFACE ( )  B_SPLINE_SURFACE ( 3, 1, ( 
 ( #3944, #2420 ),
 ( #5526, #5001 ),
 ( #280, #1874 ),
 ( #310, #5143 ) ),
 .UNSPECIFIED., .F., .F., .T. ) 
 B_SPLINE_SURFACE_WITH_KNOTS ( ( 4, 4 ),
 ( 2, 2 ),
 ( 0.000000000000000000, 1.000000000000000000 ),
 ( 0.000000000000000000, 1.000000000000000000 ),
 .UNSPECIFIED. ) 
 GEOMETRIC_REPRESENTATION_ITEM ( )  RATIONAL_B_SPLINE_SURFACE ( (
 ( 1.000000000000000000, 1.000000000000000000),
 ( 0.7724073758824716585, 0.9739345816297118041),
 ( 0.7724073758824716585, 0.9739345816297118041),
 ( 1.000000000000000000, 1.000000000000000000) ) ) 
 REPRESENTATION_ITEM ( '' )  SURFACE ( )  );
#3853 = EDGE_CURVE ( 'NONE', #701, #531, #2725, .T. ) ;
#3854 = CARTESIAN_POINT ( 'NONE',  ( 49.23165480826241236, 41.92371111849477217, 10.80070397517991587 ) ) ;
#3855 = CARTESIAN_POINT ( 'NONE',  ( 19.01941379036734503, 46.73039074861312514, -48.10283424576373790 ) ) ;
#3856 = CARTESIAN_POINT ( 'NONE',  ( 89.82615535696581333, 8.805333802051730885, -0.006481202419151760319 ) ) ;
#3857 = DIRECTION ( 'NONE',  ( 0.7522347214610783928, -0.6226207347403888148, -0.2156069212704268823 ) ) ;
#3858 = VERTEX_POINT ( 'NONE', #1785 ) ;
#3859 = LINE ( 'NONE', #5476, #2869 ) ;
#3860 = VERTEX_POINT ( 'NONE', #2267 ) ;
#3861 = CARTESIAN_POINT ( 'NONE',  ( 89.82729936416122030, 8.815911638406031869, 0.009714176253966177663 ) ) ;
#3862 = CARTESIAN_POINT ( 'NONE',  ( 28.07725316172354724, -60.48168985663150465, 11.50561499319524472 ) ) ;
#3863 = CARTESIAN_POINT ( 'NONE',  ( 19.46190759237069301, -49.41972745439042569, -20.17327194351031139 ) ) ;
#3864 = CARTESIAN_POINT ( 'NONE',  ( 54.62576016552275604, 39.60339259664143441, 1.479608597390586811 ) ) ;
#3865 = VERTEX_POINT ( 'NONE', #1754 ) ;
#3866 = CARTESIAN_POINT ( 'NONE',  ( 18.78690384720154682, 50.27272865381859646, -44.67976837853239402 ) ) ;
#3867 = ORIENTED_EDGE ( 'NONE', *, *, #2214, .F. ) ;
#3868 = VECTOR ( 'NONE', #398, 1000.000000000000114 ) ;
#3869 = CARTESIAN_POINT ( 'NONE',  ( 28.07725316172350105, 78.54079473915638232, 8.482800668928982546 ) ) ;
#3870 = CARTESIAN_POINT ( 'NONE',  ( 20.23383572758633520, 52.00688019284578445, -45.03237230792001355 ) ) ;
#3871 = CIRCLE ( 'NONE', #3432, 70.24264068317124554 ) ;
#3872 = CARTESIAN_POINT ( 'NONE',  ( 19.36839877834437829, -29.22727132066595246, -48.36736994286761870 ) ) ;
#3873 = EDGE_LOOP ( 'NONE', ( #2414, #4730, #4663, #3080 ) ) ;
#3874 = CONICAL_SURFACE ( 'NONE', #23, 40.14018759214401655, 0.8495922745902004802 ) ;
#3875 = B_SPLINE_CURVE_WITH_KNOTS ( 'NONE', 3,
 ( #867, #3521, #6661, #2970, #2449, #1975, #4042, #5626, #5699, #904, #3004, #5099, #6182 ),
 .UNSPECIFIED., .F., .F.,
 ( 4, 3, 3, 3, 4 ),
 ( 1.551583845779545699E-17, 0.0009041618729686892036, 0.001808323717130792384, 0.002711696379629076857, 0.003615359634610202776 ),
 .UNSPECIFIED. ) ;
#3876 = DIRECTION ( 'NONE',  ( 0.000000000000000000, 0.000000000000000000, 1.000000000000000000 ) ) ;
#3877 = ORIENTED_EDGE ( 'NONE', *, *, #2176, .F. ) ;
#3878 = CARTESIAN_POINT ( 'NONE',  ( 49.23165480826241236, -4.708526741256377157, -32.09693343472746108 ) ) ;
#3879 = AXIS2_PLACEMENT_3D ( 'NONE', #2, #3220, #4328 ) ;
#3880 = CARTESIAN_POINT ( 'NONE',  ( 19.10106442482188882, 2.830104706522694080, 60.97403596117222691 ) ) ;
#3881 = CARTESIAN_POINT ( 'NONE',  ( 19.42422096688430244, 37.08258684227071456, 54.79763716762459325 ) ) ;
#3882 = VERTEX_POINT ( 'NONE', #2808 ) ;
#3883 =( BOUNDED_SURFACE ( )  B_SPLINE_SURFACE ( 3, 1, ( 
 ( #6665, #4012 ),
 ( #1466, #5105 ),
 ( #1872, #416 ),
 ( #6117, #5036 ) ),
 .UNSPECIFIED., .F., .F., .T. ) 
 B_SPLINE_SURFACE_WITH_KNOTS ( ( 4, 4 ),
 ( 2, 2 ),
 ( 0.000000000000000000, 1.000000000000000000 ),
 ( 0.000000000000000000, 1.000000000000000000 ),
 .UNSPECIFIED. ) 
 GEOMETRIC_REPRESENTATION_ITEM ( )  RATIONAL_B_SPLINE_SURFACE ( (
 ( 1.000000000000000000, 1.000000000000000000),
 ( 0.9936547718337396251, 0.8399137562987545325),
 ( 0.9936547718337396251, 0.8399137562987545325),
 ( 1.000000000000000000, 1.000000000000000000) ) ) 
 REPRESENTATION_ITEM ( '' )  SURFACE ( )  );
#3884 = EDGE_CURVE ( 'NONE', #4154, #1089, #3363, .T. ) ;
#3885 = CARTESIAN_POINT ( 'NONE',  ( 19.36839877834437118, -49.33800693223745526, -20.12350569413708001 ) ) ;
#3886 = CARTESIAN_POINT ( 'NONE',  ( 18.79017952991916474, -32.23183776994711991, -45.06722936533203239 ) ) ;
#3887 = CARTESIAN_POINT ( 'NONE',  ( 18.76137069372868282, -14.32366577964931409, -56.41375177985960221 ) ) ;
#3888 = CARTESIAN_POINT ( 'NONE',  ( 42.33298211887889551, 7.638798403991398089, -54.01547141619408876 ) ) ;
#3889 = CARTESIAN_POINT ( 'NONE',  ( 28.07725316172366092, -9.507620385029170507, -67.81158533877757577 ) ) ;
#3890 = CARTESIAN_POINT ( 'NONE',  ( 49.41824768824506009, 39.08779431245838509, 17.59116824460665640 ) ) ;
#3891 = CARTESIAN_POINT ( 'NONE',  ( 19.27981613022929608, 66.89276139672954002, 20.05419756430047329 ) ) ;
#3892 = CARTESIAN_POINT ( 'NONE',  ( 53.00898906108304942, -21.69410538605760408, 23.66141058995203750 ) ) ;
#3893 = EDGE_CURVE ( 'NONE', #769, #6835, #581, .T. ) ;
#3894 = ORIENTED_EDGE ( 'NONE', *, *, #947, .F. ) ;
#3895 = EDGE_CURVE ( 'NONE', #4292, #5908, #6508, .T. ) ;
#3896 = DIRECTION ( 'NONE',  ( 0.7588727602565362718, -0.2528953403045370307, -0.6001300530658982835 ) ) ;
#3897 = CARTESIAN_POINT ( 'NONE',  ( 49.23165480826241236, 43.62537402925171648, -1.034621535195273889 ) ) ;
#3898 = CARTESIAN_POINT ( 'NONE',  ( 19.36839877834437118, -33.64922736023065397, 44.53572322309609177 ) ) ;
#3899 = CARTESIAN_POINT ( 'NONE',  ( 19.36839877834438539, 14.66374787997768259, 61.25493598224289116 ) ) ;
#3900 = CARTESIAN_POINT ( 'NONE',  ( 54.54334256235713241, 44.95476903000359670, -17.46289235198611678 ) ) ;
#3901 = ORIENTED_EDGE ( 'NONE', *, *, #731, .T. ) ;
#3902 = CARTESIAN_POINT ( 'NONE',  ( 49.23165480826241236, 30.82808140696781152, 26.98754054080766807 ) ) ;
#3903 = VERTEX_POINT ( 'NONE', #1228 ) ;
#3904 = PRODUCT_DEFINITION_SHAPE ( 'NONE', 'NONE',  #3696 ) ;
#3905 = CARTESIAN_POINT ( 'NONE',  ( 26.76916540935820166, 62.63388891492971311, 43.07525493864988420 ) ) ;
#3906 = CARTESIAN_POINT ( 'NONE',  ( 19.46190759237070012, 59.00194572525040115, -35.76195514535852737 ) ) ;
#3907 = CARTESIAN_POINT ( 'NONE',  ( 48.49086870021274365, -17.46370245661336895, 38.99814139771280708 ) ) ;
#3908 = ORIENTED_EDGE ( 'NONE', *, *, #6218, .T. ) ;
#3909 = CARTESIAN_POINT ( 'NONE',  ( 18.79018048702202393, 1.630698355233074937, -60.53178909297128030 ) ) ;
#3910 = VERTEX_POINT ( 'NONE', #209 ) ;
#3911 = CARTESIAN_POINT ( 'NONE',  ( 18.80019331273212302, 59.77388375038320589, 33.46754729418601926 ) ) ;
#3912 = CARTESIAN_POINT ( 'NONE',  ( 22.50029827766107005, -55.72395352957129688, -4.100779909962984249 ) ) ;
#3913 = CARTESIAN_POINT ( 'NONE',  ( 28.07725316172350460, 27.13211018094754223, 67.81158533877714945 ) ) ;
#3914 = CARTESIAN_POINT ( 'NONE',  ( 89.82545070715441682, 8.803083134456937131, 0.001481401430663594225 ) ) ;
#3915 = ORIENTED_EDGE ( 'NONE', *, *, #267, .T. ) ;
#3916 = CARTESIAN_POINT ( 'NONE',  ( 17.53340716131418375, 40.61224489795919368, 7.999999999999939604 ) ) ;
#3917 = CARTESIAN_POINT ( 'NONE',  ( 18.77401912713006027, -43.43055318664332987, 31.42561135427673236 ) ) ;
#3918 = CARTESIAN_POINT ( 'NONE',  ( 19.42422096688429534, 51.37571778330917027, 44.61327211425997774 ) ) ;
#3919 = CARTESIAN_POINT ( 'NONE',  ( 89.83068436596586537, 8.807933012784493698, -0.01397507012544025110 ) ) ;
#3920 = B_SPLINE_CURVE_WITH_KNOTS ( 'NONE', 3,
 ( #6204, #886, #2991, #3062, #437, #506, #3544, #6684 ),
 .UNSPECIFIED., .F., .F.,
 ( 4, 2, 2, 4 ),
 ( 0.000000000000000000, 0.0002264431842541119681, 0.0004528863685082239361, 0.0009057727370164624005 ),
 .UNSPECIFIED. ) ;
#3921 = EDGE_CURVE ( 'NONE', #1188, #2923, #4938, .T. ) ;
#3922 = CARTESIAN_POINT ( 'NONE',  ( 89.84074713331158080, 8.809252884210390988, 0.01070991664644809632 ) ) ;
#3923 =( BOUNDED_SURFACE ( )  B_SPLINE_SURFACE ( 3, 1, ( 
 ( #1853, #3918 ),
 ( #4379, #2271 ),
 ( #6478, #3955 ),
 ( #4504, #1237 ) ),
 .UNSPECIFIED., .F., .F., .T. ) 
 B_SPLINE_SURFACE_WITH_KNOTS ( ( 4, 4 ),
 ( 2, 2 ),
 ( 0.000000000000000000, 1.000000000000000000 ),
 ( 0.000000000000000000, 1.000000000000000000 ),
 .UNSPECIFIED. ) 
 GEOMETRIC_REPRESENTATION_ITEM ( )  RATIONAL_B_SPLINE_SURFACE ( (
 ( 1.000000000000000000, 1.000000000000000000),
 ( 0.9936547718337396251, 0.8399137562987545325),
 ( 0.9936547718337396251, 0.8399137562987545325),
 ( 1.000000000000000000, 1.000000000000000000) ) ) 
 REPRESENTATION_ITEM ( '' )  SURFACE ( )  );
#3924 = CARTESIAN_POINT ( 'NONE',  ( 49.23165480826241236, -13.20359161104961387, 26.98754054080752240 ) ) ;
#3925 = CARTESIAN_POINT ( 'NONE',  ( 20.99547524081242145, -35.07763268307050453, 45.42091604739862021 ) ) ;
#3926 = ORIENTED_EDGE ( 'NONE', *, *, #2250, .T. ) ;
#3927 = FACE_OUTER_BOUND ( 'NONE', #4389, .T. ) ;
#3928 = VERTEX_POINT ( 'NONE', #2908 ) ;
#3929 = CARTESIAN_POINT ( 'NONE',  ( 89.83068436596585116, 8.797798428656015801, -0.002279136556151562919 ) ) ;
#3930 = EDGE_CURVE ( 'NONE', #4041, #3073, #4, .T. ) ;
#3931 = CARTESIAN_POINT ( 'NONE',  ( 18.79234720619588828, -17.33001798328003673, -55.06748148050470348 ) ) ;
#3932 = CARTESIAN_POINT ( 'NONE',  ( 36.38592095397834214, -47.02212803346814951, 24.04655917103953300 ) ) ;
#3933 = CARTESIAN_POINT ( 'NONE',  ( 18.78690384720153617, -14.60659456567821657, -56.27442912909526029 ) ) ;
#3934 = CARTESIAN_POINT ( 'NONE',  ( 30.84680909296960394, -11.48464877220322045, 63.94878540186800819 ) ) ;
#3935 = ADVANCED_FACE ( 'NONE', ( #4882 ), #6753, .F. ) ;
#3936 = ORIENTED_EDGE ( 'NONE', *, *, #2043, .F. ) ;
#3937 = CARTESIAN_POINT ( 'NONE',  ( 49.30502353826712891, 30.59248744159796729, 27.27205233887899283 ) ) ;
#3938 = VERTEX_POINT ( 'NONE', #1918 ) ;
#3939 = CARTESIAN_POINT ( 'NONE',  ( 19.01941379036735214, 66.71737468179034636, 19.96658187934394846 ) ) ;
#3940 = CARTESIAN_POINT ( 'NONE',  ( 49.61704819046445891, 43.98560493621549483, 1.689088502485114329 ) ) ;
#3941 = EDGE_CURVE ( 'NONE', #516, #4740, #6156, .T. ) ;
#3942 = CARTESIAN_POINT ( 'NONE',  ( 19.27981613022930674, -29.20607703071121009, -48.27136246720117896 ) ) ;
#3943 = ORIENTED_EDGE ( 'NONE', *, *, #6437, .T. ) ;
#3944 = CARTESIAN_POINT ( 'NONE',  ( 89.84074713331158080, 8.815236911707986067, 0.01070991664644459912 ) ) ;
#3945 = ORIENTED_EDGE ( 'NONE', *, *, #6254, .T. ) ;
#3946 = CARTESIAN_POINT ( 'NONE',  ( 89.82545070715441682, 8.805338438126439016, -0.006199457496388769730 ) ) ;
#3947 = CARTESIAN_POINT ( 'NONE',  ( 49.23411246815348363, 23.57328593855964627, -31.54849074496143047 ) ) ;
#3948 = CARTESIAN_POINT ( 'NONE',  ( 49.51003444762827854, 41.99150718089702394, 11.47301566252209248 ) ) ;
#3949 = CARTESIAN_POINT ( 'NONE',  ( 18.78690642288627544, 2.195927123925726754, 60.59272092920348740 ) ) ;
#3950 = CARTESIAN_POINT ( 'NONE',  ( 22.90123142467806971, 65.64630438856357841, 31.91539570580945195 ) ) ;
#3951 = B_SPLINE_CURVE_WITH_KNOTS ( 'NONE', 3,
 ( #6207, #5235, #508, #2643, #1034, #2073 ),
 .UNSPECIFIED., .F., .F.,
 ( 4, 2, 4 ),
 ( 1.405018929764619482E-16, 0.0007986073165776888744, 0.001597214633155237236 ),
 .UNSPECIFIED. ) ;
#3952 = CARTESIAN_POINT ( 'NONE',  ( 51.35395742193605173, 43.53353427240407569, 12.64207788527349408 ) ) ;
#3953 = B_SPLINE_CURVE_WITH_KNOTS ( 'NONE', 3,
 ( #5685, #5722, #5648, #434, #4610, #2988, #5048 ),
 .UNSPECIFIED., .F., .F.,
 ( 4, 3, 4 ),
 ( 0.000000000000000000, 0.007697376234836494566, 0.04008255950779806426 ),
 .UNSPECIFIED. ) ;
#3954 = CARTESIAN_POINT ( 'NONE',  ( 54.30008724204793680, -16.32713521988508276, -17.23303557122698138 ) ) ;
#3955 = CARTESIAN_POINT ( 'NONE',  ( 18.76137069372868282, 50.51699385995763691, 44.48028402313286733 ) ) ;
#3956 = CARTESIAN_POINT ( 'NONE',  ( 89.83068436596586537, 8.819982866967826851, -0.01241043006474516763 ) ) ;
#3957 = CARTESIAN_POINT ( 'NONE',  ( 19.42422096688429534, -52.77736360590408538, 2.951846395696858583 ) ) ;
#3958 = FACE_OUTER_BOUND ( 'NONE', #2993, .T. ) ;
#3959 = FACE_OUTER_BOUND ( 'NONE', #4625, .T. ) ;
#3960 = B_SPLINE_CURVE_WITH_KNOTS ( 'NONE', 3,
 ( #1173, #226, #2338, #4450, #4352, #5387, #650 ),
 .UNSPECIFIED., .F., .F.,
 ( 4, 3, 4 ),
 ( 0.000000000000000000, 0.007697376234836544005, 0.04008255950779805038 ),
 .UNSPECIFIED. ) ;
#3961 = EDGE_LOOP ( 'NONE', ( #4596, #3998, #6171, #3837 ) ) ;
#3962 = CARTESIAN_POINT ( 'NONE',  ( 18.77401912713006027, 47.35291420099417792, -47.23871093047208802 ) ) ;
#3963 = CARTESIAN_POINT ( 'NONE',  ( 49.61704819046447312, 33.12242518473326669, 25.47613414108527508 ) ) ;
#3964 = CARTESIAN_POINT ( 'NONE',  ( 25.39554384420648248, -6.669698880364706817, -65.76521290929615304 ) ) ;
#3965 = CARTESIAN_POINT ( 'NONE',  ( 49.23165480826241236, -6.590776444249142330, -31.23733879773717703 ) ) ;
#3966 = CARTESIAN_POINT ( 'NONE',  ( 28.07725316172349750, 8.812244897959189416, -70.24264068317130238 ) ) ;
#3967 = DIRECTION ( 'NONE',  ( 0.7588727602565363828, -0.5580308349862638240, 0.3357286418302116715 ) ) ;
#3968 = ORIENTED_EDGE ( 'NONE', *, *, #5338, .F. ) ;
#3969 = CARTESIAN_POINT ( 'NONE',  ( 49.27737675194772748, 30.62749049748952856, 27.20866718946168206 ) ) ;
#3970 = ORIENTED_EDGE ( 'NONE', *, *, #2922, .F. ) ;
#3971 = EDGE_CURVE ( 'NONE', #6775, #5324, #2644, .T. ) ;
#3972 = CARTESIAN_POINT ( 'NONE',  ( 49.61704819046446602, 37.48876810294693485, 20.43710579372309155 ) ) ;
#3973 = CARTESIAN_POINT ( 'NONE',  ( 49.23165480826241236, -19.91506434010375415, 19.69177761335523869 ) ) ;
#3974 = CARTESIAN_POINT ( 'NONE',  ( 54.30008724204793680, -4.667676403376293415, 27.33601414651438688 ) ) ;
#3975 = B_SPLINE_CURVE_WITH_KNOTS ( 'NONE', 3,
 ( #6417, #1759, #1236, #1694, #5440, #707, #423 ),
 .UNSPECIFIED., .F., .F.,
 ( 4, 3, 4 ),
 ( 0.000000000000000000, 0.007697376234836540536, 0.04008255950779807120 ),
 .UNSPECIFIED. ) ;
#3976 = CARTESIAN_POINT ( 'NONE',  ( 18.78690642288626833, -50.22212930569776290, -15.17221647861442513 ) ) ;
#3977 = ADVANCED_FACE ( 'NONE', ( #3016 ), #4155, .F. ) ;
#3978 = ORIENTED_EDGE ( 'NONE', *, *, #4443, .T. ) ;
#3979 = CARTESIAN_POINT ( 'NONE',  ( 18.79234720619590249, -0.7567702946522387730, -60.20198811834304564 ) ) ;
#3980 = ORIENTED_EDGE ( 'NONE', *, *, #4611, .F. ) ;
#3981 = EDGE_CURVE ( 'NONE', #6191, #4464, #1985, .T. ) ;
#3982 = CARTESIAN_POINT ( 'NONE',  ( 20.99620941596850443, 21.17873359792636379, 61.93983957368327253 ) ) ;
#3983 = CARTESIAN_POINT ( 'NONE',  ( 54.30008724204793680, -10.45370651251530880, -23.61755838264986451 ) ) ;
#3984 = VECTOR ( 'NONE', #79, 1000.000000000000114 ) ;
#3985 = CARTESIAN_POINT ( 'NONE',  ( 20.23383842789537823, 47.23901625913696023, -49.16375345601165492 ) ) ;
#3986 = VECTOR ( 'NONE', #4393, 1000.000000000000114 ) ;
#3987 = CARTESIAN_POINT ( 'NONE',  ( 18.78844479849039928, 59.09021721261462545, 34.46005189268237245 ) ) ;
#3988 = CARTESIAN_POINT ( 'NONE',  ( 89.83068436596585116, 8.823427779932144333, -0.009425395988974974437 ) ) ;
#3989 = CARTESIAN_POINT ( 'NONE',  ( 89.82729936416122030, 8.805989886550721124, -0.008287643698891379584 ) ) ;
#3990 = CIRCLE ( 'NONE', #6522, 70.24264068317124554 ) ;
#3991 = CARTESIAN_POINT ( 'NONE',  ( 26.76916540935819810, -8.012066253196980625, 66.85199703081620726 ) ) ;
#3992 = CARTESIAN_POINT ( 'NONE',  ( 49.23433077323409890, 42.26909363655716589, 9.687625145895296441 ) ) ;
#3993 = CARTESIAN_POINT ( 'NONE',  ( 54.30008724204793680, 33.95162501580381331, -17.23303557122646268 ) ) ;
#3994 = CARTESIAN_POINT ( 'NONE',  ( 51.35395742193606594, -13.56233913051446827, -29.40693895382579370 ) ) ;
#3995 = CARTESIAN_POINT ( 'NONE',  ( 19.46190759237070012, -19.44296595228044922, -54.76829890329015171 ) ) ;
#3996 = CARTESIAN_POINT ( 'NONE',  ( 18.79017952991918250, 32.75651053550720349, -56.05661448746177911 ) ) ;
#3997 = LINE ( 'NONE', #3442, #4646 ) ;
#3998 = ORIENTED_EDGE ( 'NONE', *, *, #3637, .T. ) ;
#3999 = CARTESIAN_POINT ( 'NONE',  ( 49.23372534307178228, -20.78832248217727852, 18.35842026916499847 ) ) ;
#4000 = DIRECTION ( 'NONE',  ( -1.000000000000000000, -0.000000000000000000, -0.000000000000000000 ) ) ;
#4001 = CARTESIAN_POINT ( 'NONE',  ( 24.68797426277923179, -6.051512013974778448, -65.18137186523763660 ) ) ;
#4002 = CARTESIAN_POINT ( 'NONE',  ( 49.46084658743964013, 42.85615363299043423, -30.81802818907879526 ) ) ;
#4003 = CARTESIAN_POINT ( 'NONE',  ( 28.07725316172350105, 30.06230443817009501, 66.95120267540075076 ) ) ;
#4004 = FACE_OUTER_BOUND ( 'NONE', #426, .T. ) ;
#4005 = ORIENTED_EDGE ( 'NONE', *, *, #1717, .F. ) ;
#4006 = CARTESIAN_POINT ( 'NONE',  ( 49.61704819046447312, -4.262847974807252527, 32.69648639714306171 ) ) ;
#4007 = ORIENTED_EDGE ( 'NONE', *, *, #2218, .T. ) ;
#4008 = CARTESIAN_POINT ( 'NONE',  ( 18.85592173195389520, 66.65919684098697928, -19.42604598280068018 ) ) ;
#4009 = CARTESIAN_POINT ( 'NONE',  ( 18.79364760530904377, 67.21698983751717549, -17.46368832672738236 ) ) ;
#4010 = B_SPLINE_CURVE_WITH_KNOTS ( 'NONE', 3,
 ( #6395, #1670, #5879, #1147, #3251, #620, #1950, #4051, #6195, #1332 ),
 .UNSPECIFIED., .F., .F.,
 ( 4, 2, 2, 2, 4 ),
 ( 4.004469278125907090E-16, 0.003307310133422078878, 0.006614620266843757902, 0.009921930400265436059, 0.01322924053368711508 ),
 .UNSPECIFIED. ) ;
#4011 = CARTESIAN_POINT ( 'NONE',  ( 19.10106442482187816, 20.25079446938137195, 60.18952272917973545 ) ) ;
#4012 = CARTESIAN_POINT ( 'NONE',  ( 19.42422096688429534, 14.65555921590191524, -61.38280663658732550 ) ) ;
#4013 = EDGE_CURVE ( 'NONE', #4764, #1311, #4615, .T. ) ;
#4014 = ORIENTED_EDGE ( 'NONE', *, *, #3509, .T. ) ;
#4015 = CARTESIAN_POINT ( 'NONE',  ( 54.54334256235661371, 8.812244897959189416, -6.153557722908013615E-14 ) ) ;
#4016 = ORIENTED_EDGE ( 'NONE', *, *, #5927, .T. ) ;
#4017 = CARTESIAN_POINT ( 'NONE',  ( 20.23383842789535692, 20.80354694926965209, 61.23642777172713636 ) ) ;
#4018 = EDGE_CURVE ( 'NONE', #5733, #1091, #4293, .T. ) ;
#4019 = CARTESIAN_POINT ( 'NONE',  ( 49.23411246815348363, -5.364087384420590965, -31.81551828757100253 ) ) ;
#4020 = DIRECTION ( 'NONE',  ( 0.000000000000000000, 0.000000000000000000, -1.000000000000000000 ) ) ;
#4021 = CARTESIAN_POINT ( 'NONE',  ( 18.77401912713006027, -52.12716176731685636, -1.807682489462322906 ) ) ;
#4022 = EDGE_CURVE ( 'NONE', #6297, #713, #4133, .T. ) ;
#4023 = ORIENTED_EDGE ( 'NONE', *, *, #1782, .T. ) ;
#4024 = EDGE_CURVE ( 'NONE', #6297, #1664, #842, .T. ) ;
#4025 = VERTEX_POINT ( 'NONE', #2493 ) ;
#4026 = CARTESIAN_POINT ( 'NONE',  ( 18.79017952991915763, 59.26193683688938307, -34.21257762847480421 ) ) ;
#4027 = CARTESIAN_POINT ( 'NONE',  ( 49.56354134330948824, 43.93272047480598275, -1.674844016339221531 ) ) ;
#4028 =( BOUNDED_SURFACE ( )  B_SPLINE_SURFACE ( 3, 1, ( 
 ( #6326, #1667 ),
 ( #3707, #4868 ),
 ( #2343, #107 ),
 ( #1769, #754 ) ),
 .UNSPECIFIED., .F., .F., .T. ) 
 B_SPLINE_SURFACE_WITH_KNOTS ( ( 4, 4 ),
 ( 2, 2 ),
 ( 0.000000000000000000, 1.000000000000000000 ),
 ( 0.000000000000000000, 1.000000000000000000 ),
 .UNSPECIFIED. ) 
 GEOMETRIC_REPRESENTATION_ITEM ( )  RATIONAL_B_SPLINE_SURFACE ( (
 ( 1.000000000000000000, 1.000000000000000000),
 ( 0.7724073758824714364, 0.9739345816297115821),
 ( 0.7724073758824714364, 0.9739345816297115821),
 ( 1.000000000000000000, 1.000000000000000000) ) ) 
 REPRESENTATION_ITEM ( '' )  SURFACE ( )  );
#4029 = FACE_OUTER_BOUND ( 'NONE', #3666, .T. ) ;
#4030 = CARTESIAN_POINT ( 'NONE',  ( 49.51003444762827144, 24.89038314958291664, -31.20876486492434410 ) ) ;
#4031 = CARTESIAN_POINT ( 'NONE',  ( 19.10106442482187816, 70.01700040421897597, -2.756259436862442680 ) ) ;
#4032 = CARTESIAN_POINT ( 'NONE',  ( 49.37576540558969640, 15.28798936114841567, 34.36788587120398120 ) ) ;
#4033 = VERTEX_POINT ( 'NONE', #1405 ) ;
#4034 = CARTESIAN_POINT ( 'NONE',  ( 89.82615535696581333, 8.803478415874161911, 0.003594165173132123081 ) ) ;
#4035 = CARTESIAN_POINT ( 'NONE',  ( 89.83068436596586537, 8.823427779932149662, 0.009425395988854287990 ) ) ;
#4036 = CARTESIAN_POINT ( 'NONE',  ( 18.77401912713006027, -18.14722534408055310, 54.68149563579223837 ) ) ;
#4037 = CARTESIAN_POINT ( 'NONE',  ( 28.07725316172351171, -12.43781464225212474, 66.95120267540063708 ) ) ;
#4038 = CARTESIAN_POINT ( 'NONE',  ( 48.51805717611820512, 8.812244897959189416, -6.153557722908013615E-14 ) ) ;
#4039 = ORIENTED_EDGE ( 'NONE', *, *, #6222, .F. ) ;
#4040 = CARTESIAN_POINT ( 'NONE',  ( 19.46190759237069301, 37.06745574819919398, 54.76829890328986750 ) ) ;
#4041 = VERTEX_POINT ( 'NONE', #3498 ) ;
#4042 = CARTESIAN_POINT ( 'NONE',  ( 18.79364822255246281, 60.09459719128121691, 32.95640126187061725 ) ) ;
#4043 = CARTESIAN_POINT ( 'NONE',  ( 53.79462347678109779, 39.56597767907841501, 24.61676225080408997 ) ) ;
#4044 = CARTESIAN_POINT ( 'NONE',  ( 19.27520315313954313, 20.41777501015801022, 60.33456301156582668 ) ) ;
#4045 = CARTESIAN_POINT ( 'NONE',  ( 18.78844479849039928, 69.73927735607354350, 1.807316344059575419 ) ) ;
#4046 = ORIENTED_EDGE ( 'NONE', *, *, #6813, .T. ) ;
#4047 = CARTESIAN_POINT ( 'NONE',  ( 18.78690384720152906, 67.84672983036220728, -15.17178316464687704 ) ) ;
#4048 = ORIENTED_EDGE ( 'NONE', *, *, #3605, .T. ) ;
#4049 = B_SPLINE_CURVE_WITH_KNOTS ( 'NONE', 3,
 ( #2280, #587, #4388, #1668, #6489, #2693, #3250, #4804 ),
 .UNSPECIFIED., .F., .F.,
 ( 4, 2, 2, 4 ),
 ( 1.944748037224985640E-16, 0.0003956619665159730008, 0.0007913239330317516041, 0.001582647866063308702 ),
 .UNSPECIFIED. ) ;
#4050 = CARTESIAN_POINT ( 'NONE',  ( 23.24077445196136082, -56.43993848875858532, -4.504346607668090918 ) ) ;
#4051 = CARTESIAN_POINT ( 'NONE',  ( 26.76987644061275518, 76.61283861967021380, 12.46693520241288589 ) ) ;
#4052 = CARTESIAN_POINT ( 'NONE',  ( 49.23433077323411311, -13.89840614749514991, 26.40903515042548122 ) ) ;
#4053 = VERTEX_POINT ( 'NONE', #5600 ) ;
#4054 = ORIENTED_EDGE ( 'NONE', *, *, #5880, .T. ) ;
#4055 = CARTESIAN_POINT ( 'NONE',  ( 49.41824768824506720, 42.81742664087049377, 8.348994382044629958 ) ) ;
#4056 = ADVANCED_FACE ( 'NONE', ( #1156 ), #5509, .F. ) ;
#4057 = FACE_OUTER_BOUND ( 'NONE', #6795, .T. ) ;
#4058 = CARTESIAN_POINT ( 'NONE',  ( 48.49086870021273654, -3.453497694246216110, -45.39638752718150272 ) ) ;
#4059 = DIRECTION ( 'NONE',  ( -1.000000000000000000, 0.000000000000000000, 0.000000000000000000 ) ) ;
#4060 = CARTESIAN_POINT ( 'NONE',  ( 18.77401912713006027, 32.48306348028609136, -56.18337252551837935 ) ) ;
#4061 = CARTESIAN_POINT ( 'NONE',  ( 18.79234864102460989, 34.95405797820662031, -55.06769660120864529 ) ) ;
#4062 = ADVANCED_FACE ( 'NONE', ( #4779 ), #6230, .F. ) ;
#4063 = CARTESIAN_POINT ( 'NONE',  ( 54.62576016552275604, -20.31479105518525685, 10.09454282212753640 ) ) ;
#4064 = ORIENTED_EDGE ( 'NONE', *, *, #2255, .F. ) ;
#4065 = CARTESIAN_POINT ( 'NONE',  ( 49.23165480826241236, 37.53955413602200508, 19.69177761335543764 ) ) ;
#4066 = ADVANCED_FACE ( 'NONE', ( #1023 ), #5298, .F. ) ;
#4067 = CARTESIAN_POINT ( 'NONE',  ( 49.23443045783675132, 3.835380427534454295, 34.47421182392290007 ) ) ;
#4068 = CARTESIAN_POINT ( 'NONE',  ( 89.82545070715441682, 8.817398362202943929, -0.007718436820978857339 ) ) ;
#4069 = DIRECTION ( 'NONE',  ( 0.7071067818211358436, 0.000000000000000000, -0.7071067805519591909 ) ) ;
#4070 = DIRECTION ( 'NONE',  ( -1.000000000000000000, 0.000000000000000000, 0.000000000000000000 ) ) ;
#4071 = CARTESIAN_POINT ( 'NONE',  ( 23.23982137879182375, 54.94647729424117699, 46.36425863454442009 ) ) ;
#4072 = ORIENTED_EDGE ( 'NONE', *, *, #252, .F. ) ;
#4073 = CARTESIAN_POINT ( 'NONE',  ( 27.43416548070723238, 44.62450648264249509, 59.68226196512278392 ) ) ;
#4074 = ORIENTED_EDGE ( 'NONE', *, *, #1282, .F. ) ;
#4075 = CARTESIAN_POINT ( 'NONE',  ( 19.46190759237069301, -29.26911333288909134, -48.45341742586829525 ) ) ;
#4076 = CARTESIAN_POINT ( 'NONE',  ( 49.56354134330948114, -7.300819624918933215, -31.25095292794330959 ) ) ;
#4077 =( BOUNDED_SURFACE ( )  B_SPLINE_SURFACE ( 3, 1, ( 
 ( #714, #2817 ),
 ( #187, #2303 ),
 ( #5506, #854 ),
 ( #2956, #3508 ) ),
 .UNSPECIFIED., .F., .F., .T. ) 
 B_SPLINE_SURFACE_WITH_KNOTS ( ( 4, 4 ),
 ( 2, 2 ),
 ( 0.000000000000000000, 1.000000000000000000 ),
 ( 0.000000000000000000, 1.000000000000000000 ),
 .UNSPECIFIED. ) 
 GEOMETRIC_REPRESENTATION_ITEM ( )  RATIONAL_B_SPLINE_SURFACE ( (
 ( 1.000000000000000000, 1.000000000000000000),
 ( 0.9936547718337396251, 0.8399137562987545325),
 ( 0.9936547718337396251, 0.8399137562987545325),
 ( 1.000000000000000000, 1.000000000000000000) ) ) 
 REPRESENTATION_ITEM ( '' )  SURFACE ( )  );
#4078 = CARTESIAN_POINT ( 'NONE',  ( 19.01941379036735214, -49.09288488587182542, -19.96658187934445650 ) ) ;
#4079 = CARTESIAN_POINT ( 'NONE',  ( 18.76137069372868282, 61.35920264022388437, -30.92893442707875451 ) ) ;
#4080 = ORIENTED_EDGE ( 'NONE', *, *, #3001, .T. ) ;
#4081 = CARTESIAN_POINT ( 'NONE',  ( 49.23290854358261015, 37.67503761500034898, 19.49634527847477372 ) ) ;
#4082 = ORIENTED_EDGE ( 'NONE', *, *, #6136, .F. ) ;
#4083 = CARTESIAN_POINT ( 'NONE',  ( 22.90123142467806971, -14.68996811294625715, 60.79760509123678247 ) ) ;
#4084 = CARTESIAN_POINT ( 'NONE',  ( 54.17538997708327031, 47.98907402351704121, 6.865462496076776944 ) ) ;
#4085 = CARTESIAN_POINT ( 'NONE',  ( 28.07725316172377816, 48.06386122903145974, -58.25237493479085771 ) ) ;
#4086 = CARTESIAN_POINT ( 'NONE',  ( 49.23443045783677263, -14.01272598183076745, 26.31085641278940557 ) ) ;
#4087 = ORIENTED_EDGE ( 'NONE', *, *, #1409, .F. ) ;
#4088 = CARTESIAN_POINT ( 'NONE',  ( 19.01941379036734503, 66.71737468179058794, -19.96658187934332318 ) ) ;
#4089 = ORIENTED_EDGE ( 'NONE', *, *, #4442, .T. ) ;
#4090 = CARTESIAN_POINT ( 'NONE',  ( 53.00847882770921871, -29.04669777192347624, 7.560473711924023732 ) ) ;
#4091 = VECTOR ( 'NONE', #4901, 1000.000000000000114 ) ;
#4092 = VECTOR ( 'NONE', #4069, 1000.000000000000000 ) ;
#4093 = AXIS2_PLACEMENT_3D ( 'NONE', #4759, #3795, #6449 ) ;
#4094 = CARTESIAN_POINT ( 'NONE',  ( 19.04016012521984891, 36.62751448204389249, -54.52008902925104650 ) ) ;
#4095 = B_SPLINE_CURVE_WITH_KNOTS ( 'NONE', 3,
 ( #357, #4535, #2492, #840, #5042, #2907, #3948, #314 ),
 .UNSPECIFIED., .F., .F.,
 ( 4, 2, 2, 4 ),
 ( 7.449218517580030731E-17, 0.0002264465145598539475, 0.0004528930291196334103, 0.0009057860582391829033 ),
 .UNSPECIFIED. ) ;
#4096 = CARTESIAN_POINT ( 'NONE',  ( 19.46190759237070012, -52.74439089833659722, 2.950270223864751795 ) ) ;
#4097 = CARTESIAN_POINT ( 'NONE',  ( 49.51003444762825012, -24.36701738497854208, -11.47301566252242289 ) ) ;
#4098 = CIRCLE ( 'NONE', #1349, 27.50000000000000000 ) ;
#4099 = CARTESIAN_POINT ( 'NONE',  ( 18.78690642288627544, -52.10532969365027611, 2.074270080541419148 ) ) ;
#4100 = B_SPLINE_CURVE_WITH_KNOTS ( 'NONE', 3,
 ( #6213, #2964, #5095, #5060, #967, #6657, #371, #3592 ),
 .UNSPECIFIED., .F., .F.,
 ( 4, 2, 2, 4 ),
 ( 1.040834085586084257E-17, 0.0002264431842541199912, 0.0004528863685082295740, 0.0009057727370164487396 ),
 .UNSPECIFIED. ) ;
#4101 = ADVANCED_FACE ( 'NONE', ( #3191 ), #4203, .T. ) ;
#4102 = AXIS2_PLACEMENT_3D ( 'NONE', #2445, #300, #3035 ) ;
#4103 = CARTESIAN_POINT ( 'NONE',  ( 53.79529533164528488, 39.56615938681449052, -24.61761155485533692 ) ) ;
#4104 = ORIENTED_EDGE ( 'NONE', *, *, #2716, .F. ) ;
#4105 = CARTESIAN_POINT ( 'NONE',  ( 19.42422096688429534, 2.968930580017691501, -61.38280663658744629 ) ) ;
#4106 = EDGE_CURVE ( 'NONE', #5030, #3252, #420, .T. ) ;
#4107 = CARTESIAN_POINT ( 'NONE',  ( 20.99620941596855772, 14.39715525549983788, -62.91488333835081193 ) ) ;
#4108 = CARTESIAN_POINT ( 'NONE',  ( 19.11442843794947066, 31.74920089576063731, 56.82531195268120427 ) ) ;
#4109 = CARTESIAN_POINT ( 'NONE',  ( 54.54334256235661371, 48.65842340579525427, 4.849403907097777022 ) ) ;
#4110 = CARTESIAN_POINT ( 'NONE',  ( 49.51003444762826433, 39.21076765183804724, -17.56198589039326308 ) ) ;
#4111 = CARTESIAN_POINT ( 'NONE',  ( 19.04016012521985601, 20.14071654164821368, -60.14810936356106197 ) ) ;
#4112 = EDGE_CURVE ( 'NONE', #3806, #5324, #1055, .T. ) ;
#4113 = VERTEX_POINT ( 'NONE', #5222 ) ;
#4114 = CARTESIAN_POINT ( 'NONE',  ( 26.06099036693303006, 62.89421835501747182, -42.04219497473323486 ) ) ;
#4115 = EDGE_CURVE ( 'NONE', #5949, #4847, #5696, .T. ) ;
#4116 = ORIENTED_EDGE ( 'NONE', *, *, #4147, .T. ) ;
#4117 =( BOUNDED_SURFACE ( )  B_SPLINE_SURFACE ( 3, 1, ( 
 ( #2588, #4184 ),
 ( #5169, #1044 ),
 ( #6219, #6839 ),
 ( #5775, #3149 ) ),
 .UNSPECIFIED., .F., .F., .T. ) 
 B_SPLINE_SURFACE_WITH_KNOTS ( ( 4, 4 ),
 ( 2, 2 ),
 ( 0.000000000000000000, 1.000000000000000000 ),
 ( 0.000000000000000000, 1.000000000000000000 ),
 .UNSPECIFIED. ) 
 GEOMETRIC_REPRESENTATION_ITEM ( )  RATIONAL_B_SPLINE_SURFACE ( (
 ( 1.000000000000000000, 1.000000000000000000),
 ( 0.7724073758824714364, 0.9739345816297115821),
 ( 0.7724073758824714364, 0.9739345816297115821),
 ( 1.000000000000000000, 1.000000000000000000) ) ) 
 REPRESENTATION_ITEM ( '' )  SURFACE ( )  );
#4118 = CARTESIAN_POINT ( 'NONE',  ( 24.68883653248305166, -50.18325876012891484, 31.45136519554186094 ) ) ;
#4119 = LINE ( 'NONE', #6258, #2230 ) ;
#4120 = CARTESIAN_POINT ( 'NONE',  ( 27.43416788634276315, -27.00001994212589906, 59.68226279248550270 ) ) ;
#4121 = ORIENTED_EDGE ( 'NONE', *, *, #4864, .T. ) ;
#4122 = CARTESIAN_POINT ( 'NONE',  ( 49.41824768824506720, 41.93303132139066491, -11.36096823573062764 ) ) ;
#4123 = ORIENTED_EDGE ( 'NONE', *, *, #1753, .F. ) ;
#4124 = DIRECTION ( 'NONE',  ( 0.7588727602565363828, 0.6509540187232716324, 0.01926134078011967204 ) ) ;
#4125 = CARTESIAN_POINT ( 'NONE',  ( 51.15501191307617290, 42.67809489348202590, 28.08170152800989072 ) ) ;
#4126 = CARTESIAN_POINT ( 'NONE',  ( 49.37576540558973903, -12.92055944865281170, 27.40022008744658422 ) ) ;
#4127 = CARTESIAN_POINT ( 'NONE',  ( 28.07725316172354724, -54.43329228310554413, -30.56191415509952947 ) ) ;
#4128 = VERTEX_POINT ( 'NONE', #2599 ) ;
#4129 = CARTESIAN_POINT ( 'NONE',  ( 19.46190759237069301, 37.06745574819992584, -54.76829890328959749 ) ) ;
#4130 = ORIENTED_EDGE ( 'NONE', *, *, #471, .F. ) ;
#4131 = CARTESIAN_POINT ( 'NONE',  ( 27.43416548070721461, 77.97809104839312511, -7.783071333210179077 ) ) ;
#4132 = CARTESIAN_POINT ( 'NONE',  ( 49.37576540558969640, 43.75190977137159365, -1.518770602251465762 ) ) ;
#4133 = B_SPLINE_CURVE_WITH_KNOTS ( 'NONE', 3,
 ( #4640, #5115, #6234, #3464, #1513, #5715, #4499, #3987 ),
 .UNSPECIFIED., .F., .F.,
 ( 4, 2, 2, 4 ),
 ( 2.060746352022454398E-16, 0.0003956619665159747897, 0.0007913239330317435810, 0.001582647866063284416 ),
 .UNSPECIFIED. ) ;
#4134 = CARTESIAN_POINT ( 'NONE',  ( 20.99620941596850798, -54.25707125808195030, 3.425657424403511619 ) ) ;
#4135 = CARTESIAN_POINT ( 'NONE',  ( 20.23383842789542797, 67.71883391848967904, -20.58410020122452266 ) ) ;
#4136 = LINE ( 'NONE', #2539, #4436 ) ;
#4137 = ORIENTED_EDGE ( 'NONE', *, *, #3261, .T. ) ;
#4138 = CARTESIAN_POINT ( 'NONE',  ( 89.84074713331158080, 8.820552158186297120, -0.007392150456275601612 ) ) ;
#4139 = CARTESIAN_POINT ( 'NONE',  ( 18.79364760530904022, -42.30660793312263479, 33.21080436638187905 ) ) ;
#4140 = EDGE_CURVE ( 'NONE', #1858, #351, #4234, .T. ) ;
#4141 = CARTESIAN_POINT ( 'NONE',  ( 18.78844479849040638, 32.47825610642918548, 56.17196444847012060 ) ) ;
#4142 = CIRCLE ( 'NONE', #5355, 27.50000000000000000 ) ;
#4143 = CARTESIAN_POINT ( 'NONE',  ( 89.82681805825622234, 8.820039310362092877, -0.006415729547291597681 ) ) ;
#4144 = CARTESIAN_POINT ( 'NONE',  ( 89.82615535696581333, 8.802926911537353405, -0.001715913891192862679 ) ) ;
#4145 = CARTESIAN_POINT ( 'NONE',  ( 54.54334256235712530, 19.28299131569718128, -38.75045973131024368 ) ) ;
#4146 = ORIENTED_EDGE ( 'NONE', *, *, #5757, .F. ) ;
#4147 = EDGE_CURVE ( 'NONE', #3153, #3073, #1992, .T. ) ;
#4148 = CARTESIAN_POINT ( 'NONE',  ( 89.82729936416122030, 8.815911638406031869, 0.009714176253966177663 ) ) ;
#4149 = VERTEX_POINT ( 'NONE', #6049 ) ;
#4150 = CARTESIAN_POINT ( 'NONE',  ( 22.90123142467807327, -54.71124188006785971, 14.61059303388410235 ) ) ;
#4151 = EDGE_CURVE ( 'NONE', #3044, #5586, #449, .T. ) ;
#4152 = CARTESIAN_POINT ( 'NONE',  ( 20.99620941596848667, -50.73720157939356312, 21.05557392760749025 ) ) ;
#4153 = CARTESIAN_POINT ( 'NONE',  ( 19.42422096688429534, -29.28951467317567037, -48.47936870862053382 ) ) ;
#4154 = VERTEX_POINT ( 'NONE', #2829 ) ;
#4155 =( BOUNDED_SURFACE ( )  B_SPLINE_SURFACE ( 3, 1, ( 
 ( #2394, #2464 ),
 ( #3575, #6606 ),
 ( #6750, #4569 ),
 ( #6710, #4021 ) ),
 .UNSPECIFIED., .F., .F., .T. ) 
 B_SPLINE_SURFACE_WITH_KNOTS ( ( 4, 4 ),
 ( 2, 2 ),
 ( 0.000000000000000000, 1.000000000000000000 ),
 ( 0.000000000000000000, 1.000000000000000000 ),
 .UNSPECIFIED. ) 
 GEOMETRIC_REPRESENTATION_ITEM ( )  RATIONAL_B_SPLINE_SURFACE ( (
 ( 1.000000000000000000, 1.000000000000000000),
 ( 0.9611591142731221726, 0.9996856433685865628),
 ( 0.9611591142731221726, 0.9996856433685865628),
 ( 1.000000000000000000, 1.000000000000000000) ) ) 
 REPRESENTATION_ITEM ( '' )  SURFACE ( )  );
#4156 = EDGE_CURVE ( 'NONE', #783, #1082, #1005, .T. ) ;
#4157 = CARTESIAN_POINT ( 'NONE',  ( 28.07725316172350105, 60.88560721878103976, 47.14226879085808264 ) ) ;
#4158 = ORIENTED_EDGE ( 'NONE', *, *, #5621, .F. ) ;
#4159 = CARTESIAN_POINT ( 'NONE',  ( 89.84074713331158080, 8.818133046328496150, 0.009433142086705093021 ) ) ;
#4160 = CARTESIAN_POINT ( 'NONE',  ( 49.61704819046445891, 43.98560493621549483, 1.689088502485114329 ) ) ;
#4161 = B_SPLINE_CURVE_WITH_KNOTS ( 'NONE', 3,
 ( #2249, #3737, #1105, #4801, #4319, #1634, #6391, #652 ),
 .UNSPECIFIED., .F., .F.,
 ( 4, 2, 2, 4 ),
 ( 0.000000000000000000, 0.0002267054828044249442, 0.0004534109656088498885, 0.0009068219312176997770 ),
 .UNSPECIFIED. ) ;
#4162 = CARTESIAN_POINT ( 'NONE',  ( 18.79364822255246992, -49.67770298970543053, -17.17352721394469839 ) ) ;
#4163 = CARTESIAN_POINT ( 'NONE',  ( 18.77401912713006027, 59.10042910495630508, -34.46704991527023054 ) ) ;
#4164 = CARTESIAN_POINT ( 'NONE',  ( 19.46190759237069301, 46.89360312880844361, -48.45341742586754918 ) ) ;
#4165 = CARTESIAN_POINT ( 'NONE',  ( 89.82643428741084790, 8.802458453812946004, 0.0001011715403138324914 ) ) ;
#4166 = ORIENTED_EDGE ( 'NONE', *, *, #1488, .F. ) ;
#4167 = CARTESIAN_POINT ( 'NONE',  ( 18.76137069372868282, 61.35920264022347226, 30.92893442707935137 ) ) ;
#4168 = VERTEX_POINT ( 'NONE', #2859 ) ;
#4169 = CARTESIAN_POINT ( 'NONE',  ( 19.36839877834437829, -50.98644845776718171, 14.50942942658521062 ) ) ;
#4170 = CARTESIAN_POINT ( 'NONE',  ( 49.30502353826712181, -4.402319750535835574, -32.30354601564726380 ) ) ;
#4171 = CARTESIAN_POINT ( 'NONE',  ( 19.46190759237070012, -51.08210180147582946, -14.51174484338483239 ) ) ;
#4172 = CARTESIAN_POINT ( 'NONE',  ( 17.53340716131418375, 8.812244897959189416, -6.153557722908013615E-14 ) ) ;
#4173 =( LENGTH_UNIT ( ) NAMED_UNIT ( * ) SI_UNIT ( .MILLI., .METRE. ) );
#4174 = ORIENTED_EDGE ( 'NONE', *, *, #2965, .F. ) ;
#4175 = CARTESIAN_POINT ( 'NONE',  ( 24.68797426277906126, -44.30418868093359919, 40.59786929914547216 ) ) ;
#4176 = CARTESIAN_POINT ( 'NONE',  ( 54.62576016552275604, -10.23345511532877339, 24.23933433919704328 ) ) ;
#4177 = CARTESIAN_POINT ( 'NONE',  ( 49.37576540558968219, 24.70822856904102593, 31.15131696633912384 ) ) ;
#4178 = CARTESIAN_POINT ( 'NONE',  ( 19.42422096688429534, -52.77736360590404274, -2.951846395697788505 ) ) ;
#4179 = FACE_OUTER_BOUND ( 'NONE', #2707, .T. ) ;
#4180 = CARTESIAN_POINT ( 'NONE',  ( 49.23165480826241236, -14.76742118073233456, -25.63247450502087688 ) ) ;
#4181 = EDGE_LOOP ( 'NONE', ( #1142, #834, #2159, #5622 ) ) ;
#4182 = CARTESIAN_POINT ( 'NONE',  ( 28.07725316172354013, -60.91630494323811718, 8.482800668928561549 ) ) ;
#4183 = ORIENTED_EDGE ( 'NONE', *, *, #636, .F. ) ;
#4184 = CARTESIAN_POINT ( 'NONE',  ( 19.42422096688429534, 14.65555921590108923, 61.38280663658728997 ) ) ;
#4185 = CARTESIAN_POINT ( 'NONE',  ( 28.07725316172350460, 7.285295593586143426, 70.22604214938338885 ) ) ;
#4186 = DIRECTION ( 'NONE',  ( -1.000000000000000000, -0.000000000000000000, -0.000000000000000000 ) ) ;
#4187 = CARTESIAN_POINT ( 'NONE',  ( 18.79234720619589538, -15.68543933429401527, 55.81853538399537484 ) ) ;
#4188 = ORIENTED_EDGE ( 'NONE', *, *, #5707, .T. ) ;
#4189 = EDGE_CURVE ( 'NONE', #1050, #3327, #5021, .T. ) ;
#4190 = CARTESIAN_POINT ( 'NONE',  ( 18.78844479849039928, -49.13763479415058555, -18.89923596840968045 ) ) ;
#4191 = EDGE_CURVE ( 'NONE', #6366, #5964, #824, .T. ) ;
#4192 = ORIENTED_EDGE ( 'NONE', *, *, #20, .T. ) ;
#4193 = CARTESIAN_POINT ( 'NONE',  ( 49.23165480826241236, 41.92371111849477217, 10.80070397517991587 ) ) ;
#4194 = CARTESIAN_POINT ( 'NONE',  ( 18.77401912713006382, -32.46073494903236423, 44.87115036689412761 ) ) ;
#4195 = CARTESIAN_POINT ( 'NONE',  ( 49.23165480826241236, -13.20359161104961387, 26.98754054080752240 ) ) ;
#4196 = CARTESIAN_POINT ( 'NONE',  ( 26.06099036693303006, 58.12317825373140323, -47.54826876854756534 ) ) ;
#4197 = ORIENTED_EDGE ( 'NONE', *, *, #4741, .T. ) ;
#4198 = CARTESIAN_POINT ( 'NONE',  ( 89.82681805825623655, 8.809156426255889016, -0.009611232640445754524 ) ) ;
#4199 = ADVANCED_FACE ( 'NONE', ( #1745 ), #6000, .F. ) ;
#4200 = ORIENTED_EDGE ( 'NONE', *, *, #1328, .F. ) ;
#4201 = EDGE_CURVE ( 'NONE', #3163, #6366, #5181, .T. ) ;
#4202 = CARTESIAN_POINT ( 'NONE',  ( 52.84917723814559309, 19.78543384500689939, -40.61074044881994638 ) ) ;
#4203 = CONICAL_SURFACE ( 'NONE', #1222, 40.14018759214401655, 0.8495922745902004802 ) ;
#4204 = CARTESIAN_POINT ( 'NONE',  ( 49.23423108862791508, 14.04761047505721372, 34.43570123557115892 ) ) ;
#4205 = CARTESIAN_POINT ( 'NONE',  ( 18.85583905783800063, 61.37511974073291299, -30.99637630172528802 ) ) ;
#4206 = B_SPLINE_CURVE_WITH_KNOTS ( 'NONE', 3,
 ( #2139, #4169, #4239, #6714, #3057, #1619, #6200, #3579 ),
 .UNSPECIFIED., .F., .F.,
 ( 4, 2, 2, 4 ),
 ( 1.910717391669697855E-16, 0.0003956619665159665498, 0.0007913239330317419547, 0.001582647866063302631 ),
 .UNSPECIFIED. ) ;
#4207 = FACE_OUTER_BOUND ( 'NONE', #483, .T. ) ;
#4208 =( NAMED_UNIT ( * ) SI_UNIT ( $, .STERADIAN. ) SOLID_ANGLE_UNIT ( ) );
#4209 = ORIENTED_EDGE ( 'NONE', *, *, #2751, .T. ) ;
#4210 = CARTESIAN_POINT ( 'NONE',  ( 54.54334256235712530, -20.94638774325758135, -26.93804824514160146 ) ) ;
#4211 = PRESENTATION_LAYER_ASSIGNMENT (  '', '', ( #6744 ) ) ;
#4212 = CARTESIAN_POINT ( 'NONE',  ( 42.33298211887891682, 25.15607543491373477, 51.49686720925054573 ) ) ;
#4213 = FACE_OUTER_BOUND ( 'NONE', #4396, .T. ) ;
#4214 = CARTESIAN_POINT ( 'NONE',  ( 19.27520315313955379, -41.24889260064161789, 35.62064479101895387 ) ) ;
#4215 = CARTESIAN_POINT ( 'NONE',  ( 18.76137069372868282, 15.11739810133994411, 60.64673771806507574 ) ) ;
#4216 = B_SPLINE_CURVE_WITH_KNOTS ( 'NONE', 3,
 ( #6112, #1394, #4591, #4626, #411, #2515, #3486 ),
 .UNSPECIFIED., .F., .F.,
 ( 4, 3, 4 ),
 ( 0.000000000000000000, 0.007697376234836488494, 0.04008255950779805038 ),
 .UNSPECIFIED. ) ;
#4217 = B_SPLINE_CURVE_WITH_KNOTS ( 'NONE', 3,
 ( #2655, #5249, #2155, #5212, #1637, #3740 ),
 .UNSPECIFIED., .F., .F.,
 ( 4, 2, 4 ),
 ( 1.432171564712973327E-16, 0.0007986073165776993912, 0.001597214633155255451 ),
 .UNSPECIFIED. ) ;
#4218 = ORIENTED_EDGE ( 'NONE', *, *, #1506, .F. ) ;
#4219 = CARTESIAN_POINT ( 'NONE',  ( 49.23351359036895758, 31.17769794322747501, -26.70094366033732669 ) ) ;
#4220 = ORIENTED_EDGE ( 'NONE', *, *, #5997, .F. ) ;
#4221 = CARTESIAN_POINT ( 'NONE',  ( 89.83068436596586537, 8.812044906669498801, -0.01462378002620618248 ) ) ;
#4222 = CARTESIAN_POINT ( 'NONE',  ( 28.07725316172354013, -55.70192761336441123, 27.78399027001487909 ) ) ;
#4223 = LINE ( 'NONE', #3671, #5188 ) ;
#4224 = CARTESIAN_POINT ( 'NONE',  ( 89.83648776693894433, 8.797903807825935729, 0.004487757579471595044 ) ) ;
#4225 = ORIENTED_EDGE ( 'NONE', *, *, #2834, .F. ) ;
#4226 = LINE ( 'NONE', #6331, #4661 ) ;
#4227 = EDGE_LOOP ( 'NONE', ( #6408, #6237, #1013, #2118 ) ) ;
#4228 = CARTESIAN_POINT ( 'NONE',  ( 49.61704819046447312, -25.41221813969723442, -8.288812106334866314 ) ) ;
#4229 = B_SPLINE_CURVE_WITH_KNOTS ( 'NONE', 3,
 ( #3041, #2453, #1977, #2556, #4593, #973, #6663, #3973 ),
 .UNSPECIFIED., .F., .F.,
 ( 4, 2, 2, 4 ),
 ( 0.000000000000000000, 0.0002264431842541163862, 0.0004528863685082327724, 0.0009057727370164565459 ),
 .UNSPECIFIED. ) ;
#4230 = CARTESIAN_POINT ( 'NONE',  ( 35.20511764130978349, -23.63691286167534500, 52.98927833469338111 ) ) ;
#4231 = CARTESIAN_POINT ( 'NONE',  ( 24.68883653248306942, 4.710694737692507239, -66.72956699108462431 ) ) ;
#4232 = CARTESIAN_POINT ( 'NONE',  ( 19.27520315313954313, 46.81005924570208521, -48.28161065847162092 ) ) ;
#4233 = ADVANCED_FACE ( 'NONE', ( #2741 ), #1008, .T. ) ;
#4234 = LINE ( 'NONE', #4712, #4751 ) ;
#4235 = ORIENTED_EDGE ( 'NONE', *, *, #521, .T. ) ;
#4236 = CARTESIAN_POINT ( 'NONE',  ( 89.82615535696581333, 8.802820926651335753, 0.0009787728173082351282 ) ) ;
#4237 = ORIENTED_EDGE ( 'NONE', *, *, #1712, .F. ) ;
#4238 = EDGE_CURVE ( 'NONE', #417, #3452, #2389, .T. ) ;
#4239 = CARTESIAN_POINT ( 'NONE',  ( 19.27981613022929608, -50.89031255987062252, 14.53003336907583432 ) ) ;
#4240 = CARTESIAN_POINT ( 'NONE',  ( 26.06099036693303006, -6.964217099159705882, -66.65965240051066587 ) ) ;
#4241 = EDGE_CURVE ( 'NONE', #4598, #2724, #6435, .T. ) ;
#4242 = CARTESIAN_POINT ( 'NONE',  ( 19.01941379036734503, -50.69539925077938136, -14.50891915664228371 ) ) ;
#4243 = CARTESIAN_POINT ( 'NONE',  ( 23.23982137879193388, 31.82180524209987738, -61.22558297227114110 ) ) ;
#4244 = ORIENTED_EDGE ( 'NONE', *, *, #639, .T. ) ;
#4245 = CARTESIAN_POINT ( 'NONE',  ( 89.82681805825623655, 8.806573733914490276, -0.008351787156581271659 ) ) ;
#4246 = B_SPLINE_CURVE_WITH_KNOTS ( 'NONE', 3,
 ( #5809, #1076, #3766, #3178, #2152, #6359, #5874, #1143, #616, #2219, #2728, #4834, #1313 ),
 .UNSPECIFIED., .F., .F.,
 ( 4, 3, 3, 3, 4 ),
 ( 1.517883041479706208E-17, 0.0009041618729686831321, 0.001808323717130792168, 0.002711696379629073388, 0.003615359634610206246 ),
 .UNSPECIFIED. ) ;
#4247 = CARTESIAN_POINT ( 'NONE',  ( 28.07725316172350105, 78.54079473915638232, 8.482800668928982546 ) ) ;
#4248 = DIRECTION ( 'NONE',  ( -1.000000000000000000, -0.000000000000000000, -0.000000000000000000 ) ) ;
#4249 = CARTESIAN_POINT ( 'NONE',  ( 54.54334256235713241, 48.41060816351988905, -6.572996776293087429 ) ) ;
#4250 = CARTESIAN_POINT ( 'NONE',  ( 49.23306814737767922, -14.54590611727860505, -25.83684077922077549 ) ) ;
#4251 = CARTESIAN_POINT ( 'NONE',  ( 18.77401912713006027, -29.72842440507546158, 47.23871093047222303 ) ) ;
#4252 = ORIENTED_EDGE ( 'NONE', *, *, #5957, .F. ) ;
#4253 = CARTESIAN_POINT ( 'NONE',  ( 28.07725316172400554, 62.88548550309931784, -44.83428621717806806 ) ) ;
#4254 = CARTESIAN_POINT ( 'NONE',  ( 50.49951337408943175, 40.17554622662033381, 17.86973212835088276 ) ) ;
#4255 = DIRECTION ( 'NONE',  ( -1.000000000000000000, -0.000000000000000000, -0.000000000000000000 ) ) ;
#4256 = CARTESIAN_POINT ( 'NONE',  ( 50.49951337408943886, 22.03662576296515496, -33.58719618111466332 ) ) ;
#4257 = ORIENTED_EDGE ( 'NONE', *, *, #2048, .T. ) ;
#4258 = CARTESIAN_POINT ( 'NONE',  ( 49.61704819046447312, -15.49793538881472799, -25.47613414108555574 ) ) ;
#4259 = EDGE_LOOP ( 'NONE', ( #6535, #3222, #3646, #4987 ) ) ;
#4260 = CARTESIAN_POINT ( 'NONE',  ( 19.46190759237069301, 70.36888069425495473, 2.950270223865151920 ) ) ;
#4261 = CARTESIAN_POINT ( 'NONE',  ( 18.78844479849038507, -50.15599450341706245, -15.43102130196196953 ) ) ;
#4262 = CARTESIAN_POINT ( 'NONE',  ( 18.76137069372868282, 50.51699385995825509, -44.48028402313242680 ) ) ;
#4263 = CARTESIAN_POINT ( 'NONE',  ( 89.83068436596586537, 8.820319353725803779, 0.01219418315593537132 ) ) ;
#4264 = VERTEX_POINT ( 'NONE', #3009 ) ;
#4265 = CARTESIAN_POINT ( 'NONE',  ( 19.46190759237069301, 37.06745574819919398, 54.76829890328986750 ) ) ;
#4266 = ORIENTED_EDGE ( 'NONE', *, *, #5846, .T. ) ;
#4267 = UNCERTAINTY_MEASURE_WITH_UNIT (LENGTH_MEASURE( 1.000000000000000082E-05 ), #4173, 'distance_accuracy_value', 'NONE');
#4268 = CARTESIAN_POINT ( 'NONE',  ( 49.41026041085034848, 32.90604495972893062, -25.39684480216752149 ) ) ;
#4269 = DIRECTION ( 'NONE',  ( -1.000000000000000000, -0.000000000000000000, -0.000000000000000000 ) ) ;
#4270 = CARTESIAN_POINT ( 'NONE',  ( 18.78844479849039928, -32.45235485241655482, 44.86203833934553131 ) ) ;
#4271 = B_SPLINE_CURVE_WITH_KNOTS ( 'NONE', 3,
 ( #2686, #4796, #1529, #67, #4279, #1600 ),
 .UNSPECIFIED., .F., .F.,
 ( 4, 2, 4 ),
 ( 1.406731323976929537E-16, 0.0007986073165776941870, 0.001597214633155247861 ),
 .UNSPECIFIED. ) ;
#4272 = ADVANCED_FACE ( 'NONE', ( #308 ), #3883, .F. ) ;
#4273 = ORIENTED_EDGE ( 'NONE', *, *, #1755, .T. ) ;
#4274 = CARTESIAN_POINT ( 'NONE',  ( 18.85583905783800063, -49.03461609640714158, -19.42606055467010506 ) ) ;
#4275 = CARTESIAN_POINT ( 'NONE',  ( 49.23423108862792219, 42.31090998358371991, 9.542851240197711249 ) ) ;
#4276 = EDGE_CURVE ( 'NONE', #1530, #3763, #6017, .T. ) ;
#4277 = CARTESIAN_POINT ( 'NONE',  ( 18.76137069372868282, -18.67162455056420356, -54.42810554206728568 ) ) ;
#4278 = CARTESIAN_POINT ( 'NONE',  ( 49.24040381077556106, 14.94138532778920414, -34.29391666571157060 ) ) ;
#4279 = CARTESIAN_POINT ( 'NONE',  ( 19.27520315313953247, 62.01007117989897921, 30.73986177357213379 ) ) ;
#4280 = EDGE_LOOP ( 'NONE', ( #632, #2651, #3348, #2082 ) ) ;
#4281 = CARTESIAN_POINT ( 'NONE',  ( 42.43839482824579079, -44.70140615980451315, 6.511229408264920693 ) ) ;
#4282 = EDGE_CURVE ( 'NONE', #3028, #6637, #4528, .T. ) ;
#4283 = ORIENTED_EDGE ( 'NONE', *, *, #4488, .F. ) ;
#4284 = B_SPLINE_CURVE_WITH_KNOTS ( 'NONE', 3,
 ( #5062, #6773, #1392, #4588, #901, #4624, #3519, #2046, #3484, #341 ),
 .UNSPECIFIED., .F., .F.,
 ( 4, 2, 2, 2, 4 ),
 ( 0.000000000000000000, 0.001890020855637489314, 0.003780041711274978629, 0.005670062566912468377, 0.007560083422549957258 ),
 .UNSPECIFIED. ) ;
#4285 = CARTESIAN_POINT ( 'NONE',  ( 49.23165480826241236, 42.50668425944240170, -8.815279788439491782 ) ) ;
#4286 = CARTESIAN_POINT ( 'NONE',  ( 26.76987644061281202, -54.96537813748045664, 26.16791513107299849 ) ) ;
#4287 = CARTESIAN_POINT ( 'NONE',  ( 19.42422096688429534, -14.08790919255629603, 57.25011978532076284 ) ) ;
#4288 = CARTESIAN_POINT ( 'NONE',  ( 18.78844479849039928, -49.13763479415084134, 18.89923596840876385 ) ) ;
#4289 = B_SPLINE_CURVE_WITH_KNOTS ( 'NONE', 3,
 ( #1196, #2296, #742, #6507, #5928, #1789, #2840, #62, #3297, #2175, #4824, #93, #922 ),
 .UNSPECIFIED., .F., .F.,
 ( 4, 3, 3, 3, 4 ),
 ( 2.081668171172168513E-17, 0.0009041618729686912636, 0.001808323717130804961, 0.002711696379629078158, 0.003615359634610205378 ),
 .UNSPECIFIED. ) ;
#4290 = EDGE_LOOP ( 'NONE', ( #943, #3019, #5253, #5160 ) ) ;
#4291 = CARTESIAN_POINT ( 'NONE',  ( 89.83648776693894433, 8.797754140293598368, -0.003978036774636694965 ) ) ;
#4292 = VERTEX_POINT ( 'NONE', #1398 ) ;
#4293 = B_SPLINE_CURVE_WITH_KNOTS ( 'NONE', 3,
 ( #6093, #5149, #425, #3087, #2528, #6127, #315, #1952 ),
 .UNSPECIFIED., .F., .F.,
 ( 4, 2, 2, 4 ),
 ( 1.023722040546391120E-15, 0.001890109674893165285, 0.003780219349785307083, 0.007560438699569595015 ),
 .UNSPECIFIED. ) ;
#4294 = DIRECTION ( 'NONE',  ( -1.000000000000000000, -0.000000000000000000, -0.000000000000000000 ) ) ;
#4295 =( BOUNDED_SURFACE ( )  B_SPLINE_SURFACE ( 3, 1, ( 
 ( #1561, #5131 ),
 ( #3663, #3623 ),
 ( #1599, #6177 ),
 ( #1039, #5660 ) ),
 .UNSPECIFIED., .F., .F., .T. ) 
 B_SPLINE_SURFACE_WITH_KNOTS ( ( 4, 4 ),
 ( 2, 2 ),
 ( 0.000000000000000000, 1.000000000000000000 ),
 ( 0.000000000000000000, 1.000000000000000000 ),
 .UNSPECIFIED. ) 
 GEOMETRIC_REPRESENTATION_ITEM ( )  RATIONAL_B_SPLINE_SURFACE ( (
 ( 1.000000000000000000, 1.000000000000000000),
 ( 0.9936547718337395141, 0.8399137562987549765),
 ( 0.9936547718337395141, 0.8399137562987549765),
 ( 1.000000000000000000, 1.000000000000000000) ) ) 
 REPRESENTATION_ITEM ( '' )  SURFACE ( )  );
#4296 = CARTESIAN_POINT ( 'NONE',  ( 28.07725316172366092, -9.507620385029170507, -67.81158533877757577 ) ) ;
#4297 = CARTESIAN_POINT ( 'NONE',  ( 49.27737675194775591, -19.78489734799919475, -19.96046006882466628 ) ) ;
#4298 = CARTESIAN_POINT ( 'NONE',  ( 20.99547524081246408, 52.70212247898921731, -45.42091604739844968 ) ) ;
#4299 = CARTESIAN_POINT ( 'NONE',  ( 53.79529533164529198, 45.25599240783542143, -14.95604635222687584 ) ) ;
#4300 = CARTESIAN_POINT ( 'NONE',  ( 19.01941379036735214, -19.19186514766650475, 54.47419818390498847 ) ) ;
#4301 = ORIENTED_EDGE ( 'NONE', *, *, #1999, .F. ) ;
#4302 = CARTESIAN_POINT ( 'NONE',  ( 49.23290854358262436, 43.63369128729535618, 0.7969654942207665682 ) ) ;
#4303 = ORIENTED_EDGE ( 'NONE', *, *, #1830, .T. ) ;
#4304 = CARTESIAN_POINT ( 'NONE',  ( 49.61704819046447312, 33.12242518473361486, -25.47613414108507257 ) ) ;
#4305 = CARTESIAN_POINT ( 'NONE',  ( 49.23290854358263857, 12.97899987468031568, 34.58043428889168780 ) ) ;
#4306 = CARTESIAN_POINT ( 'NONE',  ( 54.54334256235661371, 48.65842340579525427, -4.849403907097887156 ) ) ;
#4307 = CARTESIAN_POINT ( 'NONE',  ( 49.61704819046445891, 30.56936935113358089, 27.68836961395724217 ) ) ;
#4308 = FACE_OUTER_BOUND ( 'NONE', #5596, .T. ) ;
#4309 = B_SPLINE_CURVE_WITH_KNOTS ( 'NONE', 3,
 ( #3257, #558, #5330, #81, #3122, #2161, #1053, #626, #2630, #1118 ),
 .UNSPECIFIED., .F., .F.,
 ( 4, 2, 2, 2, 4 ),
 ( 1.554006304468970733E-17, 0.001890020855637487797, 0.003780041711274959981, 0.005670062566912431948, 0.007560083422549904349 ),
 .UNSPECIFIED. ) ;
#4310 = CARTESIAN_POINT ( 'NONE',  ( 49.23165480826241236, 4.881910635620167582, 34.60602366957835585 ) ) ;
#4311 = LINE ( 'NONE', #1656, #6502 ) ;
#4312 = CARTESIAN_POINT ( 'NONE',  ( 89.82643428741083369, 8.802826370247451848, 0.002660086549529081835 ) ) ;
#4313 = EDGE_CURVE ( 'NONE', #1433, #5388, #3298, .T. ) ;
#4314 = CARTESIAN_POINT ( 'NONE',  ( 89.83648776693894433, 8.799749070159725406, 0.008346323855920998250 ) ) ;
#4315 = CARTESIAN_POINT ( 'NONE',  ( 18.77401912713006382, 32.48306348028608426, -56.18337252551837935 ) ) ;
#4316 = CARTESIAN_POINT ( 'NONE',  ( 49.23165480826241236, 30.82808140696818455, -26.98754054080749398 ) ) ;
#4317 = ORIENTED_EDGE ( 'NONE', *, *, #1956, .T. ) ;
#4318 = VECTOR ( 'NONE', #1663, 999.9999999999998863 ) ;
#4319 = CARTESIAN_POINT ( 'NONE',  ( 49.30519197617820737, 2.464029575840035680, 34.31990277718849569 ) ) ;
#4320 = CARTESIAN_POINT ( 'NONE',  ( 53.00847882770924002, 21.68365319206084862, 36.39762562800881796 ) ) ;
#4321 = AXIS2_PLACEMENT_3D ( 'NONE', #1614, #3716, #1054 ) ;
#4322 = CARTESIAN_POINT ( 'NONE',  ( 18.78844479849039217, 50.07684464833526050, -44.86203833934538210 ) ) ;
#4323 = CARTESIAN_POINT ( 'NONE',  ( 28.65641647731176178, 79.63404889567917166, -9.529848432610338094 ) ) ;
#4324 = EDGE_CURVE ( 'NONE', #5151, #2419, #871, .T. ) ;
#4325 = ADVANCED_FACE ( 'NONE', ( #5522 ), #356, .F. ) ;
#4326 = ORIENTED_EDGE ( 'NONE', *, *, #5707, .F. ) ;
#4327 = VECTOR ( 'NONE', #4616, 1000.000000000000000 ) ;
#4328 = DIRECTION ( 'NONE',  ( 0.000000000000000000, 0.000000000000000000, 1.000000000000000000 ) ) ;
#4329 = CIRCLE ( 'NONE', #345, 34.11490221672030998 ) ;
#4330 = VERTEX_POINT ( 'NONE', #350 ) ;
#4331 = CARTESIAN_POINT ( 'NONE',  ( 54.30008724204793680, 20.64395479681266465, -28.08872707293821946 ) ) ;
#4332 = DIRECTION ( 'NONE',  ( 0.000000000000000000, 0.000000000000000000, 1.000000000000000000 ) ) ;
#4333 = CARTESIAN_POINT ( 'NONE',  ( 89.83648776693894433, 8.806245102029489402, 0.01377712898622344452 ) ) ;
#4334 = B_SPLINE_CURVE_WITH_KNOTS ( 'NONE', 3,
 ( #3972, #197, #762, #1941, #1359, #3487, #4962, #4043, #5590, #2348 ),
 .UNSPECIFIED., .F., .F.,
 ( 4, 2, 2, 2, 4 ),
 ( 1.040834085586084257E-17, 0.001890020855637481074, 0.003780041711274951741, 0.005670062566912422407, 0.007560083422549893073 ),
 .UNSPECIFIED. ) ;
#4335 = CARTESIAN_POINT ( 'NONE',  ( 22.50127774655940982, -30.35106408435498793, 51.45968584848289140 ) ) ;
#4336 = ORIENTED_EDGE ( 'NONE', *, *, #4241, .F. ) ;
#4337 = CARTESIAN_POINT ( 'NONE',  ( 89.82615535696581333, 8.806813216331963901, 0.007763122190125710219 ) ) ;
#4338 = EDGE_LOOP ( 'NONE', ( #3012, #5950, #2803, #6640 ) ) ;
#4339 =( BOUNDED_SURFACE ( )  B_SPLINE_SURFACE ( 3, 1, ( 
 ( #1742, #2664 ),
 ( #1713, #5944 ),
 ( #5364, #2194 ),
 ( #1182, #113 ) ),
 .UNSPECIFIED., .F., .F., .T. ) 
 B_SPLINE_SURFACE_WITH_KNOTS ( ( 4, 4 ),
 ( 2, 2 ),
 ( 0.000000000000000000, 1.000000000000000000 ),
 ( 0.000000000000000000, 1.000000000000000000 ),
 .UNSPECIFIED. ) 
 GEOMETRIC_REPRESENTATION_ITEM ( )  RATIONAL_B_SPLINE_SURFACE ( (
 ( 1.000000000000000000, 1.000000000000000000),
 ( 0.9936547718337395141, 0.8399137562987549765),
 ( 0.9936547718337395141, 0.8399137562987549765),
 ( 1.000000000000000000, 1.000000000000000000) ) ) 
 REPRESENTATION_ITEM ( '' )  SURFACE ( )  );
#4340 = FACE_OUTER_BOUND ( 'NONE', #4654, .T. ) ;
#4341 = CARTESIAN_POINT ( 'NONE',  ( 89.82643428741084790, 8.818577195606938091, -0.007462354267211700719 ) ) ;
#4342 = CARTESIAN_POINT ( 'NONE',  ( 51.35395742193604462, 31.18682892643303006, 29.40693895382550238 ) ) ;
#4343 = CARTESIAN_POINT ( 'NONE',  ( 26.06099036693303006, 72.54817351466984121, -25.10253801249992023 ) ) ;
#4344 = B_SPLINE_CURVE_WITH_KNOTS ( 'NONE', 3,
 ( #3427, #1431, #4568, #5006, #2525, #917, #5638, #3015, #6055, #2980 ),
 .UNSPECIFIED., .F., .F.,
 ( 4, 2, 2, 2, 4 ),
 ( 4.099823604698085054E-16, 0.003307310133422103164, 0.006614620266843796934, 0.009921930400265489836, 0.01322924053368718274 ),
 .UNSPECIFIED. ) ;
#4345 = DIRECTION ( 'NONE',  ( 0.7071067818211360656, 0.000000000000000000, -0.7071067805519589689 ) ) ;
#4346 =( BOUNDED_SURFACE ( )  B_SPLINE_SURFACE ( 3, 1, ( 
 ( #2064, #920 ),
 ( #4198, #6307 ),
 ( #390, #4167 ),
 ( #1547, #4605 ) ),
 .UNSPECIFIED., .F., .F., .T. ) 
 B_SPLINE_SURFACE_WITH_KNOTS ( ( 4, 4 ),
 ( 2, 2 ),
 ( 0.000000000000000000, 1.000000000000000000 ),
 ( 0.000000000000000000, 1.000000000000000000 ),
 .UNSPECIFIED. ) 
 GEOMETRIC_REPRESENTATION_ITEM ( )  RATIONAL_B_SPLINE_SURFACE ( (
 ( 1.000000000000000000, 1.000000000000000000),
 ( 0.9936547718337396251, 0.8399137562987545325),
 ( 0.9936547718337396251, 0.8399137562987545325),
 ( 1.000000000000000000, 1.000000000000000000) ) ) 
 REPRESENTATION_ITEM ( '' )  SURFACE ( )  );
#4347 = CARTESIAN_POINT ( 'NONE',  ( 49.56354134330945982, -15.45253816726003393, -25.44549488653759894 ) ) ;
#4348 = CARTESIAN_POINT ( 'NONE',  ( 89.82681805825623655, 8.809646861019189146, 0.009755237279884849608 ) ) ;
#4349 = LINE ( 'NONE', #31, #5645 ) ;
#4350 = FACE_OUTER_BOUND ( 'NONE', #3961, .T. ) ;
#4351 = B_SPLINE_CURVE_WITH_KNOTS ( 'NONE', 3,
 ( #3815, #148, #2166, #5893, #1057, #4265 ),
 .UNSPECIFIED., .F., .F.,
 ( 4, 2, 4 ),
 ( 1.432171564712973327E-16, 0.0007986073165776954880, 0.001597214633155247645 ),
 .UNSPECIFIED. ) ;
#4352 = CARTESIAN_POINT ( 'NONE',  ( 42.33298211887885287, -40.80942343691703655, -21.37143328491150740 ) ) ;
#4353 = ORIENTED_EDGE ( 'NONE', *, *, #809, .T. ) ;
#4354 = EDGE_CURVE ( 'NONE', #147, #5243, #6192, .T. ) ;
#4355 = CARTESIAN_POINT ( 'NONE',  ( 54.54334256235713241, 39.71119764499228921, -25.62204868992882822 ) ) ;
#4356 = CARTESIAN_POINT ( 'NONE',  ( 49.23165480826241236, -14.76742118073267385, 25.63247450502043634 ) ) ;
#4357 = CARTESIAN_POINT ( 'NONE',  ( 18.78844479849039928, 15.69414519909465433, 60.56409105043061203 ) ) ;
#4358 = LINE ( 'NONE', #3966, #4092 ) ;
#4359 = EDGE_CURVE ( 'NONE', #5133, #3413, #5282, .T. ) ;
#4360 = VERTEX_POINT ( 'NONE', #2631 ) ;
#4361 = DIRECTION ( 'NONE',  ( 0.000000000000000000, 0.000000000000000000, 1.000000000000000000 ) ) ;
#4362 = ORIENTED_EDGE ( 'NONE', *, *, #3146, .F. ) ;
#4363 = EDGE_CURVE ( 'NONE', #1414, #2426, #1016, .T. ) ;
#4364 = CARTESIAN_POINT ( 'NONE',  ( 18.78844479849039928, 59.09021721261510862, -34.46005189268178981 ) ) ;
#4365 = CARTESIAN_POINT ( 'NONE',  ( 18.76137069372868282, -29.28008936533704443, 47.61045917794942284 ) ) ;
#4366 = CARTESIAN_POINT ( 'NONE',  ( 49.23306814737767212, 23.94514746027161323, 31.37101879666984061 ) ) ;
#4367 = ADVANCED_FACE ( 'NONE', ( #82 ), #124, .T. ) ;
#4368 = ORIENTED_EDGE ( 'NONE', *, *, #991, .T. ) ;
#4369 = FACE_OUTER_BOUND ( 'NONE', #545, .T. ) ;
#4370 = ORIENTED_EDGE ( 'NONE', *, *, #3267, .F. ) ;
#4371 = EDGE_CURVE ( 'NONE', #3289, #1516, #3059, .T. ) ;
#4372 = CARTESIAN_POINT ( 'NONE',  ( 19.42422096688429534, -41.40434219323217491, 35.78110749705387406 ) ) ;
#4373 = B_SPLINE_CURVE_WITH_KNOTS ( 'NONE', 3,
 ( #3176, #2183, #1602, #6389, #3704, #5807, #5276, #4413 ),
 .UNSPECIFIED., .F., .F.,
 ( 4, 2, 2, 4 ),
 ( 9.965227682168975268E-18, 0.0002264431842541227288, 0.0004528863685082354829, 0.0009057727370164535101 ),
 .UNSPECIFIED. ) ;
#4374 = CARTESIAN_POINT ( 'NONE',  ( 42.43839482824581211, 22.87298597496439001, 52.04231469011118349 ) ) ;
#4375 = CARTESIAN_POINT ( 'NONE',  ( 28.65641647731176178, 46.90134057167036019, 60.46293677451386372 ) ) ;
#4376 =( BOUNDED_SURFACE ( )  B_SPLINE_SURFACE ( 3, 1, ( 
 ( #862, #1935 ),
 ( #1389, #895 ),
 ( #5513, #4552 ),
 ( #2963, #3481 ) ),
 .UNSPECIFIED., .F., .F., .T. ) 
 B_SPLINE_SURFACE_WITH_KNOTS ( ( 4, 4 ),
 ( 2, 2 ),
 ( 0.000000000000000000, 1.000000000000000000 ),
 ( 0.000000000000000000, 1.000000000000000000 ),
 .UNSPECIFIED. ) 
 GEOMETRIC_REPRESENTATION_ITEM ( )  RATIONAL_B_SPLINE_SURFACE ( (
 ( 1.000000000000000000, 1.000000000000000000),
 ( 0.9936547718337395141, 0.8399137562987549765),
 ( 0.9936547718337395141, 0.8399137562987549765),
 ( 1.000000000000000000, 1.000000000000000000) ) ) 
 REPRESENTATION_ITEM ( '' )  SURFACE ( )  );
#4377 = CARTESIAN_POINT ( 'NONE',  ( 54.30008724204793680, 34.93124134914322099, 15.70872280268736887 ) ) ;
#4378 = CARTESIAN_POINT ( 'NONE',  ( 28.07725316172350460, 10.33919420233177711, 70.22604214938338885 ) ) ;
#4379 = CARTESIAN_POINT ( 'NONE',  ( 89.82681805825623655, 8.811989328206838223, -0.01009203321598773836 ) ) ;
#4380 = DIRECTION ( 'NONE',  ( -1.000000000000000000, -0.000000000000000000, -0.000000000000000000 ) ) ;
#4381 = CARTESIAN_POINT ( 'NONE',  ( 89.82729936416122030, 8.811463485978038079, 0.01035372402148982546 ) ) ;
#4382 = FACE_OUTER_BOUND ( 'NONE', #27, .T. ) ;
#4383 = CARTESIAN_POINT ( 'NONE',  ( 49.30502353826711470, -6.947446749018358680, 31.14122546121898694 ) ) ;
#4384 = EDGE_LOOP ( 'NONE', ( #6812, #4564, #6566, #979 ) ) ;
#4385 = CARTESIAN_POINT ( 'NONE',  ( 18.78844479849039928, -1.647496342400044167, -60.04967518400378879 ) ) ;
#4386 = CARTESIAN_POINT ( 'NONE',  ( 54.62576016552275604, 5.894756008261325064, -30.68830847052391775 ) ) ;
#4387 = CARTESIAN_POINT ( 'NONE',  ( 18.78844479849039928, -14.85376631051043361, -56.17196444847039061 ) ) ;
#4388 = CARTESIAN_POINT ( 'NONE',  ( 19.27981613022931739, -44.37835603758328062, 30.76161908657924116 ) ) ;
#4389 = EDGE_LOOP ( 'NONE', ( #734, #1174, #692, #5561 ) ) ;
#4390 = CARTESIAN_POINT ( 'NONE',  ( 54.54334256235661371, 8.812244897959189416, -6.153557722908013615E-14 ) ) ;
#4391 = EDGE_CURVE ( 'NONE', #6669, #6775, #1083, .T. ) ;
#4392 = CARTESIAN_POINT ( 'NONE',  ( 42.43839482824583342, 61.99264238971312579, 8.829058871601139558 ) ) ;
#4393 = DIRECTION ( 'NONE',  ( -0.7588727602565363828, 0.6509540187232717434, -0.01926134078011543932 ) ) ;
#4394 = DIRECTION ( 'NONE',  ( -1.000000000000000000, -0.000000000000000000, -0.000000000000000000 ) ) ;
#4395 = EDGE_CURVE ( 'NONE', #6629, #42, #5783, .T. ) ;
#4396 = EDGE_LOOP ( 'NONE', ( #4218, #4889, #173, #2032 ) ) ;
#4397 = CARTESIAN_POINT ( 'NONE',  ( 89.84074713331158080, 8.802069800774493302, 0.004485739418366932116 ) ) ;
#4398 = EDGE_CURVE ( 'NONE', #6775, #2758, #1087, .T. ) ;
#4399 = ORIENTED_EDGE ( 'NONE', *, *, #3006, .T. ) ;
#4400 = CARTESIAN_POINT ( 'NONE',  ( 49.23433077323410600, -20.56004698393405050, -18.72109179748015606 ) ) ;
#4401 = DIRECTION ( 'NONE',  ( 0.000000000000000000, 0.000000000000000000, 1.000000000000000000 ) ) ;
#4402 = ADVANCED_FACE ( 'NONE', ( #1021 ), #4852, .F. ) ;
#4403 = CARTESIAN_POINT ( 'NONE',  ( 51.36229326913197468, 45.70202955634739084, -2.311721261487201584 ) ) ;
#4404 = EDGE_CURVE ( 'NONE', #6089, #3153, #1784, .T. ) ;
#4405 = VERTEX_POINT ( 'NONE', #527 ) ;
#4406 = CARTESIAN_POINT ( 'NONE',  ( 18.79321571199461260, -30.65062189950848293, -46.46207364206905766 ) ) ;
#4407 = CARTESIAN_POINT ( 'NONE',  ( 49.61704819046447312, 43.03670793561577312, -8.288812106334193075 ) ) ;
#4408 = CARTESIAN_POINT ( 'NONE',  ( 24.68883653248306942, -30.71492631096757364, -53.91901854406317796 ) ) ;
#4409 =( BOUNDED_SURFACE ( )  B_SPLINE_SURFACE ( 3, 1, ( 
 ( #2694, #4153 ),
 ( #6223, #5323 ),
 ( #4805, #1503 ),
 ( #4670, #6779 ) ),
 .UNSPECIFIED., .F., .F., .T. ) 
 B_SPLINE_SURFACE_WITH_KNOTS ( ( 4, 4 ),
 ( 2, 2 ),
 ( 0.000000000000000000, 1.000000000000000000 ),
 ( 0.000000000000000000, 1.000000000000000000 ),
 .UNSPECIFIED. ) 
 GEOMETRIC_REPRESENTATION_ITEM ( )  RATIONAL_B_SPLINE_SURFACE ( (
 ( 1.000000000000000000, 1.000000000000000000),
 ( 0.7724073758824714364, 0.9739345816297115821),
 ( 0.7724073758824714364, 0.9739345816297115821),
 ( 1.000000000000000000, 1.000000000000000000) ) ) 
 REPRESENTATION_ITEM ( '' )  SURFACE ( )  );
#4410 = CARTESIAN_POINT ( 'NONE',  ( 28.07725316172354013, -60.48168985663134123, -11.50561499319631942 ) ) ;
#4411 = CARTESIAN_POINT ( 'NONE',  ( 49.61704819046447312, 24.96023566041735720, 31.29314095270072116 ) ) ;
#4412 = CARTESIAN_POINT ( 'NONE',  ( 19.46190759237069301, 67.04421725030893242, 20.17327194350979624 ) ) ;
#4413 = CARTESIAN_POINT ( 'NONE',  ( 49.23165480826241236, 12.74257916029844750, -34.60602366957845533 ) ) ;
#4414 = ORIENTED_EDGE ( 'NONE', *, *, #1539, .T. ) ;
#4415 = DIRECTION ( 'NONE',  ( 0.000000000000000000, 0.000000000000000000, -1.000000000000000000 ) ) ;
#4416 = CARTESIAN_POINT ( 'NONE',  ( 18.79321399865037989, -30.65003944162106464, 46.46256439681710049 ) ) ;
#4417 = CARTESIAN_POINT ( 'NONE',  ( 54.54334256235713241, 44.95476903000359670, -17.46289235198611678 ) ) ;
#4418 = CARTESIAN_POINT ( 'NONE',  ( 18.85583905783801129, -14.38815595367039180, -56.43910484671918937 ) ) ;
#4419 = CARTESIAN_POINT ( 'NONE',  ( 26.06099036693303006, 77.03862278995893575, -6.129222711036612203 ) ) ;
#4420 = CARTESIAN_POINT ( 'NONE',  ( 49.61704819046447312, 5.478449869580968468, 35.05572830592440425 ) ) ;
#4421 = EDGE_LOOP ( 'NONE', ( #5856, #1148, #5426, #3817 ) ) ;
#4422 = LINE ( 'NONE', #6528, #5319 ) ;
#4423 = CONICAL_SURFACE ( 'NONE', #219, 40.14018759214401655, 0.8495922745902004802 ) ;
#4424 = CARTESIAN_POINT ( 'NONE',  ( 49.23306814737766501, 37.71031537579214898, -19.44343290058776930 ) ) ;
#4425 = CIRCLE ( 'NONE', #229, 40.14018759214401655 ) ;
#4426 = CARTESIAN_POINT ( 'NONE',  ( 28.07725316172353303, -30.43937143311271853, 58.25237493479069428 ) ) ;
#4427 = B_SPLINE_CURVE_WITH_KNOTS ( 'NONE', 3,
 ( #32, #2615, #4250, #4830, #4762, #1139, #4727, #6250, #3142, #6834, #1003, #579, #2181 ),
 .UNSPECIFIED., .F., .F.,
 ( 4, 3, 3, 3, 4 ),
 ( 1.734723475976807094E-18, 0.0004520762650173980953, 0.0009041524520694461942, 0.001356228616379092852, 0.002069674869633367567 ),
 .UNSPECIFIED. ) ;
#4428 = ORIENTED_EDGE ( 'NONE', *, *, #1189, .T. ) ;
#4429 = VECTOR ( 'NONE', #6082, 1000.000000000000227 ) ;
#4430 = B_SPLINE_CURVE_WITH_KNOTS ( 'NONE', 3,
 ( #5922, #3909, #2939, #1779, #6016, #1748, #2353, #6051, #3392, #3979, #5463, #801, #4495 ),
 .UNSPECIFIED., .F., .F.,
 ( 4, 3, 3, 3, 4 ),
 ( 1.366094737331735587E-17, 0.0009041618729686844332, 0.001808323717130794553, 0.002711696379629077724, 0.003615359634610208414 ),
 .UNSPECIFIED. ) ;
#4431 = CARTESIAN_POINT ( 'NONE',  ( 18.77401912713006027, 47.35291420099353132, 47.23871093047247172 ) ) ;
#4432 = ORIENTED_EDGE ( 'NONE', *, *, #1500, .F. ) ;
#4433 = CARTESIAN_POINT ( 'NONE',  ( 28.07725316172350105, 62.88548550309869256, 44.83428621717749252 ) ) ;
#4434 = LINE ( 'NONE', #3983, #2121 ) ;
#4435 = EDGE_CURVE ( 'NONE', #1254, #5537, #338, .T. ) ;
#4436 = VECTOR ( 'NONE', #3583, 1000.000000000000227 ) ;
#4437 = CIRCLE ( 'NONE', #794, 40.14018759214401655 ) ;
#4438 = CARTESIAN_POINT ( 'NONE',  ( 48.49086870021274365, -15.74628926482321134, -40.10185583775059115 ) ) ;
#4439 = CARTESIAN_POINT ( 'NONE',  ( 18.77401912713006027, 69.75165156323524229, -1.807682489461931219 ) ) ;
#4440 = EDGE_CURVE ( 'NONE', #5263, #6637, #2079, .T. ) ;
#4441 = CARTESIAN_POINT ( 'NONE',  ( 18.79148157003699993, 60.73441089840954987, -31.93617701111959306 ) ) ;
#4442 = EDGE_CURVE ( 'NONE', #6390, #6822, #5605, .T. ) ;
#4443 = EDGE_CURVE ( 'NONE', #902, #5967, #1218, .T. ) ;
#4444 = CARTESIAN_POINT ( 'NONE',  ( 18.80019331273212302, 59.77388375038366775, -33.46754729418544372 ) ) ;
#4445 = CARTESIAN_POINT ( 'NONE',  ( 28.07725316172349750, 8.812244897959189416, -6.153557722908013615E-14 ) ) ;
#4446 = DIRECTION ( 'NONE',  ( -1.000000000000000000, -0.000000000000000000, -0.000000000000000000 ) ) ;
#4447 = CARTESIAN_POINT ( 'NONE',  ( 48.49086870021275786, -37.57713528869665254, -7.701029006189998860 ) ) ;
#4448 = CARTESIAN_POINT ( 'NONE',  ( 23.24077445196136438, -37.32300583768824964, 46.36459009475653659 ) ) ;
#4449 = CARTESIAN_POINT ( 'NONE',  ( 19.04016012521986667, 66.73592362475626771, 19.77313259318196259 ) ) ;
#4450 = CARTESIAN_POINT ( 'NONE',  ( 49.46084658743957618, -33.36317036636248190, -18.16515705145482329 ) ) ;
#4451 = EDGE_LOOP ( 'NONE', ( #3780, #6206, #5695, #141 ) ) ;
#4452 = ADVANCED_FACE ( 'NONE', ( #1715 ), #797, .F. ) ;
#4453 = LINE ( 'NONE', #6554, #568 ) ;
#4454 = CARTESIAN_POINT ( 'NONE',  ( 51.36229326913195337, -13.59834419912195003, 29.39329453557131444 ) ) ;
#4455 = CARTESIAN_POINT ( 'NONE',  ( 54.54334256235711820, -13.61651786593594871, 33.28941664873946138 ) ) ;
#4456 = CARTESIAN_POINT ( 'NONE',  ( 18.77401912713006382, 67.79246041924180588, -15.43415620504258534 ) ) ;
#4457 = B_SPLINE_CURVE_WITH_KNOTS ( 'NONE', 3,
 ( #6176, #479, #6319, #6767, #3662, #5130, #2114, #5272, #539, #2146 ),
 .UNSPECIFIED., .F., .F.,
 ( 4, 2, 2, 2, 4 ),
 ( 0.000000000000000000, 0.003307264529468870954, 0.006614529058937741908, 0.009921793588406628908, 0.01322905811787551678 ),
 .UNSPECIFIED. ) ;
#4458 = ORIENTED_EDGE ( 'NONE', *, *, #2140, .F. ) ;
#4459 = DIRECTION ( 'NONE',  ( 0.000000000000000000, 0.000000000000000000, 1.000000000000000000 ) ) ;
#4460 = VERTEX_POINT ( 'NONE', #4963 ) ;
#4461 = CARTESIAN_POINT ( 'NONE',  ( 89.82643428741084790, 8.802883376880947353, 0.002854233313765549424 ) ) ;
#4462 = CARTESIAN_POINT ( 'NONE',  ( 18.79148157003699993, 18.67828045038706719, -60.15390317129985931 ) ) ;
#4463 = CARTESIAN_POINT ( 'NONE',  ( 28.07725316172350460, -9.507620385029623478, 67.81158533877702155 ) ) ;
#4464 = VERTEX_POINT ( 'NONE', #1183 ) ;
#4465 = FACE_OUTER_BOUND ( 'NONE', #1470, .T. ) ;
#4466 = ORIENTED_EDGE ( 'NONE', *, *, #6222, .T. ) ;
#4467 = CARTESIAN_POINT ( 'NONE',  ( 54.62576016552275604, 35.51534348100990712, 15.40222530244930788 ) ) ;
#4468 = CARTESIAN_POINT ( 'NONE',  ( 49.23443045783675842, 23.30001923021045229, -31.67561926364582092 ) ) ;
#4469 = CARTESIAN_POINT ( 'NONE',  ( 54.30008724204793680, -16.32713521988531369, 17.23303557122651597 ) ) ;
#4470 = DIRECTION ( 'NONE',  ( 0.7588727602565363828, -0.6191592603249230775, -0.2018760612220267814 ) ) ;
#4471 = VERTEX_POINT ( 'NONE', #3906 ) ;
#4472 = CARTESIAN_POINT ( 'NONE',  ( 18.79321571199461971, 60.41755312921194587, -32.44894921801196119 ) ) ;
#4473 = ADVANCED_FACE ( 'NONE', ( #5979 ), #6275, .F. ) ;
#4474 = CARTESIAN_POINT ( 'NONE',  ( 19.46190759237069301, 31.70013536706010981, 57.21947199010192975 ) ) ;
#4475 = CARTESIAN_POINT ( 'NONE',  ( 18.79148013494830494, -32.00949310312832807, -45.27047775016694686 ) ) ;
#4476 = DIRECTION ( 'NONE',  ( -1.000000000000000000, -0.000000000000000000, -0.000000000000000000 ) ) ;
#4477 = CARTESIAN_POINT ( 'NONE',  ( 89.82643428741083369, 8.820423081206781646, 0.005376062078904815002 ) ) ;
#4478 = CARTESIAN_POINT ( 'NONE',  ( 18.78844479849039928, -18.14175185507804144, -54.67039176333831563 ) ) ;
#4479 = EDGE_CURVE ( 'NONE', #6637, #6626, #250, .T. ) ;
#4480 = CARTESIAN_POINT ( 'NONE',  ( 52.60397151635674362, 6.472225189148905322, -38.12980561722633865 ) ) ;
#4481 = LINE ( 'NONE', #3800, #6414 ) ;
#4482 = ORIENTED_EDGE ( 'NONE', *, *, #4115, .F. ) ;
#4483 = CARTESIAN_POINT ( 'NONE',  ( 18.80019331273212302, 49.19173820833353972, -45.67999426894573389 ) ) ;
#4484 = ADVANCED_FACE ( 'NONE', ( #3785 ), #2986, .T. ) ;
#4485 = FACE_OUTER_BOUND ( 'NONE', #4290, .T. ) ;
#4486 = CARTESIAN_POINT ( 'NONE',  ( 20.99620941596855417, -3.554243802007595932, -61.93983957368355675 ) ) ;
#4487 = CARTESIAN_POINT ( 'NONE',  ( 89.82615535696581333, 8.805333802051732661, 0.006481202419033738407 ) ) ;
#4488 = EDGE_CURVE ( 'NONE', #3147, #2642, #171, .T. ) ;
#4489 = ORIENTED_EDGE ( 'NONE', *, *, #291, .T. ) ;
#4490 = CARTESIAN_POINT ( 'NONE',  ( 25.39554384420631550, -57.44132882160530329, -13.23698536474381449 ) ) ;
#4491 = CARTESIAN_POINT ( 'NONE',  ( 19.46190759237069301, 59.00194572524991088, 35.76195514535908870 ) ) ;
#4492 = DIRECTION ( 'NONE',  ( -0.7522347214610783928, -0.3020205228615695514, -0.5855992892744986689 ) ) ;
#4493 = CARTESIAN_POINT ( 'NONE',  ( 42.33298211887890972, -44.48642805508483633, 8.848705579480343530 ) ) ;
#4494 = EDGE_LOOP ( 'NONE', ( #2522, #5284, #1633, #5351 ) ) ;
#4495 = CARTESIAN_POINT ( 'NONE',  ( 18.78844479849039928, -1.647496342400044167, -60.04967518400378879 ) ) ;
#4496 = VERTEX_POINT ( 'NONE', #145 ) ;
#4497 = CARTESIAN_POINT ( 'NONE',  ( 89.82681805825623655, 8.804450485556285955, -0.006415729547286291162 ) ) ;
#4498 = FACE_OUTER_BOUND ( 'NONE', #2174, .T. ) ;
#4499 = CARTESIAN_POINT ( 'NONE',  ( 18.78690384720153617, 58.93767969775181115, 34.67988180142648247 ) ) ;
#4500 = CARTESIAN_POINT ( 'NONE',  ( 54.30008724204793680, 37.78841065567589652, 9.452394706631785937 ) ) ;
#4501 = ORIENTED_EDGE ( 'NONE', *, *, #6761, .F. ) ;
#4502 = CARTESIAN_POINT ( 'NONE',  ( 18.79234720619588828, 59.59878690370271670, -33.71309206015360616 ) ) ;
#4503 = CARTESIAN_POINT ( 'NONE',  ( 26.76916540935819810, 30.80165202787781809, 65.33538801288213449 ) ) ;
#4504 = CARTESIAN_POINT ( 'NONE',  ( 89.82615535696581333, 8.809934916685257633, -0.009188754973037621329 ) ) ;
#4505 = LINE ( 'NONE', #4575, #3325 ) ;
#4506 = CARTESIAN_POINT ( 'NONE',  ( 49.24038183582140249, -24.26037614365433726, -10.94711281757508203 ) ) ;
#4507 = CARTESIAN_POINT ( 'NONE',  ( 49.61704819046445891, 15.48983196032640741, -34.57496359180358780 ) ) ;
#4508 = CARTESIAN_POINT ( 'NONE',  ( 18.79321571199462326, 34.68216632954138134, -55.19772919350475604 ) ) ;
#4509 = CARTESIAN_POINT ( 'NONE',  ( 52.60448476329266754, 39.16146247320219942, -23.20177108701417268 ) ) ;
#4510 = ORIENTED_EDGE ( 'NONE', *, *, #2660, .T. ) ;
#4511 = CARTESIAN_POINT ( 'NONE',  ( 52.60397151635674362, 0.3150697382744535036, 37.24454031063767445 ) ) ;
#4512 = CARTESIAN_POINT ( 'NONE',  ( 18.79364760530904377, -16.78555009262710840, -55.32492686888812017 ) ) ;
#4513 = ADVANCED_FACE ( 'NONE', ( #1744 ), #1522, .F. ) ;
#4514 = CARTESIAN_POINT ( 'NONE',  ( 19.46190759237069301, -2.868418496962222619, -60.51021077145722415 ) ) ;
#4515 = DIRECTION ( 'NONE',  ( 0.000000000000000000, 0.000000000000000000, 1.000000000000000000 ) ) ;
#4516 = CARTESIAN_POINT ( 'NONE',  ( 54.54334256235712530, 19.28299131569718128, -38.75045973131024368 ) ) ;
#4517 = CARTESIAN_POINT ( 'NONE',  ( 19.36839877834437829, 20.45527863506399413, -60.42223957065724704 ) ) ;
#4518 =( BOUNDED_SURFACE ( )  B_SPLINE_SURFACE ( 3, 1, ( 
 ( #565, #2673 ),
 ( #4748, #599 ),
 ( #3789, #4782 ),
 ( #3290, #50 ) ),
 .UNSPECIFIED., .F., .F., .T. ) 
 B_SPLINE_SURFACE_WITH_KNOTS ( ( 4, 4 ),
 ( 2, 2 ),
 ( 0.000000000000000000, 1.000000000000000000 ),
 ( 0.000000000000000000, 1.000000000000000000 ),
 .UNSPECIFIED. ) 
 GEOMETRIC_REPRESENTATION_ITEM ( )  RATIONAL_B_SPLINE_SURFACE ( (
 ( 1.000000000000000000, 1.000000000000000000),
 ( 0.7724073758824716585, 0.9739345816297118041),
 ( 0.7724073758824716585, 0.9739345816297118041),
 ( 1.000000000000000000, 1.000000000000000000) ) ) 
 REPRESENTATION_ITEM ( '' )  SURFACE ( )  );
#4519 = ORIENTED_EDGE ( 'NONE', *, *, #2286, .T. ) ;
#4520 = FACE_OUTER_BOUND ( 'NONE', #6713, .T. ) ;
#4521 = ORIENTED_EDGE ( 'NONE', *, *, #5418, .F. ) ;
#4522 = CARTESIAN_POINT ( 'NONE',  ( 20.23383572758630322, 59.53349012336917667, 36.34620140704106461 ) ) ;
#4523 = EDGE_CURVE ( 'NONE', #1421, #6022, #6701, .T. ) ;
#4524 = CARTESIAN_POINT ( 'NONE',  ( 89.82729936416122030, 8.815911638406026540, -0.009714176254086968193 ) ) ;
#4525 = EDGE_CURVE ( 'NONE', #2969, #1125, #832, .T. ) ;
#4526 = CARTESIAN_POINT ( 'NONE',  ( 51.15501191307617290, -34.58790446272670493, 7.204498046196223804 ) ) ;
#4527 = ORIENTED_EDGE ( 'NONE', *, *, #1746, .T. ) ;
#4528 = CIRCLE ( 'NONE', #4961, 40.14018759214401655 ) ;
#4529 = CARTESIAN_POINT ( 'NONE',  ( 49.61704819046445891, -21.69065868450555001, 17.59520245376252134 ) ) ;
#4530 = AXIS2_PLACEMENT_3D ( 'NONE', #3321, #3388, #764 ) ;
#4531 = ORIENTED_EDGE ( 'NONE', *, *, #210, .T. ) ;
#4532 = DIRECTION ( 'NONE',  ( -0.7522347214610783928, -0.6403477948790249341, -0.1552340987732526156 ) ) ;
#4533 = DIRECTION ( 'NONE',  ( -1.000000000000000000, 0.000000000000000000, 0.000000000000000000 ) ) ;
#4534 = AXIS2_PLACEMENT_3D ( 'NONE', #5734, #3112, #3524 ) ;
#4535 = CARTESIAN_POINT ( 'NONE',  ( 49.23125140390099119, 41.89958334201544687, 10.87337109844896332 ) ) ;
#4536 = CONICAL_SURFACE ( 'NONE', #5755, 40.14018759214401655, 0.8495922745902004802 ) ;
#4537 = B_SPLINE_CURVE_WITH_KNOTS ( 'NONE', 3,
 ( #2756, #6483, #2787, #2275, #4383, #1831, #3340, #4920 ),
 .UNSPECIFIED., .F., .F.,
 ( 4, 2, 2, 4 ),
 ( 7.384300342650183380E-17, 0.0002264465145598560346, 0.0004528930291196382350, 0.0009057860582391937454 ),
 .UNSPECIFIED. ) ;
#4538 = CARTESIAN_POINT ( 'NONE',  ( 30.84680909296950446, -51.59708493493253201, -29.19116161054446934 ) ) ;
#4539 = ORIENTED_EDGE ( 'NONE', *, *, #5656, .F. ) ;
#4540 = EDGE_LOOP ( 'NONE', ( #3200, #1832, #2735, #3719 ) ) ;
#4541 = CARTESIAN_POINT ( 'NONE',  ( 53.79529533164529198, -27.63150261191696799, 14.95604635222698597 ) ) ;
#4542 = CIRCLE ( 'NONE', #3555, 70.24264068317124554 ) ;
#4543 = CARTESIAN_POINT ( 'NONE',  ( 19.11442843794944579, 36.73743837955549907, -54.54726022432325294 ) ) ;
#4544 = CARTESIAN_POINT ( 'NONE',  ( 49.61704819046445891, -21.69065868450555001, 17.59520245376252134 ) ) ;
#4545 = CARTESIAN_POINT ( 'NONE',  ( 26.06099036693303006, -51.89714451282317498, 31.72973445639624401 ) ) ;
#4546 = CARTESIAN_POINT ( 'NONE',  ( 52.60397151635675783, -13.77083422729235274, -30.81172351342446802 ) ) ;
#4547 = CARTESIAN_POINT ( 'NONE',  ( 49.61704819046447312, 15.48983196032594023, 34.57496359180355228 ) ) ;
#4548 = ORIENTED_EDGE ( 'NONE', *, *, #5200, .F. ) ;
#4549 = CARTESIAN_POINT ( 'NONE',  ( 25.39469577495207986, 42.19432652567245157, -58.73904873670635851 ) ) ;
#4550 = CARTESIAN_POINT ( 'NONE',  ( 49.23165480826241236, 4.881910635620167582, 34.60602366957835585 ) ) ;
#4551 = LINE ( 'NONE', #3514, #5615 ) ;
#4552 = CARTESIAN_POINT ( 'NONE',  ( 19.01941379036735214, -2.710346786907466665, 60.15727992596334417 ) ) ;
#4553 = CARTESIAN_POINT ( 'NONE',  ( 24.68797426277903995, 56.55614307936706808, 46.79810566908432889 ) ) ;
#4554 = ORIENTED_EDGE ( 'NONE', *, *, #597, .T. ) ;
#4555 = CARTESIAN_POINT ( 'NONE',  ( 54.54334256235661371, 8.812244897959189416, -6.153557722908013615E-14 ) ) ;
#4556 = ORIENTED_EDGE ( 'NONE', *, *, #1163, .F. ) ;
#4557 = CARTESIAN_POINT ( 'NONE',  ( 18.78844479849040638, 66.76212459006934807, -18.89923596840853293 ) ) ;
#4558 = CARTESIAN_POINT ( 'NONE',  ( 49.23433077323409179, 38.04323999892810093, -18.94095388020209825 ) ) ;
#4559 = CARTESIAN_POINT ( 'NONE',  ( 18.79234864102460278, 18.38076790317351339, -60.20206780156349424 ) ) ;
#4560 = CARTESIAN_POINT ( 'NONE',  ( 19.46190759237070012, -51.08210180147582946, -14.51174484338483239 ) ) ;
#4561 = VERTEX_POINT ( 'NONE', #6115 ) ;
#4562 = DIRECTION ( 'NONE',  ( -0.6602894071297538137, 0.000000000000000000, 0.7510112508027015910 ) ) ;
#4563 = EDGE_CURVE ( 'NONE', #1549, #1102, #5191, .T. ) ;
#4564 = ORIENTED_EDGE ( 'NONE', *, *, #3921, .T. ) ;
#4565 = CARTESIAN_POINT ( 'NONE',  ( 26.76916540935823008, -59.75364431623943062, -7.139032776604383734 ) ) ;
#4566 = B_SPLINE_CURVE_WITH_KNOTS ( 'NONE', 3,
 ( #441, #4581, #2504, #3620, #2543, #6689, #1036, #4139, #2440, #2039, #5616, #2994, #3138 ),
 .UNSPECIFIED., .F., .F.,
 ( 4, 3, 3, 3, 4 ),
 ( 1.551583845779545699E-17, 0.0009041618729686687122, 0.001808323717130777856, 0.002711696379629072087, 0.003615359634610209282 ),
 .UNSPECIFIED. ) ;
#4567 = EDGE_CURVE ( 'NONE', #783, #5774, #4594, .T. ) ;
#4568 = CARTESIAN_POINT ( 'NONE',  ( 20.99620941596851154, -35.07831290978956673, -45.42128030455233301 ) ) ;
#4569 = CARTESIAN_POINT ( 'NONE',  ( 18.80019331273212302, -52.15333595287192736, -0.6027503083776032389 ) ) ;
#4570 = VERTEX_POINT ( 'NONE', #5104 ) ;
#4571 = VERTEX_POINT ( 'NONE', #6664 ) ;
#4572 = CARTESIAN_POINT ( 'NONE',  ( 18.79321399865036568, 59.76604650948902275, -33.46269380906336011 ) ) ;
#4573 = CARTESIAN_POINT ( 'NONE',  ( 18.79364822255247702, -31.10694739117014151, 46.07018697436915033 ) ) ;
#4574 = CARTESIAN_POINT ( 'NONE',  ( 89.82729936416122030, 8.817185178188168493, 0.009132570123287751113 ) ) ;
#4575 = CARTESIAN_POINT ( 'NONE',  ( 217.5334579613141841, 35.12288913180492500, -8.000000000000060396 ) ) ;
#4576 = CARTESIAN_POINT ( 'NONE',  ( 49.23395903331218904, -26.01620536752264101, 0.4320557307765688915 ) ) ;
#4577 = CARTESIAN_POINT ( 'NONE',  ( 49.30502353826710049, 37.39365961794585758, 20.03113917475535288 ) ) ;
#4578 = VERTEX_POINT ( 'NONE', #2385 ) ;
#4579 = CARTESIAN_POINT ( 'NONE',  ( 89.83648776693894433, 8.799461860268415592, -0.007899416541743370032 ) ) ;
#4580 = B_SPLINE_CURVE_WITH_KNOTS ( 'NONE', 3,
 ( #4601, #6124, #1404, #3497, #5599, #5075, #2463, #6672, #6709, #1542 ),
 .UNSPECIFIED., .F., .F.,
 ( 4, 2, 2, 2, 4 ),
 ( 0.000000000000000000, 0.003307264529468976338, 0.006614529058937952677, 0.009921793588406929015, 0.01322905811787590535 ),
 .UNSPECIFIED. ) ;
#4581 = CARTESIAN_POINT ( 'NONE',  ( 18.79018048702202393, -43.26608494663873472, 31.67837846447552863 ) ) ;
#4582 = CARTESIAN_POINT ( 'NONE',  ( 54.54334256235661371, 8.812244897959189416, -6.153557722908013615E-14 ) ) ;
#4583 = CARTESIAN_POINT ( 'NONE',  ( 49.23165480826241236, 30.82808140696781152, 26.98754054080766807 ) ) ;
#4584 = CARTESIAN_POINT ( 'NONE',  ( 49.51003444762826433, 42.92719707667994555, -8.286348524896618883 ) ) ;
#4585 = CARTESIAN_POINT ( 'NONE',  ( 18.79148157003701414, 16.29316605241632843, 60.49683085042281760 ) ) ;
#4586 = CARTESIAN_POINT ( 'NONE',  ( 18.78844479849039928, 19.27198613831963669, -60.04967518400358273 ) ) ;
#4587 = ORIENTED_EDGE ( 'NONE', *, *, #6804, .F. ) ;
#4588 = CARTESIAN_POINT ( 'NONE',  ( 51.35395742193604462, 45.68876301398139361, 2.347867270513588345 ) ) ;
#4589 = ORIENTED_EDGE ( 'NONE', *, *, #641, .T. ) ;
#4590 =( BOUNDED_SURFACE ( )  B_SPLINE_SURFACE ( 3, 1, ( 
 ( #6284, #30 ),
 ( #6248, #6210 ),
 ( #3553, #1560 ),
 ( #1450, #5239 ) ),
 .UNSPECIFIED., .F., .F., .T. ) 
 B_SPLINE_SURFACE_WITH_KNOTS ( ( 4, 4 ),
 ( 2, 2 ),
 ( 0.000000000000000000, 1.000000000000000000 ),
 ( 0.000000000000000000, 1.000000000000000000 ),
 .UNSPECIFIED. ) 
 GEOMETRIC_REPRESENTATION_ITEM ( )  RATIONAL_B_SPLINE_SURFACE ( (
 ( 1.000000000000000000, 1.000000000000000000),
 ( 0.7724073758824714364, 0.9739345816297115821),
 ( 0.7724073758824714364, 0.9739345816297115821),
 ( 1.000000000000000000, 1.000000000000000000) ) ) 
 REPRESENTATION_ITEM ( '' )  SURFACE ( )  );
#4591 = CARTESIAN_POINT ( 'NONE',  ( 51.15501191307614448, -23.80323836406588711, 29.52470166169421617 ) ) ;
#4592 = CARTESIAN_POINT ( 'NONE',  ( 49.23165480826241236, 30.82808140696781152, 26.98754054080766807 ) ) ;
#4593 = CARTESIAN_POINT ( 'NONE',  ( 49.37576540558968219, -19.75976223280789057, 20.16748011349023528 ) ) ;
#4594 = LINE ( 'NONE', #5066, #5517 ) ;
#4595 = CARTESIAN_POINT ( 'NONE',  ( 54.62576016552275604, -16.29098008187643032, 17.89167722197367638 ) ) ;
#4596 = ORIENTED_EDGE ( 'NONE', *, *, #4731, .F. ) ;
#4597 = CARTESIAN_POINT ( 'NONE',  ( 50.05827993638285278, -20.16784928334825366, -20.77140593799680701 ) ) ;
#4598 = VERTEX_POINT ( 'NONE', #3526 ) ;
#4599 = CARTESIAN_POINT ( 'NONE',  ( 49.61704819046447312, -7.335745864498768753, -31.29314095270094853 ) ) ;
#4600 = CARTESIAN_POINT ( 'NONE',  ( 49.27748177091820736, 43.66122431621957389, 1.331344887014632050 ) ) ;
#4601 = CARTESIAN_POINT ( 'NONE',  ( 28.07725316172378172, 72.05778207902487509, -30.56191415509811904 ) ) ;
#4602 = EDGE_CURVE ( 'NONE', #4772, #3788, #5633, .T. ) ;
#4603 = CARTESIAN_POINT ( 'NONE',  ( 49.23165480826241236, -14.76742118073267385, 25.63247450502043634 ) ) ;
#4604 = ORIENTED_EDGE ( 'NONE', *, *, #5279, .F. ) ;
#4605 = CARTESIAN_POINT ( 'NONE',  ( 18.77401912713006382, 61.05504298256150264, 31.42561135427707342 ) ) ;
#4606 = ORIENTED_EDGE ( 'NONE', *, *, #2048, .F. ) ;
#4607 = CARTESIAN_POINT ( 'NONE',  ( 49.23165480826241236, 42.50668425944228090, 8.815279788439811526 ) ) ;
#4608 = FACE_OUTER_BOUND ( 'NONE', #3751, .T. ) ;
#4609 = ADVANCED_FACE ( 'NONE', ( #277 ), #2223, .F. ) ;
#4610 = CARTESIAN_POINT ( 'NONE',  ( 42.33298211887889551, -7.531585638995012211, -51.49686720925075889 ) ) ;
#4611 = EDGE_CURVE ( 'NONE', #6139, #4033, #3728, .T. ) ;
#4612 = CARTESIAN_POINT ( 'NONE',  ( 49.23306814737767922, -26.01027244103903513, 0.7333801719604973179 ) ) ;
#4613 = CARTESIAN_POINT ( 'NONE',  ( 49.23084801259430776, -24.25096655042783667, 10.94603587010370127 ) ) ;
#4614 = ORIENTED_EDGE ( 'NONE', *, *, #140, .F. ) ;
#4615 = B_SPLINE_CURVE_WITH_KNOTS ( 'NONE', 3,
 ( #4127, #4538, #1432, #1372, #6645, #3532, #5043 ),
 .UNSPECIFIED., .F., .F.,
 ( 4, 3, 4 ),
 ( 0.000000000000000000, 0.01258337285662353838, 0.04008255950779791854 ),
 .UNSPECIFIED. ) ;
#4616 = DIRECTION ( 'NONE',  ( -1.000000000000000000, 0.000000000000000000, 0.000000000000000000 ) ) ;
#4617 = CARTESIAN_POINT ( 'NONE',  ( 18.85592173195390586, -32.88880036475695334, -44.54956717659283072 ) ) ;
#4618 = DIRECTION ( 'NONE',  ( -1.000000000000000000, -0.000000000000000000, -0.000000000000000000 ) ) ;
#4619 = CARTESIAN_POINT ( 'NONE',  ( 42.33298211887890261, 48.86597039700720302, -36.25944294435298332 ) ) ;
#4620 = CARTESIAN_POINT ( 'NONE',  ( 18.79364760530902956, -52.14678706146430187, 0.3017681193954522278 ) ) ;
#4621 = CARTESIAN_POINT ( 'NONE',  ( 49.56354134330948824, -21.63846829387846427, -17.57859417960961324 ) ) ;
#4622 = CARTESIAN_POINT ( 'NONE',  ( 18.79148157003701414, -41.80717078482390292, -33.96329607381325388 ) ) ;
#4623 = VERTEX_POINT ( 'NONE', #3940 ) ;
#4624 = CARTESIAN_POINT ( 'NONE',  ( 52.60397151635675783, 46.88696359905749489, 3.110235437602537178 ) ) ;
#4625 = EDGE_LOOP ( 'NONE', ( #1112, #4967, #880, #3246 ) ) ;
#4626 = CARTESIAN_POINT ( 'NONE',  ( 49.46084658743961882, -25.23166383707184224, 30.81802818907893027 ) ) ;
#4627 = CARTESIAN_POINT ( 'NONE',  ( 19.46190759237070012, 59.00194572525040115, -35.76195514535852737 ) ) ;
#4628 = CARTESIAN_POINT ( 'NONE',  ( 23.24077445196168057, 72.69027745719834854, -14.06177554424370513 ) ) ;
#4629 = CARTESIAN_POINT ( 'NONE',  ( 20.99620941596849022, -14.27160829466134473, 58.79293742416329138 ) ) ;
#4630 = CARTESIAN_POINT ( 'NONE',  ( 49.46084658743965434, -36.48879754928128705, 7.520248441062553191 ) ) ;
#4631 = ORIENTED_EDGE ( 'NONE', *, *, #5873, .F. ) ;
#4632 =( BOUNDED_SURFACE ( )  B_SPLINE_SURFACE ( 3, 1, ( 
 ( #181, #6612 ),
 ( #2879, #6061 ),
 ( #4946, #1268 ),
 ( #4981, #2811 ) ),
 .UNSPECIFIED., .F., .F., .T. ) 
 B_SPLINE_SURFACE_WITH_KNOTS ( ( 4, 4 ),
 ( 2, 2 ),
 ( 0.000000000000000000, 1.000000000000000000 ),
 ( 0.000000000000000000, 1.000000000000000000 ),
 .UNSPECIFIED. ) 
 GEOMETRIC_REPRESENTATION_ITEM ( )  RATIONAL_B_SPLINE_SURFACE ( (
 ( 1.000000000000000000, 1.000000000000000000),
 ( 0.9936547718337396251, 0.8399137562987545325),
 ( 0.9936547718337396251, 0.8399137562987545325),
 ( 1.000000000000000000, 1.000000000000000000) ) ) 
 REPRESENTATION_ITEM ( '' )  SURFACE ( )  );
#4633 = CARTESIAN_POINT ( 'NONE',  ( 49.27030864395452170, 41.86481980351008758, -11.10221398020190620 ) ) ;
#4634 = ORIENTED_EDGE ( 'NONE', *, *, #1198, .T. ) ;
#4635 = CARTESIAN_POINT ( 'NONE',  ( 26.06099036693303006, -13.95467967650535179, 64.60706738990768372 ) ) ;
#4636 = DIRECTION ( 'NONE',  ( 0.7588727602565363828, -0.2879368039985844008, 0.5841271528046837469 ) ) ;
#4637 = B_SPLINE_CURVE_WITH_KNOTS ( 'NONE', 3,
 ( #6360, #1144, #3309, #2220, #3803, #5422, #1635, #1176, #3279, #2729, #2760, #6456, #617 ),
 .UNSPECIFIED., .F., .F.,
 ( 4, 3, 3, 3, 4 ),
 ( 2.602085213965210642E-18, 0.0004520762650173983663, 0.0009041524520694459773, 0.001356228616379090250, 0.002069674869633365832 ),
 .UNSPECIFIED. ) ;
#4638 = LINE ( 'NONE', #804, #1505 ) ;
#4639 = CARTESIAN_POINT ( 'NONE',  ( 28.07725316172354368, -45.26099570718001530, -44.83428621717803253 ) ) ;
#4640 = CARTESIAN_POINT ( 'NONE',  ( 19.46190759237069301, 59.00194572524991088, 35.76195514535908870 ) ) ;
#4641 = ORIENTED_EDGE ( 'NONE', *, *, #1951, .F. ) ;
#4642 = CARTESIAN_POINT ( 'NONE',  ( 89.82643428741083369, 8.802883376880950905, -0.002854233313883605162 ) ) ;
#4643 = ORIENTED_EDGE ( 'NONE', *, *, #3467, .F. ) ;
#4644 = EDGE_CURVE ( 'NONE', #3456, #1335, #5519, .T. ) ;
#4645 = DIRECTION ( 'NONE',  ( 0.7588727602565363828, 0.07357512779440733564, 0.6470694200089061043 ) ) ;
#4646 = VECTOR ( 'NONE', #5544, 1000.000000000000227 ) ;
#4647 = CARTESIAN_POINT ( 'NONE',  ( 18.79364884033509142, -31.33472319264109274, 45.87282314853193554 ) ) ;
#4648 = CARTESIAN_POINT ( 'NONE',  ( 54.54334256235712530, -1.658501519778019073, -38.75045973131046395 ) ) ;
#4649 = ADVANCED_FACE ( 'NONE', ( #1361 ), #134, .F. ) ;
#4650 = CARTESIAN_POINT ( 'NONE',  ( 49.23411246815348363, -26.01722974460601279, -0.3213985222632174676 ) ) ;
#4651 = CIRCLE ( 'NONE', #5194, 40.14018759214401655 ) ;
#4652 = CARTESIAN_POINT ( 'NONE',  ( 49.41824768824508141, 30.53302033276547789, -27.46390371142749487 ) ) ;
#4653 = EDGE_CURVE ( 'NONE', #5908, #3809, #4223, .T. ) ;
#4654 = EDGE_LOOP ( 'NONE', ( #489, #1939, #1718, #6379 ) ) ;
#4655 = DIRECTION ( 'NONE',  ( 0.000000000000000000, 0.000000000000000000, 1.000000000000000000 ) ) ;
#4656 = CARTESIAN_POINT ( 'NONE',  ( 30.84680909296951512, 58.55047181566964554, 45.02798940786007620 ) ) ;
#4657 = VECTOR ( 'NONE', #2954, 1000.000000000000114 ) ;
#4658 = CARTESIAN_POINT ( 'NONE',  ( 19.46190759237069301, 31.70013536706010981, 57.21947199010192975 ) ) ;
#4659 = EDGE_CURVE ( 'NONE', #359, #5719, #5306, .T. ) ;
#4660 = CARTESIAN_POINT ( 'NONE',  ( 89.82729936416122030, 8.814412119795196787, 0.01015447464475738824 ) ) ;
#4661 = VECTOR ( 'NONE', #4840, 1000.000000000000227 ) ;
#4662 = CARTESIAN_POINT ( 'NONE',  ( 18.79234864102461700, 16.59219679546338000, 60.45922550411863483 ) ) ;
#4663 = ORIENTED_EDGE ( 'NONE', *, *, #673, .T. ) ;
#4664 = CARTESIAN_POINT ( 'NONE',  ( 54.54334256235712530, -22.08670784907337747, -25.62204868992947837 ) ) ;
#4665 = ORIENTED_EDGE ( 'NONE', *, *, #2450, .F. ) ;
#4666 = VECTOR ( 'NONE', #1652, 1000.000000000000114 ) ;
#4667 = CARTESIAN_POINT ( 'NONE',  ( 49.23443045783675842, 31.60696269023899418, 26.33707086234163697 ) ) ;
#4668 = CARTESIAN_POINT ( 'NONE',  ( 19.46190759237069301, 14.65242683903252363, -61.34994523100078112 ) ) ;
#4669 = CARTESIAN_POINT ( 'NONE',  ( 28.07725316172351171, -12.43781464225212474, 66.95120267540063708 ) ) ;
#4670 = CARTESIAN_POINT ( 'NONE',  ( 89.84074713331158080, 8.815236911707989620, -0.01070991664657114720 ) ) ;
#4671 = EDGE_LOOP ( 'NONE', ( #3038, #453, #1004, #3056 ) ) ;
#4672 = CARTESIAN_POINT ( 'NONE',  ( 19.27981613022931384, 68.51480235578911504, -14.53003336907559273 ) ) ;
#4673 = ORIENTED_EDGE ( 'NONE', *, *, #2462, .T. ) ;
#4674 = CARTESIAN_POINT ( 'NONE',  ( 89.83068436596586537, 8.816556783133886910, 0.01397507012531721410 ) ) ;
#4675 = CARTESIAN_POINT ( 'NONE',  ( 52.84917723814559309, 41.19464633613393545, 26.85187502886754984 ) ) ;
#4676 = CARTESIAN_POINT ( 'NONE',  ( 22.50029827766107715, -43.26201102196704085, -38.34069865995630266 ) ) ;
#4677 = CARTESIAN_POINT ( 'NONE',  ( 50.05827993638285989, 43.48815183971424148, -8.299315704637329816 ) ) ;
#4678 = CARTESIAN_POINT ( 'NONE',  ( 89.82729936416122030, 8.802107766439059233, 0.002246946893484061143 ) ) ;
#4679 = B_SPLINE_CURVE_WITH_KNOTS ( 'NONE', 3,
 ( #3529, #3118, #3634, #5632, #5595, #1981, #2021, #6226, #913, #978, #5109, #4081, #6742 ),
 .UNSPECIFIED., .F., .F.,
 ( 4, 3, 3, 3, 4 ),
 ( 6.938893903907228378E-18, 0.0004520762650173993421, 0.0009041524520694516152, 0.001356228616379088515, 0.002069674869633367567 ),
 .UNSPECIFIED. ) ;
#4680 = ORIENTED_EDGE ( 'NONE', *, *, #3558, .F. ) ;
#4681 = CARTESIAN_POINT ( 'NONE',  ( 54.17539151718673907, 7.592108474759242220, -39.75512425038486697 ) ) ;
#4682 = VERTEX_POINT ( 'NONE', #1570 ) ;
#4683 = CARTESIAN_POINT ( 'NONE',  ( 20.23383572758631388, 67.71883155859723047, 20.58409876409730899 ) ) ;
#4684 = CARTESIAN_POINT ( 'NONE',  ( 49.23244927482063105, 14.64244545863065206, 34.33818880905769078 ) ) ;
#4685 = CARTESIAN_POINT ( 'NONE',  ( 53.79462347678106227, -30.36826791828828220, -4.082214979759207552 ) ) ;
#4686 = CARTESIAN_POINT ( 'NONE',  ( 18.78844479849039928, -14.85376631051043361, -56.17196444847039061 ) ) ;
#4687 = CARTESIAN_POINT ( 'NONE',  ( 22.50127774655941337, -21.72810531062787831, -57.00132496008869509 ) ) ;
#4688 = ORIENTED_EDGE ( 'NONE', *, *, #1028, .T. ) ;
#4689 = CARTESIAN_POINT ( 'NONE',  ( 28.07725316172355079, -43.26111742286241935, -47.14226879085853028 ) ) ;
#4690 = CARTESIAN_POINT ( 'NONE',  ( 49.23306814737767922, 4.582399393847977898, 34.57244520297636114 ) ) ;
#4691 = CARTESIAN_POINT ( 'NONE',  ( 18.77401912713006027, -14.85857368436731640, 56.18337252551842198 ) ) ;
#4692 = CARTESIAN_POINT ( 'NONE',  ( 19.01941379036735214, -52.37255643011368988, -2.844034752095974561 ) ) ;
#4693 = EDGE_CURVE ( 'NONE', #2232, #800, #4119, .T. ) ;
#4694 = CARTESIAN_POINT ( 'NONE',  ( 49.27030864395447907, -21.22308205339890819, -17.70906542068968292 ) ) ;
#4695 = CARTESIAN_POINT ( 'NONE',  ( 18.77401912713006382, 15.69554381381565022, 60.57639141392925808 ) ) ;
#4696 = VERTEX_POINT ( 'NONE', #6778 ) ;
#4697 = CARTESIAN_POINT ( 'NONE',  ( 49.23372534307176096, 32.04161663220140355, -25.95421878688864581 ) ) ;
#4698 = ORIENTED_EDGE ( 'NONE', *, *, #519, .F. ) ;
#4699 = EDGE_CURVE ( 'NONE', #1188, #4927, #781, .T. ) ;
#4700 = CARTESIAN_POINT ( 'NONE',  ( 49.23423108862792219, 31.83386035101165490, 26.13870299466209701 ) ) ;
#4701 = CARTESIAN_POINT ( 'NONE',  ( 24.68797426277903639, -13.92327725683150419, 62.87001304374324917 ) ) ;
#4702 = ADVANCED_FACE ( 'NONE', ( #5811, #974 ), #2051, .F. ) ;
#4703 = CARTESIAN_POINT ( 'NONE',  ( 18.79234864102458857, -17.32956818228786489, 55.06769660120872345 ) ) ;
#4704 = ORIENTED_EDGE ( 'NONE', *, *, #1506, .T. ) ;
#4705 = CARTESIAN_POINT ( 'NONE',  ( 52.60448476329266754, -18.47250960452203472, -26.73835000038291909 ) ) ;
#4706 = ORIENTED_EDGE ( 'NONE', *, *, #3135, .T. ) ;
#4707 = CARTESIAN_POINT ( 'NONE',  ( 54.54334256235661371, 8.812244897959189416, -6.153557722908013615E-14 ) ) ;
#4708 = CARTESIAN_POINT ( 'NONE',  ( 50.49951337408885621, 43.93959747475607713, 8.309819343214094545 ) ) ;
#4709 = CARTESIAN_POINT ( 'NONE',  ( 42.33298211887889551, -19.40355771510236238, 46.07511922815410799 ) ) ;
#4710 = CARTESIAN_POINT ( 'NONE',  ( 28.07725316172355079, 7.285295593587122198, -70.22604214938357359 ) ) ;
#4711 = CARTESIAN_POINT ( 'NONE',  ( 20.23383572758630677, -19.94561877437934072, 55.37757985810285533 ) ) ;
#4712 = CARTESIAN_POINT ( 'NONE',  ( 54.62576016552275604, 14.65883041823494004, -30.26716795403300608 ) ) ;
#4713 = ORIENTED_EDGE ( 'NONE', *, *, #2915, .T. ) ;
#4714 = CARTESIAN_POINT ( 'NONE',  ( 89.82615535696581333, 8.802926911537353405, -0.001715913891192862679 ) ) ;
#4715 = ORIENTED_EDGE ( 'NONE', *, *, #2795, .T. ) ;
#4716 = CARTESIAN_POINT ( 'NONE',  ( 54.17539151718671064, -30.36458599197328212, 6.865461271931168064 ) ) ;
#4717 = CARTESIAN_POINT ( 'NONE',  ( 54.54334256235712530, 44.95476903000335511, 17.46289235198649692 ) ) ;
#4718 = CARTESIAN_POINT ( 'NONE',  ( 18.78844479849039928, 61.04443518392158552, -31.41922937391437287 ) ) ;
#4719 = CARTESIAN_POINT ( 'NONE',  ( 19.46190759237069301, 67.04421725030920243, -20.17327194350917452 ) ) ;
#4720 = CARTESIAN_POINT ( 'NONE',  ( 49.27030864395451459, 30.61553026459783311, -27.20934784904203596 ) ) ;
#4721 = VERTEX_POINT ( 'NONE', #6327 ) ;
#4722 = CARTESIAN_POINT ( 'NONE',  ( 89.82643428741083369, 8.805912600311440741, -0.007462354267206603234 ) ) ;
#4723 = LINE ( 'NONE', #125, #2328 ) ;
#4724 = DIRECTION ( 'NONE',  ( -1.000000000000000000, -0.000000000000000000, -0.000000000000000000 ) ) ;
#4725 = CARTESIAN_POINT ( 'NONE',  ( 89.82643428741083369, 8.816218304911300763, 0.008944090892867902903 ) ) ;
#4726 = CARTESIAN_POINT ( 'NONE',  ( 49.61704819046447312, 24.96023566041735720, 31.29314095270072116 ) ) ;
#4727 = CARTESIAN_POINT ( 'NONE',  ( 49.23433077323409890, -14.09592172270433430, -26.23788693025278107 ) ) ;
#4728 = ORIENTED_EDGE ( 'NONE', *, *, #3338, .F. ) ;
#4729 = CARTESIAN_POINT ( 'NONE',  ( 26.76987644061281202, -52.72960685436134298, -31.06357135380759615 ) ) ;
#4730 = ORIENTED_EDGE ( 'NONE', *, *, #4893, .T. ) ;
#4731 = EDGE_CURVE ( 'NONE', #6676, #1618, #5865, .T. ) ;
#4732 = CARTESIAN_POINT ( 'NONE',  ( 89.84074713331158080, 8.812098381927738089, 0.01111903745381098707 ) ) ;
#4733 = DIRECTION ( 'NONE',  ( 0.000000000000000000, 0.000000000000000000, 1.000000000000000000 ) ) ;
#4734 = CARTESIAN_POINT ( 'NONE',  ( 89.82615535696581333, 8.812617258590396574, -0.009467342763458183943 ) ) ;
#4735 =( BOUNDED_SURFACE ( )  B_SPLINE_SURFACE ( 3, 1, ( 
 ( #4982, #1269 ),
 ( #2432, #6026 ),
 ( #5471, #1826 ),
 ( #1412, #884 ) ),
 .UNSPECIFIED., .F., .F., .T. ) 
 B_SPLINE_SURFACE_WITH_KNOTS ( ( 4, 4 ),
 ( 2, 2 ),
 ( 0.000000000000000000, 1.000000000000000000 ),
 ( 0.000000000000000000, 1.000000000000000000 ),
 .UNSPECIFIED. ) 
 GEOMETRIC_REPRESENTATION_ITEM ( )  RATIONAL_B_SPLINE_SURFACE ( (
 ( 1.000000000000000000, 1.000000000000000000),
 ( 0.7724073758824714364, 0.9739345816297115821),
 ( 0.7724073758824714364, 0.9739345816297115821),
 ( 1.000000000000000000, 1.000000000000000000) ) ) 
 REPRESENTATION_ITEM ( '' )  SURFACE ( )  );
#4736 = CARTESIAN_POINT ( 'NONE',  ( 48.49086870021271523, 33.37077906074184597, 40.10185583775030693 ) ) ;
#4737 = EDGE_CURVE ( 'NONE', #2558, #6815, #6770, .T. ) ;
#4738 = EDGE_LOOP ( 'NONE', ( #1355, #5588, #6197, #3262 ) ) ;
#4739 = CARTESIAN_POINT ( 'NONE',  ( 22.90123142467806971, 21.91059208905297950, 63.85245572490943999 ) ) ;
#4740 = VERTEX_POINT ( 'NONE', #518 ) ;
#4741 = EDGE_CURVE ( 'NONE', #2481, #5985, #3636, .T. ) ;
#4742 = CARTESIAN_POINT ( 'NONE',  ( 49.37576540558968929, -26.12741997545322192, 1.518770602251121593 ) ) ;
#4743 = EDGE_CURVE ( 'NONE', #5791, #202, #4217, .T. ) ;
#4744 = CARTESIAN_POINT ( 'NONE',  ( 19.46190759237069301, -29.26911333288972372, 48.45341742586767708 ) ) ;
#4745 = CARTESIAN_POINT ( 'NONE',  ( 54.30008724204793680, -10.45370651251561966, 23.61755838264948437 ) ) ;
#4746 = CARTESIAN_POINT ( 'NONE',  ( 52.60448476329266754, 44.46880020769649633, -13.71157366779205411 ) ) ;
#4747 = EDGE_LOOP ( 'NONE', ( #5063, #3477, #5837, #2065 ) ) ;
#4748 = CARTESIAN_POINT ( 'NONE',  ( 89.83648776693894433, 8.818244693888891206, -0.01377712898634655611 ) ) ;
#4749 = ORIENTED_EDGE ( 'NONE', *, *, #384, .F. ) ;
#4750 = CARTESIAN_POINT ( 'NONE',  ( 49.46084658743964724, 20.79031944017328470, -44.33130173684453723 ) ) ;
#4751 = VECTOR ( 'NONE', #6821, 1000.000000000000000 ) ;
#4752 = CARTESIAN_POINT ( 'NONE',  ( 49.46084658743959039, 9.808937523704521766, 45.91018609450163979 ) ) ;
#4753 = CARTESIAN_POINT ( 'NONE',  ( 18.76137069372868282, -2.224165387235327529, -59.96648564639038881 ) ) ;
#4754 = FACE_OUTER_BOUND ( 'NONE', #5045, .T. ) ;
#4755 = ORIENTED_EDGE ( 'NONE', *, *, #2332, .F. ) ;
#4756 = CARTESIAN_POINT ( 'NONE',  ( 89.82615535696581333, 8.821562884381027203, 0.001715913891069734175 ) ) ;
#4757 = CONICAL_SURFACE ( 'NONE', #2661, 40.14018759214401655, 0.8495922745902004802 ) ;
#4758 = CONICAL_SURFACE ( 'NONE', #5308, 40.14018759214401655, 0.8495922745902004802 ) ;
#4759 = CARTESIAN_POINT ( 'NONE',  ( 54.54334256235661371, 8.812244897959189416, -6.153557722908013615E-14 ) ) ;
#4760 = CARTESIAN_POINT ( 'NONE',  ( 18.79148013494830494, -52.13345270085766003, 1.205152833195005435 ) ) ;
#4761 = DIRECTION ( 'NONE',  ( 0.000000000000000000, -1.000000000000000000, -0.000000000000000000 ) ) ;
#4762 = CARTESIAN_POINT ( 'NONE',  ( 49.23395903331218904, -14.32206553970281249, -26.03865013059479594 ) ) ;
#4763 = AXIS2_PLACEMENT_3D ( 'NONE', #1086, #3680, #4332 ) ;
#4764 = VERTEX_POINT ( 'NONE', #1109 ) ;
#4765 = CARTESIAN_POINT ( 'NONE',  ( 28.07725316172349750, 8.812244897959189416, -6.153557722908013615E-14 ) ) ;
#4766 = ORIENTED_EDGE ( 'NONE', *, *, #2365, .F. ) ;
#4767 = CARTESIAN_POINT ( 'NONE',  ( 49.23411246815349074, -24.51584286882415498, -10.12097656833529769 ) ) ;
#4768 = AXIS2_PLACEMENT_3D ( 'NONE', #4015, #5173, #3045 ) ;
#4769 = DIRECTION ( 'NONE',  ( 0.000000000000000000, 0.000000000000000000, 1.000000000000000000 ) ) ;
#4770 = DIRECTION ( 'NONE',  ( 0.000000000000000000, 0.000000000000000000, 1.000000000000000000 ) ) ;
#4771 = CARTESIAN_POINT ( 'NONE',  ( 18.79364760530904377, -16.23655421946687127, 55.57564488337247610 ) ) ;
#4772 = VERTEX_POINT ( 'NONE', #415 ) ;
#4773 = CARTESIAN_POINT ( 'NONE',  ( 54.17539151718672485, -22.03169276627992090, -25.11195226220550580 ) ) ;
#4774 = ORIENTED_EDGE ( 'NONE', *, *, #2794, .T. ) ;
#4775 = CARTESIAN_POINT ( 'NONE',  ( 19.27520315313952537, 58.87338239656026673, -35.62064479101872649 ) ) ;
#4776 = CARTESIAN_POINT ( 'NONE',  ( 18.79364760530903311, -49.76253584929974494, -16.88459954628604365 ) ) ;
#4777 = CARTESIAN_POINT ( 'NONE',  ( 18.80019331273212302, -15.96549169814623426, -55.70663448448039645 ) ) ;
#4778 = CARTESIAN_POINT ( 'NONE',  ( 89.82615535696581333, 8.809934916685261186, 0.009188754972918029493 ) ) ;
#4779 = FACE_OUTER_BOUND ( 'NONE', #5828, .T. ) ;
#4780 = EDGE_CURVE ( 'NONE', #3756, #4041, #830, .T. ) ;
#4781 = ORIENTED_EDGE ( 'NONE', *, *, #3605, .F. ) ;
#4782 = CARTESIAN_POINT ( 'NONE',  ( 22.90123142467806971, 72.33573167598613907, 14.61059303388453401 ) ) ;
#4783 = ORIENTED_EDGE ( 'NONE', *, *, #2376, .F. ) ;
#4784 = CARTESIAN_POINT ( 'NONE',  ( 49.23165480826241236, 32.39191097665088392, 25.63247450502059621 ) ) ;
#4785 = ADVANCED_FACE ( 'NONE', ( #6810 ), #3674, .F. ) ;
#4786 = CARTESIAN_POINT ( 'NONE',  ( 19.10106442482187461, -14.10594763518339256, 56.81879542614517220 ) ) ;
#4787 = B_SPLINE_CURVE_WITH_KNOTS ( 'NONE', 3,
 ( #619, #2731, #4837, #2762, #4869, #138, #2253 ),
 .UNSPECIFIED., .F., .F.,
 ( 4, 3, 4 ),
 ( 3.469446951953614189E-18, 0.01258337285662342216, 0.04008255950779791854 ),
 .UNSPECIFIED. ) ;
#4788 = CARTESIAN_POINT ( 'NONE',  ( 30.84680909296949025, 75.41374051144656221, -8.102581630483555841 ) ) ;
#4789 = EDGE_CURVE ( 'NONE', #417, #4623, #6458, .T. ) ;
#4790 = CARTESIAN_POINT ( 'NONE',  ( 18.77401912713006027, -43.43055318664290354, -31.42561135427756369 ) ) ;
#4791 = VERTEX_POINT ( 'NONE', #6431 ) ;
#4792 = CARTESIAN_POINT ( 'NONE',  ( 89.82681805825623655, 8.821531101782573714, 0.003959907685764939116 ) ) ;
#4793 = CARTESIAN_POINT ( 'NONE',  ( 89.83068436596585116, 8.826748290718461121, -0.001883225222699897892 ) ) ;
#4794 = CARTESIAN_POINT ( 'NONE',  ( 89.82729936416122030, 8.808578157512352291, 0.009714176253963872215 ) ) ;
#4795 = CARTESIAN_POINT ( 'NONE',  ( 49.23125094256060663, 14.86620772159627357, -34.29798361081157765 ) ) ;
#4796 = CARTESIAN_POINT ( 'NONE',  ( 18.78690642288626833, 61.18080480662545995, 31.18954029131820604 ) ) ;
#4797 = ORIENTED_EDGE ( 'NONE', *, *, #4404, .T. ) ;
#4798 = CARTESIAN_POINT ( 'NONE',  ( 27.43416548070727856, -53.58161357525301582, -30.84634334743912021 ) ) ;
#4799 = ORIENTED_EDGE ( 'NONE', *, *, #3415, .F. ) ;
#4800 = B_SPLINE_CURVE_WITH_KNOTS ( 'NONE', 3,
 ( #3465, #179, #1230, #2268, #2909, #4403, #6094, #5008 ),
 .UNSPECIFIED., .F., .F.,
 ( 4, 2, 2, 4 ),
 ( 1.153949739205086528E-17, 0.001890109674892160229, 0.003780219349784309183, 0.007560438699568633111 ),
 .UNSPECIFIED. ) ;
#4801 = CARTESIAN_POINT ( 'NONE',  ( 49.27748177091822157, 2.534924312354605913, 34.30479692357990018 ) ) ;
#4802 = CARTESIAN_POINT ( 'NONE',  ( 19.01941379036735214, -44.19728664810129715, 30.68644672317230615 ) ) ;
#4803 = CARTESIAN_POINT ( 'NONE',  ( 49.23372534307176096, -6.164025642873185440, 31.44736085418112381 ) ) ;
#4804 = CARTESIAN_POINT ( 'NONE',  ( 18.78844479849039928, -43.41994538800299352, 31.41922937391461446 ) ) ;
#4805 = CARTESIAN_POINT ( 'NONE',  ( 89.83648776693891591, 8.822284609985100445, -0.01118083256028538919 ) ) ;
#4806 = EDGE_LOOP ( 'NONE', ( #2849, #3970, #2607, #4631 ) ) ;
#4807 = CARTESIAN_POINT ( 'NONE',  ( 54.54334256235712530, -20.94638774325758135, -26.93804824514160146 ) ) ;
#4808 = ORIENTED_EDGE ( 'NONE', *, *, #6725, .T. ) ;
#4809 = CARTESIAN_POINT ( 'NONE',  ( 17.53340716131418375, 8.812244897959189416, -8.000000000000060396 ) ) ;
#4810 = CARTESIAN_POINT ( 'NONE',  ( 28.07725316172350460, -27.87026843959725753, 59.90343717504941878 ) ) ;
#4811 = CARTESIAN_POINT ( 'NONE',  ( 89.82615535696581333, 8.811872537327982258, 0.009467342763335108782 ) ) ;
#4812 = CARTESIAN_POINT ( 'NONE',  ( 33.61636502379867864, 66.38536742742768126, 27.82040897255599887 ) ) ;
#4813 = DIRECTION ( 'NONE',  ( 0.000000000000000000, 0.000000000000000000, 1.000000000000000000 ) ) ;
#4814 = EDGE_LOOP ( 'NONE', ( #5251, #3276, #1711, #5782 ) ) ;
#4815 = CARTESIAN_POINT ( 'NONE',  ( 49.23395903331217482, 43.64069516344102340, -0.4320557307769198330 ) ) ;
#4816 = ORIENTED_EDGE ( 'NONE', *, *, #718, .T. ) ;
#4817 =( BOUNDED_SURFACE ( )  B_SPLINE_SURFACE ( 3, 1, ( 
 ( #3861, #6173 ),
 ( #4035, #5090 ),
 ( #5162, #2579 ),
 ( #3659, #476 ) ),
 .UNSPECIFIED., .F., .F., .T. ) 
 B_SPLINE_SURFACE_WITH_KNOTS ( ( 4, 4 ),
 ( 2, 2 ),
 ( 0.000000000000000000, 1.000000000000000000 ),
 ( 0.000000000000000000, 1.000000000000000000 ),
 .UNSPECIFIED. ) 
 GEOMETRIC_REPRESENTATION_ITEM ( )  RATIONAL_B_SPLINE_SURFACE ( (
 ( 1.000000000000000000, 1.000000000000000000),
 ( 0.7724073758824714364, 0.9739345816297115821),
 ( 0.7724073758824714364, 0.9739345816297115821),
 ( 1.000000000000000000, 1.000000000000000000) ) ) 
 REPRESENTATION_ITEM ( '' )  SURFACE ( )  );
#4818 = CARTESIAN_POINT ( 'NONE',  ( 89.82729936416122030, 8.822382029479316046, 0.002246946893479625455 ) ) ;
#4819 = ADVANCED_FACE ( 'NONE', ( #1707 ), #2913, .F. ) ;
#4820 = CARTESIAN_POINT ( 'NONE',  ( 18.78690642288627544, -14.60700771079038773, 56.27425786040099354 ) ) ;
#4821 = CARTESIAN_POINT ( 'NONE',  ( 54.54334256235712530, -27.33027923408486259, -17.46289235198686995 ) ) ;
#4822 = CARTESIAN_POINT ( 'NONE',  ( 89.82729936416122030, 8.819558004457967115, 0.007370799083910186018 ) ) ;
#4823 = EDGE_CURVE ( 'NONE', #4025, #5275, #6005, .T. ) ;
#4824 = CARTESIAN_POINT ( 'NONE',  ( 18.79148013494830849, 67.62874430513872426, 16.01405153741656662 ) ) ;
#4825 = EDGE_CURVE ( 'NONE', #6102, #5263, #690, .T. ) ;
#4826 = EDGE_CURVE ( 'NONE', #2602, #2616, #6079, .T. ) ;
#4827 = CARTESIAN_POINT ( 'NONE',  ( 18.78844479849039928, 69.73927735607354350, 1.807316344059575419 ) ) ;
#4828 = CARTESIAN_POINT ( 'NONE',  ( 19.46190759237070012, -44.56752894042212176, -30.79810464809308002 ) ) ;
#4829 = CARTESIAN_POINT ( 'NONE',  ( 19.46190759237069301, -19.44296595228116331, 54.76829890328966854 ) ) ;
#4830 = CARTESIAN_POINT ( 'NONE',  ( 49.23351359036897179, -14.43398582245137440, -25.93774546035270490 ) ) ;
#4831 = B_SPLINE_CURVE_WITH_KNOTS ( 'NONE', 3,
 ( #3400, #2398, #5959, #156, #1199, #3367, #5470 ),
 .UNSPECIFIED., .F., .F.,
 ( 4, 3, 4 ),
 ( 7.987266704438207352E-17, 0.01258337285662352277, 0.04008255950779793242 ),
 .UNSPECIFIED. ) ;
#4832 = LINE ( 'NONE', #3145, #4318 ) ;
#4833 = ORIENTED_EDGE ( 'NONE', *, *, #2083, .T. ) ;
#4834 = CARTESIAN_POINT ( 'NONE',  ( 18.79017952991917895, 1.630863587800188474, 60.53180690509293527 ) ) ;
#4835 = CARTESIAN_POINT ( 'NONE',  ( 49.61704819046447312, 39.31514848042381516, 17.59520245376272740 ) ) ;
#4836 = CARTESIAN_POINT ( 'NONE',  ( 19.46190759237070012, -19.44296595228044922, -54.76829890329015171 ) ) ;
#4837 = CARTESIAN_POINT ( 'NONE',  ( 33.61636502379862179, -40.41082867146428725, 40.81333877021816647 ) ) ;
#4838 = CARTESIAN_POINT ( 'NONE',  ( 19.10106442482186395, -49.13675994362489519, 19.88798382276083743 ) ) ;
#4839 = ORIENTED_EDGE ( 'NONE', *, *, #950, .F. ) ;
#4840 = DIRECTION ( 'NONE',  ( -0.7522347214610782817, -0.2447850323436892850, 0.6117378619710184262 ) ) ;
#4841 = ORIENTED_EDGE ( 'NONE', *, *, #6625, .T. ) ;
#4842 = DIRECTION ( 'NONE',  ( -0.7588727602565363828, 0.2528953403045450243, -0.6001300530658948418 ) ) ;
#4843 = CARTESIAN_POINT ( 'NONE',  ( 89.82643428741083369, 8.821663425670926983, -0.002660086549652219013 ) ) ;
#4844 = CARTESIAN_POINT ( 'NONE',  ( 54.54334256235661371, 8.812244897959189416, -6.153557722908013615E-14 ) ) ;
#4845 = EDGE_LOOP ( 'NONE', ( #2825, #4370, #5395, #1766 ) ) ;
#4846 = CARTESIAN_POINT ( 'NONE',  ( 89.84074713331158080, 8.806110235331733094, -0.009274716992805312477 ) ) ;
#4847 = VERTEX_POINT ( 'NONE', #3833 ) ;
#4848 = CARTESIAN_POINT ( 'NONE',  ( 54.62576016552275604, 11.72973378765725805, 30.68830847052377919 ) ) ;
#4849 = CARTESIAN_POINT ( 'NONE',  ( 89.82615535696581333, 8.809220361866669791, 0.008978942747520641046 ) ) ;
#4850 = CARTESIAN_POINT ( 'NONE',  ( 89.82615535696581333, 8.821562884381027203, 0.001715913891069734175 ) ) ;
#4851 = EDGE_CURVE ( 'NONE', #1091, #42, #3312, .T. ) ;
#4852 =( BOUNDED_SURFACE ( )  B_SPLINE_SURFACE ( 3, 1, ( 
 ( #4778, #45 ),
 ( #5258, #4262 ),
 ( #2162, #6786 ),
 ( #5746, #6369 ) ),
 .UNSPECIFIED., .F., .F., .T. ) 
 B_SPLINE_SURFACE_WITH_KNOTS ( ( 4, 4 ),
 ( 2, 2 ),
 ( 0.000000000000000000, 1.000000000000000000 ),
 ( 0.000000000000000000, 1.000000000000000000 ),
 .UNSPECIFIED. ) 
 GEOMETRIC_REPRESENTATION_ITEM ( )  RATIONAL_B_SPLINE_SURFACE ( (
 ( 1.000000000000000000, 1.000000000000000000),
 ( 0.9936547718337395141, 0.8399137562987549765),
 ( 0.9936547718337395141, 0.8399137562987549765),
 ( 1.000000000000000000, 1.000000000000000000) ) ) 
 REPRESENTATION_ITEM ( '' )  SURFACE ( )  );
#4853 = CARTESIAN_POINT ( 'NONE',  ( 18.79234864102461344, 48.04388201627033084, 46.65537749394487577 ) ) ;
#4854 = EDGE_CURVE ( 'NONE', #6789, #5791, #5392, .T. ) ;
#4855 = CARTESIAN_POINT ( 'NONE',  ( 49.23372534307177517, -24.76145620028565020, 9.275331722962892655 ) ) ;
#4856 = FACE_OUTER_BOUND ( 'NONE', #1393, .T. ) ;
#4857 = PLANE ( 'NONE',  #3675 ) ;
#4858 = CARTESIAN_POINT ( 'NONE',  ( 49.61704819046445891, 39.31514848042405674, -17.59520245376243253 ) ) ;
#4859 = EDGE_CURVE ( 'NONE', #6396, #3231, #6355, .T. ) ;
#4860 = ORIENTED_EDGE ( 'NONE', *, *, #6461, .F. ) ;
#4861 = VECTOR ( 'NONE', #4492, 1000.000000000000114 ) ;
#4862 = CARTESIAN_POINT ( 'NONE',  ( 53.79529533164531330, -21.94166959089593760, 24.61761155485545416 ) ) ;
#4863 = EDGE_LOOP ( 'NONE', ( #4976, #2901, #3749, #5813 ) ) ;
#4864 = EDGE_CURVE ( 'NONE', #4571, #5417, #4049, .T. ) ;
#4865 = CARTESIAN_POINT ( 'NONE',  ( 49.23165480826241236, -24.29922132257632228, -10.80070397518025871 ) ) ;
#4866 = CARTESIAN_POINT ( 'NONE',  ( 89.82615535696581333, 8.817050080193432393, -0.008165748902341007920 ) ) ;
#4867 = AXIS2_PLACEMENT_3D ( 'NONE', #722, #3281, #2822 ) ;
#4868 = CARTESIAN_POINT ( 'NONE',  ( 22.90123142467807327, -36.72802981046063309, 46.63460282581608851 ) ) ;
#4869 = CARTESIAN_POINT ( 'NONE',  ( 42.43839482824577658, -32.68606671915429729, 34.40925879568017365 ) ) ;
#4870 = ORIENTED_EDGE ( 'NONE', *, *, #6625, .F. ) ;
#4871 = CARTESIAN_POINT ( 'NONE',  ( 22.50127774655941337, -54.26615833079794982, -14.24707282844764578 ) ) ;
#4872 = CIRCLE ( 'NONE', #1893, 40.14018759214401655 ) ;
#4873 = EDGE_LOOP ( 'NONE', ( #6261, #1399, #2982, #4706 ) ) ;
#4874 = DIRECTION ( 'NONE',  ( -1.000000000000000000, -0.000000000000000000, -0.000000000000000000 ) ) ;
#4875 = CARTESIAN_POINT ( 'NONE',  ( 53.79462347678109779, 47.55576451158538731, -7.121569464216880974 ) ) ;
#4876 = CARTESIAN_POINT ( 'NONE',  ( 26.76987644061280491, -30.69346276860761691, 56.49463730409678419 ) ) ;
#4877 = ORIENTED_EDGE ( 'NONE', *, *, #4780, .F. ) ;
#4878 = CARTESIAN_POINT ( 'NONE',  ( 49.23165480826241236, 43.62537402925171648, -1.034621535195273889 ) ) ;
#4879 = ORIENTED_EDGE ( 'NONE', *, *, #4018, .F. ) ;
#4880 = B_SPLINE_CURVE_WITH_KNOTS ( 'NONE', 3,
 ( #4945, #2397, #4503, #2916, #1883, #3051, #2363, #1852, #1511, #4474 ),
 .UNSPECIFIED., .F., .F.,
 ( 4, 2, 2, 2, 4 ),
 ( 0.000000000000000000, 0.003307264529468856643, 0.006614529058937710683, 0.009921793588406562989, 0.01322905811787541790 ),
 .UNSPECIFIED. ) ;
#4881 = CARTESIAN_POINT ( 'NONE',  ( 49.37576540558968219, 32.84066971695754233, 25.41105362487695629 ) ) ;
#4882 = FACE_OUTER_BOUND ( 'NONE', #5166, .T. ) ;
#4883 = CARTESIAN_POINT ( 'NONE',  ( 18.77401912713006027, -50.16797062332332757, 15.43415620504283403 ) ) ;
#4884 = CARTESIAN_POINT ( 'NONE',  ( 19.27981613022928897, -49.26827160081100487, -20.05419756430096712 ) ) ;
#4885 = FACE_OUTER_BOUND ( 'NONE', #1986, .T. ) ;
#4886 = DIRECTION ( 'NONE',  ( 1.000000000000000000, 0.000000000000000000, 0.000000000000000000 ) ) ;
#4887 = CARTESIAN_POINT ( 'NONE',  ( 89.82545070715441682, 8.803036891240074269, -0.001159772792844611898 ) ) ;
#4888 = CARTESIAN_POINT ( 'NONE',  ( 49.23165480826241236, 38.65827140111222349, 17.95101957010304616 ) ) ;
#4889 = ORIENTED_EDGE ( 'NONE', *, *, #4741, .F. ) ;
#4890 = DIRECTION ( 'NONE',  ( 0.7522347214610782817, -0.4547689546248910308, 0.4767893892881400753 ) ) ;
#4891 = ORIENTED_EDGE ( 'NONE', *, *, #811, .T. ) ;
#4892 = CARTESIAN_POINT ( 'NONE',  ( 49.23165480826241236, -24.88219446352384168, -8.815279788440157915 ) ) ;
#4893 = EDGE_CURVE ( 'NONE', #3393, #536, #4787, .T. ) ;
#4894 = CARTESIAN_POINT ( 'NONE',  ( 49.61704819046447312, 21.88733777072541997, 32.69648639714314697 ) ) ;
#4895 = CARTESIAN_POINT ( 'NONE',  ( 19.27981613022928187, -14.06645349110999810, -57.02703215786300461 ) ) ;
#4896 = CARTESIAN_POINT ( 'NONE',  ( 89.84074713331158080, 8.818379560586645738, -0.009274716992799896670 ) ) ;
#4897 = EDGE_CURVE ( 'NONE', #5586, #5894, #4358, .T. ) ;
#4898 = ORIENTED_EDGE ( 'NONE', *, *, #1246, .F. ) ;
#4899 = CARTESIAN_POINT ( 'NONE',  ( 52.84917723814557888, -14.69339434286382406, -34.88736217241584825 ) ) ;
#4900 = ORIENTED_EDGE ( 'NONE', *, *, #5844, .F. ) ;
#4901 = DIRECTION ( 'NONE',  ( -0.7588727602565363828, -0.6509540187232718544, 0.01926134078011118578 ) ) ;
#4902 = EDGE_CURVE ( 'NONE', #5881, #5263, #5011, .T. ) ;
#4903 = CARTESIAN_POINT ( 'NONE',  ( 89.82545070715441682, 8.812407365968226713, -0.009279335365064637908 ) ) ;
#4904 = ADVANCED_FACE ( 'NONE', ( #335 ), #2444, .F. ) ;
#4905 = CARTESIAN_POINT ( 'NONE',  ( 23.23982137879183085, -30.51450661308725287, 52.26297439979361314 ) ) ;
#4906 = ORIENTED_EDGE ( 'NONE', *, *, #636, .T. ) ;
#4907 = CARTESIAN_POINT ( 'NONE',  ( 42.43839482824581921, 25.11979634904765746, -51.38259163967171617 ) ) ;
#4908 = B_SPLINE_CURVE_WITH_KNOTS ( 'NONE', 3,
 ( #1677, #788, #1352, #4990, #3480, #269, #5026, #3446, #297, #3410, #5480, #2378, #1314 ),
 .UNSPECIFIED., .F., .F.,
 ( 4, 3, 3, 3, 4 ),
 ( 6.938893903907228378E-18, 0.0009041618729686847584, 0.001808323717130798022, 0.002711696379629080760, 0.003615359634610215353 ),
 .UNSPECIFIED. ) ;
#4909 = ORIENTED_EDGE ( 'NONE', *, *, #5494, .T. ) ;
#4910 = CARTESIAN_POINT ( 'NONE',  ( 49.23165480826241236, -19.91506434010349125, -19.69177761335575738 ) ) ;
#4911 = CARTESIAN_POINT ( 'NONE',  ( 19.46190759237069301, 2.972062956886270868, 61.34994523100070296 ) ) ;
#4912 = DIRECTION ( 'NONE',  ( -1.000000000000000000, -0.000000000000000000, -0.000000000000000000 ) ) ;
#4913 = CARTESIAN_POINT ( 'NONE',  ( 18.79148013494832981, -49.32519293105873714, 18.32672288858146459 ) ) ;
#4914 = CARTESIAN_POINT ( 'NONE',  ( 49.23411246815346232, 42.14033266474262973, 10.12097656833495307 ) ) ;
#4915 = CARTESIAN_POINT ( 'NONE',  ( 35.20511764130958454, 70.49285517456148398, 7.504250372102377220 ) ) ;
#4916 = CARTESIAN_POINT ( 'NONE',  ( 49.61704819046445891, -12.94487955521501910, -27.68836961395750862 ) ) ;
#4917 = CARTESIAN_POINT ( 'NONE',  ( 18.80019331273212302, 0.7325532982688913730, -60.43081945553424816 ) ) ;
#4918 = CARTESIAN_POINT ( 'NONE',  ( 24.68883653248304455, -38.93265280413108087, 46.79831800344708626 ) ) ;
#4919 = ORIENTED_EDGE ( 'NONE', *, *, #1580, .T. ) ;
#4920 = CARTESIAN_POINT ( 'NONE',  ( 49.61704819046446602, -7.335745864499178204, 31.29314095270061813 ) ) ;
#4921 = VERTEX_POINT ( 'NONE', #6107 ) ;
#4922 = DIRECTION ( 'NONE',  ( -1.000000000000000000, -0.000000000000000000, -0.000000000000000000 ) ) ;
#4923 = DIRECTION ( 'NONE',  ( 0.000000000000000000, 0.000000000000000000, 1.000000000000000000 ) ) ;
#4924 = CARTESIAN_POINT ( 'NONE',  ( 48.49086870021275786, -34.37647568706963597, 18.60147456747943195 ) ) ;
#4925 = CARTESIAN_POINT ( 'NONE',  ( 20.99620941596849732, 3.227334540418953956, 62.91488333835064140 ) ) ;
#4926 = CARTESIAN_POINT ( 'NONE',  ( 54.30008724204793680, 29.44757983081784758, 22.43098080596067945 ) ) ;
#4927 = VERTEX_POINT ( 'NONE', #4003 ) ;
#4928 = CARTESIAN_POINT ( 'NONE',  ( 54.54334256235661371, 8.812244897959189416, -6.153557722908013615E-14 ) ) ;
#4929 = ADVANCED_FACE ( 'NONE', ( #370 ), #4376, .F. ) ;
#4930 = CARTESIAN_POINT ( 'NONE',  ( 49.23244927482063105, 37.62540725948782949, -19.56793611989635906 ) ) ;
#4931 = EDGE_CURVE ( 'NONE', #4041, #6089, #2555, .T. ) ;
#4932 = MANIFOLD_SOLID_BREP ( '<Metric - Straight bevel pinion 6M22PT 22GT 20PA 40FW ---22O55H200MD55R1>-<Keyway>', #237 ) ;
#4933 = CARTESIAN_POINT ( 'NONE',  ( 89.82545070715441682, 8.809474720167903783, -0.008857684555002489496 ) ) ;
#4934 = CARTESIAN_POINT ( 'NONE',  ( 20.99620941596851154, -29.90043462903655325, 49.90793737493227411 ) ) ;
#4935 = EDGE_LOOP ( 'NONE', ( #5772, #2520, #5462, #3612 ) ) ;
#4936 = LINE ( 'NONE', #1845, #353 ) ;
#4937 = ADVANCED_FACE ( 'NONE', ( #299 ), #5064, .F. ) ;
#4938 = B_SPLINE_CURVE_WITH_KNOTS ( 'NONE', 3,
 ( #3913, #1722, #2778, #5007, #4374, #670, #6474 ),
 .UNSPECIFIED., .F., .F.,
 ( 4, 3, 4 ),
 ( 3.469446951953614189E-18, 0.01258337285662351583, 0.04008255950779794630 ),
 .UNSPECIFIED. ) ;
#4939 = VERTEX_POINT ( 'NONE', #4516 ) ;
#4940 = CARTESIAN_POINT ( 'NONE',  ( 28.07725316172350460, 45.49475823551522780, 59.90343717504965326 ) ) ;
#4941 = CARTESIAN_POINT ( 'NONE',  ( 53.00898906108299968, -29.64365441575966997, 3.412267095428564101 ) ) ;
#4942 = DIRECTION ( 'NONE',  ( 0.7522347214610785038, 0.2447850323436813746, 0.6117378619710215348 ) ) ;
#4943 =( BOUNDED_SURFACE ( )  B_SPLINE_SURFACE ( 3, 1, ( 
 ( #1696, #3272 ),
 ( #2721, #3855 ),
 ( #4312, #2272 ),
 ( #645, #6420 ) ),
 .UNSPECIFIED., .F., .F., .T. ) 
 B_SPLINE_SURFACE_WITH_KNOTS ( ( 4, 4 ),
 ( 2, 2 ),
 ( 0.000000000000000000, 1.000000000000000000 ),
 ( 0.000000000000000000, 1.000000000000000000 ),
 .UNSPECIFIED. ) 
 GEOMETRIC_REPRESENTATION_ITEM ( )  RATIONAL_B_SPLINE_SURFACE ( (
 ( 1.000000000000000000, 1.000000000000000000),
 ( 0.9936547718337396251, 0.8399137562987545325),
 ( 0.9936547718337396251, 0.8399137562987545325),
 ( 1.000000000000000000, 1.000000000000000000) ) ) 
 REPRESENTATION_ITEM ( '' )  SURFACE ( )  );
#4944 = FACE_OUTER_BOUND ( 'NONE', #1476, .T. ) ;
#4945 = CARTESIAN_POINT ( 'NONE',  ( 28.07725316172350105, 30.06230443817009501, 66.95120267540075076 ) ) ;
#4946 = CARTESIAN_POINT ( 'NONE',  ( 89.82643428741083369, 8.816402362651583502, -0.008860034539473749665 ) ) ;
#4947 = CARTESIAN_POINT ( 'NONE',  ( 19.42422096688429534, -44.59611948997846298, 30.81460507954313854 ) ) ;
#4948 = CARTESIAN_POINT ( 'NONE',  ( 49.23165480826241236, -6.590776444249553556, 31.23733879773685373 ) ) ;
#4949 = CARTESIAN_POINT ( 'NONE',  ( 36.38592095397837767, -51.15916999124294762, -9.957088168696577313 ) ) ;
#4950 = CARTESIAN_POINT ( 'NONE',  ( 28.07725316172353303, -30.43937143311271853, 58.25237493479069428 ) ) ;
#4951 = VERTEX_POINT ( 'NONE', #6038 ) ;
#4952 = CARTESIAN_POINT ( 'NONE',  ( 51.35395742193606594, -8.642509544777492891, 32.56872144289704352 ) ) ;
#4953 = ORIENTED_EDGE ( 'NONE', *, *, #2365, .T. ) ;
#4954 = CARTESIAN_POINT ( 'NONE',  ( 28.07725316172400554, 62.88548550309931784, -44.83428621717806806 ) ) ;
#4955 = CARTESIAN_POINT ( 'NONE',  ( 19.27981613022928187, -33.55721336418235978, 44.50108137208095371 ) ) ;
#4956 = CARTESIAN_POINT ( 'NONE',  ( 28.07725316172349039, 48.06386122903074920, 58.25237493479085771 ) ) ;
#4957 = ORIENTED_EDGE ( 'NONE', *, *, #6214, .T. ) ;
#4958 = CARTESIAN_POINT ( 'NONE',  ( 49.23125094256062795, 4.958121072582956756, -34.61427270904513875 ) ) ;
#4959 = VERTEX_POINT ( 'NONE', #5692 ) ;
#4960 = VECTOR ( 'NONE', #3245, 1000.000000000000114 ) ;
#4961 = AXIS2_PLACEMENT_3D ( 'NONE', #3420, #5630, #2937 ) ;
#4962 = CARTESIAN_POINT ( 'NONE',  ( 53.00847882770923292, 39.31840467085434199, 23.66082244430124959 ) ) ;
#4963 = CARTESIAN_POINT ( 'NONE',  ( 49.61704819046447312, 2.134657835592665975, -34.57496359180372281 ) ) ;
#4964 = VECTOR ( 'NONE', #2033, 1000.000000000000114 ) ;
#4965 = CARTESIAN_POINT ( 'NONE',  ( 18.76137069372868282, 46.90457916125509286, 47.61045917794966442 ) ) ;
#4966 = CARTESIAN_POINT ( 'NONE',  ( 19.10106442482186395, -44.16661825281528309, -30.77107606041501597 ) ) ;
#4967 = ORIENTED_EDGE ( 'NONE', *, *, #3853, .F. ) ;
#4968 = CIRCLE ( 'NONE', #2015, 40.14018759214401655 ) ;
#4969 = CARTESIAN_POINT ( 'NONE',  ( 19.27520315313956090, 31.66837915809296433, -57.03108757216990199 ) ) ;
#4970 = ORIENTED_EDGE ( 'NONE', *, *, #2376, .T. ) ;
#4971 = CARTESIAN_POINT ( 'NONE',  ( 26.76916540935817324, 48.31803245016087800, 56.49371383259806834 ) ) ;
#4972 = CARTESIAN_POINT ( 'NONE',  ( 49.23306814737766501, 22.61093532192377609, -31.98033306401060116 ) ) ;
#4973 = EDGE_CURVE ( 'NONE', #1618, #5999, #4457, .T. ) ;
#4974 = CARTESIAN_POINT ( 'NONE',  ( 18.80019331273212302, -49.51398717522365445, -17.75432365815988334 ) ) ;
#4975 = CARTESIAN_POINT ( 'NONE',  ( 49.61704819046445891, -26.36111514029710534, -1.689088502485467824 ) ) ;
#4976 = ORIENTED_EDGE ( 'NONE', *, *, #6599, .F. ) ;
#4977 = AXIS2_PLACEMENT_3D ( 'NONE', #3615, #3581, #2950 ) ;
#4978 = CARTESIAN_POINT ( 'NONE',  ( 18.79018048702202393, 60.89057474255734093, -31.67837846447529770 ) ) ;
#4979 = ADVANCED_FACE ( 'NONE', ( #405 ), #4590, .F. ) ;
#4980 = CARTESIAN_POINT ( 'NONE',  ( 18.80019331273212302, -42.80113679335032373, 32.45341564151096492 ) ) ;
#4981 = CARTESIAN_POINT ( 'NONE',  ( 89.82615535696581333, 8.815269434051710817, -0.008978942747643731820 ) ) ;
#4982 = CARTESIAN_POINT ( 'NONE',  ( 89.82729936416122030, 8.822382029479319598, -0.002246946893607063012 ) ) ;
#4983 = CARTESIAN_POINT ( 'NONE',  ( 49.23125140390099119, -24.27509354609700054, -10.87337109844930616 ) ) ;
#4984 = CARTESIAN_POINT ( 'NONE',  ( 19.46190759237070012, -19.44296595228044922, -54.76829890329015171 ) ) ;
#4985 = CARTESIAN_POINT ( 'NONE',  ( 89.83068436596586537, 8.826691367262368360, -0.002279136556153492799 ) ) ;
#4986 = CARTESIAN_POINT ( 'NONE',  ( 54.54334256235711820, 20.95377270857373375, 38.25987405045309231 ) ) ;
#4987 = ORIENTED_EDGE ( 'NONE', *, *, #2867, .F. ) ;
#4988 = CARTESIAN_POINT ( 'NONE',  ( 49.23411246815349784, -20.66193485155817555, 18.55985800000481234 ) ) ;
#4989 = CARTESIAN_POINT ( 'NONE',  ( 53.00898906108305653, -4.059005688751161856, 36.39822340570392356 ) ) ;
#4990 = CARTESIAN_POINT ( 'NONE',  ( 18.79234864102461344, 33.31038626460121321, 55.81833632118904376 ) ) ;
#4991 = CARTESIAN_POINT ( 'NONE',  ( 49.30502353826711470, -21.28186896631328651, 17.67733336107265885 ) ) ;
#4992 = CARTESIAN_POINT ( 'NONE',  ( 49.23125140390099119, 42.52567349516613859, -8.741103853469558871 ) ) ;
#4993 = CARTESIAN_POINT ( 'NONE',  ( 19.46190759237069301, 68.70659159739449251, -14.51174484338366000 ) ) ;
#4994 = EDGE_LOOP ( 'NONE', ( #4200, #2276, #1988, #5545 ) ) ;
#4995 = CARTESIAN_POINT ( 'NONE',  ( 18.78844479849039217, 50.07684464833526050, -44.86203833934538210 ) ) ;
#4996 = ORIENTED_EDGE ( 'NONE', *, *, #3648, .F. ) ;
#4997 = LINE ( 'NONE', #346, #778 ) ;
#4998 = CARTESIAN_POINT ( 'NONE',  ( 49.50991164883090079, -26.25522479910102192, -1.660566826023945231 ) ) ;
#4999 = CARTESIAN_POINT ( 'NONE',  ( 26.76916540935821587, -26.16494749092676741, 59.40406522545437440 ) ) ;
#5000 = VERTEX_POINT ( 'NONE', #510 ) ;
#5001 = CARTESIAN_POINT ( 'NONE',  ( 26.06099036693303006, -31.23437354783607489, 55.57584333467482907 ) ) ;
#5002 = ORIENTED_EDGE ( 'NONE', *, *, #1708, .T. ) ;
#5003 = CARTESIAN_POINT ( 'NONE',  ( 52.60448476329267464, 6.472462625246620860, 38.13033710734718085 ) ) ;
#5004 = CARTESIAN_POINT ( 'NONE',  ( 49.23433077323409890, 23.16267000563897938, -31.73761345334091999 ) ) ;
#5005 = VECTOR ( 'NONE', #5283, 1000.000000000000114 ) ;
#5006 = CARTESIAN_POINT ( 'NONE',  ( 22.50127774655941337, -36.55013556326115065, -46.08815983482384127 ) ) ;
#5007 = CARTESIAN_POINT ( 'NONE',  ( 36.38592095397837056, 24.66798501508657182, 58.68824170095846426 ) ) ;
#5008 = CARTESIAN_POINT ( 'NONE',  ( 49.61704819046447312, 43.98560493621549483, -1.689088502485237120 ) ) ;
#5009 = ADVANCED_FACE ( 'NONE', ( #2545 ), #6186, .F. ) ;
#5010 = CARTESIAN_POINT ( 'NONE',  ( 49.37576540558968929, 42.76449496947152795, 8.386391398576636291 ) ) ;
#5011 = B_SPLINE_CURVE_WITH_KNOTS ( 'NONE', 3,
 ( #1316, #4992, #1281, #5058, #3381, #823, #4584, #790 ),
 .UNSPECIFIED., .F., .F.,
 ( 4, 2, 2, 4 ),
 ( 7.505561329662602745E-17, 0.0002264465145598520230, 0.0004528930291196290193, 0.0009057860582391955885 ),
 .UNSPECIFIED. ) ;
#5012 = CARTESIAN_POINT ( 'NONE',  ( 89.82545070715441682, 8.819151357791938040, -0.006199457496393228836 ) ) ;
#5013 = CARTESIAN_POINT ( 'NONE',  ( 33.61636502379864311, -7.864870137839204745, -61.72935628431762467 ) ) ;
#5014 = EDGE_CURVE ( 'NONE', #309, #4168, #563, .T. ) ;
#5015 = DIRECTION ( 'NONE',  ( 0.000000000000000000, 0.000000000000000000, 1.000000000000000000 ) ) ;
#5016 = CARTESIAN_POINT ( 'NONE',  ( 19.46190759237069301, -29.26911333288909134, -48.45341742586829525 ) ) ;
#5017 = CARTESIAN_POINT ( 'NONE',  ( 54.30008724204793680, 3.579800283802426097, 30.02644619445355545 ) ) ;
#5018 = CARTESIAN_POINT ( 'NONE',  ( 49.61704819046446602, 37.48876810294693485, 20.43710579372309155 ) ) ;
#5019 = ADVANCED_FACE ( 'NONE', ( #4213 ), #2865, .F. ) ;
#5020 = ORIENTED_EDGE ( 'NONE', *, *, #6260, .T. ) ;
#5021 = B_SPLINE_CURVE_WITH_KNOTS ( 'NONE', 3,
 ( #2316, #3872, #3942, #3356, #1292, #2262, #3258, #172 ),
 .UNSPECIFIED., .F., .F.,
 ( 4, 2, 2, 4 ),
 ( 1.995459886848295291E-16, 0.0003956619665159704529, 0.0007913239330317413042, 0.001582647866063286368 ),
 .UNSPECIFIED. ) ;
#5022 = CARTESIAN_POINT ( 'NONE',  ( 18.77401912713006027, 50.08522474495104859, -44.87115036689397840 ) ) ;
#5023 = EDGE_CURVE ( 'NONE', #5985, #3858, #6271, .T. ) ;
#5024 =( BOUNDED_SURFACE ( )  B_SPLINE_SURFACE ( 3, 1, ( 
 ( #2541, #4105 ),
 ( #2577, #6348 ),
 ( #2001, #6764 ),
 ( #4138, #1625 ) ),
 .UNSPECIFIED., .F., .F., .T. ) 
 B_SPLINE_SURFACE_WITH_KNOTS ( ( 4, 4 ),
 ( 2, 2 ),
 ( 0.000000000000000000, 1.000000000000000000 ),
 ( 0.000000000000000000, 1.000000000000000000 ),
 .UNSPECIFIED. ) 
 GEOMETRIC_REPRESENTATION_ITEM ( )  RATIONAL_B_SPLINE_SURFACE ( (
 ( 1.000000000000000000, 1.000000000000000000),
 ( 0.7724073758824714364, 0.9739345816297115821),
 ( 0.7724073758824714364, 0.9739345816297115821),
 ( 1.000000000000000000, 1.000000000000000000) ) ) 
 REPRESENTATION_ITEM ( '' )  SURFACE ( )  );
#5025 = CARTESIAN_POINT ( 'NONE',  ( 49.23165480826241236, 30.82808140696818455, -26.98754054080749398 ) ) ;
#5026 = CARTESIAN_POINT ( 'NONE',  ( 18.79364822255247347, 34.13612921799705191, 55.45002185585823895 ) ) ;
#5027 = CARTESIAN_POINT ( 'NONE',  ( 19.42422096688429534, 70.40185340182245000, 2.951846395697258263 ) ) ;
#5028 = FILL_AREA_STYLE_COLOUR ( '', #3106 ) ;
#5029 = CARTESIAN_POINT ( 'NONE',  ( 26.76987644061277649, 59.10959985540161910, 47.14362169628798682 ) ) ;
#5030 = VERTEX_POINT ( 'NONE', #1001 ) ;
#5031 = CARTESIAN_POINT ( 'NONE',  ( 18.76137069372868282, 36.29611434648368373, -54.42810554206671725 ) ) ;
#5032 = ORIENTED_EDGE ( 'NONE', *, *, #4354, .T. ) ;
#5033 = LINE ( 'NONE', #868, #3660 ) ;
#5034 = CARTESIAN_POINT ( 'NONE',  ( 22.50029827766132939, 71.88959704204390277, -14.24727868186475099 ) ) ;
#5035 = CARTESIAN_POINT ( 'NONE',  ( 18.79321399865038700, 16.89047221564144863, -60.42171810723459657 ) ) ;
#5036 = CARTESIAN_POINT ( 'NONE',  ( 18.77401912713006382, 15.69554381381646913, -60.57639141392927939 ) ) ;
#5037 = ORIENTED_EDGE ( 'NONE', *, *, #2578, .T. ) ;
#5038 = CARTESIAN_POINT ( 'NONE',  ( 48.49086870021277207, 23.03678567169503566, -44.82123248676471405 ) ) ;
#5039 = ORIENTED_EDGE ( 'NONE', *, *, #986, .T. ) ;
#5040 = CARTESIAN_POINT ( 'NONE',  ( 30.84680909296950091, 60.46040201844107287, -42.82381245393789015 ) ) ;
#5041 = CARTESIAN_POINT ( 'NONE',  ( 27.43416788634279158, -60.35360335741312099, -7.783073950728912394 ) ) ;
#5042 = CARTESIAN_POINT ( 'NONE',  ( 49.30502353826710760, 41.87933555389874130, 11.16742224446473131 ) ) ;
#5043 = CARTESIAN_POINT ( 'NONE',  ( 54.54334256235712530, -27.33027923408486259, -17.46289235198686995 ) ) ;
#5044 = B_SPLINE_CURVE_WITH_KNOTS ( 'NONE', 3,
 ( #4550, #6766, #4690, #1968, #6655, #6797, #891, #4067, #1932, #1447, #402, #3549, #5655 ),
 .UNSPECIFIED., .F., .F.,
 ( 4, 3, 3, 3, 4 ),
 ( 2.602085213965210642E-18, 0.0004520762650173977700, 0.0009041524520694446763, 0.001356228616379087648, 0.002069674869633365832 ),
 .UNSPECIFIED. ) ;
#5045 = EDGE_LOOP ( 'NONE', ( #3443, #5779, #2466, #6305 ) ) ;
#5046 = CARTESIAN_POINT ( 'NONE',  ( 51.36229326913194626, -25.93195713821276271, 12.61113366048931184 ) ) ;
#5047 = CARTESIAN_POINT ( 'NONE',  ( 89.82729936416122030, 8.821338366331954006, 0.005011889738579260525 ) ) ;
#5048 = CARTESIAN_POINT ( 'NONE',  ( 28.07725316172355079, -12.43781464225123301, -66.95120267540107761 ) ) ;
#5049 = EDGE_CURVE ( 'NONE', #5820, #3459, #2235, .T. ) ;
#5050 = CARTESIAN_POINT ( 'NONE',  ( 18.78844479849040638, 32.47825610642918548, 56.17196444847012060 ) ) ;
#5051 = CARTESIAN_POINT ( 'NONE',  ( 54.54334256235712530, -27.33027923408508286, 17.46289235198625178 ) ) ;
#5052 = CARTESIAN_POINT ( 'NONE',  ( 19.46190759237070012, -52.74439089833659722, 2.950270223864751795 ) ) ;
#5053 = ORIENTED_EDGE ( 'NONE', *, *, #4743, .T. ) ;
#5054 = CARTESIAN_POINT ( 'NONE',  ( 26.06099036693303006, 31.57916947242418715, -64.60706738990764109 ) ) ;
#5055 = CARTESIAN_POINT ( 'NONE',  ( 19.27981613022928897, 46.83056682662990511, 48.27136246720081658 ) ) ;
#5056 = CARTESIAN_POINT ( 'NONE',  ( 42.33298211887888840, 58.43391323283553618, 21.37143328491105265 ) ) ;
#5057 = CARTESIAN_POINT ( 'NONE',  ( 89.83068436596586537, 8.808316793258979871, 0.01408775824009941315 ) ) ;
#5058 = CARTESIAN_POINT ( 'NONE',  ( 49.27737675194772748, 42.62449965881461367, -8.540956549575101420 ) ) ;
#5059 = ADVANCED_FACE ( 'NONE', ( #4856 ), #6624, .T. ) ;
#5060 = CARTESIAN_POINT ( 'NONE',  ( 49.41824768824507430, 5.387673180663891337, 34.84724380941681687 ) ) ;
#5061 = ORIENTED_EDGE ( 'NONE', *, *, #3094, .F. ) ;
#5062 = CARTESIAN_POINT ( 'NONE',  ( 49.61704819046445891, 43.98560493621549483, 1.689088502485114329 ) ) ;
#5063 = ORIENTED_EDGE ( 'NONE', *, *, #4363, .F. ) ;
#5064 =( BOUNDED_SURFACE ( )  B_SPLINE_SURFACE ( 3, 1, ( 
 ( #4487, #4456 ),
 ( #6557, #1353 ),
 ( #1836, #2892 ),
 ( #2928, #2409 ) ),
 .UNSPECIFIED., .F., .F., .T. ) 
 B_SPLINE_SURFACE_WITH_KNOTS ( ( 4, 4 ),
 ( 2, 2 ),
 ( 0.000000000000000000, 1.000000000000000000 ),
 ( 0.000000000000000000, 1.000000000000000000 ),
 .UNSPECIFIED. ) 
 GEOMETRIC_REPRESENTATION_ITEM ( )  RATIONAL_B_SPLINE_SURFACE ( (
 ( 1.000000000000000000, 1.000000000000000000),
 ( 0.9936547718337395141, 0.8399137562987549765),
 ( 0.9936547718337395141, 0.8399137562987549765),
 ( 1.000000000000000000, 1.000000000000000000) ) ) 
 REPRESENTATION_ITEM ( '' )  SURFACE ( )  );
#5065 = CARTESIAN_POINT ( 'NONE',  ( 22.50029827766108426, -47.69610902742278569, 31.44110748671729993 ) ) ;
#5066 = CARTESIAN_POINT ( 'NONE',  ( 54.30008724204793680, 22.29216619929449195, 27.33601414651448280 ) ) ;
#5067 = CARTESIAN_POINT ( 'NONE',  ( 19.01941379036735214, 61.82177644401989625, -30.68644672317206101 ) ) ;
#5068 = ORIENTED_EDGE ( 'NONE', *, *, #2794, .F. ) ;
#5069 = CARTESIAN_POINT ( 'NONE',  ( 18.78844479849039217, 67.78048429933575392, -15.43102130196080424 ) ) ;
#5070 = CONICAL_SURFACE ( 'NONE', #1123, 40.14018759214401655, 0.8495922745902004802 ) ;
#5071 = ORIENTED_EDGE ( 'NONE', *, *, #942, .T. ) ;
#5072 = CARTESIAN_POINT ( 'NONE',  ( 19.01941379036734503, 69.99704622603209714, -2.844034752095573548 ) ) ;
#5073 = CARTESIAN_POINT ( 'NONE',  ( 49.23244927482063105, 22.47219454685387419, -32.03916704369542146 ) ) ;
#5074 = AXIS2_PLACEMENT_3D ( 'NONE', #4765, #1042, #6805 ) ;
#5075 = CARTESIAN_POINT ( 'NONE',  ( 23.24077445196147451, 66.14110832905690529, -31.48869627016050998 ) ) ;
#5076 = B_SPLINE_CURVE_WITH_KNOTS ( 'NONE', 3,
 ( #1804, #3899, #654, #6488, #2761, #2252, #6004, #4357 ),
 .UNSPECIFIED., .F., .F.,
 ( 4, 2, 2, 4 ),
 ( 1.799435944678509894E-16, 0.0003956619665159578762, 0.0007913239330317358832, 0.001582647866063302631 ),
 .UNSPECIFIED. ) ;
#5077 = VECTOR ( 'NONE', #469, 1000.000000000000227 ) ;
#5078 = CARTESIAN_POINT ( 'NONE',  ( 49.23306814737767212, -13.43740261168052363, 26.79736453456267498 ) ) ;
#5079 = VERTEX_POINT ( 'NONE', #4828 ) ;
#5080 = ORIENTED_EDGE ( 'NONE', *, *, #5958, .T. ) ;
#5081 = UNCERTAINTY_MEASURE_WITH_UNIT (LENGTH_MEASURE( 1.000000000000000082E-05 ), #2853, 'distance_accuracy_value', 'NONE');
#5082 = CARTESIAN_POINT ( 'NONE',  ( 18.79364884033508787, 60.25684644798651846, -32.70394352128045767 ) ) ;
#5083 = CIRCLE ( 'NONE', #2136, 70.24264068317124554 ) ;
#5084 = DIRECTION ( 'NONE',  ( 0.000000000000000000, 0.000000000000000000, 1.000000000000000000 ) ) ;
#5085 = DIRECTION ( 'NONE',  ( -1.000000000000000000, -0.000000000000000000, -0.000000000000000000 ) ) ;
#5086 = CARTESIAN_POINT ( 'NONE',  ( 54.17539151718672485, -20.43365389905955709, 26.95618742718057703 ) ) ;
#5087 = DIRECTION ( 'NONE',  ( 0.000000000000000000, 0.000000000000000000, 1.000000000000000000 ) ) ;
#5088 = VERTEX_POINT ( 'NONE', #1728 ) ;
#5089 = CARTESIAN_POINT ( 'NONE',  ( 53.00847882770920450, -0.03767947508480505581, 37.57843984815702498 ) ) ;
#5090 = CARTESIAN_POINT ( 'NONE',  ( 22.90123142467807327, 39.36933260576061855, -57.57575177153746893 ) ) ;
#5091 = CARTESIAN_POINT ( 'NONE',  ( 89.82615535696581333, 8.819643682579137334, -0.005918379642070308033 ) ) ;
#5092 = CARTESIAN_POINT ( 'NONE',  ( 49.23165480826241236, -4.708526741256799930, 32.09693343472715554 ) ) ;
#5093 =( NAMED_UNIT ( * ) PLANE_ANGLE_UNIT ( ) SI_UNIT ( $, .RADIAN. ) );
#5094 = CARTESIAN_POINT ( 'NONE',  ( 49.23372534307178228, 14.32212587347429711, -34.39282476972412184 ) ) ;
#5095 = CARTESIAN_POINT ( 'NONE',  ( 49.51286555817213042, 5.452302540650634910, 34.94858994899626481 ) ) ;
#5096 = ORIENTED_EDGE ( 'NONE', *, *, #4859, .T. ) ;
#5097 = CARTESIAN_POINT ( 'NONE',  ( 20.23383842789535336, 37.57011032864495803, 55.37758198945022770 ) ) ;
#5098 = VERTEX_POINT ( 'NONE', #1628 ) ;
#5099 = CARTESIAN_POINT ( 'NONE',  ( 18.79017952991917539, 60.89065958512222210, 31.67823556306827726 ) ) ;
#5100 = ADVANCED_FACE ( 'NONE', ( #610 ), #4943, .F. ) ;
#5101 = B_SPLINE_CURVE_WITH_KNOTS ( 'NONE', 3,
 ( #5652, #1929, #3027, #888, #4577, #1965, #818, #5018 ),
 .UNSPECIFIED., .F., .F.,
 ( 4, 2, 2, 4 ),
 ( 6.877910602720239033E-17, 0.0002264465145598538662, 0.0004528930291196389397, 0.0009057860582391984074 ),
 .UNSPECIFIED. ) ;
#5102 = CARTESIAN_POINT ( 'NONE',  ( 89.82729936416122030, 8.822382029479316046, 0.002246946893479625455 ) ) ;
#5103 = CARTESIAN_POINT ( 'NONE',  ( 24.68883653248347798, 74.27888966543724791, -13.55640982796440852 ) ) ;
#5104 = CARTESIAN_POINT ( 'NONE',  ( 18.78844479849039928, 67.78048429933554075, 15.43102130196145083 ) ) ;
#5105 = CARTESIAN_POINT ( 'NONE',  ( 19.01941379036734503, 14.70466342466894183, -60.96677661753960109 ) ) ;
#5106 = EDGE_CURVE ( 'NONE', #5892, #3459, #3658, .T. ) ;
#5107 = ORIENTED_EDGE ( 'NONE', *, *, #4106, .F. ) ;
#5108 =( BOUNDED_SURFACE ( )  B_SPLINE_SURFACE ( 3, 1, ( 
 ( #3474, #747 ),
 ( #5575, #3402 ),
 ( #777, #1340 ),
 ( #3922, #324 ) ),
 .UNSPECIFIED., .F., .F., .T. ) 
 B_SPLINE_SURFACE_WITH_KNOTS ( ( 4, 4 ),
 ( 2, 2 ),
 ( 0.000000000000000000, 1.000000000000000000 ),
 ( 0.000000000000000000, 1.000000000000000000 ),
 .UNSPECIFIED. ) 
 GEOMETRIC_REPRESENTATION_ITEM ( )  RATIONAL_B_SPLINE_SURFACE ( (
 ( 1.000000000000000000, 1.000000000000000000),
 ( 0.7724073758824714364, 0.9739345816297115821),
 ( 0.7724073758824714364, 0.9739345816297115821),
 ( 1.000000000000000000, 1.000000000000000000) ) ) 
 REPRESENTATION_ITEM ( '' )  SURFACE ( )  );
#5109 = CARTESIAN_POINT ( 'NONE',  ( 49.23372534307176807, 37.80817144203933111, 19.29925977480991506 ) ) ;
#5110 = ORIENTED_EDGE ( 'NONE', *, *, #4440, .T. ) ;
#5111 = ADVANCED_FACE ( 'NONE', ( #3825 ), #5070, .T. ) ;
#5112 = CARTESIAN_POINT ( 'NONE',  ( 49.23290854358262436, -4.928161393874305851, -32.00577319140623445 ) ) ;
#5113 = ADVANCED_FACE ( 'NONE', ( #6479 ), #3303, .T. ) ;
#5114 = CARTESIAN_POINT ( 'NONE',  ( 27.43416548070748462, 48.22418882473726853, -57.36888659365693854 ) ) ;
#5115 = CARTESIAN_POINT ( 'NONE',  ( 19.36839877834436763, 58.93755623112436126, 35.69118144710974150 ) ) ;
#5116 = ORIENTED_EDGE ( 'NONE', *, *, #5145, .T. ) ;
#5117 = CARTESIAN_POINT ( 'NONE',  ( 51.35395742193604462, 5.888138553240850115, -36.83530468403979086 ) ) ;
#5118 = ORIENTED_EDGE ( 'NONE', *, *, #1106, .F. ) ;
#5119 = LINE ( 'NONE', #2498, #1687 ) ;
#5120 = AXIS2_PLACEMENT_3D ( 'NONE', #5582, #2926, #6523 ) ;
#5121 = DIRECTION ( 'NONE',  ( 0.000000000000000000, 0.000000000000000000, 1.000000000000000000 ) ) ;
#5122 = CARTESIAN_POINT ( 'NONE',  ( 53.00847882770922581, 27.89075509144801046, -33.56293717223069706 ) ) ;
#5123 = DIRECTION ( 'NONE',  ( 0.000000000000000000, 0.000000000000000000, 1.000000000000000000 ) ) ;
#5124 = CARTESIAN_POINT ( 'NONE',  ( 49.61704819046447312, 21.88733777072586406, -32.69648639714309013 ) ) ;
#5125 = ORIENTED_EDGE ( 'NONE', *, *, #1358, .F. ) ;
#5126 = CARTESIAN_POINT ( 'NONE',  ( 49.23306814737766501, -20.08582557987363870, 19.44343290058785101 ) ) ;
#5127 = CARTESIAN_POINT ( 'NONE',  ( 19.46190759237069301, -33.72844426472148172, -44.58938517759374776 ) ) ;
#5128 = CARTESIAN_POINT ( 'NONE',  ( 19.04016012521986667, 31.80065112085270940, 56.72444366517832748 ) ) ;
#5129 = CARTESIAN_POINT ( 'NONE',  ( 49.23125140390099119, -21.07289941926035581, 17.88519816762081049 ) ) ;
#5130 = CARTESIAN_POINT ( 'NONE',  ( 23.24077445196135727, -14.19719391953408127, -61.22664697988859928 ) ) ;
#5131 = CARTESIAN_POINT ( 'NONE',  ( 18.77401912713006382, 19.27410959018060055, -60.06187133165481384 ) ) ;
#5132 = CARTESIAN_POINT ( 'NONE',  ( 19.27981613022929963, 20.39660033446945420, -60.34335046906607403 ) ) ;
#5133 = VERTEX_POINT ( 'NONE', #1239 ) ;
#5134 = B_SPLINE_CURVE_WITH_KNOTS ( 'NONE', 3,
 ( #4228, #3573, #3082, #1084, #3678, #5218, #6298, #3048 ),
 .UNSPECIFIED., .F., .F.,
 ( 4, 2, 2, 4 ),
 ( 9.965227682168975268E-18, 0.0002264431842541221325, 0.0004528863685082342902, 0.0009057727370164586058 ),
 .UNSPECIFIED. ) ;
#5135 = ORIENTED_EDGE ( 'NONE', *, *, #3689, .T. ) ;
#5136 = CARTESIAN_POINT ( 'NONE',  ( 19.27520315313953247, 66.88104991233019803, -20.07390612672908148 ) ) ;
#5137 = CARTESIAN_POINT ( 'NONE',  ( 28.07725316172354013, -60.48168985663134123, -11.50561499319631942 ) ) ;
#5138 = CARTESIAN_POINT ( 'NONE',  ( 54.62576016552275604, 33.91546987779494060, -17.89167722197363020 ) ) ;
#5139 = CARTESIAN_POINT ( 'NONE',  ( 19.36839877834438184, -52.65195985885033991, -2.925543188921488458 ) ) ;
#5140 = CARTESIAN_POINT ( 'NONE',  ( 19.27981613022929253, -41.26568223131802426, -35.60503407029314360 ) ) ;
#5141 = EDGE_CURVE ( 'NONE', #4570, #3910, #3458, .T. ) ;
#5142 = EDGE_LOOP ( 'NONE', ( #1654, #2772, #4548, #4336 ) ) ;
#5143 = CARTESIAN_POINT ( 'NONE',  ( 19.42422096688430244, -29.28951467317630986, 48.47936870861991565 ) ) ;
#5144 = ORIENTED_EDGE ( 'NONE', *, *, #2177, .T. ) ;
#5145 = EDGE_CURVE ( 'NONE', #3721, #989, #1326, .T. ) ;
#5146 = CARTESIAN_POINT ( 'NONE',  ( 49.61704819046447312, -26.36111514029712666, 1.689088502484883847 ) ) ;
#5147 = CARTESIAN_POINT ( 'NONE',  ( 28.07725316172354013, -55.70192761336404885, -27.78399027001589161 ) ) ;
#5148 = DIRECTION ( 'NONE',  ( 0.000000000000000000, -1.000000000000000000, 0.000000000000000000 ) ) ;
#5149 = CARTESIAN_POINT ( 'NONE',  ( 54.17538997708385295, 31.33193222786375642, -32.78448105707308002 ) ) ;
#5150 = EDGE_CURVE ( 'NONE', #2923, #919, #1227, .T. ) ;
#5151 = VERTEX_POINT ( 'NONE', #6352 ) ;
#5152 = B_SPLINE_CURVE_WITH_KNOTS ( 'NONE', 3,
 ( #5163, #6247, #5617, #333, #6656, #3551, #2580, #6209 ),
 .UNSPECIFIED., .F., .F.,
 ( 4, 2, 2, 4 ),
 ( 1.734723475976806902E-18, 0.0002267054828044305550, 0.0004534109656088593752, 0.0009068219312177059569 ),
 .UNSPECIFIED. ) ;
#5153 = CARTESIAN_POINT ( 'NONE',  ( 19.42422096688429534, 67.07541027262097089, -20.18407375451626251 ) ) ;
#5154 = VERTEX_POINT ( 'NONE', #5833 ) ;
#5155 = CARTESIAN_POINT ( 'NONE',  ( 54.62576016552275604, -20.31479105518511830, -10.09454282212805332 ) ) ;
#5156 = CARTESIAN_POINT ( 'NONE',  ( 19.27981613022931384, -2.772110538550670356, 60.34335046906603139 ) ) ;
#5157 = CARTESIAN_POINT ( 'NONE',  ( 26.76987644061283333, -59.75428991546603186, 7.139697895361743818 ) ) ;
#5158 = FACE_OUTER_BOUND ( 'NONE', #149, .T. ) ;
#5159 = SHAPE_DEFINITION_REPRESENTATION ( #3904, #3020 ) ;
#5160 = ORIENTED_EDGE ( 'NONE', *, *, #3689, .F. ) ;
#5161 = CARTESIAN_POINT ( 'NONE',  ( 30.84680909296949736, -40.92598201975099670, -45.02798940786053805 ) ) ;
#5162 = CARTESIAN_POINT ( 'NONE',  ( 89.83648776693891591, 8.826585988092450208, 0.004487757579474119067 ) ) ;
#5163 = CARTESIAN_POINT ( 'NONE',  ( 49.23165480826241236, 12.74257916029797677, 34.60602366957838427 ) ) ;
#5164 = CARTESIAN_POINT ( 'NONE',  ( 18.79234864102460278, -52.13879546159929390, -0.9034816947950988775 ) ) ;
#5165 = CARTESIAN_POINT ( 'NONE',  ( 28.07725316172350105, 60.88560721878103976, 47.14226879085808264 ) ) ;
#5166 = EDGE_LOOP ( 'NONE', ( #328, #864, #6653, #5246 ) ) ;
#5167 = CARTESIAN_POINT ( 'NONE',  ( 18.77401912713006382, 35.77171513999932984, -54.68149563579217443 ) ) ;
#5168 = VERTEX_POINT ( 'NONE', #2752 ) ;
#5169 = CARTESIAN_POINT ( 'NONE',  ( 89.83068436596586537, 8.797741505199914158, -0.001883225222699241733 ) ) ;
#5170 = CARTESIAN_POINT ( 'NONE',  ( 25.39554384420629773, -13.71887367085506604, 63.69538843745461776 ) ) ;
#5171 = AXIS2_PLACEMENT_3D ( 'NONE', #4582, #1527, #1969 ) ;
#5172 = ORIENTED_EDGE ( 'NONE', *, *, #4354, .F. ) ;
#5173 = DIRECTION ( 'NONE',  ( -1.000000000000000000, -0.000000000000000000, -0.000000000000000000 ) ) ;
#5174 = ORIENTED_EDGE ( 'NONE', *, *, #340, .F. ) ;
#5175 = CARTESIAN_POINT ( 'NONE',  ( 49.24040381077553974, 43.62936656878384412, 1.186221413706388450 ) ) ;
#5176 = CARTESIAN_POINT ( 'NONE',  ( 54.30008724204793680, 14.04468951211574890, 30.02644619445359453 ) ) ;
#5177 = CARTESIAN_POINT ( 'NONE',  ( 19.46190759237069301, -2.868418496963023756, 60.51021077145693994 ) ) ;
#5178 = CARTESIAN_POINT ( 'NONE',  ( 53.79529533164530619, 10.34702645762105888, -39.36336495547219272 ) ) ;
#5179 = CARTESIAN_POINT ( 'NONE',  ( 28.65641647731176533, 62.39284233984160011, -47.28282468731052290 ) ) ;
#5180 = ORIENTED_EDGE ( 'NONE', *, *, #639, .F. ) ;
#5181 = B_SPLINE_CURVE_WITH_KNOTS ( 'NONE', 3,
 ( #2801, #240, #4934, #4335, #4905, #5919, #1185, #4876, #1777, #2288 ),
 .UNSPECIFIED., .F., .F.,
 ( 4, 2, 2, 2, 4 ),
 ( 4.037846045288650369E-16, 0.003307310133422094924, 0.006614620266843786525, 0.009921930400265477693, 0.01322924053368716886 ),
 .UNSPECIFIED. ) ;
#5182 = FACE_OUTER_BOUND ( 'NONE', #3842, .T. ) ;
#5183 = ORIENTED_EDGE ( 'NONE', *, *, #5443, .T. ) ;
#5184 = CARTESIAN_POINT ( 'NONE',  ( 19.46190759237069301, 67.04421725030893242, 20.17327194350979624 ) ) ;
#5185 = VECTOR ( 'NONE', #4636, 1000.000000000000114 ) ;
#5186 = ADVANCED_FACE ( 'NONE', ( #1200 ), #3361, .F. ) ;
#5187 = ADVANCED_FACE ( 'NONE', ( #6546 ), #4735, .F. ) ;
#5188 = VECTOR ( 'NONE', #5736, 1000.000000000000114 ) ;
#5189 = CARTESIAN_POINT ( 'NONE',  ( 89.83068436596585116, 8.798859560370182464, 0.005893019293738515491 ) ) ;
#5190 = ADVANCED_FACE ( 'NONE', ( #1925 ), #5213, .F. ) ;
#5191 = B_SPLINE_CURVE_WITH_KNOTS ( 'NONE', 3,
 ( #2418, #6150, #1978, #4011, #4044, #1426 ),
 .UNSPECIFIED., .F., .F.,
 ( 4, 2, 4 ),
 ( 1.396425461201591129E-16, 0.0007986073165776889828, 0.001597214633155238320 ),
 .UNSPECIFIED. ) ;
#5192 = CARTESIAN_POINT ( 'NONE',  ( 51.77745077274520469, -28.47372806034838177, -2.578680136353173058 ) ) ;
#5193 = CARTESIAN_POINT ( 'NONE',  ( 20.99620941596865364, 68.36169137531219064, -21.05557392760732682 ) ) ;
#5194 = AXIS2_PLACEMENT_3D ( 'NONE', #3722, #5823, #3021 ) ;
#5195 = CARTESIAN_POINT ( 'NONE',  ( 25.39554384420631550, -24.57077295939414441, -58.73949208918856613 ) ) ;
#5196 = ADVANCED_FACE ( 'NONE', ( #1380 ), #59, .F. ) ;
#5197 = CIRCLE ( 'NONE', #5639, 70.24264068317124554 ) ;
#5198 = ORIENTED_EDGE ( 'NONE', *, *, #980, .F. ) ;
#5199 = CARTESIAN_POINT ( 'NONE',  ( 23.23982137879183796, -43.64567825776529020, 39.06633046132162690 ) ) ;
#5200 = EDGE_CURVE ( 'NONE', #2724, #933, #850, .T. ) ;
#5201 = CARTESIAN_POINT ( 'NONE',  ( 48.51805717611820512, 40.61224489795919368, -8.000000000000060396 ) ) ;
#5202 = CARTESIAN_POINT ( 'NONE',  ( 49.56354134330946692, 24.92530942083751810, 31.25095292794307511 ) ) ;
#5203 = CARTESIAN_POINT ( 'NONE',  ( 42.33298211887849760, 62.44491554702656089, 6.525700578221058201 ) ) ;
#5204 = FACE_OUTER_BOUND ( 'NONE', #4227, .T. ) ;
#5205 = CARTESIAN_POINT ( 'NONE',  ( 22.50029827766105939, 13.93766365663019791, 64.46291481073285468 ) ) ;
#5206 = ORIENTED_EDGE ( 'NONE', *, *, #17, .T. ) ;
#5207 = CARTESIAN_POINT ( 'NONE',  ( 49.23433077323410600, 31.52289594341372592, -26.40903515042545990 ) ) ;
#5208 = B_SPLINE_CURVE_WITH_KNOTS ( 'NONE', 3,
 ( #6003, #3580, #5156, #1923, #3614, #1278, #321, #5604 ),
 .UNSPECIFIED., .F., .F.,
 ( 4, 2, 2, 4 ),
 ( 1.863213341621523803E-16, 0.0003956619665159644898, 0.0007913239330317427137, 0.001582647866063300029 ),
 .UNSPECIFIED. ) ;
#5209 = ORIENTED_EDGE ( 'NONE', *, *, #4479, .T. ) ;
#5210 = CARTESIAN_POINT ( 'NONE',  ( 26.06099036693303006, -58.37728689041300356, 13.34064576258422719 ) ) ;
#5211 = CARTESIAN_POINT ( 'NONE',  ( 24.68797426277903639, -53.59034142441206683, 23.98874169377032572 ) ) ;
#5212 = CARTESIAN_POINT ( 'NONE',  ( 19.10106442482187461, 50.97587790594879920, 44.45050184454501618 ) ) ;
#5213 =( BOUNDED_SURFACE ( )  B_SPLINE_SURFACE ( 3, 1, ( 
 ( #3401, #4947 ),
 ( #3919, #814 ),
 ( #5574, #4545 ),
 ( #746, #2843 ) ),
 .UNSPECIFIED., .F., .F., .T. ) 
 B_SPLINE_SURFACE_WITH_KNOTS ( ( 4, 4 ),
 ( 2, 2 ),
 ( 0.000000000000000000, 1.000000000000000000 ),
 ( 0.000000000000000000, 1.000000000000000000 ),
 .UNSPECIFIED. ) 
 GEOMETRIC_REPRESENTATION_ITEM ( )  RATIONAL_B_SPLINE_SURFACE ( (
 ( 1.000000000000000000, 1.000000000000000000),
 ( 0.7724073758824714364, 0.9739345816297115821),
 ( 0.7724073758824714364, 0.9739345816297115821),
 ( 1.000000000000000000, 1.000000000000000000) ) ) 
 REPRESENTATION_ITEM ( '' )  SURFACE ( )  );
#5214 = CARTESIAN_POINT ( 'NONE',  ( 18.79148157003698572, -17.60145983646792089, 54.93766400627513491 ) ) ;
#5215 = ORIENTED_EDGE ( 'NONE', *, *, #3846, .T. ) ;
#5216 = DIRECTION ( 'NONE',  ( -1.000000000000000000, -0.000000000000000000, -0.000000000000000000 ) ) ;
#5217 = EDGE_LOOP ( 'NONE', ( #318, #5403, #542, #4698 ) ) ;
#5218 = CARTESIAN_POINT ( 'NONE',  ( 49.27030864395452170, -24.99566055232607908, -8.529794382856763946 ) ) ;
#5219 = CARTESIAN_POINT ( 'NONE',  ( 18.79018048702200971, -49.23272944747936464, -18.61324944169270523 ) ) ;
#5220 = CARTESIAN_POINT ( 'NONE',  ( 23.24077445196137859, 3.984389826233370346, -65.22904560471718582 ) ) ;
#5221 = CARTESIAN_POINT ( 'NONE',  ( 18.78844479849039928, 47.34508753284215743, -47.22911935442980536 ) ) ;
#5222 = CARTESIAN_POINT ( 'NONE',  ( 28.07725316172354013, -55.70192761336441123, 27.78399027001487909 ) ) ;
#5223 = VERTEX_POINT ( 'NONE', #1339 ) ;
#5224 = CARTESIAN_POINT ( 'NONE',  ( 89.82643428741084790, 8.818730116304088540, 0.007329847728719541752 ) ) ;
#5225 =( BOUNDED_SURFACE ( )  B_SPLINE_SURFACE ( 3, 1, ( 
 ( #6372, #2264 ),
 ( #1648, #5857 ),
 ( #3233, #2743 ),
 ( #4846, #117 ) ),
 .UNSPECIFIED., .F., .F., .T. ) 
 B_SPLINE_SURFACE_WITH_KNOTS ( ( 4, 4 ),
 ( 2, 2 ),
 ( 0.000000000000000000, 1.000000000000000000 ),
 ( 0.000000000000000000, 1.000000000000000000 ),
 .UNSPECIFIED. ) 
 GEOMETRIC_REPRESENTATION_ITEM ( )  RATIONAL_B_SPLINE_SURFACE ( (
 ( 1.000000000000000000, 1.000000000000000000),
 ( 0.7724073758824714364, 0.9739345816297115821),
 ( 0.7724073758824714364, 0.9739345816297115821),
 ( 1.000000000000000000, 1.000000000000000000) ) ) 
 REPRESENTATION_ITEM ( '' )  SURFACE ( )  );
#5226 = ORIENTED_EDGE ( 'NONE', *, *, #6465, .F. ) ;
#5227 = B_SPLINE_CURVE_WITH_KNOTS ( 'NONE', 3,
 ( #3343, #2305, #5055, #6069, #5449, #1891, #6002, #6521 ),
 .UNSPECIFIED., .F., .F.,
 ( 4, 2, 2, 4 ),
 ( 1.995459886848295044E-16, 0.0003956619665159704529, 0.0007913239330317413042, 0.001582647866063283115 ),
 .UNSPECIFIED. ) ;
#5228 = CARTESIAN_POINT ( 'NONE',  ( 28.07725316172378172, 72.05778207902487509, -30.56191415509811904 ) ) ;
#5229 = DIRECTION ( 'NONE',  ( -1.000000000000000000, -0.000000000000000000, -0.000000000000000000 ) ) ;
#5230 = CARTESIAN_POINT ( 'NONE',  ( 53.79529533164529909, -26.35636000879308583, -17.74821917732398191 ) ) ;
#5231 = CARTESIAN_POINT ( 'NONE',  ( 26.76987644061338045, 72.58986793339941812, -26.16791513107342482 ) ) ;
#5232 = DIRECTION ( 'NONE',  ( 1.000000000000000000, 0.000000000000000000, 0.000000000000000000 ) ) ;
#5233 = EDGE_CURVE ( 'NONE', #3535, #5936, #1842, .T. ) ;
#5234 = EDGE_LOOP ( 'NONE', ( #1024, #4301, #1096, #3867 ) ) ;
#5235 = CARTESIAN_POINT ( 'NONE',  ( 18.78690642288626833, 15.42856267199305975, -60.59272092920355135 ) ) ;
#5236 = ADVANCED_FACE ( 'NONE', ( #5993 ), #4757, .T. ) ;
#5237 = CARTESIAN_POINT ( 'NONE',  ( 42.43839482824584763, 48.77709255955753775, 36.17897053986442302 ) ) ;
#5238 = CARTESIAN_POINT ( 'NONE',  ( 54.54334256235661371, 8.812244897959189416, -6.153557722908013615E-14 ) ) ;
#5239 = CARTESIAN_POINT ( 'NONE',  ( 28.65641647731176533, 79.45013677770535310, -10.80898530969873050 ) ) ;
#5240 = CARTESIAN_POINT ( 'NONE',  ( 49.61704819046445891, 39.31514848042405674, -17.59520245376243253 ) ) ;
#5241 = CARTESIAN_POINT ( 'NONE',  ( 53.79462347678106227, 18.42887716020111455, -38.20075192477126791 ) ) ;
#5242 = EDGE_CURVE ( 'NONE', #6366, #5133, #898, .T. ) ;
#5243 = VERTEX_POINT ( 'NONE', #2334 ) ;
#5244 = CARTESIAN_POINT ( 'NONE',  ( 49.23411246815346942, 31.86359702171675323, -26.11188936392284532 ) ) ;
#5245 = ADVANCED_FACE ( 'NONE', ( #6577 ), #19, .F. ) ;
#5246 = ORIENTED_EDGE ( 'NONE', *, *, #5927, .F. ) ;
#5247 = FACE_OUTER_BOUND ( 'NONE', #6398, .T. ) ;
#5248 = CARTESIAN_POINT ( 'NONE',  ( 49.61704819046445891, 24.96023566041777642, -31.29314095270062523 ) ) ;
#5249 = CARTESIAN_POINT ( 'NONE',  ( 18.78690642288626833, 50.27240123565241703, 44.68007304095822718 ) ) ;
#5250 = FACE_OUTER_BOUND ( 'NONE', #2662, .T. ) ;
#5251 = ORIENTED_EDGE ( 'NONE', *, *, #4523, .T. ) ;
#5252 = CARTESIAN_POINT ( 'NONE',  ( 49.51003444762825723, -15.40714090453419693, 25.41485560420199974 ) ) ;
#5253 = ORIENTED_EDGE ( 'NONE', *, *, #5610, .F. ) ;
#5254 = CARTESIAN_POINT ( 'NONE',  ( 28.07725316172355079, -43.26111742286241935, -47.14226879085853028 ) ) ;
#5255 = CARTESIAN_POINT ( 'NONE',  ( 19.42422096688429534, 62.22060928589706208, -30.81460507954288630 ) ) ;
#5256 = CARTESIAN_POINT ( 'NONE',  ( 19.01941379036735214, -33.40465705938419916, 44.37794087551752398 ) ) ;
#5257 = CARTESIAN_POINT ( 'NONE',  ( 89.82615535696581333, 8.819643682579142663, 0.005918379641945113907 ) ) ;
#5258 = CARTESIAN_POINT ( 'NONE',  ( 89.82643428741084790, 8.810952283503217686, 0.009701230467067261526 ) ) ;
#5259 = CARTESIAN_POINT ( 'NONE',  ( 54.54334256235712530, 45.67813823971305709, -15.87893472645110471 ) ) ;
#5260 = ORIENTED_EDGE ( 'NONE', *, *, #1443, .T. ) ;
#5261 = B_SPLINE_CURVE_WITH_KNOTS ( 'NONE', 3,
 ( #5495, #4017, #3982, #1329, #5597, #5528, #6604, #2941, #770, #6568 ),
 .UNSPECIFIED., .F., .F.,
 ( 4, 2, 2, 2, 4 ),
 ( 4.095858093468090997E-16, 0.003307310133422072806, 0.006614620266843750096, 0.009921930400265425651, 0.01322924053368710468 ),
 .UNSPECIFIED. ) ;
#5262 = CARTESIAN_POINT ( 'NONE',  ( 19.01941379036734503, 58.74657389752986347, -35.47155528856210083 ) ) ;
#5263 = VERTEX_POINT ( 'NONE', #4407 ) ;
#5264 = CARTESIAN_POINT ( 'NONE',  ( 22.50127774655937429, 73.34939383823825665, -4.101273549643492444 ) ) ;
#5265 = CARTESIAN_POINT ( 'NONE',  ( 54.54334256235661371, 8.812244897959189416, -6.153557722908013615E-14 ) ) ;
#5266 = CARTESIAN_POINT ( 'NONE',  ( 89.82615535696581333, 8.819155993866649723, 0.006481202419028736332 ) ) ;
#5267 = CARTESIAN_POINT ( 'NONE',  ( 89.84074713331158080, 8.806110235331733094, 0.009274716992676786814 ) ) ;
#5268 = B_SPLINE_CURVE_WITH_KNOTS ( 'NONE', 3,
 ( #1253, #2382, #1772, #4871, #274, #6008, #4490, #6591, #1865, #142 ),
 .UNSPECIFIED., .F., .F.,
 ( 4, 2, 2, 2, 4 ),
 ( 4.028295357552335546E-16, 0.003307310133422097526, 0.006614620266843791729, 0.009921930400265486366, 0.01322924053368718100 ),
 .UNSPECIFIED. ) ;
#5269 = VERTEX_POINT ( 'NONE', #1793 ) ;
#5270 = CARTESIAN_POINT ( 'NONE',  ( 28.07725316172354013, -45.26099570718061926, 44.83428621717720119 ) ) ;
#5271 = CARTESIAN_POINT ( 'NONE',  ( 52.84917723814557178, 21.53683484355864408, 40.09648271588632440 ) ) ;
#5272 = CARTESIAN_POINT ( 'NONE',  ( 20.99547524081241789, -14.27155953109124376, -58.79216735028545315 ) ) ;
#5273 = LINE ( 'NONE', #5770, #1243 ) ;
#5274 = CARTESIAN_POINT ( 'NONE',  ( 89.82729936416122030, 8.803908359413423312, -0.006189695539729244203 ) ) ;
#5275 = VERTEX_POINT ( 'NONE', #6099 ) ;
#5276 = CARTESIAN_POINT ( 'NONE',  ( 49.23084801259438592, 12.59033486193060902, -34.62250263592289201 ) ) ;
#5277 = EDGE_LOOP ( 'NONE', ( #2833, #5454, #6560, #6009 ) ) ;
#5278 = CARTESIAN_POINT ( 'NONE',  ( 24.68797426277949469, 61.92867847685245408, -40.59786929914571374 ) ) ;
#5279 = EDGE_CURVE ( 'NONE', #5429, #6608, #4505, .T. ) ;
#5280 = CARTESIAN_POINT ( 'NONE',  ( 30.84680909296950091, 7.353972853409705301, 67.07670601390694287 ) ) ;
#5281 = CARTESIAN_POINT ( 'NONE',  ( 54.17538997708383874, 21.18327098606942727, -37.80100830858275884 ) ) ;
#5282 = B_SPLINE_CURVE_WITH_KNOTS ( 'NONE', 3,
 ( #1943, #4120, #4999, #841, #1917, #6125, #594, #1645, #4711, #2598 ),
 .UNSPECIFIED., .F., .F.,
 ( 4, 2, 2, 2, 4 ),
 ( 0.000000000000000000, 0.003307264529468857076, 0.006614529058937714152, 0.009921793588406571662, 0.01322905811787542830 ),
 .UNSPECIFIED. ) ;
#5283 = DIRECTION ( 'NONE',  ( 0.7588727602565363828, 0.5580308349862616035, -0.3357286418302155018 ) ) ;
#5284 = ORIENTED_EDGE ( 'NONE', *, *, #1283, .F. ) ;
#5285 = DIRECTION ( 'NONE',  ( 0.7522347214610783928, -0.3020205228615812088, 0.5855992892744925626 ) ) ;
#5286 = VERTEX_POINT ( 'NONE', #6682 ) ;
#5287 = CARTESIAN_POINT ( 'NONE',  ( 23.24077445196132174, 74.06442828467700679, 4.504346607667534919 ) ) ;
#5288 = ADVANCED_FACE ( 'NONE', ( #3024 ), #2470, .F. ) ;
#5289 = CIRCLE ( 'NONE', #2311, 40.14018759214401655 ) ;
#5290 = CARTESIAN_POINT ( 'NONE',  ( 53.79462347678109069, 37.55515651053535464, -26.93737358609298482 ) ) ;
#5291 = CARTESIAN_POINT ( 'NONE',  ( 18.78844479849038507, 50.07684464833462812, 44.86203833934581553 ) ) ;
#5292 = CARTESIAN_POINT ( 'NONE',  ( 49.61704819046447312, -12.94487955521538680, 27.68836961395709650 ) ) ;
#5293 = CARTESIAN_POINT ( 'NONE',  ( 89.83648776693891591, 8.809843769203979491, 0.01483379300792726958 ) ) ;
#5294 = CARTESIAN_POINT ( 'NONE',  ( 54.54334256235661371, 8.812244897959189416, -6.153557722908013615E-14 ) ) ;
#5295 = VERTEX_POINT ( 'NONE', #6165 ) ;
#5296 = CARTESIAN_POINT ( 'NONE',  ( 49.23435778140442665, 43.64335533278901380, 0.1707155338785341647 ) ) ;
#5297 = ORIENTED_EDGE ( 'NONE', *, *, #5840, .F. ) ;
#5298 =( BOUNDED_SURFACE ( )  B_SPLINE_SURFACE ( 3, 1, ( 
 ( #47, #6787 ),
 ( #3229, #5819 ),
 ( #5293, #5332 ),
 ( #5889, #2133 ) ),
 .UNSPECIFIED., .F., .F., .T. ) 
 B_SPLINE_SURFACE_WITH_KNOTS ( ( 4, 4 ),
 ( 2, 2 ),
 ( 0.000000000000000000, 1.000000000000000000 ),
 ( 0.000000000000000000, 1.000000000000000000 ),
 .UNSPECIFIED. ) 
 GEOMETRIC_REPRESENTATION_ITEM ( )  RATIONAL_B_SPLINE_SURFACE ( (
 ( 1.000000000000000000, 1.000000000000000000),
 ( 0.7724073758824714364, 0.9739345816297115821),
 ( 0.7724073758824714364, 0.9739345816297115821),
 ( 1.000000000000000000, 1.000000000000000000) ) ) 
 REPRESENTATION_ITEM ( '' )  SURFACE ( )  );
#5299 = CARTESIAN_POINT ( 'NONE',  ( 49.27737675194775591, 32.63933393770175684, -25.46539492501348789 ) ) ;
#5300 = CARTESIAN_POINT ( 'NONE',  ( 49.23433077323408469, 13.89854835999852689, 34.45780500230466004 ) ) ;
#5301 = CARTESIAN_POINT ( 'NONE',  ( 17.53340716131418375, 8.812244897959189416, 27.49999999999993605 ) ) ;
#5302 = CARTESIAN_POINT ( 'NONE',  ( 28.07725316172350105, 72.05778207902406507, 30.56191415509897880 ) ) ;
#5303 = CIRCLE ( 'NONE', #1120, 40.14018759214401655 ) ;
#5304 = ORIENTED_EDGE ( 'NONE', *, *, #1900, .T. ) ;
#5305 = CARTESIAN_POINT ( 'NONE',  ( 19.46190759237069301, -41.37745592933178784, 35.76195514535875475 ) ) ;
#5306 = CIRCLE ( 'NONE', #3769, 34.11490221672030998 ) ;
#5307 = AXIS2_PLACEMENT_3D ( 'NONE', #708, #3333, #775 ) ;
#5308 = AXIS2_PLACEMENT_3D ( 'NONE', #5969, #4922, #189 ) ;
#5309 = CARTESIAN_POINT ( 'NONE',  ( 49.23244927482063105, -24.34670661070932240, 10.65769131237726342 ) ) ;
#5310 = CARTESIAN_POINT ( 'NONE',  ( 51.35395742193606594, 11.73635124267777208, 36.83530468403962033 ) ) ;
#5311 = CARTESIAN_POINT ( 'NONE',  ( 49.51286555817210200, 2.189930377213266777, -34.47953164496067302 ) ) ;
#5312 = CARTESIAN_POINT ( 'NONE',  ( 89.82681805825622234, 8.804785210747478885, -0.006802023010399302870 ) ) ;
#5313 = VECTOR ( 'NONE', #2477, 1000.000000000000000 ) ;
#5314 = EDGE_LOOP ( 'NONE', ( #4458, #2045, #4130, #968 ) ) ;
#5315 = CARTESIAN_POINT ( 'NONE',  ( 22.50127774655940271, -47.69717553139069111, -31.44120609658202525 ) ) ;
#5316 = ORIENTED_EDGE ( 'NONE', *, *, #5233, .F. ) ;
#5317 = CARTESIAN_POINT ( 'NONE',  ( 89.84074713331158080, 8.823271611049429808, -0.001437379307554297481 ) ) ;
#5318 = CARTESIAN_POINT ( 'NONE',  ( 52.60397151635675783, 21.79988499509023470, 35.92602083939260638 ) ) ;
#5319 = VECTOR ( 'NONE', #5623, 1000.000000000000114 ) ;
#5320 = CARTESIAN_POINT ( 'NONE',  ( 42.43839482824582632, 7.641412783567069766, 53.89560381050619498 ) ) ;
#5321 = CARTESIAN_POINT ( 'NONE',  ( 54.62576016552275604, 27.85794491124732275, -24.23933433919703972 ) ) ;
#5322 = EDGE_CURVE ( 'NONE', #1919, #3882, #3990, .T. ) ;
#5323 = CARTESIAN_POINT ( 'NONE',  ( 22.90123142467807327, -30.86662808258485313, -51.71353633463698429 ) ) ;
#5324 = VERTEX_POINT ( 'NONE', #4356 ) ;
#5325 = CARTESIAN_POINT ( 'NONE',  ( 89.83068436596585116, 8.797741505199919487, 0.001883225222576728622 ) ) ;
#5326 = EDGE_CURVE ( 'NONE', #4951, #919, #1520, .T. ) ;
#5327 = ORIENTED_EDGE ( 'NONE', *, *, #4112, .T. ) ;
#5328 = CARTESIAN_POINT ( 'NONE',  ( 18.79018048702202393, 67.70586702281637770, -15.72302052901489944 ) ) ;
#5329 = CARTESIAN_POINT ( 'NONE',  ( 54.17538997708381032, -13.70744243194515199, 32.78448105707305160 ) ) ;
#5330 = CARTESIAN_POINT ( 'NONE',  ( 50.49366072217502932, -4.374107375865106562, -33.59572869427933028 ) ) ;
#5331 = CARTESIAN_POINT ( 'NONE',  ( 49.23084801259432197, -13.08442475902952040, 27.08371301138484455 ) ) ;
#5332 = CARTESIAN_POINT ( 'NONE',  ( 26.06099036693303006, 72.54817351466952857, 25.10253801250062367 ) ) ;
#5333 = CARTESIAN_POINT ( 'NONE',  ( 89.82729936416122030, 8.808578157512346962, -0.009714176254089221599 ) ) ;
#5334 = ORIENTED_EDGE ( 'NONE', *, *, #849, .F. ) ;
#5335 = EDGE_CURVE ( 'NONE', #2023, #6390, #3434, .T. ) ;
#5336 = EDGE_LOOP ( 'NONE', ( #1582, #961, #2257, #1026 ) ) ;
#5337 = B_SPLINE_CURVE_WITH_KNOTS ( 'NONE', 3,
 ( #1894, #6036, #2407, #3932, #2195, #4924, #5511 ),
 .UNSPECIFIED., .F., .F.,
 ( 4, 3, 4 ),
 ( 8.217537263382347935E-17, 0.01258337285662352971, 0.04008255950779800181 ),
 .UNSPECIFIED. ) ;
#5338 = EDGE_CURVE ( 'NONE', #5223, #5881, #3072, .T. ) ;
#5339 = CARTESIAN_POINT ( 'NONE',  ( 89.82643428741084790, 8.803957319783014768, -0.005205840247507689464 ) ) ;
#5340 = B_SPLINE_CURVE_WITH_KNOTS ( 'NONE', 3,
 ( #1857, #6823, #465, #988, #3577, #1515 ),
 .UNSPECIFIED., .F., .F.,
 ( 4, 2, 4 ),
 ( 1.548866194019790239E-16, 0.0007986073165776925607, 0.001597214633155230080 ),
 .UNSPECIFIED. ) ;
#5341 = CARTESIAN_POINT ( 'NONE',  ( 54.54334256235661371, 8.812244897959189416, -6.153557722908013615E-14 ) ) ;
#5342 = CARTESIAN_POINT ( 'NONE',  ( 50.49951337408941043, 33.87062682957203208, 25.98194549183784829 ) ) ;
#5343 = CARTESIAN_POINT ( 'NONE',  ( 19.46190759237070012, 62.19201873634071376, 30.79810464809258974 ) ) ;
#5344 =( BOUNDED_SURFACE ( )  B_SPLINE_SURFACE ( 3, 1, ( 
 ( #4850, #3295 ),
 ( #91, #2172 ),
 ( #1592, #2142 ),
 ( #672, #4883 ) ),
 .UNSPECIFIED., .F., .F., .T. ) 
 B_SPLINE_SURFACE_WITH_KNOTS ( ( 4, 4 ),
 ( 2, 2 ),
 ( 0.000000000000000000, 1.000000000000000000 ),
 ( 0.000000000000000000, 1.000000000000000000 ),
 .UNSPECIFIED. ) 
 GEOMETRIC_REPRESENTATION_ITEM ( )  RATIONAL_B_SPLINE_SURFACE ( (
 ( 1.000000000000000000, 1.000000000000000000),
 ( 0.9611591142731221726, 0.9996856433685865628),
 ( 0.9611591142731221726, 0.9996856433685865628),
 ( 1.000000000000000000, 1.000000000000000000) ) ) 
 REPRESENTATION_ITEM ( '' )  SURFACE ( )  );
#5345 = CARTESIAN_POINT ( 'NONE',  ( 18.79017952991917895, -49.23267700986622941, 18.61340714194509616 ) ) ;
#5346 = CARTESIAN_POINT ( 'NONE',  ( 49.46084658743964724, 34.47163663018424984, 38.08325352900146754 ) ) ;
#5347 = CARTESIAN_POINT ( 'NONE',  ( 49.23290854358261015, -24.82321937010407353, 9.045652332266087114 ) ) ;
#5348 = DIRECTION ( 'NONE',  ( -1.000000000000000000, -0.000000000000000000, -0.000000000000000000 ) ) ;
#5349 = FACE_OUTER_BOUND ( 'NONE', #4671, .T. ) ;
#5350 = DIRECTION ( 'NONE',  ( 0.000000000000000000, 0.000000000000000000, 1.000000000000000000 ) ) ;
#5351 = ORIENTED_EDGE ( 'NONE', *, *, #5368, .F. ) ;
#5352 = B_SPLINE_CURVE_WITH_KNOTS ( 'NONE', 3,
 ( #3478, #5580, #3727, #2038, #3694, #537, #2682, #3099 ),
 .UNSPECIFIED., .F., .F.,
 ( 4, 2, 2, 4 ),
 ( 9.389838808736157431E-16, 0.001890109674893087656, 0.003780219349785236393, 0.007560438699569517820 ),
 .UNSPECIFIED. ) ;
#5353 = CARTESIAN_POINT ( 'NONE',  ( 49.23435778140441244, 31.75078963350586037, -26.21180198559699903 ) ) ;
#5354 = ORIENTED_EDGE ( 'NONE', *, *, #5757, .T. ) ;
#5355 = AXIS2_PLACEMENT_3D ( 'NONE', #2393, #422, #1984 ) ;
#5356 = CARTESIAN_POINT ( 'NONE',  ( 49.23443045783676553, -24.60278749508831453, -9.832399046482544591 ) ) ;
#5357 = CARTESIAN_POINT ( 'NONE',  ( 54.54334256235711820, 20.95377270857373375, 38.25987405045309231 ) ) ;
#5358 = CARTESIAN_POINT ( 'NONE',  ( 49.30502353826710760, -25.04312622791821497, 8.482785507331721320 ) ) ;
#5359 = CARTESIAN_POINT ( 'NONE',  ( 53.00847882770920450, 43.00760278839299389, -17.92031812148726289 ) ) ;
#5360 = CARTESIAN_POINT ( 'NONE',  ( 18.78690642288627544, -49.05335047895651712, 19.15271161393092569 ) ) ;
#5361 = ORIENTED_EDGE ( 'NONE', *, *, #3055, .F. ) ;
#5362 = CARTESIAN_POINT ( 'NONE',  ( 49.41026041085035558, -15.28155516381037060, 25.39684480216755702 ) ) ;
#5363 = VERTEX_POINT ( 'NONE', #1666 ) ;
#5364 = CARTESIAN_POINT ( 'NONE',  ( 89.82681805825622234, 8.822197837460519665, 0.001689214495681134456 ) ) ;
#5365 = CARTESIAN_POINT ( 'NONE',  ( 52.84917723814557888, -23.57015654021537543, -26.85187502886790512 ) ) ;
#5366 = CARTESIAN_POINT ( 'NONE',  ( 49.51003444762827144, -19.79070209494787136, -20.35595631144382267 ) ) ;
#5367 = CARTESIAN_POINT ( 'NONE',  ( 49.46084658743966855, 54.11328734519972272, -7.520248441062405753 ) ) ;
#5368 = EDGE_CURVE ( 'NONE', #5537, #5641, #2247, .T. ) ;
#5369 = CARTESIAN_POINT ( 'NONE',  ( 89.82681805825622234, 8.802291958457859167, -0.001689214495804142830 ) ) ;
#5370 = CARTESIAN_POINT ( 'NONE',  ( 18.77401912713006382, -18.14722534408056376, 54.68149563579223837 ) ) ;
#5371 = ORIENTED_EDGE ( 'NONE', *, *, #2789, .T. ) ;
#5372 = CARTESIAN_POINT ( 'NONE',  ( 18.80019331273212302, 18.08516685631477827, -60.25925883022233620 ) ) ;
#5373 = EDGE_LOOP ( 'NONE', ( #580, #499, #912, #1624 ) ) ;
#5374 = EDGE_CURVE ( 'NONE', #3147, #3168, #4637, .T. ) ;
#5375 = CARTESIAN_POINT ( 'NONE',  ( 49.23165480826241236, 37.53955413602228219, -19.69177761335516053 ) ) ;
#5376 = ADVANCED_FACE ( 'NONE', ( #106 ), #757, .F. ) ;
#5377 = CARTESIAN_POINT ( 'NONE',  ( 19.01941379036734503, -2.710346786906665528, -60.15727992596361418 ) ) ;
#5378 = CARTESIAN_POINT ( 'NONE',  ( 18.80019331273212302, -42.14939395446461390, -33.46754729418648111 ) ) ;
#5379 = EDGE_CURVE ( 'NONE', #701, #1571, #2278, .T. ) ;
#5380 = CARTESIAN_POINT ( 'NONE',  ( 28.65641647731176178, 74.08039964724441973, -29.09663053110018893 ) ) ;
#5381 = CARTESIAN_POINT ( 'NONE',  ( 51.15501191307616580, 33.39476044220173634, 36.48530781211196228 ) ) ;
#5382 = CARTESIAN_POINT ( 'NONE',  ( 49.41824768824508851, -15.28092723019029897, -25.40821027469675286 ) ) ;
#5383 = DIRECTION ( 'NONE',  ( 0.000000000000000000, 0.000000000000000000, -1.000000000000000000 ) ) ;
#5384 = CARTESIAN_POINT ( 'NONE',  ( 18.78844479849040638, 19.27198613831881957, 60.04967518400360404 ) ) ;
#5385 = CARTESIAN_POINT ( 'NONE',  ( 49.51286555817209489, 39.20683001004469759, 17.57448001881451205 ) ) ;
#5386 = ORIENTED_EDGE ( 'NONE', *, *, #473, .F. ) ;
#5387 = CARTESIAN_POINT ( 'NONE',  ( 35.20511764130976928, -48.25567562618380180, -24.57771154504357369 ) ) ;
#5388 = VERTEX_POINT ( 'NONE', #3862 ) ;
#5389 = CARTESIAN_POINT ( 'NONE',  ( 49.23423108862792930, -24.68642018766525936, -9.542851240198054086 ) ) ;
#5390 = DIRECTION ( 'NONE',  ( -1.000000000000000000, -0.000000000000000000, -0.000000000000000000 ) ) ;
#5391 = CARTESIAN_POINT ( 'NONE',  ( 18.79321571199462682, 49.18525011704834071, -45.67343421043707252 ) ) ;
#5392 = LINE ( 'NONE', #4926, #1567 ) ;
#5393 = ORIENTED_EDGE ( 'NONE', *, *, #855, .T. ) ;
#5394 = CARTESIAN_POINT ( 'NONE',  ( 53.00898906108301389, -18.94983295610190055, -26.82846980322360153 ) ) ;
#5395 = ORIENTED_EDGE ( 'NONE', *, *, #5494, .F. ) ;
#5396 = CARTESIAN_POINT ( 'NONE',  ( 18.85592173195390941, 58.84303922825626643, -34.93652430200190651 ) ) ;
#5397 = CARTESIAN_POINT ( 'NONE',  ( 89.82643428741084790, 8.822031342105432827, -0.0001011715404368371523 ) ) ;
#5398 = CARTESIAN_POINT ( 'NONE',  ( 35.20511764130980481, 70.10854871112378817, -10.17716053648991625 ) ) ;
#5399 = CARTESIAN_POINT ( 'NONE',  ( 49.23372534307176807, 22.77120295993879751, 31.91195189625952011 ) ) ;
#5400 = CARTESIAN_POINT ( 'NONE',  ( 18.85592173195389520, -43.75067849083758631, -30.99645457868265552 ) ) ;
#5401 = ORIENTED_EDGE ( 'NONE', *, *, #4201, .F. ) ;
#5402 = CARTESIAN_POINT ( 'NONE',  ( 54.54334256235713951, 7.941586415395067711, -40.13074399683127069 ) ) ;
#5403 = ORIENTED_EDGE ( 'NONE', *, *, #3293, .F. ) ;
#5404 = CARTESIAN_POINT ( 'NONE',  ( 28.07725316172355079, -27.87026843959652922, -59.90343717505002985 ) ) ;
#5405 = CARTESIAN_POINT ( 'NONE',  ( 49.23165480826241236, -13.20359161104926038, -26.98754054080793452 ) ) ;
#5406 = EDGE_CURVE ( 'NONE', #70, #464, #2002, .T. ) ;
#5407 = CARTESIAN_POINT ( 'NONE',  ( 18.79321399865038700, -49.50510001287987194, 17.75187477920263390 ) ) ;
#5408 = CARTESIAN_POINT ( 'NONE',  ( 18.78844479849039928, -29.72059773692282292, -47.22911935443057985 ) ) ;
#5409 = ADVANCED_FACE ( 'NONE', ( #4608 ), #3874, .T. ) ;
#5410 = CARTESIAN_POINT ( 'NONE',  ( 19.42422096688429534, -19.45809704635196624, -54.79763716762488457 ) ) ;
#5411 = CARTESIAN_POINT ( 'NONE',  ( 18.77401912713006027, 67.79246041924160693, 15.43415620504323371 ) ) ;
#5412 = CARTESIAN_POINT ( 'NONE',  ( 19.42422096688429534, -19.45809704635268034, 54.79763716762438719 ) ) ;
#5413 = ORIENTED_EDGE ( 'NONE', *, *, #4644, .T. ) ;
#5414 = AXIS2_PLACEMENT_3D ( 'NONE', #5868, #5348, #5960 ) ;
#5415 = CARTESIAN_POINT ( 'NONE',  ( 54.30008724204793680, -3.019465000894087758, 28.08872707293817683 ) ) ;
#5416 = EDGE_CURVE ( 'NONE', #5719, #359, #4329, .T. ) ;
#5417 = VERTEX_POINT ( 'NONE', #2306 ) ;
#5418 = EDGE_CURVE ( 'NONE', #6289, #902, #3469, .T. ) ;
#5419 = AXIS2_PLACEMENT_3D ( 'NONE', #3564, #5669, #3040 ) ;
#5420 = PLANE ( 'NONE',  #2875 ) ;
#5421 = B_SPLINE_CURVE_WITH_KNOTS ( 'NONE', 3,
 ( #6802, #6286, #1562, #712, #6452, #5996, #1730, #2815, #2846, #159, #2212, #5963, #6549 ),
 .UNSPECIFIED., .F., .F.,
 ( 4, 3, 3, 3, 4 ),
 ( 1.474514954580286030E-17, 0.0009041618729686839995, 0.001808323717130796288, 0.002711696379629077291, 0.003615359634610207547 ),
 .UNSPECIFIED. ) ;
#5422 = CARTESIAN_POINT ( 'NONE',  ( 49.23423108862792219, 3.576879320861392930, -34.43570123557130813 ) ) ;
#5423 = CONICAL_SURFACE ( 'NONE', #2435, 40.14018759214401655, 0.8495922745902004802 ) ;
#5424 = CARTESIAN_POINT ( 'NONE',  ( 25.39554384420628708, 5.138859586998953510, 67.46302730027332473 ) ) ;
#5425 = CARTESIAN_POINT ( 'NONE',  ( 89.82729936416122030, 8.821987586868575093, -0.003590295059482165579 ) ) ;
#5426 = ORIENTED_EDGE ( 'NONE', *, *, #1067, .F. ) ;
#5427 = CARTESIAN_POINT ( 'NONE',  ( 49.24040381077556816, 5.031399248339782915, -34.63155048300755112 ) ) ;
#5428 = ORIENTED_EDGE ( 'NONE', *, *, #2169, .F. ) ;
#5429 = VERTEX_POINT ( 'NONE', #3022 ) ;
#5430 = CARTESIAN_POINT ( 'NONE',  ( 28.07725316172349750, 78.10617965254974138, 11.50561499319576164 ) ) ;
#5431 = CARTESIAN_POINT ( 'NONE',  ( 26.76916540935845390, 59.10867441460075611, -47.14356934510509944 ) ) ;
#5432 = ORIENTED_EDGE ( 'NONE', *, *, #46, .F. ) ;
#5433 = CARTESIAN_POINT ( 'NONE',  ( 28.65641647731176178, -55.91907296343434552, -30.27213934572893095 ) ) ;
#5434 = B_SPLINE_CURVE_WITH_KNOTS ( 'NONE', 3,
 ( #1550, #3647, #5793, #2066, #3092, #6754, #6340, #5753, #4683, #5184 ),
 .UNSPECIFIED., .F., .F.,
 ( 4, 2, 2, 2, 4 ),
 ( 0.000000000000000000, 0.003307264529468852739, 0.006614529058937705479, 0.009921793588406557785, 0.01322905811787541096 ),
 .UNSPECIFIED. ) ;
#5435 = ORIENTED_EDGE ( 'NONE', *, *, #1956, .F. ) ;
#5436 = CARTESIAN_POINT ( 'NONE',  ( 24.68883653248305521, -56.65439986951828644, 13.55640982796485439 ) ) ;
#5437 = DIRECTION ( 'NONE',  ( -1.000000000000000000, -0.000000000000000000, -0.000000000000000000 ) ) ;
#5438 = CARTESIAN_POINT ( 'NONE',  ( 28.07725316172350105, 72.05778207902406507, 30.56191415509897880 ) ) ;
#5439 = CARTESIAN_POINT ( 'NONE',  ( 18.79321399865036568, 49.18581876902081262, 45.67292752281365154 ) ) ;
#5440 = CARTESIAN_POINT ( 'NONE',  ( 42.33298211887886708, 37.02804751102107161, -46.07511922815407956 ) ) ;
#5441 = CARTESIAN_POINT ( 'NONE',  ( 18.79364760530902601, -31.33549263936972906, -45.87214636423344416 ) ) ;
#5442 = CARTESIAN_POINT ( 'NONE',  ( 52.60397151635673652, 11.15226460676973197, 38.12980561722621076 ) ) ;
#5443 = EDGE_CURVE ( 'NONE', #1259, #5363, #5208, .T. ) ;
#5444 = CARTESIAN_POINT ( 'NONE',  ( 28.07725316172350460, 27.13211018094754223, 67.81158533877714945 ) ) ;
#5445 = CARTESIAN_POINT ( 'NONE',  ( 49.27030864395450749, 2.526907300204171758, -34.29615713795782739 ) ) ;
#5446 = CARTESIAN_POINT ( 'NONE',  ( 89.83648776693891591, 8.797903807825930400, -0.004487757579597089277 ) ) ;
#5447 = VERTEX_POINT ( 'NONE', #2468 ) ;
#5448 = ADVANCED_FACE ( 'NONE', ( #4057 ), #1234, .T. ) ;
#5449 = CARTESIAN_POINT ( 'NONE',  ( 19.04016012521984536, 46.85058169261968430, 47.95012266604473439 ) ) ;
#5450 = CARTESIAN_POINT ( 'NONE',  ( 49.23433077323408469, 42.19546267478357748, -9.938389172794895643 ) ) ;
#5451 = CARTESIAN_POINT ( 'NONE',  ( 18.78844479849039928, 47.34508753284215743, -47.22911935442980536 ) ) ;
#5452 = CARTESIAN_POINT ( 'NONE',  ( 22.90123142467806971, 73.87886385337534989, -3.877872993103194776 ) ) ;
#5453 = EDGE_CURVE ( 'NONE', #1221, #2755, #394, .T. ) ;
#5454 = ORIENTED_EDGE ( 'NONE', *, *, #2208, .F. ) ;
#5455 = CARTESIAN_POINT ( 'NONE',  ( 28.07725316172355434, -30.43937143311195470, -58.25237493479135509 ) ) ;
#5456 = B_SPLINE_CURVE_WITH_KNOTS ( 'NONE', 3,
 ( #926, #6828, #436, #3025, #2471, #3582, #6166, #5723, #5086, #2573 ),
 .UNSPECIFIED., .F., .F.,
 ( 4, 2, 2, 2, 4 ),
 ( 1.163687884334659274E-17, 0.001890020855637481942, 0.003780041711274952174, 0.005670062566912422407, 0.007560083422549892206 ),
 .UNSPECIFIED. ) ;
#5457 = ORIENTED_EDGE ( 'NONE', *, *, #4525, .F. ) ;
#5458 = FACE_OUTER_BOUND ( 'NONE', #4994, .T. ) ;
#5459 = CARTESIAN_POINT ( 'NONE',  ( 54.17539151718674617, 47.98907578789170003, -6.865461271931029508 ) ) ;
#5460 = CARTESIAN_POINT ( 'NONE',  ( 54.54334256235711820, -13.61651786593594871, 33.28941664873946138 ) ) ;
#5461 = CARTESIAN_POINT ( 'NONE',  ( 49.23423108862790798, 13.49060656815573900, -34.51578630705412820 ) ) ;
#5462 = ORIENTED_EDGE ( 'NONE', *, *, #3418, .F. ) ;
#5463 = CARTESIAN_POINT ( 'NONE',  ( 18.79148013494832270, -1.054118314308812199, -60.15384714314952674 ) ) ;
#5464 = ORIENTED_EDGE ( 'NONE', *, *, #2748, .T. ) ;
#5465 = CARTESIAN_POINT ( 'NONE',  ( 18.77401912713006382, 69.75165156323524229, -1.807682489461935438 ) ) ;
#5466 = CARTESIAN_POINT ( 'NONE',  ( 89.82545070715441682, 8.821452904678304563, 0.001159772792721601572 ) ) ;
#5467 = ORIENTED_EDGE ( 'NONE', *, *, #6721, .F. ) ;
#5468 = CARTESIAN_POINT ( 'NONE',  ( 18.79321571199463037, -49.84461118114629841, 16.59564334127544782 ) ) ;
#5469 = LINE ( 'NONE', #3954, #3111 ) ;
#5470 = CARTESIAN_POINT ( 'NONE',  ( 54.54334256235712530, 45.67813823971305709, -15.87893472645110471 ) ) ;
#5471 = CARTESIAN_POINT ( 'NONE',  ( 89.83648776693891591, 8.818727926560354646, -0.01355644401976768484 ) ) ;
#5472 = CARTESIAN_POINT ( 'NONE',  ( 25.39469577495192709, -30.75125533623087293, -54.76649221478126606 ) ) ;
#5473 = DIRECTION ( 'NONE',  ( -0.7588727602565363828, 0.07357512779442028361, -0.6470694200089045500 ) ) ;
#5474 = CARTESIAN_POINT ( 'NONE',  ( 28.07725316172377816, 60.88560721878205584, -47.14226879085747157 ) ) ;
#5475 = CARTESIAN_POINT ( 'NONE',  ( 19.11442843794945645, 66.77846205793697720, 19.87807075968166259 ) ) ;
#5476 = CARTESIAN_POINT ( 'NONE',  ( 54.30008724204793680, 39.27771967375115736, 0.9059770384614326266 ) ) ;
#5477 = ORIENTED_EDGE ( 'NONE', *, *, #332, .T. ) ;
#5478 = CARTESIAN_POINT ( 'NONE',  ( 18.79234864102460278, -15.68589646868247200, -55.81833632118933508 ) ) ;
#5479 = CARTESIAN_POINT ( 'NONE',  ( 18.79148013494832270, -30.18790562169031233, 46.84889228789152327 ) ) ;
#5480 = CARTESIAN_POINT ( 'NONE',  ( 18.79148013494830494, 35.22624823474733091, 54.93751793521368398 ) ) ;
#5481 = CARTESIAN_POINT ( 'NONE',  ( 18.79148013494832270, 47.81239541760903222, -46.84889228789138116 ) ) ;
#5482 = CARTESIAN_POINT ( 'NONE',  ( 217.5334579613141841, 8.812244897959189416, -6.153557722908013615E-14 ) ) ;
#5483 = VERTEX_POINT ( 'NONE', #2535 ) ;
#5484 = DIRECTION ( 'NONE',  ( -1.000000000000000000, -0.000000000000000000, -0.000000000000000000 ) ) ;
#5485 = ORIENTED_EDGE ( 'NONE', *, *, #2584, .T. ) ;
#5486 = EDGE_CURVE ( 'NONE', #3806, #2758, #266, .T. ) ;
#5487 = CARTESIAN_POINT ( 'NONE',  ( 22.50029827766106294, 60.88650081788566837, 38.34069865995579818 ) ) ;
#5488 = CARTESIAN_POINT ( 'NONE',  ( 19.46190759237070012, 51.35293406064074873, -44.58938517759289510 ) ) ;
#5489 = CARTESIAN_POINT ( 'NONE',  ( 89.82643428741084790, 8.802826370247448295, -0.002660086549648779924 ) ) ;
#5490 = ADVANCED_FACE ( 'NONE', ( #6755 ), #228, .F. ) ;
#5491 = VERTEX_POINT ( 'NONE', #6375 ) ;
#5492 = CARTESIAN_POINT ( 'NONE',  ( 54.54334256235661371, 8.812244897959189416, -6.153557722908013615E-14 ) ) ;
#5493 = ORIENTED_EDGE ( 'NONE', *, *, #2043, .T. ) ;
#5494 = EDGE_CURVE ( 'NONE', #4460, #3710, #3129, .T. ) ;
#5495 = CARTESIAN_POINT ( 'NONE',  ( 19.46190759237069301, 20.49290829288100113, 60.51021077145703941 ) ) ;
#5496 = FACE_OUTER_BOUND ( 'NONE', #6703, .T. ) ;
#5497 = CARTESIAN_POINT ( 'NONE',  ( 89.82545070715441682, 8.820618186652733783, 0.004002561320482909274 ) ) ;
#5498 = CARTESIAN_POINT ( 'NONE',  ( 18.77401912713006027, 69.75165156323524229, 1.807682489461801101 ) ) ;
#5499 = ORIENTED_EDGE ( 'NONE', *, *, #1191, .T. ) ;
#5500 = CARTESIAN_POINT ( 'NONE',  ( 49.23084801259432908, 42.54466211637036110, 8.666930318941361122 ) ) ;
#5501 = CARTESIAN_POINT ( 'NONE',  ( 18.77401912713006382, -14.85857368436657389, -56.18337252551886962 ) ) ;
#5502 = CARTESIAN_POINT ( 'NONE',  ( 23.24077445196137859, -30.51468977470990396, -52.26402954563955205 ) ) ;
#5503 = CARTESIAN_POINT ( 'NONE',  ( 54.54334256235712530, -1.658501519778019073, -38.75045973131046395 ) ) ;
#5504 = FACE_OUTER_BOUND ( 'NONE', #5373, .T. ) ;
#5505 = CARTESIAN_POINT ( 'NONE',  ( 89.82681805825622234, 8.819704585170901723, 0.006802023010276282353 ) ) ;
#5506 = CARTESIAN_POINT ( 'NONE',  ( 89.82643428741083369, 8.818730116304083211, -0.007329847728843280445 ) ) ;
#5507 = ORIENTED_EDGE ( 'NONE', *, *, #3172, .F. ) ;
#5508 = CARTESIAN_POINT ( 'NONE',  ( 53.79462347678107648, -0.8043873642824792558, 38.20075192477121817 ) ) ;
#5509 =( BOUNDED_SURFACE ( )  B_SPLINE_SURFACE ( 3, 1, ( 
 ( #2199, #2163 ),
 ( #4263, #5748 ),
 ( #6370, #4196 ),
 ( #1646, #5179 ) ),
 .UNSPECIFIED., .F., .F., .T. ) 
 B_SPLINE_SURFACE_WITH_KNOTS ( ( 4, 4 ),
 ( 2, 2 ),
 ( 0.000000000000000000, 1.000000000000000000 ),
 ( 0.000000000000000000, 1.000000000000000000 ),
 .UNSPECIFIED. ) 
 GEOMETRIC_REPRESENTATION_ITEM ( )  RATIONAL_B_SPLINE_SURFACE ( (
 ( 1.000000000000000000, 1.000000000000000000),
 ( 0.7724073758824714364, 0.9739345816297115821),
 ( 0.7724073758824714364, 0.9739345816297115821),
 ( 1.000000000000000000, 1.000000000000000000) ) ) 
 REPRESENTATION_ITEM ( '' )  SURFACE ( )  );
#5510 = CARTESIAN_POINT ( 'NONE',  ( 28.07725316172349750, 8.812244897959189416, -6.153557722908013615E-14 ) ) ;
#5511 = CARTESIAN_POINT ( 'NONE',  ( 54.54334256235712530, -28.05364844379458589, 15.87893472645119530 ) ) ;
#5512 = CARTESIAN_POINT ( 'NONE',  ( 22.50127774655938495, 3.687179482360408489, 64.46392590088343866 ) ) ;
#5513 = CARTESIAN_POINT ( 'NONE',  ( 89.82681805825622234, 8.807003731828586979, -0.008628130036237680739 ) ) ;
#5514 = ORIENTED_EDGE ( 'NONE', *, *, #643, .T. ) ;
#5515 = CARTESIAN_POINT ( 'NONE',  ( 19.27981613022928897, 51.18170316010106546, -44.50108137208077608 ) ) ;
#5516 = VERTEX_POINT ( 'NONE', #2604 ) ;
#5517 = VECTOR ( 'NONE', #1841, 1000.000000000000114 ) ;
#5518 = DIRECTION ( 'NONE',  ( 0.7588727602565363828, -0.4117274763696891493, -0.5045717183343438883 ) ) ;
#5519 = B_SPLINE_CURVE_WITH_KNOTS ( 'NONE', 3,
 ( #3489, #1322, #307, #5520, #796, #2899, #4998, #6083 ),
 .UNSPECIFIED., .F., .F.,
 ( 4, 2, 2, 4 ),
 ( 0.000000000000000000, 0.0002267054828044262995, 0.0004534109656088525990, 0.0009068219312177089927 ),
 .UNSPECIFIED. ) ;
#5520 = CARTESIAN_POINT ( 'NONE',  ( 49.27748177091822868, -26.03673452030119506, -1.331344887014984435 ) ) ;
#5521 = VECTOR ( 'NONE', #2835, 1000.000000000000114 ) ;
#5522 = FACE_OUTER_BOUND ( 'NONE', #6782, .T. ) ;
#5523 = ADVANCED_FACE ( 'NONE', ( #2572 ), #948, .F. ) ;
#5524 = ORIENTED_EDGE ( 'NONE', *, *, #3558, .T. ) ;
#5525 = VECTOR ( 'NONE', #5551, 1000.000000000000114 ) ;
#5526 = CARTESIAN_POINT ( 'NONE',  ( 89.83648776693894433, 8.822284609985095116, 0.01118083256015893999 ) ) ;
#5527 = ORIENTED_EDGE ( 'NONE', *, *, #2795, .F. ) ;
#5528 = CARTESIAN_POINT ( 'NONE',  ( 24.68797426277902218, 23.67600180989343528, 65.18137186523726712 ) ) ;
#5529 = EDGE_CURVE ( 'NONE', #5516, #3756, #2983, .T. ) ;
#5530 = CARTESIAN_POINT ( 'NONE',  ( 49.23435778140442665, -5.501832984475488075, -31.75441028097381846 ) ) ;
#5531 = CARTESIAN_POINT ( 'NONE',  ( 19.46190759237069301, 46.89360312880844361, -48.45341742586754918 ) ) ;
#5532 = VECTOR ( 'NONE', #5285, 1000.000000000000114 ) ;
#5533 = CARTESIAN_POINT ( 'NONE',  ( 89.82615535696581333, 8.821562884381028979, -0.001715913891197816182 ) ) ;
#5534 = ADVANCED_FACE ( 'NONE', ( #6410 ), #2553, .T. ) ;
#5535 = CARTESIAN_POINT ( 'NONE',  ( 19.42422096688429534, 20.49916092710222060, -60.54262355176477683 ) ) ;
#5536 = ADVANCED_FACE ( 'NONE', ( #6826 ), #3100, .F. ) ;
#5537 = VERTEX_POINT ( 'NONE', #4717 ) ;
#5538 = CARTESIAN_POINT ( 'NONE',  ( 49.23165480826241236, 42.50668425944228090, 8.815279788439811526 ) ) ;
#5539 = CARTESIAN_POINT ( 'NONE',  ( 49.61704819046447312, 39.31514848042381516, 17.59520245376272740 ) ) ;
#5540 = DIRECTION ( 'NONE',  ( -1.000000000000000000, -0.000000000000000000, -0.000000000000000000 ) ) ;
#5541 = CARTESIAN_POINT ( 'NONE',  ( 89.84074713331158080, 8.808971722004997673, -0.01062735997425482901 ) ) ;
#5542 = CARTESIAN_POINT ( 'NONE',  ( 54.54334256235712530, -28.05364844379458589, 15.87893472645119530 ) ) ;
#5543 = CARTESIAN_POINT ( 'NONE',  ( 49.41824768824508141, 15.34399549487912928, 34.40049893096718137 ) ) ;
#5544 = DIRECTION ( 'NONE',  ( -0.7522347214610782817, -0.5706747102995981535, -0.3293528485573542497 ) ) ;
#5545 = ORIENTED_EDGE ( 'NONE', *, *, #3096, .F. ) ;
#5546 = CARTESIAN_POINT ( 'NONE',  ( 49.23244927482063105, -20.00091746356931210, 19.56793611989643722 ) ) ;
#5547 = CARTESIAN_POINT ( 'NONE',  ( 19.27520315313953603, -2.793285214239240144, -60.33456301156602564 ) ) ;
#5548 = CARTESIAN_POINT ( 'NONE',  ( 27.43416548070748462, -8.734932200274560188, -67.35419102748242892 ) ) ;
#5549 = CARTESIAN_POINT ( 'NONE',  ( 49.61704819046447312, -4.262847974807252527, 32.69648639714306171 ) ) ;
#5550 = CARTESIAN_POINT ( 'NONE',  ( 36.38592095397831372, -9.578316681092292839, 57.94395096486882579 ) ) ;
#5551 = DIRECTION ( 'NONE',  ( -0.7522347214610783928, 0.06252304660996688135, -0.6559220932938466531 ) ) ;
#5552 = ORIENTED_EDGE ( 'NONE', *, *, #5621, .T. ) ;
#5553 = CARTESIAN_POINT ( 'NONE',  ( 89.82615535696581333, 8.809220361866664462, -0.008978942747644517650 ) ) ;
#5554 = ORIENTED_EDGE ( 'NONE', *, *, #4435, .T. ) ;
#5555 =( BOUNDED_SURFACE ( )  B_SPLINE_SURFACE ( 3, 1, ( 
 ( #2395, #5535 ),
 ( #740, #6571 ),
 ( #2326, #6607 ),
 ( #1786, #5567 ) ),
 .UNSPECIFIED., .F., .F., .T. ) 
 B_SPLINE_SURFACE_WITH_KNOTS ( ( 4, 4 ),
 ( 2, 2 ),
 ( 0.000000000000000000, 1.000000000000000000 ),
 ( 0.000000000000000000, 1.000000000000000000 ),
 .UNSPECIFIED. ) 
 GEOMETRIC_REPRESENTATION_ITEM ( )  RATIONAL_B_SPLINE_SURFACE ( (
 ( 1.000000000000000000, 1.000000000000000000),
 ( 0.7724073758824714364, 0.9739345816297115821),
 ( 0.7724073758824714364, 0.9739345816297115821),
 ( 1.000000000000000000, 1.000000000000000000) ) ) 
 REPRESENTATION_ITEM ( '' )  SURFACE ( )  );
#5556 = CARTESIAN_POINT ( 'NONE',  ( 49.23423108862791508, 37.96121106502426557, -19.06736331280971086 ) ) ;
#5557 = CARTESIAN_POINT ( 'NONE',  ( 20.99547524081241789, -46.09633506595281460, 31.21584237225206948 ) ) ;
#5558 = CARTESIAN_POINT ( 'NONE',  ( 89.82729936416122030, 8.821338366331954006, -0.005011889738707349037 ) ) ;
#5559 = CARTESIAN_POINT ( 'NONE',  ( 19.27520315313954669, -50.89111548554719633, -14.50712176480672255 ) ) ;
#5560 = ORIENTED_EDGE ( 'NONE', *, *, #3607, .F. ) ;
#5561 = ORIENTED_EDGE ( 'NONE', *, *, #6218, .F. ) ;
#5562 = CARTESIAN_POINT ( 'NONE',  ( 27.43416788634274539, 48.22418822498976709, 57.36888989857325072 ) ) ;
#5563 = CARTESIAN_POINT ( 'NONE',  ( 49.23351359036895047, -6.184842794048870829, -31.43630453839684691 ) ) ;
#5564 = EDGE_CURVE ( 'NONE', #1937, #491, #4968, .T. ) ;
#5565 = CARTESIAN_POINT ( 'NONE',  ( 217.5334579613141841, 40.61224489795919368, -8.000000000000060396 ) ) ;
#5566 = CARTESIAN_POINT ( 'NONE',  ( 19.42422096688429534, -51.11418294162835707, 14.51952200279475669 ) ) ;
#5567 = CARTESIAN_POINT ( 'NONE',  ( 28.65641647731176533, 28.32408679659077677, -68.74470131117598726 ) ) ;
#5568 = EDGE_CURVE ( 'NONE', #2593, #4578, #671, .T. ) ;
#5569 = ORIENTED_EDGE ( 'NONE', *, *, #6045, .F. ) ;
#5570 = CARTESIAN_POINT ( 'NONE',  ( 89.82729936416122030, 8.802502209049800186, -0.003590295059480008450 ) ) ;
#5571 = EDGE_CURVE ( 'NONE', #2755, #3938, #1676, .T. ) ;
#5572 = CARTESIAN_POINT ( 'NONE',  ( 18.80019331273212302, -42.14939395446506154, 33.46754729418567820 ) ) ;
#5573 = CARTESIAN_POINT ( 'NONE',  ( 89.82615535696581333, 8.814554879233122975, 0.009188754972914565250 ) ) ;
#5574 = CARTESIAN_POINT ( 'NONE',  ( 89.83648776693891591, 8.802606670146278844, -0.01152872061118564821 ) ) ;
#5575 = CARTESIAN_POINT ( 'NONE',  ( 89.83068436596586537, 8.799025719138590773, 0.006256856245532700818 ) ) ;
#5576 = LINE ( 'NONE', #5017, #4657 ) ;
#5577 = EDGE_CURVE ( 'NONE', #989, #3483, #428, .T. ) ;
#5578 = CARTESIAN_POINT ( 'NONE',  ( 49.61704819046447312, 37.48876810294721196, -20.43710579372282510 ) ) ;
#5579 = ORIENTED_EDGE ( 'NONE', *, *, #6818, .T. ) ;
#5580 = CARTESIAN_POINT ( 'NONE',  ( 54.17538997708381743, 18.84184352918800798, 38.48851344121629836 ) ) ;
#5581 = DIRECTION ( 'NONE',  ( 0.7522347214610783928, -0.4072159905495689736, -0.5179942672164500328 ) ) ;
#5582 = CARTESIAN_POINT ( 'NONE',  ( 28.07725316172349750, 8.812244897959189416, -6.153557722908013615E-14 ) ) ;
#5583 = FILL_AREA_STYLE ('',( #5028 ) ) ;
#5584 = CARTESIAN_POINT ( 'NONE',  ( 18.78844479849039928, 19.27198613831963669, -60.04967518400358273 ) ) ;
#5585 = B_SPLINE_CURVE_WITH_KNOTS ( 'NONE', 3,
 ( #574, #1197, #5381, #5346, #642, #1626, #2110 ),
 .UNSPECIFIED., .F., .F.,
 ( 4, 3, 4 ),
 ( 0.000000000000000000, 0.007697376234836458136, 0.04008255950779805038 ),
 .UNSPECIFIED. ) ;
#5586 = VERTEX_POINT ( 'NONE', #6477 ) ;
#5587 = CARTESIAN_POINT ( 'NONE',  ( 54.54334256235713241, 31.24100766185410194, 33.28941664873961059 ) ) ;
#5588 = ORIENTED_EDGE ( 'NONE', *, *, #2083, .F. ) ;
#5589 = CARTESIAN_POINT ( 'NONE',  ( 50.49366072217505064, -25.21293709096118718, -12.03494343193438354 ) ) ;
#5590 = CARTESIAN_POINT ( 'NONE',  ( 54.17539151718670354, 39.65618256219847382, 25.11195226220517895 ) ) ;
#5591 = CARTESIAN_POINT ( 'NONE',  ( 89.82681805825622234, 8.822270580196462930, -0.001183277654266185657 ) ) ;
#5592 = CARTESIAN_POINT ( 'NONE',  ( 18.79234720619590959, 16.59170209575632882, -60.45928771384250666 ) ) ;
#5593 = CARTESIAN_POINT ( 'NONE',  ( 49.56354134330946692, 37.45198001358878770, -20.39653107098196827 ) ) ;
#5594 = ORIENTED_EDGE ( 'NONE', *, *, #2255, .T. ) ;
#5595 = CARTESIAN_POINT ( 'NONE',  ( 49.23395903331217482, 38.34538869030441788, 18.46621341234570934 ) ) ;
#5596 = EDGE_LOOP ( 'NONE', ( #4680, #1815, #3078, #5107 ) ) ;
#5597 = CARTESIAN_POINT ( 'NONE',  ( 23.23982137879180598, 22.55642019688314903, 63.94614548882149307 ) ) ;
#5598 = CARTESIAN_POINT ( 'NONE',  ( 49.23443045783674421, -5.639116345496977267, -31.69224856410195912 ) ) ;
#5599 = CARTESIAN_POINT ( 'NONE',  ( 24.68883653248320087, 67.80774855604762763, -31.45136519554156251 ) ) ;
#5600 = CARTESIAN_POINT ( 'NONE',  ( 28.07725316172377816, 10.33919420233245567, -70.22604214938377254 ) ) ;
#5601 = ORIENTED_EDGE ( 'NONE', *, *, #2052, .T. ) ;
#5602 = VERTEX_POINT ( 'NONE', #4310 ) ;
#5603 = CARTESIAN_POINT ( 'NONE',  ( 89.83648776693891591, 8.797220375324986463, -0.0002656198737744553296 ) ) ;
#5604 = CARTESIAN_POINT ( 'NONE',  ( 18.78844479849039928, -1.647496342400850855, 60.04967518400352589 ) ) ;
#5605 = B_SPLINE_CURVE_WITH_KNOTS ( 'NONE', 3,
 ( #2227, #6403, #5431, #2800, #2828, #6439, #114, #4298, #3870, #5488 ),
 .UNSPECIFIED., .F., .F.,
 ( 4, 2, 2, 2, 4 ),
 ( 0.000000000000000000, 0.003307264529468972002, 0.006614529058937944003, 0.009921793588406915138, 0.01322905811787588801 ),
 .UNSPECIFIED. ) ;
#5606 = CARTESIAN_POINT ( 'NONE',  ( 19.42422096688429534, -51.11418294162815812, -14.51952200279569283 ) ) ;
#5607 = CARTESIAN_POINT ( 'NONE',  ( 89.82729936416122030, 8.821338366331954006, -0.005011889738707349037 ) ) ;
#5608 = DIRECTION ( 'NONE',  ( -1.000000000000000000, -0.000000000000000000, -0.000000000000000000 ) ) ;
#5609 = CARTESIAN_POINT ( 'NONE',  ( 49.23084801259430066, 30.70891455494808042, -27.08371301138479126 ) ) ;
#5610 = EDGE_CURVE ( 'NONE', #6018, #5738, #3975, .T. ) ;
#5611 = CARTESIAN_POINT ( 'NONE',  ( 48.49086870021277207, 35.08819225253202490, -38.99814139771275734 ) ) ;
#5612 = EDGE_CURVE ( 'NONE', #2426, #147, #2568, .T. ) ;
#5613 = ORIENTED_EDGE ( 'NONE', *, *, #937, .T. ) ;
#5614 = CARTESIAN_POINT ( 'NONE',  ( 89.82545070715441682, 8.805125650287155992, 0.005953887238911894329 ) ) ;
#5615 = VECTOR ( 'NONE', #6383, 1000.000000000000114 ) ;
#5616 = CARTESIAN_POINT ( 'NONE',  ( 18.79148013494830849, -41.80698370500877559, 33.96357084875282339 ) ) ;
#5617 = CARTESIAN_POINT ( 'NONE',  ( 49.24040381077555395, 12.59309054757882684, 34.63155048300742322 ) ) ;
#5618 = CARTESIAN_POINT ( 'NONE',  ( 49.51286555817210910, -4.257751789961537803, 32.58632134263175573 ) ) ;
#5619 = CARTESIAN_POINT ( 'NONE',  ( 49.41026041085033427, 21.90510124513916779, 32.46672203955951375 ) ) ;
#5620 = DIRECTION ( 'NONE',  ( -1.000000000000000000, -0.000000000000000000, -0.000000000000000000 ) ) ;
#5621 = EDGE_CURVE ( 'NONE', #5243, #2352, #5469, .T. ) ;
#5622 = ORIENTED_EDGE ( 'NONE', *, *, #2534, .F. ) ;
#5623 = DIRECTION ( 'NONE',  ( 0.7588727602565363828, -0.07357512779441159612, -0.6470694200089056602 ) ) ;
#5624 = ADVANCED_FACE ( 'NONE', ( #6024 ), #5703, .F. ) ;
#5625 = ORIENTED_EDGE ( 'NONE', *, *, #2361, .T. ) ;
#5626 = CARTESIAN_POINT ( 'NONE',  ( 18.79364760530902601, 60.25739405454529418, 32.70307737330698927 ) ) ;
#5627 = CARTESIAN_POINT ( 'NONE',  ( 49.23165480826241236, 32.39191097665088392, 25.63247450502059621 ) ) ;
#5628 = CARTESIAN_POINT ( 'NONE',  ( 19.46190759237069301, 68.70659159739449251, -14.51174484338366000 ) ) ;
#5629 = DIRECTION ( 'NONE',  ( -1.000000000000000000, -0.000000000000000000, -0.000000000000000000 ) ) ;
#5630 = DIRECTION ( 'NONE',  ( -1.000000000000000000, -0.000000000000000000, -0.000000000000000000 ) ) ;
#5631 = ORIENTED_EDGE ( 'NONE', *, *, #950, .T. ) ;
#5632 = CARTESIAN_POINT ( 'NONE',  ( 49.23351359036895758, 38.42434728446207259, 18.33786450282236657 ) ) ;
#5633 = CIRCLE ( 'NONE', #6306, 27.50000000000000000 ) ;
#5634 = CONICAL_SURFACE ( 'NONE', #4977, 40.14018759214401655, 0.8495922745902004802 ) ;
#5635 = ORIENTED_EDGE ( 'NONE', *, *, #3981, .T. ) ;
#5636 = CARTESIAN_POINT ( 'NONE',  ( 24.68883653248304100, -57.82182276497456286, -5.436805240800253181 ) ) ;
#5637 = VECTOR ( 'NONE', #3896, 1000.000000000000227 ) ;
#5638 = CARTESIAN_POINT ( 'NONE',  ( 25.39554384420632260, -39.76735346807266325, -46.95504695722548405 ) ) ;
#5639 = AXIS2_PLACEMENT_3D ( 'NONE', #3179, #5810, #4733 ) ;
#5640 = CARTESIAN_POINT ( 'NONE',  ( 19.01941379036735214, -50.69539925077956610, 14.50891915664135290 ) ) ;
#5641 = VERTEX_POINT ( 'NONE', #5539 ) ;
#5642 = CARTESIAN_POINT ( 'NONE',  ( 18.77401912713006382, 66.77389439981469366, -18.90307349937186387 ) ) ;
#5643 = ORIENTED_EDGE ( 'NONE', *, *, #5997, .T. ) ;
#5644 = DIRECTION ( 'NONE',  ( 1.000000000000000000, 0.000000000000000000, 0.000000000000000000 ) ) ;
#5645 = VECTOR ( 'NONE', #2242, 1000.000000000000114 ) ;
#5646 = AXIS2_PLACEMENT_3D ( 'NONE', #4928, #2855, #4361 ) ;
#5647 = CARTESIAN_POINT ( 'NONE',  ( 19.27981613022929253, 36.92803895917217005, -54.63533070293799909 ) ) ;
#5648 = CARTESIAN_POINT ( 'NONE',  ( 51.15501191307614448, -4.495406983457511885, -41.93309144375744779 ) ) ;
#5649 = DIRECTION ( 'NONE',  ( 0.000000000000000000, 0.000000000000000000, 1.000000000000000000 ) ) ;
#5650 = CARTESIAN_POINT ( 'NONE',  ( 18.80019331273212302, 33.58998149406572509, -55.70663448447990618 ) ) ;
#5651 = CARTESIAN_POINT ( 'NONE',  ( 49.56354134330947403, 30.54550265826276956, -27.63907405010461815 ) ) ;
#5652 = CARTESIAN_POINT ( 'NONE',  ( 49.23165480826241236, 37.53955413602200508, 19.69177761335543764 ) ) ;
#5653 = ORIENTED_EDGE ( 'NONE', *, *, #5670, .T. ) ;
#5654 = CARTESIAN_POINT ( 'NONE',  ( 24.68883653248317955, 41.43852898206880297, -58.35394940702669686 ) ) ;
#5655 = CARTESIAN_POINT ( 'NONE',  ( 49.23165480826241236, 2.833729476084186238, 34.31153967666762128 ) ) ;
#5656 = EDGE_CURVE ( 'NONE', #800, #623, #6097, .T. ) ;
#5657 = CARTESIAN_POINT ( 'NONE',  ( 18.80019331273212302, 33.58998149406497902, 55.70663448448011934 ) ) ;
#5658 = DIRECTION ( 'NONE',  ( -1.000000000000000000, -0.000000000000000000, -0.000000000000000000 ) ) ;
#5659 = CARTESIAN_POINT ( 'NONE',  ( 89.82681805825623655, 8.815333369662489815, 0.009611232640322705384 ) ) ;
#5660 = CARTESIAN_POINT ( 'NONE',  ( 19.42422096688429534, 20.49916092710222415, -60.54262355176477683 ) ) ;
#5661 = CARTESIAN_POINT ( 'NONE',  ( 18.79148013494830494, -43.11009333080378525, -31.93589269169927292 ) ) ;
#5662 = ORIENTED_EDGE ( 'NONE', *, *, #3183, .F. ) ;
#5663 = B_SPLINE_CURVE_WITH_KNOTS ( 'NONE', 3,
 ( #4658, #5727, #1559, #4108, #5128, #2041, #403, #4141 ),
 .UNSPECIFIED., .F., .F.,
 ( 4, 2, 2, 4 ),
 ( 1.966292034098031899E-16, 0.0003956619665159663872, 0.0007913239330317362085, 0.001582647866063286585 ),
 .UNSPECIFIED. ) ;
#5664 = EDGE_CURVE ( 'NONE', #2532, #715, #6232, .T. ) ;
#5665 = CARTESIAN_POINT ( 'NONE',  ( 28.07725316172350460, 45.49475823551522780, 59.90343717504965326 ) ) ;
#5666 = EDGE_LOOP ( 'NONE', ( #773, #844, #1930, #3703 ) ) ;
#5667 = CARTESIAN_POINT ( 'NONE',  ( 18.78844479849039928, -41.46572741669648110, 34.46005189268202429 ) ) ;
#5668 = B_SPLINE_CURVE_WITH_KNOTS ( 'NONE', 3,
 ( #2891, #5129, #1418, #6106, #4991, #2927, #894, #6071 ),
 .UNSPECIFIED., .F., .F.,
 ( 4, 2, 2, 4 ),
 ( 7.457293553574341911E-17, 0.0002264465145598583385, 0.0004528930291196421381, 0.0009057860582391958053 ),
 .UNSPECIFIED. ) ;
#5669 = DIRECTION ( 'NONE',  ( -1.000000000000000000, -0.000000000000000000, -0.000000000000000000 ) ) ;
#5670 = EDGE_CURVE ( 'NONE', #4927, #1966, #4880, .T. ) ;
#5671 = CARTESIAN_POINT ( 'NONE',  ( 49.23165480826241236, -4.708526741256799930, 32.09693343472715554 ) ) ;
#5672 = CARTESIAN_POINT ( 'NONE',  ( 18.79018048702202393, 18.97537716187698464, -60.10310178457856978 ) ) ;
#5673 = CARTESIAN_POINT ( 'NONE',  ( 49.23084801259431487, 37.45230929485474292, -19.81762760503958631 ) ) ;
#5674 = ORIENTED_EDGE ( 'NONE', *, *, #5568, .F. ) ;
#5675 = CARTESIAN_POINT ( 'NONE',  ( 53.00847882770923292, -21.69391487493579973, -23.66082244430159776 ) ) ;
#5676 = ORIENTED_EDGE ( 'NONE', *, *, #4902, .F. ) ;
#5677 = CARTESIAN_POINT ( 'NONE',  ( 49.41824768824506009, -26.16767158515638059, 1.569565351968839950 ) ) ;
#5678 = CARTESIAN_POINT ( 'NONE',  ( 28.07725316172350460, -9.507620385029623478, 67.81158533877702155 ) ) ;
#5679 = CARTESIAN_POINT ( 'NONE',  ( 54.30008724204793680, 29.44757983081816377, -22.43098080596052668 ) ) ;
#5680 = EDGE_LOOP ( 'NONE', ( #2763, #3578, #5662, #4501 ) ) ;
#5681 = CARTESIAN_POINT ( 'NONE',  ( 19.46190759237069301, 46.89360312880844361, -48.45341742586754918 ) ) ;
#5682 = ORIENTED_EDGE ( 'NONE', *, *, #3895, .T. ) ;
#5683 = LINE ( 'NONE', #5720, #1127 ) ;
#5684 = CARTESIAN_POINT ( 'NONE',  ( 18.79148157003701414, -32.00924774923491611, 45.27070203033032669 ) ) ;
#5685 = CARTESIAN_POINT ( 'NONE',  ( 54.54334256235712530, -3.329282912655100013, -38.25987405045331258 ) ) ;
#5686 = CARTESIAN_POINT ( 'NONE',  ( 49.23423108862792930, -26.01802075662113722, 0.2813658521293037618 ) ) ;
#5687 = CARTESIAN_POINT ( 'NONE',  ( 54.54334256235712530, -1.658501519778019073, -38.75045973131046395 ) ) ;
#5688 = ORIENTED_EDGE ( 'NONE', *, *, #4395, .T. ) ;
#5689 = FACE_OUTER_BOUND ( 'NONE', #724, .T. ) ;
#5690 = CARTESIAN_POINT ( 'NONE',  ( 24.68797426277922824, 12.91428913347009022, -66.72867255431781075 ) ) ;
#5691 = FACE_OUTER_BOUND ( 'NONE', #281, .T. ) ;
#5692 = CARTESIAN_POINT ( 'NONE',  ( 18.78844479849039928, -49.13763479415084134, 18.89923596840876385 ) ) ;
#5693 = CARTESIAN_POINT ( 'NONE',  ( 18.78690642288627544, -41.31344486677160432, 34.67951435792160453 ) ) ;
#5694 = DIRECTION ( 'NONE',  ( 0.000000000000000000, 0.000000000000000000, 1.000000000000000000 ) ) ;
#5695 = ORIENTED_EDGE ( 'NONE', *, *, #5049, .F. ) ;
#5696 = B_SPLINE_CURVE_WITH_KNOTS ( 'NONE', 3,
 ( #3787, #463, #6303, #1581, #2565, #1545, #3642, #496 ),
 .UNSPECIFIED., .F., .F.,
 ( 4, 2, 2, 4 ),
 ( 9.488196083697729632E-16, 0.001890109674893092860, 0.003780219349785236826, 0.007560438699569524759 ),
 .UNSPECIFIED. ) ;
#5697 = DIRECTION ( 'NONE',  ( 0.7522347214610783928, 0.5366567310078698139, 0.3822858575625320832 ) ) ;
#5698 = ORIENTED_EDGE ( 'NONE', *, *, #6585, .F. ) ;
#5699 = CARTESIAN_POINT ( 'NONE',  ( 18.79321399865037634, 60.41795599638431469, 32.44830284702332079 ) ) ;
#5700 = CARTESIAN_POINT ( 'NONE',  ( 20.23383842789542442, 59.53349198278392862, -36.34620345081301451 ) ) ;
#5701 = CARTESIAN_POINT ( 'NONE',  ( 18.78844479849039928, 66.76212459006907807, 18.89923596840916886 ) ) ;
#5702 = CARTESIAN_POINT ( 'NONE',  ( 19.46190759237069301, -52.74439089833655459, -2.950270223865677277 ) ) ;
#5703 =( BOUNDED_SURFACE ( )  B_SPLINE_SURFACE ( 3, 1, ( 
 ( #6748, #744 ),
 ( #1824, #5572 ),
 ( #5012, #4980 ),
 ( #3435, #3917 ) ),
 .UNSPECIFIED., .F., .F., .T. ) 
 B_SPLINE_SURFACE_WITH_KNOTS ( ( 4, 4 ),
 ( 2, 2 ),
 ( 0.000000000000000000, 1.000000000000000000 ),
 ( 0.000000000000000000, 1.000000000000000000 ),
 .UNSPECIFIED. ) 
 GEOMETRIC_REPRESENTATION_ITEM ( )  RATIONAL_B_SPLINE_SURFACE ( (
 ( 1.000000000000000000, 1.000000000000000000),
 ( 0.9611591142731221726, 0.9996856433685865628),
 ( 0.9611591142731221726, 0.9996856433685865628),
 ( 1.000000000000000000, 1.000000000000000000) ) ) 
 REPRESENTATION_ITEM ( '' )  SURFACE ( )  );
#5704 = LINE ( 'NONE', #6363, #2369 ) ;
#5705 = EDGE_LOOP ( 'NONE', ( #5789, #4074, #4587, #6148 ) ) ;
#5706 = CARTESIAN_POINT ( 'NONE',  ( 28.07725316172378172, 30.06230443817081266, -66.95120267540092129 ) ) ;
#5707 = EDGE_CURVE ( 'NONE', #3073, #1259, #3313, .T. ) ;
#5708 = VERTEX_POINT ( 'NONE', #460 ) ;
#5709 = ADVANCED_FACE ( 'NONE', ( #2563 ), #1477, .F. ) ;
#5710 = CARTESIAN_POINT ( 'NONE',  ( 26.06099036693303006, 69.52163430874179539, -31.72973445639593848 ) ) ;
#5711 = EDGE_CURVE ( 'NONE', #2108, #6629, #3160, .T. ) ;
#5712 = CARTESIAN_POINT ( 'NONE',  ( 50.49366072217506485, 33.89418592424740240, -25.95089800262825364 ) ) ;
#5713 = CARTESIAN_POINT ( 'NONE',  ( 28.07725316172350460, -9.507620385029623478, 67.81158533877702155 ) ) ;
#5714 = CARTESIAN_POINT ( 'NONE',  ( 48.49086870021275786, 51.15289864516326901, 20.45848191131606697 ) ) ;
#5715 = CARTESIAN_POINT ( 'NONE',  ( 18.85583905783801484, 58.84294785828479490, 34.93651266040888004 ) ) ;
#5716 = ORIENTED_EDGE ( 'NONE', *, *, #1837, .F. ) ;
#5717 = CARTESIAN_POINT ( 'NONE',  ( 89.82615535696581333, 8.817676579586420260, 0.007763122190125061432 ) ) ;
#5718 = EDGE_CURVE ( 'NONE', #1266, #3492, #2992, .T. ) ;
#5719 = VERTEX_POINT ( 'NONE', #5786 ) ;
#5720 = CARTESIAN_POINT ( 'NONE',  ( 54.62576016552275604, -17.89085368509163487, 15.40222530244912846 ) ) ;
#5721 = CARTESIAN_POINT ( 'NONE',  ( 54.54334256235661371, 8.812244897959189416, -6.153557722908013615E-14 ) ) ;
#5722 = CARTESIAN_POINT ( 'NONE',  ( 52.84917723814558599, -3.912345047639997908, -40.09648271588654467 ) ) ;
#5723 = CARTESIAN_POINT ( 'NONE',  ( 53.79462347678109779, -19.93066671461680528, 26.93737358609306654 ) ) ;
#5724 = ORIENTED_EDGE ( 'NONE', *, *, #5577, .T. ) ;
#5725 = CARTESIAN_POINT ( 'NONE',  ( 20.99620941596850088, -42.39298990130470202, 36.97969305351647051 ) ) ;
#5726 = CARTESIAN_POINT ( 'NONE',  ( 48.49086870021275075, 43.67398424867656104, 31.55851028326452834 ) ) ;
#5727 = CARTESIAN_POINT ( 'NONE',  ( 19.36839877834438539, 31.68423062772565757, 57.12512177767855803 ) ) ;
#5728 = CARTESIAN_POINT ( 'NONE',  ( 18.79321571199461971, -52.14412939522534884, -0.6021428608801487892 ) ) ;
#5729 = CARTESIAN_POINT ( 'NONE',  ( 49.23165480826241236, 38.65827140111246507, -17.95101957010275839 ) ) ;
#5730 = CARTESIAN_POINT ( 'NONE',  ( 19.46190759237069301, 59.00194572524991088, 35.76195514535908870 ) ) ;
#5731 = EDGE_LOOP ( 'NONE', ( #1187, #1563, #4799, #3712 ) ) ;
#5732 = LINE ( 'NONE', #5871, #4960 ) ;
#5733 = VERTEX_POINT ( 'NONE', #6438 ) ;
#5734 = CARTESIAN_POINT ( 'NONE',  ( 48.51805717611820512, 8.812244897959189416, -6.153557722908013615E-14 ) ) ;
#5735 = CARTESIAN_POINT ( 'NONE',  ( 54.54334256235712530, 7.941586415394512599, 40.13074399683114990 ) ) ;
#5736 = DIRECTION ( 'NONE',  ( -0.7522347214610783928, -0.6581437094123254727, 0.03146079448072478663 ) ) ;
#5737 = CARTESIAN_POINT ( 'NONE',  ( 89.82729936416122030, 8.808578157512352291, 0.009714176253963872215 ) ) ;
#5738 = VERTEX_POINT ( 'NONE', #3640 ) ;
#5739 = CARTESIAN_POINT ( 'NONE',  ( 50.05827993638285989, -22.12085673286316378, 17.73246702790419249 ) ) ;
#5740 = VECTOR ( 'NONE', #1473, 1000.000000000000114 ) ;
#5741 = ORIENTED_EDGE ( 'NONE', *, *, #5529, .T. ) ;
#5742 = CARTESIAN_POINT ( 'NONE',  ( 53.79529533164528488, 47.55652536602196534, 7.121150613886662484 ) ) ;
#5743 =( BOUNDED_SURFACE ( )  B_SPLINE_SURFACE ( 3, 1, ( 
 ( #3989, #1377 ),
 ( #3468, #3502 ),
 ( #5603, #881 ),
 ( #6679, #1957 ) ),
 .UNSPECIFIED., .F., .F., .T. ) 
 B_SPLINE_SURFACE_WITH_KNOTS ( ( 4, 4 ),
 ( 2, 2 ),
 ( 0.000000000000000000, 1.000000000000000000 ),
 ( 0.000000000000000000, 1.000000000000000000 ),
 .UNSPECIFIED. ) 
 GEOMETRIC_REPRESENTATION_ITEM ( )  RATIONAL_B_SPLINE_SURFACE ( (
 ( 1.000000000000000000, 1.000000000000000000),
 ( 0.7724073758824714364, 0.9739345816297115821),
 ( 0.7724073758824714364, 0.9739345816297115821),
 ( 1.000000000000000000, 1.000000000000000000) ) ) 
 REPRESENTATION_ITEM ( '' )  SURFACE ( )  );
#5744 = CARTESIAN_POINT ( 'NONE',  ( 54.17539151718673196, 38.05814369497817751, -26.95618742718050598 ) ) ;
#5745 = CARTESIAN_POINT ( 'NONE',  ( 89.82545070715441682, 8.817398362202949258, 0.007718436820853629386 ) ) ;
#5746 = CARTESIAN_POINT ( 'NONE',  ( 89.82729936416122030, 8.813026309940347858, 0.01035372402149335562 ) ) ;
#5747 = ADVANCED_FACE ( 'NONE', ( #3784 ), #1702, .F. ) ;
#5748 = CARTESIAN_POINT ( 'NONE',  ( 22.90123142467807327, 54.35251960637934587, -46.63460282581590377 ) ) ;
#5749 = ORIENTED_EDGE ( 'NONE', *, *, #1717, .T. ) ;
#5750 =( GEOMETRIC_REPRESENTATION_CONTEXT ( 3 ) GLOBAL_UNCERTAINTY_ASSIGNED_CONTEXT ( ( #5081 ) ) GLOBAL_UNIT_ASSIGNED_CONTEXT ( ( #2853, #5093, #1896 ) ) REPRESENTATION_CONTEXT ( 'NONE', 'WORKASPACE' ) );
#5751 = DIRECTION ( 'NONE',  ( 0.000000000000000000, 0.000000000000000000, 1.000000000000000000 ) ) ;
#5752 = ORIENTED_EDGE ( 'NONE', *, *, #3601, .T. ) ;
#5753 = CARTESIAN_POINT ( 'NONE',  ( 20.99547524081241079, 68.36107745895925802, 21.05510648950953367 ) ) ;
#5754 = CIRCLE ( 'NONE', #6630, 59.69879470168694269 ) ;
#5755 = AXIS2_PLACEMENT_3D ( 'NONE', #84, #1157, #48 ) ;
#5756 = CARTESIAN_POINT ( 'NONE',  ( 49.51003444762827854, -4.244824448897472458, -32.58844080504375285 ) ) ;
#5757 = EDGE_CURVE ( 'NONE', #3938, #3282, #4309, .T. ) ;
#5758 = CARTESIAN_POINT ( 'NONE',  ( 33.61636502379864311, 72.28668627086877052, -7.722362694832182406 ) ) ;
#5759 =( BOUNDED_SURFACE ( )  B_SPLINE_SURFACE ( 3, 1, ( 
 ( #2708, #1090 ),
 ( #6442, #5262 ),
 ( #5790, #666 ),
 ( #4236, #2137 ) ),
 .UNSPECIFIED., .F., .F., .T. ) 
 B_SPLINE_SURFACE_WITH_KNOTS ( ( 4, 4 ),
 ( 2, 2 ),
 ( 0.000000000000000000, 1.000000000000000000 ),
 ( 0.000000000000000000, 1.000000000000000000 ),
 .UNSPECIFIED. ) 
 GEOMETRIC_REPRESENTATION_ITEM ( )  RATIONAL_B_SPLINE_SURFACE ( (
 ( 1.000000000000000000, 1.000000000000000000),
 ( 0.9936547718337396251, 0.8399137562987545325),
 ( 0.9936547718337396251, 0.8399137562987545325),
 ( 1.000000000000000000, 1.000000000000000000) ) ) 
 REPRESENTATION_ITEM ( '' )  SURFACE ( )  );
#5760 = EDGE_CURVE ( 'NONE', #1808, #701, #3652, .T. ) ;
#5761 = CARTESIAN_POINT ( 'NONE',  ( 27.43416548070791450, 72.98364370661801104, -26.95407293941830318 ) ) ;
#5762 = CARTESIAN_POINT ( 'NONE',  ( 49.51286555817209489, -24.37388121022015852, 11.46185787730501104 ) ) ;
#5763 = AXIS2_PLACEMENT_3D ( 'NONE', #6145, #5620, #3624 ) ;
#5764 = EDGE_LOOP ( 'NONE', ( #5923, #6443, #6806, #583 ) ) ;
#5765 = CARTESIAN_POINT ( 'NONE',  ( 89.82615535696581333, 8.805333802051730885, -0.006481202419151760319 ) ) ;
#5766 = CARTESIAN_POINT ( 'NONE',  ( 36.38592095397842030, 53.88020125538361071, 40.79943036829418901 ) ) ;
#5767 = VECTOR ( 'NONE', #3857, 1000.000000000000114 ) ;
#5768 = CARTESIAN_POINT ( 'NONE',  ( 49.46084658743961882, 50.98766016228095310, 18.16515705145441473 ) ) ;
#5769 = CARTESIAN_POINT ( 'NONE',  ( 89.82615535696581333, 8.817050080193435946, 0.008165748902213497071 ) ) ;
#5770 = CARTESIAN_POINT ( 'NONE',  ( 217.5334579613141841, 8.812244897959189416, 27.49999999999993605 ) ) ;
#5771 = CARTESIAN_POINT ( 'NONE',  ( 26.76916540935821232, 11.50382061596838312, 68.88397762087643628 ) ) ;
#5772 = ORIENTED_EDGE ( 'NONE', *, *, #3146, .T. ) ;
#5773 = CARTESIAN_POINT ( 'NONE',  ( 18.78844479849039928, 1.930344596823311720, 60.56409105043055519 ) ) ;
#5774 = VERTEX_POINT ( 'NONE', #1613 ) ;
#5775 = CARTESIAN_POINT ( 'NONE',  ( 89.84074713331158080, 8.803937637732081711, 0.007392150456152586299 ) ) ;
#5776 = CARTESIAN_POINT ( 'NONE',  ( 36.38592095397838477, 10.13316205505726586, -60.77803374967060535 ) ) ;
#5777 = CARTESIAN_POINT ( 'NONE',  ( 48.51805717611821223, 8.812244897959189416, -6.153557722908013615E-14 ) ) ;
#5778 = CARTESIAN_POINT ( 'NONE',  ( 54.17538997708384585, -11.65455181769788418, -34.10379374524503504 ) ) ;
#5779 = ORIENTED_EDGE ( 'NONE', *, *, #3687, .F. ) ;
#5780 = CARTESIAN_POINT ( 'NONE',  ( 50.49951337408944596, -16.24613703365348627, -25.98194549183813251 ) ) ;
#5781 = B_SPLINE_CURVE_WITH_KNOTS ( 'NONE', 3,
 ( #448, #344, #5589, #1902, #1498, #1940, #2552, #3596, #2482, #970 ),
 .UNSPECIFIED., .F., .F.,
 ( 4, 2, 2, 2, 4 ),
 ( 1.110764993427085326E-17, 0.001890020855637479557, 0.003780041711274948271, 0.005670062566912417203, 0.007560083422549885267 ),
 .UNSPECIFIED. ) ;
#5782 = ORIENTED_EDGE ( 'NONE', *, *, #1868, .F. ) ;
#5783 = B_SPLINE_CURVE_WITH_KNOTS ( 'NONE', 3,
 ( #5221, #6233, #6302, #5787, #4232, #4164 ),
 .UNSPECIFIED., .F., .F.,
 ( 4, 2, 4 ),
 ( 1.476860068530036676E-16, 0.0007986073165776966807, 0.001597214633155245693 ),
 .UNSPECIFIED. ) ;
#5784 = CARTESIAN_POINT ( 'NONE',  ( 49.51286555817209489, -26.25878845024974950, 1.647959937722629276 ) ) ;
#5785 = CARTESIAN_POINT ( 'NONE',  ( 28.07725316172350105, 62.88548550309869256, 44.83428621717749252 ) ) ;
#5786 = CARTESIAN_POINT ( 'NONE',  ( 48.51805717611819802, 8.812244897959192969, 34.11490221672024603 ) ) ;
#5787 = CARTESIAN_POINT ( 'NONE',  ( 19.10106442482188172, 46.80979411351214026, -48.06043400007923339 ) ) ;
#5788 = CARTESIAN_POINT ( 'NONE',  ( 54.30008724204793680, -11.82309003489962329, 22.43098080596054089 ) ) ;
#5789 = ORIENTED_EDGE ( 'NONE', *, *, #212, .F. ) ;
#5790 = CARTESIAN_POINT ( 'NONE',  ( 89.82643428741083369, 8.802458453812951333, -0.0001011715404325365695 ) ) ;
#5791 = VERTEX_POINT ( 'NONE', #5291 ) ;
#5792 =( BOUNDED_SURFACE ( )  B_SPLINE_SURFACE ( 3, 1, ( 
 ( #2813, #3957 ),
 ( #1885, #851 ),
 ( #4477, #710 ),
 ( #2952, #6063 ) ),
 .UNSPECIFIED., .F., .F., .T. ) 
 B_SPLINE_SURFACE_WITH_KNOTS ( ( 4, 4 ),
 ( 2, 2 ),
 ( 0.000000000000000000, 1.000000000000000000 ),
 ( 0.000000000000000000, 1.000000000000000000 ),
 .UNSPECIFIED. ) 
 GEOMETRIC_REPRESENTATION_ITEM ( )  RATIONAL_B_SPLINE_SURFACE ( (
 ( 1.000000000000000000, 1.000000000000000000),
 ( 0.9936547718337396251, 0.8399137562987545325),
 ( 0.9936547718337396251, 0.8399137562987545325),
 ( 1.000000000000000000, 1.000000000000000000) ) ) 
 REPRESENTATION_ITEM ( '' )  SURFACE ( )  );
#5793 = CARTESIAN_POINT ( 'NONE',  ( 26.76916540935821232, 72.58943587108542772, 26.16709506797734264 ) ) ;
#5794 = CARTESIAN_POINT ( 'NONE',  ( 51.15501191307613027, 9.766926304771271106, 43.98370539232653442 ) ) ;
#5795 = FACE_OUTER_BOUND ( 'NONE', #1555, .T. ) ;
#5796 = CARTESIAN_POINT ( 'NONE',  ( 18.77401912713006027, -41.47593930903721571, -34.46704991527126793 ) ) ;
#5797 = B_SPLINE_CURVE_WITH_KNOTS ( 'NONE', 3,
 ( #2868, #5073, #4972, #1370, #247, #2357, #5004, #4468, #6569, #3947, #6054, #1330, #282 ),
 .UNSPECIFIED., .F., .F.,
 ( 4, 3, 3, 3, 4 ),
 ( 0.000000000000000000, 0.0004520762650173931079, 0.0009041524520694438089, 0.001356228616379086347, 0.002069674869633369736 ),
 .UNSPECIFIED. ) ;
#5798 = EDGE_CURVE ( 'NONE', #2352, #5806, #6116, .T. ) ;
#5799 = ORIENTED_EDGE ( 'NONE', *, *, #5416, .F. ) ;
#5800 = CARTESIAN_POINT ( 'NONE',  ( 89.82729936416122030, 8.804931791460413493, 0.007370799083915496874 ) ) ;
#5801 = CARTESIAN_POINT ( 'NONE',  ( 49.23306814737764370, 42.43082267928031825, 9.106963723586382287 ) ) ;
#5802 = ADVANCED_FACE ( 'NONE', ( #3354 ), #1206, .F. ) ;
#5803 = CARTESIAN_POINT ( 'NONE',  ( 18.79364884033507721, -52.14679466046047907, -0.3007434108954064600 ) ) ;
#5804 = CARTESIAN_POINT ( 'NONE',  ( 19.10106442482187461, -41.18632554268577906, 35.40850203773370453 ) ) ;
#5805 = CARTESIAN_POINT ( 'NONE',  ( 89.82643428741084790, 8.805759679614292068, -0.007329847728842570076 ) ) ;
#5806 = VERTEX_POINT ( 'NONE', #908 ) ;
#5807 = CARTESIAN_POINT ( 'NONE',  ( 49.27030864395452880, 12.44385167643053691, -34.67770602787629741 ) ) ;
#5808 = EDGE_LOOP ( 'NONE', ( #5716, #1423, #3926, #682, #3572, #1972, #1944, #2765, #5020, #6272, #955, #5579, #6039, #1864, #5135, #1401, #429, #264, #4353, #1365, #3314, #5913, #2540, #1889, #1873, #3385, #5096, #242, #694, #2459, #49, #2930, #5110, #6780, #3683, #6263, #1, #2550, #4816, #3685, #874, #1058, #819, #6482, #2657, #1158, #1033, #1275, #5477, #4368, #4023, #4087, #275, #6434, #5304, #4554, #186, #4005, #791, #6154, #6558, #1537, #3520, #6356, #4953, #3705, #1546, #1114, #5116, #5569 ) ) ;
#5809 = CARTESIAN_POINT ( 'NONE',  ( 18.78844479849039928, -1.647496342400850855, 60.04967518400352589 ) ) ;
#5810 = DIRECTION ( 'NONE',  ( -1.000000000000000000, -0.000000000000000000, -0.000000000000000000 ) ) ;
#5811 = FACE_OUTER_BOUND ( 'NONE', #2020, .T. ) ;
#5812 = CARTESIAN_POINT ( 'NONE',  ( 28.65641647731176178, -29.27685077575157990, -60.46293677451422610 ) ) ;
#5813 = ORIENTED_EDGE ( 'NONE', *, *, #4313, .T. ) ;
#5814 = CARTESIAN_POINT ( 'NONE',  ( 51.36229326913193916, -17.09250891791078431, -26.36558357162300936 ) ) ;
#5815 = VERTEX_POINT ( 'NONE', #5701 ) ;
#5816 = CARTESIAN_POINT ( 'NONE',  ( 19.46190759237069301, 20.49290829288181470, -60.51021077145698257 ) ) ;
#5817 = CARTESIAN_POINT ( 'NONE',  ( 54.54334256235712530, 39.71119764499194105, 25.62204868992914442 ) ) ;
#5818 = CARTESIAN_POINT ( 'NONE',  ( 52.60448476329267464, 11.15202717067201910, -38.13033710734729453 ) ) ;
#5819 = CARTESIAN_POINT ( 'NONE',  ( 22.90123142467807327, 70.15068552907959543, 22.05217681278828579 ) ) ;
#5820 = VERTEX_POINT ( 'NONE', #2484 ) ;
#5821 = CARTESIAN_POINT ( 'NONE',  ( 89.82545070715441682, 8.812407365968232043, 0.009279335364942329495 ) ) ;
#5822 = EDGE_LOOP ( 'NONE', ( #5947, #1474, #3517, #1603 ) ) ;
#5823 = DIRECTION ( 'NONE',  ( -1.000000000000000000, -0.000000000000000000, -0.000000000000000000 ) ) ;
#5824 = CARTESIAN_POINT ( 'NONE',  ( 22.90123142467806971, 48.49111787850426936, -51.71353633463621691 ) ) ;
#5825 = CARTESIAN_POINT ( 'NONE',  ( 51.36229326913196758, 34.71699871382933367, 26.36558357162271093 ) ) ;
#5826 = CARTESIAN_POINT ( 'NONE',  ( 20.23383842789535336, 62.94428198369811156, 31.03891061354930514 ) ) ;
#5827 =( BOUNDED_SURFACE ( )  B_SPLINE_SURFACE ( 3, 1, ( 
 ( #4159, #2523 ),
 ( #1018, #4635 ),
 ( #3081, #4083 ),
 ( #3013, #2594 ) ),
 .UNSPECIFIED., .F., .F., .T. ) 
 B_SPLINE_SURFACE_WITH_KNOTS ( ( 4, 4 ),
 ( 2, 2 ),
 ( 0.000000000000000000, 1.000000000000000000 ),
 ( 0.000000000000000000, 1.000000000000000000 ),
 .UNSPECIFIED. ) 
 GEOMETRIC_REPRESENTATION_ITEM ( )  RATIONAL_B_SPLINE_SURFACE ( (
 ( 1.000000000000000000, 1.000000000000000000),
 ( 0.7724073758824716585, 0.9739345816297118041),
 ( 0.7724073758824716585, 0.9739345816297118041),
 ( 1.000000000000000000, 1.000000000000000000) ) ) 
 REPRESENTATION_ITEM ( '' )  SURFACE ( )  );
#5828 = EDGE_LOOP ( 'NONE', ( #3089, #6618, #3584, #6463 ) ) ;
#5829 = CARTESIAN_POINT ( 'NONE',  ( 18.76137069372868282, 67.94436941300168087, 14.87190650519946189 ) ) ;
#5830 = EDGE_CURVE ( 'NONE', #5151, #4154, #4229, .T. ) ;
#5831 = CARTESIAN_POINT ( 'NONE',  ( 89.82643428741084790, 8.804066714711597186, 0.005376062078910117184 ) ) ;
#5832 = CARTESIAN_POINT ( 'NONE',  ( 49.23165480826241236, -14.76742118073233456, -25.63247450502087688 ) ) ;
#5833 = CARTESIAN_POINT ( 'NONE',  ( 28.07725316172350460, 7.285295593586143426, 70.22604214938338885 ) ) ;
#5834 = EDGE_CURVE ( 'NONE', #5269, #1530, #6220, .T. ) ;
#5835 = CARTESIAN_POINT ( 'NONE',  ( 17.53340716131418375, 35.12288913180492500, -8.000000000000060396 ) ) ;
#5836 = CARTESIAN_POINT ( 'NONE',  ( 50.49366072217503643, 15.88240168673969421, -35.39160572467821453 ) ) ;
#5837 = ORIENTED_EDGE ( 'NONE', *, *, #2373, .T. ) ;
#5838 = CARTESIAN_POINT ( 'NONE',  ( 49.23423108862792930, 31.40857610504248854, -26.50721389152735696 ) ) ;
#5839 = EDGE_LOOP ( 'NONE', ( #6711, #1203, #5749, #5594 ) ) ;
#5840 = EDGE_CURVE ( 'NONE', #4598, #4471, #869, .T. ) ;
#5841 = CARTESIAN_POINT ( 'NONE',  ( 22.90123142467806971, 54.35251960637869928, 46.63460282581637983 ) ) ;
#5842 = CARTESIAN_POINT ( 'NONE',  ( 89.82729936416122030, 8.814412119795195011, -0.01015447464488493899 ) ) ;
#5843 = CARTESIAN_POINT ( 'NONE',  ( 48.51805717611819802, 8.812244897959189416, -6.153557722908013615E-14 ) ) ;
#5844 = EDGE_CURVE ( 'NONE', #4561, #4571, #2320, .T. ) ;
#5845 = CARTESIAN_POINT ( 'NONE',  ( 52.60448476329266043, -9.834221622639134353, -33.34226260018734678 ) ) ;
#5846 = EDGE_CURVE ( 'NONE', #6626, #6102, #3567, .T. ) ;
#5847 = ORIENTED_EDGE ( 'NONE', *, *, #4602, .T. ) ;
#5848 = CARTESIAN_POINT ( 'NONE',  ( 28.07725316172354368, -60.91630494323797507, -8.482800668929586507 ) ) ;
#5849 = EDGE_LOOP ( 'NONE', ( #5428, #5068, #4064, #4898 ) ) ;
#5850 = DIRECTION ( 'NONE',  ( 0.000000000000000000, -1.000000000000000000, 0.000000000000000000 ) ) ;
#5851 = AXIS2_PLACEMENT_3D ( 'NONE', #3759, #126, #1168 ) ;
#5852 = CARTESIAN_POINT ( 'NONE',  ( 89.82545070715441682, 8.814703301924252443, 0.008949229610062767182 ) ) ;
#5853 = DIRECTION ( 'NONE',  ( -1.000000000000000000, -0.000000000000000000, -0.000000000000000000 ) ) ;
#5854 = B_SPLINE_CURVE_WITH_KNOTS ( 'NONE', 3,
 ( #693, #4899, #3350, #166, #5976, #2312, #5455 ),
 .UNSPECIFIED., .F., .F.,
 ( 4, 3, 4 ),
 ( 0.000000000000000000, 0.007697376234836509311, 0.04008255950779807120 ),
 .UNSPECIFIED. ) ;
#5855 = CARTESIAN_POINT ( 'NONE',  ( 89.82615535696581333, 8.802820926651332201, -0.0009787728174269340158 ) ) ;
#5856 = ORIENTED_EDGE ( 'NONE', *, *, #4823, .F. ) ;
#5857 = CARTESIAN_POINT ( 'NONE',  ( 22.90123142467807327, -56.25437405745694974, -3.877872993103616661 ) ) ;
#5858 = ORIENTED_EDGE ( 'NONE', *, *, #511, .T. ) ;
#5859 = CARTESIAN_POINT ( 'NONE',  ( 49.23084801259432197, 32.50406376141973652, 25.52820736932621770 ) ) ;
#5860 = CARTESIAN_POINT ( 'NONE',  ( 49.23435778140442665, 13.60025085047563564, 34.50087530651185830 ) ) ;
#5861 = B_SPLINE_CURVE_WITH_KNOTS ( 'NONE', 3,
 ( #6545, #2917, #5013, #287, #6134, #4058, #4648 ),
 .UNSPECIFIED., .F., .F.,
 ( 4, 3, 4 ),
 ( 1.178591096347369336E-16, 0.01258337285662347420, 0.04008255950779791854 ),
 .UNSPECIFIED. ) ;
#5862 = CARTESIAN_POINT ( 'NONE',  ( 89.82643428741083369, 8.818577195606939867, 0.007462354267083574043 ) ) ;
#5863 = CARTESIAN_POINT ( 'NONE',  ( 26.06099036693303006, -59.41413299404058534, 6.129222711036042881 ) ) ;
#5864 = CARTESIAN_POINT ( 'NONE',  ( 19.46190759237069301, -49.41972745439042569, -20.17327194351031139 ) ) ;
#5865 = CIRCLE ( 'NONE', #3319, 70.24264068317124554 ) ;
#5866 = AXIS2_PLACEMENT_3D ( 'NONE', #1734, #3211, #105 ) ;
#5867 = CARTESIAN_POINT ( 'NONE',  ( 54.54334256235661371, 8.812244897959189416, 40.14018759214395260 ) ) ;
#5868 = CARTESIAN_POINT ( 'NONE',  ( 28.07725316172349750, 8.812244897959189416, -6.153557722908013615E-14 ) ) ;
#5869 = CARTESIAN_POINT ( 'NONE',  ( 49.41064597117353685, 15.35117792099379308, -34.39157292282462208 ) ) ;
#5870 = CARTESIAN_POINT ( 'NONE',  ( 20.99547524081241079, 14.39732542207954147, 62.91413071959027548 ) ) ;
#5871 = CARTESIAN_POINT ( 'NONE',  ( 54.62576016552275604, 20.25745059876205545, 28.62326474513071872 ) ) ;
#5872 = ORIENTED_EDGE ( 'NONE', *, *, #424, .T. ) ;
#5873 = EDGE_CURVE ( 'NONE', #1296, #1125, #3758, .T. ) ;
#5874 = CARTESIAN_POINT ( 'NONE',  ( 18.79364822255246992, 0.1375069031171426148, 60.33865230174317418 ) ) ;
#5875 = CARTESIAN_POINT ( 'NONE',  ( 53.00898906108302810, 43.00821692567484433, 17.92024709196594401 ) ) ;
#5876 = CONICAL_SURFACE ( 'NONE', #2885, 40.14018759214401655, 0.8495922745902004802 ) ;
#5877 = CARTESIAN_POINT ( 'NONE',  ( 49.23165480826241236, -24.88219446352396602, 8.815279788439577047 ) ) ;
#5878 = CARTESIAN_POINT ( 'NONE',  ( 89.82681805825623655, 8.821318766758581731, -0.004424856533453987162 ) ) ;
#5879 = CARTESIAN_POINT ( 'NONE',  ( 20.99620941596847956, 70.29192982539203172, 14.48178547015597495 ) ) ;
#5880 = EDGE_CURVE ( 'NONE', #5154, #1266, #1949, .T. ) ;
#5881 = VERTEX_POINT ( 'NONE', #1108 ) ;
#5882 = CARTESIAN_POINT ( 'NONE',  ( 19.42422096688430244, 14.65555921590191701, -61.38280663658733260 ) ) ;
#5883 = VERTEX_POINT ( 'NONE', #6809 ) ;
#5884 = EDGE_CURVE ( 'NONE', #4053, #3289, #2513, .T. ) ;
#5885 = CARTESIAN_POINT ( 'NONE',  ( 20.23383572758629967, 71.13191167354054301, 3.154394857635372418 ) ) ;
#5886 = CARTESIAN_POINT ( 'NONE',  ( 18.85583905783801129, -32.88877583835591878, 44.54947839340727711 ) ) ;
#5887 = CARTESIAN_POINT ( 'NONE',  ( 26.76916540935824074, 6.120669179950490424, -68.88397762087657838 ) ) ;
#5888 = CARTESIAN_POINT ( 'NONE',  ( 54.30008724204793680, 39.27771967375115736, -0.9059770384615514205 ) ) ;
#5889 = CARTESIAN_POINT ( 'NONE',  ( 89.84074713331158080, 8.815518073913382935, 0.01062735997413173650 ) ) ;
#5890 = FACE_OUTER_BOUND ( 'NONE', #1709, .T. ) ;
#5891 = EDGE_CURVE ( 'NONE', #3903, #6626, #5197, .T. ) ;
#5892 = VERTEX_POINT ( 'NONE', #6840 ) ;
#5893 = CARTESIAN_POINT ( 'NONE',  ( 19.10106442482189948, 36.74480097363709774, 54.52881232654377897 ) ) ;
#5894 = VERTEX_POINT ( 'NONE', #1010 ) ;
#5895 = EDGE_CURVE ( 'NONE', #2558, #4939, #1688, .T. ) ;
#5896 = CARTESIAN_POINT ( 'NONE',  ( 27.43416788634280223, -59.74464584138188883, 12.01846650624596258 ) ) ;
#5897 = CARTESIAN_POINT ( 'NONE',  ( 89.83068436596585116, 8.799025719138594326, -0.006256856245652449647 ) ) ;
#5898 = CARTESIAN_POINT ( 'NONE',  ( 53.00898906108304942, -25.38372712975634826, -17.92024709196630283 ) ) ;
#5899 = CARTESIAN_POINT ( 'NONE',  ( 89.83068436596585116, 8.816173002659398961, 0.01408775824009407714 ) ) ;
#5900 = B_SPLINE_CURVE_WITH_KNOTS ( 'NONE', 3,
 ( #5430, #43, #660, #2285, #4392, #6494, #1774 ),
 .UNSPECIFIED., .F., .F.,
 ( 4, 3, 4 ),
 ( 0.000000000000000000, 0.01258337285662354185, 0.04008255950779792548 ),
 .UNSPECIFIED. ) ;
#5901 = CARTESIAN_POINT ( 'NONE',  ( 19.46190759237069301, -52.74439089833655459, -2.950270223865677277 ) ) ;
#5902 = CARTESIAN_POINT ( 'NONE',  ( 49.23351359036895758, -24.43839149710318992, 10.37058636702655434 ) ) ;
#5903 = CARTESIAN_POINT ( 'NONE',  ( 53.00847882770919028, 10.90787458553697498, 38.54956081517267563 ) ) ;
#5904 = LINE ( 'NONE', #1201, #3550 ) ;
#5905 = CARTESIAN_POINT ( 'NONE',  ( 52.60448476329266043, 27.45871141855772990, 33.34226260018711940 ) ) ;
#5906 = CARTESIAN_POINT ( 'NONE',  ( 49.23125140390101251, -13.14400722092033647, -27.03562755417952701 ) ) ;
#5907 = CARTESIAN_POINT ( 'NONE',  ( 54.54334256235712530, -12.15162881724225130, 34.23084367621615343 ) ) ;
#5908 = VERTEX_POINT ( 'NONE', #2085 ) ;
#5909 = CARTESIAN_POINT ( 'NONE',  ( 26.06099036693303006, 58.12317825373074243, 47.54826876854809115 ) ) ;
#5910 = CARTESIAN_POINT ( 'NONE',  ( 53.79462347678109779, 21.37510478143695991, 37.33566144094950090 ) ) ;
#5911 = CARTESIAN_POINT ( 'NONE',  ( 20.23383572758631388, -50.09434176267870953, -20.58409876409782058 ) ) ;
#5912 = CARTESIAN_POINT ( 'NONE',  ( 18.76137069372868282, -14.32366577965005305, 56.41375177985918299 ) ) ;
#5913 = ORIENTED_EDGE ( 'NONE', *, *, #5564, .F. ) ;
#5914 = CARTESIAN_POINT ( 'NONE',  ( 22.90123142467806971, 14.23378841412491447, -64.95621346062509360 ) ) ;
#5915 = B_SPLINE_CURVE_WITH_KNOTS ( 'NONE', 3,
 ( #2488, #2559, #4672, #6120, #1400, #3493, #4047, #5069 ),
 .UNSPECIFIED., .F., .F.,
 ( 4, 2, 2, 4 ),
 ( 1.910717391669697609E-16, 0.0003956619665159680677, 0.0007913239330317449905, 0.001582647866063302414 ),
 .UNSPECIFIED. ) ;
#5916 = ORIENTED_EDGE ( 'NONE', *, *, #2134, .T. ) ;
#5917 = CARTESIAN_POINT ( 'NONE',  ( 54.30008724204793680, -21.65322987783278563, 0.9059770384612291227 ) ) ;
#5918 = CARTESIAN_POINT ( 'NONE',  ( 18.77401912713006382, -41.47593930903720860, -34.46704991527127504 ) ) ;
#5919 = CARTESIAN_POINT ( 'NONE',  ( 24.68797426277906126, -30.71485838448709060, 53.91799897872925129 ) ) ;
#5920 = EDGE_CURVE ( 'NONE', #713, #2347, #548, .T. ) ;
#5921 = VERTEX_POINT ( 'NONE', #3670 ) ;
#5922 = CARTESIAN_POINT ( 'NONE',  ( 18.78844479849039928, 1.930344596824123515, -60.56409105043077545 ) ) ;
#5923 = ORIENTED_EDGE ( 'NONE', *, *, #3884, .T. ) ;
#5924 = CARTESIAN_POINT ( 'NONE',  ( 49.23351359036897179, -20.79985748854356586, -18.33786450282269342 ) ) ;
#5925 = CARTESIAN_POINT ( 'NONE',  ( 19.27520315313955024, 2.949458792526592710, 61.16024494770852016 ) ) ;
#5926 = B_SPLINE_CURVE_WITH_KNOTS ( 'NONE', 3,
 ( #3794, #675, #1655, #2717, #5468, #2781, #180, #3239, #5407, #5991, #4913, #5345, #6380 ),
 .UNSPECIFIED., .F., .F.,
 ( 4, 3, 3, 3, 4 ),
 ( 8.673617379884035472E-18, 0.0009041618729686805300, 0.001808323717130798456, 0.002711696379629083796, 0.003615359634610209282 ),
 .UNSPECIFIED. ) ;
#5927 = EDGE_CURVE ( 'NONE', #3177, #3736, #5980, .T. ) ;
#5928 = CARTESIAN_POINT ( 'NONE',  ( 18.79321571199461971, 67.12981448150567587, 17.75114702952823720 ) ) ;
#5929 = CARTESIAN_POINT ( 'NONE',  ( 49.51286555817210910, -15.39984276215523984, -25.42573427074349723 ) ) ;
#5930 = CARTESIAN_POINT ( 'NONE',  ( 18.78690642288626833, 67.84661910161624121, 15.17221647861390821 ) ) ;
#5931 = B_SPLINE_CURVE_WITH_KNOTS ( 'NONE', 3,
 ( #3154, #553, #6296, #1149, #1673, #5362, #5252, #6365 ),
 .UNSPECIFIED., .F., .F.,
 ( 4, 2, 2, 4 ),
 ( 7.734610455448194220E-17, 0.0002264465145598592059, 0.0004528930291196410539, 0.0009057860582391932033 ),
 .UNSPECIFIED. ) ;
#5932 = DIRECTION ( 'NONE',  ( 0.000000000000000000, 0.000000000000000000, 1.000000000000000000 ) ) ;
#5933 = CARTESIAN_POINT ( 'NONE',  ( 89.82729936416122030, 8.802502209049805515, 0.003590295059359026233 ) ) ;
#5934 = CARTESIAN_POINT ( 'NONE',  ( 53.79462347678109069, -11.17724170052718335, 33.94403466316332185 ) ) ;
#5935 =( BOUNDED_SURFACE ( )  B_SPLINE_SURFACE ( 3, 1, ( 
 ( #2902, #6602 ),
 ( #243, #203 ),
 ( #3843, #174 ),
 ( #1260, #4431 ) ),
 .UNSPECIFIED., .F., .F., .T. ) 
 B_SPLINE_SURFACE_WITH_KNOTS ( ( 4, 4 ),
 ( 2, 2 ),
 ( 0.000000000000000000, 1.000000000000000000 ),
 ( 0.000000000000000000, 1.000000000000000000 ),
 .UNSPECIFIED. ) 
 GEOMETRIC_REPRESENTATION_ITEM ( )  RATIONAL_B_SPLINE_SURFACE ( (
 ( 1.000000000000000000, 1.000000000000000000),
 ( 0.9611591142731221726, 0.9996856433685865628),
 ( 0.9611591142731221726, 0.9996856433685865628),
 ( 1.000000000000000000, 1.000000000000000000) ) ) 
 REPRESENTATION_ITEM ( '' )  SURFACE ( )  );
#5936 = VERTEX_POINT ( 'NONE', #5248 ) ;
#5937 = DIRECTION ( 'NONE',  ( -1.000000000000000000, -0.000000000000000000, -0.000000000000000000 ) ) ;
#5938 = CARTESIAN_POINT ( 'NONE',  ( 53.79529533164527777, 43.98084980471159611, 17.74821917732361243 ) ) ;
#5939 = CARTESIAN_POINT ( 'NONE',  ( 18.78844479849039928, 69.73927735607354350, -1.807316344059690660 ) ) ;
#5940 = DIRECTION ( 'NONE',  ( 0.7522347214610783928, -0.6403477948790279317, 0.1552340987732401256 ) ) ;
#5941 = ORIENTED_EDGE ( 'NONE', *, *, #3971, .F. ) ;
#5942 = CARTESIAN_POINT ( 'NONE',  ( 49.24038183582140249, 30.71624816673118019, 27.08970620742344693 ) ) ;
#5943 = VERTEX_POINT ( 'NONE', #4668 ) ;
#5944 = CARTESIAN_POINT ( 'NONE',  ( 18.76137069372868282, -29.28008936533641204, -47.61045917795002680 ) ) ;
#5945 = CARTESIAN_POINT ( 'NONE',  ( 52.84917723814560020, 50.31150119435366719, -6.888747514257561377 ) ) ;
#5946 = CARTESIAN_POINT ( 'NONE',  ( 49.23165480826241236, 24.21526624016772544, 31.23733879773695676 ) ) ;
#5947 = ORIENTED_EDGE ( 'NONE', *, *, #5884, .F. ) ;
#5948 = CARTESIAN_POINT ( 'NONE',  ( 89.82729936416122030, 8.814412119795196787, 0.01015447464475738824 ) ) ;
#5949 = VERTEX_POINT ( 'NONE', #6777 ) ;
#5950 = ORIENTED_EDGE ( 'NONE', *, *, #5612, .F. ) ;
#5951 = CARTESIAN_POINT ( 'NONE',  ( 49.23244927482063105, -20.95679609679179833, -18.08055993372412829 ) ) ;
#5952 = EDGE_CURVE ( 'NONE', #4496, #4113, #2838, .T. ) ;
#5953 = CARTESIAN_POINT ( 'NONE',  ( 49.61704819046447312, -26.36111514029712666, 1.689088502484883847 ) ) ;
#5954 = CARTESIAN_POINT ( 'NONE',  ( 28.07725316172349750, 8.812244897959189416, -6.153557722908013615E-14 ) ) ;
#5955 = ADVANCED_FACE ( 'NONE', ( #6393 ), #4028, .F. ) ;
#5956 = CARTESIAN_POINT ( 'NONE',  ( 18.78844479849039928, -49.13763479415058555, -18.89923596840968045 ) ) ;
#5957 = EDGE_CURVE ( 'NONE', #6191, #6629, #53, .T. ) ;
#5958 = EDGE_CURVE ( 'NONE', #6835, #5154, #1289, .T. ) ;
#5959 = CARTESIAN_POINT ( 'NONE',  ( 33.61636502379867153, 67.53988441249966002, -25.29236940746470808 ) ) ;
#5960 = DIRECTION ( 'NONE',  ( 0.000000000000000000, 0.000000000000000000, 1.000000000000000000 ) ) ;
#5961 = AXIS2_PLACEMENT_3D ( 'NONE', #876, #4533, #2979 ) ;
#5962 = CARTESIAN_POINT ( 'NONE',  ( 19.27981613022927831, -19.30354916325340753, 54.63533070293805594 ) ) ;
#5963 = CARTESIAN_POINT ( 'NONE',  ( 18.79017952991916474, 69.74994240815063051, -1.506289106969953329 ) ) ;
#5964 = VERTEX_POINT ( 'NONE', #4455 ) ;
#5965 = AXIS2_PLACEMENT_3D ( 'NONE', #182, #4248, #2684 ) ;
#5966 = CARTESIAN_POINT ( 'NONE',  ( 52.60397151635673652, -9.833734533429636215, 33.34194384989127968 ) ) ;
#5967 = VERTEX_POINT ( 'NONE', #5939 ) ;
#5968 = VECTOR ( 'NONE', #1732, 1000.000000000000227 ) ;
#5969 = CARTESIAN_POINT ( 'NONE',  ( 54.54334256235661371, 8.812244897959189416, -6.153557722908013615E-14 ) ) ;
#5970 = CARTESIAN_POINT ( 'NONE',  ( 19.46190759237069301, 37.06745574819992584, -54.76829890328959749 ) ) ;
#5971 = AXIS2_PLACEMENT_3D ( 'NONE', #5341, #4269, #6277 ) ;
#5972 = CARTESIAN_POINT ( 'NONE',  ( 18.79018048702201682, 49.85620590004217689, -45.06734257531487486 ) ) ;
#5973 = DIRECTION ( 'NONE',  ( 0.7522347214610783928, -0.6581437094123251397, -0.03146079448072900547 ) ) ;
#5974 =( BOUNDED_SURFACE ( )  B_SPLINE_SURFACE ( 3, 1, ( 
 ( #3186, #3777 ),
 ( #1081, #2158 ),
 ( #3283, #4739 ),
 ( #3253, #1609 ) ),
 .UNSPECIFIED., .F., .F., .T. ) 
 B_SPLINE_SURFACE_WITH_KNOTS ( ( 4, 4 ),
 ( 2, 2 ),
 ( 0.000000000000000000, 1.000000000000000000 ),
 ( 0.000000000000000000, 1.000000000000000000 ),
 .UNSPECIFIED. ) 
 GEOMETRIC_REPRESENTATION_ITEM ( )  RATIONAL_B_SPLINE_SURFACE ( (
 ( 1.000000000000000000, 1.000000000000000000),
 ( 0.7724073758824716585, 0.9739345816297118041),
 ( 0.7724073758824716585, 0.9739345816297118041),
 ( 1.000000000000000000, 1.000000000000000000) ) ) 
 REPRESENTATION_ITEM ( '' )  SURFACE ( )  );
#5975 = VERTEX_POINT ( 'NONE', #3863 ) ;
#5976 = CARTESIAN_POINT ( 'NONE',  ( 42.33298211887887419, -21.37788973238024326, -44.80629308467573679 ) ) ;
#5977 = ORIENTED_EDGE ( 'NONE', *, *, #4826, .F. ) ;
#5978 = CARTESIAN_POINT ( 'NONE',  ( 25.39469577495190578, 76.11058087896211077, 5.964326825425984246 ) ) ;
#5979 = FACE_OUTER_BOUND ( 'NONE', #2222, .T. ) ;
#5980 = B_SPLINE_CURVE_WITH_KNOTS ( 'NONE', 3,
 ( #5877, #6361, #73, #3150, #5358, #1605, #1636, #618 ),
 .UNSPECIFIED., .F., .F.,
 ( 4, 2, 2, 4 ),
 ( 7.827429102573778199E-17, 0.0002264465145598585011, 0.0004528930291196387229, 0.0009057860582391800844 ),
 .UNSPECIFIED. ) ;
#5981 = CARTESIAN_POINT ( 'NONE',  ( 17.53340716131418375, 8.812244897959189416, -6.153557722908013615E-14 ) ) ;
#5982 = CARTESIAN_POINT ( 'NONE',  ( 19.46190759237070012, -44.56752894042212176, -30.79810464809308002 ) ) ;
#5983 = VERTEX_POINT ( 'NONE', #4956 ) ;
#5984 = FACE_OUTER_BOUND ( 'NONE', #1846, .T. ) ;
#5985 = VERTEX_POINT ( 'NONE', #1177 ) ;
#5986 = CARTESIAN_POINT ( 'NONE',  ( 89.82545070715441682, 8.803736625965468576, -0.003706989122115911944 ) ) ;
#5987 = DIRECTION ( 'NONE',  ( -1.000000000000000000, -0.000000000000000000, -0.000000000000000000 ) ) ;
#5988 = DIRECTION ( 'NONE',  ( 0.000000000000000000, 0.000000000000000000, 1.000000000000000000 ) ) ;
#5989 = B_SPLINE_CURVE_WITH_KNOTS ( 'NONE', 3,
 ( #2645, #5271, #96, #2145, #4212, #576, #609 ),
 .UNSPECIFIED., .F., .F.,
 ( 4, 3, 4 ),
 ( 0.000000000000000000, 0.007697376234836499770, 0.04008255950779805732 ),
 .UNSPECIFIED. ) ;
#5990 = ORIENTED_EDGE ( 'NONE', *, *, #1454, .F. ) ;
#5991 = CARTESIAN_POINT ( 'NONE',  ( 18.79234720619590959, -49.41516093586665193, 18.03925261812354464 ) ) ;
#5992 = LINE ( 'NONE', #677, #564 ) ;
#5993 = FACE_OUTER_BOUND ( 'NONE', #4873, .T. ) ;
#5994 = CARTESIAN_POINT ( 'NONE',  ( 53.00847882770924002, -13.79217705189061505, -31.29697127747845542 ) ) ;
#5995 = CARTESIAN_POINT ( 'NONE',  ( 52.60448476329266754, 0.3146921819363014405, -37.24498337819550642 ) ) ;
#5996 = CARTESIAN_POINT ( 'NONE',  ( 18.79364884033507366, 69.77128445637887921, 0.3007434108948850993 ) ) ;
#5997 = EDGE_CURVE ( 'NONE', #3003, #5975, #3850, .T. ) ;
#5998 = CARTESIAN_POINT ( 'NONE',  ( 49.61704819046446602, -7.335745864499178204, 31.29314095270061813 ) ) ;
#5999 = VERTEX_POINT ( 'NONE', #2279 ) ;
#6000 =( BOUNDED_SURFACE ( )  B_SPLINE_SURFACE ( 3, 1, ( 
 ( #3323, #698 ),
 ( #5489, #4965 ),
 ( #5369, #1716 ),
 ( #3813, #732 ) ),
 .UNSPECIFIED., .F., .F., .T. ) 
 B_SPLINE_SURFACE_WITH_KNOTS ( ( 4, 4 ),
 ( 2, 2 ),
 ( 0.000000000000000000, 1.000000000000000000 ),
 ( 0.000000000000000000, 1.000000000000000000 ),
 .UNSPECIFIED. ) 
 GEOMETRIC_REPRESENTATION_ITEM ( )  RATIONAL_B_SPLINE_SURFACE ( (
 ( 1.000000000000000000, 1.000000000000000000),
 ( 0.9936547718337395141, 0.8399137562987549765),
 ( 0.9936547718337395141, 0.8399137562987549765),
 ( 1.000000000000000000, 1.000000000000000000) ) ) 
 REPRESENTATION_ITEM ( '' )  SURFACE ( )  );
#6001 = EDGE_CURVE ( 'NONE', #5999, #1221, #1724, .T. ) ;
#6002 = CARTESIAN_POINT ( 'NONE',  ( 18.78690384720153261, 47.13679561685735564, 47.39706982318396911 ) ) ;
#6003 = CARTESIAN_POINT ( 'NONE',  ( 19.46190759237069301, -2.868418496963023756, 60.51021077145693994 ) ) ;
#6004 = CARTESIAN_POINT ( 'NONE',  ( 18.78690384720153261, 15.42811801019371032, 60.59276886388332883 ) ) ;
#6005 = LINE ( 'NONE', #3805, #6517 ) ;
#6006 = B_SPLINE_CURVE_WITH_KNOTS ( 'NONE', 3,
 ( #3408, #3029, #1890, #6584, #1859, #4511, #5089, #5508, #330, #1931 ),
 .UNSPECIFIED., .F., .F.,
 ( 4, 2, 2, 2, 4 ),
 ( 0.000000000000000000, 0.001890020855637475870, 0.003780041711274951741, 0.005670062566912427611, 0.007560083422549903481 ),
 .UNSPECIFIED. ) ;
#6007 = ORIENTED_EDGE ( 'NONE', *, *, #947, .T. ) ;
#6008 = CARTESIAN_POINT ( 'NONE',  ( 24.68797426277906126, -56.65344422258952761, -13.55677158261141990 ) ) ;
#6009 = ORIENTED_EDGE ( 'NONE', *, *, #3501, .F. ) ;
#6010 = CARTESIAN_POINT ( 'NONE',  ( 49.23435778140441954, 38.20633538948153074, -18.68750497238774955 ) ) ;
#6011 = CARTESIAN_POINT ( 'NONE',  ( 28.07725316172420804, 78.10617965255069350, -11.50561499319443115 ) ) ;
#6012 = CARTESIAN_POINT ( 'NONE',  ( 36.38592095397841319, -25.15806717679239313, 50.41559387883862087 ) ) ;
#6013 = CARTESIAN_POINT ( 'NONE',  ( 49.51003444762825723, 21.86931424481605646, 32.58844080504353968 ) ) ;
#6014 = ORIENTED_EDGE ( 'NONE', *, *, #1959, .T. ) ;
#6015 = B_SPLINE_CURVE_WITH_KNOTS ( 'NONE', 3,
 ( #2436, #1484, #3063, #3546, #6066, #5611, #1346 ),
 .UNSPECIFIED., .F., .F.,
 ( 4, 3, 4 ),
 ( 1.201851678989727385E-17, 0.01258337285662352450, 0.04008255950779793936 ),
 .UNSPECIFIED. ) ;
#6016 = CARTESIAN_POINT ( 'NONE',  ( 18.79321571199461971, 0.7332622634736261080, -60.42162015857739021 ) ) ;
#6017 = B_SPLINE_CURVE_WITH_KNOTS ( 'NONE', 3,
 ( #378, #3976, #1323, #2386, #5559, #4560 ),
 .UNSPECIFIED., .F., .F.,
 ( 4, 2, 4 ),
 ( 1.450544195894442722E-16, 0.0007986073165776959217, 0.001597214633155246777 ),
 .UNSPECIFIED. ) ;
#6018 = VERTEX_POINT ( 'NONE', #6524 ) ;
#6019 = CARTESIAN_POINT ( 'NONE',  ( 54.62576016552275604, -21.14849888172000192, -7.255194716336202276 ) ) ;
#6020 = DIRECTION ( 'NONE',  ( 0.7588727602565363828, 0.4117274763696859297, 0.5045717183343465528 ) ) ;
#6021 = FACE_OUTER_BOUND ( 'NONE', #6468, .T. ) ;
#6022 = VERTEX_POINT ( 'NONE', #4836 ) ;
#6023 = CARTESIAN_POINT ( 'NONE',  ( 19.42422096688429534, 31.71239898847430538, 57.25011978532091916 ) ) ;
#6024 = FACE_OUTER_BOUND ( 'NONE', #5764, .T. ) ;
#6025 = CARTESIAN_POINT ( 'NONE',  ( 18.79018048702202393, -29.95521243957455582, -47.03994422959913635 ) ) ;
#6026 = CARTESIAN_POINT ( 'NONE',  ( 22.90123142467807327, -43.82874174268440015, -38.43994441644719018 ) ) ;
#6027 = CARTESIAN_POINT ( 'NONE',  ( 18.78690642288627544, 69.72981948956862652, -2.074270080541940953 ) ) ;
#6028 = CARTESIAN_POINT ( 'NONE',  ( 49.23165480826241236, 32.39191097665088392, 25.63247450502059621 ) ) ;
#6029 = CARTESIAN_POINT ( 'NONE',  ( 54.54334256235712530, 29.77611861316039565, 34.23084367621628843 ) ) ;
#6030 = CARTESIAN_POINT ( 'NONE',  ( 18.78690384720153261, 66.67769915860633034, 19.15313600531599647 ) ) ;
#6031 = CARTESIAN_POINT ( 'NONE',  ( 54.54334256235712530, -22.08670784907373275, 25.62204868992893481 ) ) ;
#6032 = EDGE_LOOP ( 'NONE', ( #2816, #466, #5061, #6371 ) ) ;
#6033 = CARTESIAN_POINT ( 'NONE',  ( 49.23435778140444086, -20.58184559356300625, 18.68750497238782060 ) ) ;
#6034 = CARTESIAN_POINT ( 'NONE',  ( 54.62576016552275604, 27.85794491124698524, 24.23933433919716762 ) ) ;
#6035 = EDGE_CURVE ( 'NONE', #5447, #4921, #5076, .T. ) ;
#6036 = CARTESIAN_POINT ( 'NONE',  ( 30.84680909296956486, -52.80866113562640862, 26.53817979123763848 ) ) ;
#6037 = CARTESIAN_POINT ( 'NONE',  ( 18.79364884033509497, 48.95921298855981263, -45.87282314853177212 ) ) ;
#6038 = CARTESIAN_POINT ( 'NONE',  ( 49.61704819046447312, 21.88733777072541997, 32.69648639714314697 ) ) ;
#6039 = ORIENTED_EDGE ( 'NONE', *, *, #1488, .T. ) ;
#6040 = EDGE_CURVE ( 'NONE', #1532, #2532, #163, .T. ) ;
#6041 = DIRECTION ( 'NONE',  ( 0.000000000000000000, 0.000000000000000000, 1.000000000000000000 ) ) ;
#6042 = ORIENTED_EDGE ( 'NONE', *, *, #4931, .F. ) ;
#6043 =( BOUNDED_SURFACE ( )  B_SPLINE_SURFACE ( 3, 1, ( 
 ( #2171, #1590 ),
 ( #1130, #5377 ),
 ( #1690, #4753 ),
 ( #4849, #25 ) ),
 .UNSPECIFIED., .F., .F., .T. ) 
 B_SPLINE_SURFACE_WITH_KNOTS ( ( 4, 4 ),
 ( 2, 2 ),
 ( 0.000000000000000000, 1.000000000000000000 ),
 ( 0.000000000000000000, 1.000000000000000000 ),
 .UNSPECIFIED. ) 
 GEOMETRIC_REPRESENTATION_ITEM ( )  RATIONAL_B_SPLINE_SURFACE ( (
 ( 1.000000000000000000, 1.000000000000000000),
 ( 0.9936547718337396251, 0.8399137562987545325),
 ( 0.9936547718337396251, 0.8399137562987545325),
 ( 1.000000000000000000, 1.000000000000000000) ) ) 
 REPRESENTATION_ITEM ( '' )  SURFACE ( )  );
#6044 = CARTESIAN_POINT ( 'NONE',  ( 89.82729936416122030, 8.803151429586426602, 0.005011889738584337194 ) ) ;
#6045 = EDGE_CURVE ( 'NONE', #3492, #989, #4872, .T. ) ;
#6046 = CARTESIAN_POINT ( 'NONE',  ( 17.53340716131418375, 8.812244897959189416, -6.153557722908013615E-14 ) ) ;
#6047 = B_SPLINE_CURVE_WITH_KNOTS ( 'NONE', 3,
 ( #2491, #524, #5175, #4600, #6783, #2058, #2628, #4160 ),
 .UNSPECIFIED., .F., .F.,
 ( 4, 2, 2, 4 ),
 ( 0.000000000000000000, 0.0002267054828044226945, 0.0004534109656088453890, 0.0009068219312176907781 ),
 .UNSPECIFIED. ) ;
#6048 = ADVANCED_FACE ( 'NONE', ( #3515 ), #3811, .F. ) ;
#6049 = CARTESIAN_POINT ( 'NONE',  ( 49.23165480826241236, -21.03378160519395834, 17.95101957010284721 ) ) ;
#6050 = EDGE_LOOP ( 'NONE', ( #3533, #2254, #2313, #3360 ) ) ;
#6051 = CARTESIAN_POINT ( 'NONE',  ( 18.79364760530904022, -0.1618264316957555848, -60.29561082863469323 ) ) ;
#6052 = ORIENTED_EDGE ( 'NONE', *, *, #252, .T. ) ;
#6053 = FACE_OUTER_BOUND ( 'NONE', #6506, .T. ) ;
#6054 = CARTESIAN_POINT ( 'NONE',  ( 49.23372534307176807, 23.78851543879176944, -31.44736085418113092 ) ) ;
#6055 = CARTESIAN_POINT ( 'NONE',  ( 27.43416548070727501, -42.36380472330269242, -47.17523098242854473 ) ) ;
#6056 = CARTESIAN_POINT ( 'NONE',  ( 52.60448476329266043, -29.26296609277710203, 3.110546095873989891 ) ) ;
#6057 = ORIENTED_EDGE ( 'NONE', *, *, #6341, .T. ) ;
#6058 = FACE_OUTER_BOUND ( 'NONE', #3351, .T. ) ;
#6059 = B_SPLINE_CURVE_WITH_KNOTS ( 'NONE', 3,
 ( #2209, #4347, #5929, #5382, #3730, #6419, #3824, #5832 ),
 .UNSPECIFIED., .F., .F.,
 ( 4, 2, 2, 4 ),
 ( 0.000000000000000000, 0.0002264431842541211296, 0.0004528863685082422591, 0.0009057727370164724836 ),
 .UNSPECIFIED. ) ;
#6060 = CARTESIAN_POINT ( 'NONE',  ( 26.76916540935823008, -45.00939911901105006, -43.07525493865040289 ) ) ;
#6061 = CARTESIAN_POINT ( 'NONE',  ( 19.01941379036734503, 20.33483658282544582, 60.15727992596343654 ) ) ;
#6062 = CARTESIAN_POINT ( 'NONE',  ( 89.83648776693891591, 8.814646026714399341, -0.01483379300805032393 ) ) ;
#6063 = CARTESIAN_POINT ( 'NONE',  ( 18.77401912713006382, -52.12716176731688478, 1.807682489461413855 ) ) ;
#6064 = CARTESIAN_POINT ( 'NONE',  ( 30.84680909296950091, -57.37418321517115061, -10.98943950606478737 ) ) ;
#6065 = CARTESIAN_POINT ( 'NONE',  ( 89.82729936416122030, 8.820581436504955519, 0.006189695539606228022 ) ) ;
#6066 = CARTESIAN_POINT ( 'NONE',  ( 42.43839482824580500, 38.93537485191924929, -44.70686747822961848 ) ) ;
#6067 = VERTEX_POINT ( 'NONE', #3965 ) ;
#6068 = CARTESIAN_POINT ( 'NONE',  ( 20.23383572758632809, 37.57010857029813167, -55.37757985810280559 ) ) ;
#6069 = CARTESIAN_POINT ( 'NONE',  ( 19.11442843794944935, 46.82963344369535008, 48.06140028262952768 ) ) ;
#6070 = CARTESIAN_POINT ( 'NONE',  ( 49.61704819046447312, -12.94487955521538680, 27.68836961395709650 ) ) ;
#6071 = CARTESIAN_POINT ( 'NONE',  ( 49.61704819046445891, -21.69065868450555001, 17.59520245376252134 ) ) ;
#6072 = DIRECTION ( 'NONE',  ( -1.000000000000000000, 0.000000000000000000, 0.000000000000000000 ) ) ;
#6073 = CARTESIAN_POINT ( 'NONE',  ( 54.54334256235661371, 8.812244897959189416, -6.153557722908013615E-14 ) ) ;
#6074 = VERTEX_POINT ( 'NONE', #4583 ) ;
#6075 = CARTESIAN_POINT ( 'NONE',  ( 49.30519197617820737, 5.234278934558004082, -34.71820450392573321 ) ) ;
#6076 = EDGE_CURVE ( 'NONE', #4149, #3726, #5668, .T. ) ;
#6077 = ORIENTED_EDGE ( 'NONE', *, *, #2826, .T. ) ;
#6078 = CIRCLE ( 'NONE', #3426, 70.24264068317124554 ) ;
#6079 = CIRCLE ( 'NONE', #4867, 70.24264068317124554 ) ;
#6080 = CARTESIAN_POINT ( 'NONE',  ( 18.78844479849040638, 66.76212459006934807, -18.89923596840853293 ) ) ;
#6081 = EDGE_CURVE ( 'NONE', #664, #1296, #1809, .T. ) ;
#6082 = DIRECTION ( 'NONE',  ( -0.7522347214610782817, 0.5366567310078776964, -0.3822858575625210920 ) ) ;
#6083 = CARTESIAN_POINT ( 'NONE',  ( 49.61704819046445891, -26.36111514029710534, -1.689088502485467824 ) ) ;
#6084 = CARTESIAN_POINT ( 'NONE',  ( 19.11442843794944935, -41.20563347385137121, -35.40383979383292257 ) ) ;
#6085 = ORIENTED_EDGE ( 'NONE', *, *, #4147, .F. ) ;
#6086 = AXIS2_PLACEMENT_3D ( 'NONE', #3541, #1961, #1438 ) ;
#6087 = CARTESIAN_POINT ( 'NONE',  ( 19.42422096688430244, -44.59611948997805086, -30.81460507954398764 ) ) ;
#6088 = EDGE_CURVE ( 'NONE', #5537, #5098, #2331, .T. ) ;
#6089 = VERTEX_POINT ( 'NONE', #6729 ) ;
#6090 = CARTESIAN_POINT ( 'NONE',  ( 28.07725316172400554, 62.88548550309931784, -44.83428621717806806 ) ) ;
#6091 = EDGE_CURVE ( 'NONE', #491, #6390, #3278, .T. ) ;
#6092 = DIRECTION ( 'NONE',  ( 1.000000000000000000, 0.000000000000000000, 0.000000000000000000 ) ) ;
#6093 = CARTESIAN_POINT ( 'NONE',  ( 54.54334256235712530, 31.24100766185455313, -33.28941664873942585 ) ) ;
#6094 = CARTESIAN_POINT ( 'NONE',  ( 50.49951337408882779, 44.85783952752898784, -1.923305584711636262 ) ) ;
#6095 = ORIENTED_EDGE ( 'NONE', *, *, #3501, .T. ) ;
#6096 = CARTESIAN_POINT ( 'NONE',  ( 54.17538997708381032, -27.85715026513000225, 15.40499834441564175 ) ) ;
#6097 = LINE ( 'NONE', #812, #569 ) ;
#6098 = CARTESIAN_POINT ( 'NONE',  ( 54.17539151718669643, -30.71187302745139291, -4.450026884524573845 ) ) ;
#6099 = CARTESIAN_POINT ( 'NONE',  ( 49.61704819046445891, -15.49793538881506016, 25.47613414108511520 ) ) ;
#6100 = CARTESIAN_POINT ( 'NONE',  ( 54.54334256235712530, -13.61651786593551172, -33.28941664873987349 ) ) ;
#6101 = CARTESIAN_POINT ( 'NONE',  ( 19.10106442482187461, -19.12031117771836364, -54.52881232654409871 ) ) ;
#6102 = VERTEX_POINT ( 'NONE', #4993 ) ;
#6103 = CARTESIAN_POINT ( 'NONE',  ( 49.23290854358263857, -20.91229197164097897, 18.15544520335891576 ) ) ;
#6104 = CARTESIAN_POINT ( 'NONE',  ( 54.54334256235711820, -28.05364844379437628, -15.87893472645182591 ) ) ;
#6105 = CARTESIAN_POINT ( 'NONE',  ( 19.46190759237069301, -33.72844426472205015, 44.58938517759306563 ) ) ;
#6106 = CARTESIAN_POINT ( 'NONE',  ( 49.27737675194772748, -21.22411044056147844, 17.72100078361373221 ) ) ;
#6107 = CARTESIAN_POINT ( 'NONE',  ( 18.78844479849039928, 15.69414519909465433, 60.56409105043061203 ) ) ;
#6108 = FACE_OUTER_BOUND ( 'NONE', #3431, .T. ) ;
#6109 = ORIENTED_EDGE ( 'NONE', *, *, #5374, .F. ) ;
#6110 = CARTESIAN_POINT ( 'NONE',  ( 89.82545070715441682, 8.812082429950146789, -0.009279335365065397717 ) ) ;
#6111 = ORIENTED_EDGE ( 'NONE', *, *, #2490, .F. ) ;
#6112 = CARTESIAN_POINT ( 'NONE',  ( 54.54334256235712530, -20.94638774325794017, 26.93804824514107921 ) ) ;
#6113 = CARTESIAN_POINT ( 'NONE',  ( 49.23395903331217482, 37.87821476335754056, -19.19315023213740545 ) ) ;
#6114 = CARTESIAN_POINT ( 'NONE',  ( 49.23435778140441954, -5.812409607915916432, 31.61257468952191729 ) ) ;
#6115 = CARTESIAN_POINT ( 'NONE',  ( 28.07725316172354013, -54.43329228310596335, 30.56191415509853115 ) ) ;
#6116 = B_SPLINE_CURVE_WITH_KNOTS ( 'NONE', 3,
 ( #2667, #3226, #2096, #4297, #6402, #1154, #5366, #2738 ),
 .UNSPECIFIED., .F., .F.,
 ( 4, 2, 2, 4 ),
 ( 7.177647665660287045E-17, 0.0002264465145598577422, 0.0004528930291196437102, 0.0009057860582391977569 ),
 .UNSPECIFIED. ) ;
#6117 = CARTESIAN_POINT ( 'NONE',  ( 89.82615535696581333, 8.806813216331963901, 0.007763122190125710219 ) ) ;
#6118 = B_SPLINE_CURVE_WITH_KNOTS ( 'NONE', 3,
 ( #2881, #4983, #4506, #3061, #6203, #3097, #4097, #1553 ),
 .UNSPECIFIED., .F., .F.,
 ( 4, 2, 2, 4 ),
 ( 7.449218517580030731E-17, 0.0002264465145598563056, 0.0004528930291196381266, 0.0009057860582391923359 ),
 .UNSPECIFIED. ) ;
#6119 = ORIENTED_EDGE ( 'NONE', *, *, #6313, .F. ) ;
#6120 = CARTESIAN_POINT ( 'NONE',  ( 19.11442843794946356, 68.32342629360464059, -14.61640577772798544 ) ) ;
#6121 = VERTEX_POINT ( 'NONE', #4420 ) ;
#6122 = ADVANCED_FACE ( 'NONE', ( #5890 ), #4536, .T. ) ;
#6123 = CARTESIAN_POINT ( 'NONE',  ( 33.61636502379866442, 58.03531846738292899, -40.81333877021791068 ) ) ;
#6124 = CARTESIAN_POINT ( 'NONE',  ( 27.43416788634301184, 71.20610655709644732, -30.84634228345691653 ) ) ;
#6125 = CARTESIAN_POINT ( 'NONE',  ( 23.24077445196133951, -22.39178950453692352, 57.48430057070964239 ) ) ;
#6126 = ADVANCED_FACE ( 'NONE', ( #272 ), #2185, .F. ) ;
#6127 = CARTESIAN_POINT ( 'NONE',  ( 51.36229326913197468, 31.22283399504054202, -29.39329453557127891 ) ) ;
#6128 = ADVANCED_FACE ( 'NONE', ( #6526 ), #6423, .T. ) ;
#6129 = ORIENTED_EDGE ( 'NONE', *, *, #4851, .T. ) ;
#6130 = ORIENTED_EDGE ( 'NONE', *, *, #6260, .F. ) ;
#6131 = CARTESIAN_POINT ( 'NONE',  ( 54.54334256235712530, -28.05364844379458589, 15.87893472645119530 ) ) ;
#6132 = DIRECTION ( 'NONE',  ( -1.000000000000000000, -0.000000000000000000, -0.000000000000000000 ) ) ;
#6133 = EDGE_CURVE ( 'NONE', #2633, #1041, #560, .T. ) ;
#6134 = CARTESIAN_POINT ( 'NONE',  ( 42.43839482824579079, -5.248496179045678112, -52.04231469011138955 ) ) ;
#6135 = CARTESIAN_POINT ( 'NONE',  ( 28.07725316172349750, 8.812244897959189416, -6.153557722908013615E-14 ) ) ;
#6136 = EDGE_CURVE ( 'NONE', #5243, #3088, #386, .T. ) ;
#6137 = CARTESIAN_POINT ( 'NONE',  ( 49.23433077323410600, -26.01868578808303667, 0.1306752804841847526 ) ) ;
#6138 = CARTESIAN_POINT ( 'NONE',  ( 49.27030864395452170, 15.09758249571442867, 34.29615713795764975 ) ) ;
#6139 = VERTEX_POINT ( 'NONE', #4586 ) ;
#6140 = CARTESIAN_POINT ( 'NONE',  ( 28.65641647731176178, 29.56403048130842848, -68.38062099559127205 ) ) ;
#6141 = CARTESIAN_POINT ( 'NONE',  ( 33.61636502379869285, 56.21533648181818421, 42.91370994782128889 ) ) ;
#6142 = CARTESIAN_POINT ( 'NONE',  ( 35.20511764130977639, 65.88016542210232274, 24.57771154504306210 ) ) ;
#6143 = CARTESIAN_POINT ( 'NONE',  ( 28.65641647731176533, 79.63404889567917166, 9.529848432610220854 ) ) ;
#6144 = CARTESIAN_POINT ( 'NONE',  ( 42.43839482824576947, -7.495306553128932237, 51.38259163967169485 ) ) ;
#6145 = CARTESIAN_POINT ( 'NONE',  ( 28.07725316172349750, 8.812244897959189416, -6.153557722908013615E-14 ) ) ;
#6146 = ORIENTED_EDGE ( 'NONE', *, *, #4659, .F. ) ;
#6147 = CARTESIAN_POINT ( 'NONE',  ( 23.23982137879182730, 40.01539559412245239, 57.48369563761190904 ) ) ;
#6148 = ORIENTED_EDGE ( 'NONE', *, *, #4737, .F. ) ;
#6149 = CARTESIAN_POINT ( 'NONE',  ( 25.39469577495190222, 62.20264926516694004, 41.40173839102032360 ) ) ;
#6150 = CARTESIAN_POINT ( 'NONE',  ( 18.78690642288628254, 19.53487667593712374, 60.00232210710870362 ) ) ;
#6151 = CARTESIAN_POINT ( 'NONE',  ( 49.27030864395455723, 37.39810314845922079, -19.96448274390210287 ) ) ;
#6152 = VERTEX_POINT ( 'NONE', #6769 ) ;
#6153 = CARTESIAN_POINT ( 'NONE',  ( 54.54334256235661371, 8.812244897959189416, 40.14018759214395260 ) ) ;
#6154 = ORIENTED_EDGE ( 'NONE', *, *, #3389, .T. ) ;
#6155 = CARTESIAN_POINT ( 'NONE',  ( 28.07725316172349750, 8.812244897959189416, -6.153557722908013615E-14 ) ) ;
#6156 = LINE ( 'NONE', #6674, #5740 ) ;
#6157 = ORIENTED_EDGE ( 'NONE', *, *, #1959, .F. ) ;
#6158 = ORIENTED_EDGE ( 'NONE', *, *, #4276, .T. ) ;
#6159 = ADVANCED_FACE ( 'NONE', ( #4004, #1420 ), #1354, .F. ) ;
#6160 = CARTESIAN_POINT ( 'NONE',  ( 50.05827993638285278, 42.47042294371322413, 11.76538201839682962 ) ) ;
#6161 = B_SPLINE_CURVE_WITH_KNOTS ( 'NONE', 3,
 ( #6353, #2044, #5836, #2583, #2648, #1099, #1040, #5241, #3205, #4145 ),
 .UNSPECIFIED., .F., .F.,
 ( 4, 2, 2, 2, 4 ),
 ( 0.000000000000000000, 0.001890020855637473485, 0.003780041711274946970, 0.005670062566912420672, 0.007560083422549893940 ),
 .UNSPECIFIED. ) ;
#6162 = DIRECTION ( 'NONE',  ( -1.000000000000000000, -0.000000000000000000, -0.000000000000000000 ) ) ;
#6163 = CARTESIAN_POINT ( 'NONE',  ( 50.49366072217503643, 25.56697823068430253, -31.96610366839044204 ) ) ;
#6164 = ADVANCED_FACE ( 'NONE', ( #6108 ), #6749, .T. ) ;
#6165 = CARTESIAN_POINT ( 'NONE',  ( 49.61704819046447312, 33.12242518473361486, -25.47613414108507257 ) ) ;
#6166 = CARTESIAN_POINT ( 'NONE',  ( 53.00847882770922581, -18.94922368436654736, 26.82836493308336756 ) ) ;
#6167 = CARTESIAN_POINT ( 'NONE',  ( 49.37576540558970351, 30.54504924457139836, -27.40022008744655579 ) ) ;
#6168 = CARTESIAN_POINT ( 'NONE',  ( 18.79148013494829783, 33.03375708201460270, -55.93879509495577906 ) ) ;
#6169 = CARTESIAN_POINT ( 'NONE',  ( 54.54334256235713241, 39.71119764499228921, -25.62204868992882822 ) ) ;
#6170 = EDGE_CURVE ( 'NONE', #1516, #5943, #3516, .T. ) ;
#6171 = ORIENTED_EDGE ( 'NONE', *, *, #435, .T. ) ;
#6172 = CARTESIAN_POINT ( 'NONE',  ( 28.07725316172377461, 45.49475823551636466, -59.90343717504937615 ) ) ;
#6173 = CARTESIAN_POINT ( 'NONE',  ( 19.42422096688429534, 37.08258684227144641, -54.79763716762432324 ) ) ;
#6174 = CARTESIAN_POINT ( 'NONE',  ( 49.41824768824506720, 24.77115422154847835, 31.16683021677524223 ) ) ;
#6175 = CARTESIAN_POINT ( 'NONE',  ( 54.54334256235661371, 8.812244897959189416, -6.153557722908013615E-14 ) ) ;
#6176 = CARTESIAN_POINT ( 'NONE',  ( 28.07725316172355079, -12.43781464225123301, -66.95120267540107761 ) ) ;
#6177 = CARTESIAN_POINT ( 'NONE',  ( 19.01941379036735214, 20.33483658282624873, -60.15727992596338680 ) ) ;
#6178 = CARTESIAN_POINT ( 'NONE',  ( 25.39554384420629418, 57.39184326399126945, 46.95504695722500799 ) ) ;
#6179 = ORIENTED_EDGE ( 'NONE', *, *, #1409, .T. ) ;
#6180 = DIRECTION ( 'NONE',  ( 0.000000000000000000, 0.000000000000000000, 1.000000000000000000 ) ) ;
#6181 = ORIENTED_EDGE ( 'NONE', *, *, #2176, .T. ) ;
#6182 = CARTESIAN_POINT ( 'NONE',  ( 18.78844479849039928, 61.04443518392115209, 31.41922937391496973 ) ) ;
#6183 = CARTESIAN_POINT ( 'NONE',  ( 49.37576540558966087, -7.083738773122432164, -31.15131696633935476 ) ) ;
#6184 = CARTESIAN_POINT ( 'NONE',  ( 20.23383572758638493, 69.49622301565570126, -14.53085936028284131 ) ) ;
#6185 = CARTESIAN_POINT ( 'NONE',  ( 18.79321571199461971, 18.08325536199445338, -60.25023243085020397 ) ) ;
#6186 =( BOUNDED_SURFACE ( )  B_SPLINE_SURFACE ( 3, 1, ( 
 ( #4660, #3622 ),
 ( #5659, #2612 ),
 ( #4725, #6832 ),
 ( #5769, #931 ) ),
 .UNSPECIFIED., .F., .F., .T. ) 
 B_SPLINE_SURFACE_WITH_KNOTS ( ( 4, 4 ),
 ( 2, 2 ),
 ( 0.000000000000000000, 1.000000000000000000 ),
 ( 0.000000000000000000, 1.000000000000000000 ),
 .UNSPECIFIED. ) 
 GEOMETRIC_REPRESENTATION_ITEM ( )  RATIONAL_B_SPLINE_SURFACE ( (
 ( 1.000000000000000000, 1.000000000000000000),
 ( 0.9936547718337396251, 0.8399137562987545325),
 ( 0.9936547718337396251, 0.8399137562987545325),
 ( 1.000000000000000000, 1.000000000000000000) ) ) 
 REPRESENTATION_ITEM ( '' )  SURFACE ( )  );
#6187 = CARTESIAN_POINT ( 'NONE',  ( 19.36839877834437118, -41.31306643520572663, -35.69118144711021046 ) ) ;
#6188 = ORIENTED_EDGE ( 'NONE', *, *, #5106, .T. ) ;
#6189 = CARTESIAN_POINT ( 'NONE',  ( 51.35395742193607305, -20.94090336524960705, -21.91210253510099193 ) ) ;
#6190 = CIRCLE ( 'NONE', #3214, 70.24264068317124554 ) ;
#6191 = VERTEX_POINT ( 'NONE', #6623 ) ;
#6192 = B_SPLINE_CURVE_WITH_KNOTS ( 'NONE', 3,
 ( #6600, #6187, #5140, #6084, #2519, #2455, #2019, #1363 ),
 .UNSPECIFIED., .F., .F.,
 ( 4, 2, 2, 4 ),
 ( 2.060746352022454644E-16, 0.0003956619665159773376, 0.0007913239330317486768, 0.001582647866063294608 ),
 .UNSPECIFIED. ) ;
#6193 = DIRECTION ( 'NONE',  ( -1.000000000000000000, -0.000000000000000000, -0.000000000000000000 ) ) ;
#6194 = CARTESIAN_POINT ( 'NONE',  ( 25.39469577495212604, 24.29341527735000383, -65.76452374933427336 ) ) ;
#6195 = CARTESIAN_POINT ( 'NONE',  ( 27.43416548070722527, 77.36913288018637047, 12.01846842470715160 ) ) ;
#6196 = CARTESIAN_POINT ( 'NONE',  ( 89.82681805825622234, 8.817916062003885003, -0.008351787156586375216 ) ) ;
#6197 = ORIENTED_EDGE ( 'NONE', *, *, #2169, .T. ) ;
#6198 = CARTESIAN_POINT ( 'NONE',  ( 19.42422096688429534, 2.968930580017696830, -61.38280663658744629 ) ) ;
#6199 = ORIENTED_EDGE ( 'NONE', *, *, #2784, .F. ) ;
#6200 = CARTESIAN_POINT ( 'NONE',  ( 18.78690384720154327, -50.22224003444372187, 15.17178316464711330 ) ) ;
#6201 = DIRECTION ( 'NONE',  ( -1.000000000000000000, -0.000000000000000000, -0.000000000000000000 ) ) ;
#6202 = CARTESIAN_POINT ( 'NONE',  ( 18.80019331273212302, -31.56724841241425139, -45.67999426894653681 ) ) ;
#6203 = CARTESIAN_POINT ( 'NONE',  ( 49.30502353826710760, -24.25484575798028075, -11.16742224446508125 ) ) ;
#6204 = CARTESIAN_POINT ( 'NONE',  ( 49.61704819046447312, 21.88733777072586406, -32.69648639714309013 ) ) ;
#6205 = CARTESIAN_POINT ( 'NONE',  ( 19.10106442482187106, -52.39251060830065398, 2.756259436861919987 ) ) ;
#6206 = ORIENTED_EDGE ( 'NONE', *, *, #1749, .F. ) ;
#6207 = CARTESIAN_POINT ( 'NONE',  ( 18.78844479849039928, 15.69414519909547501, -60.56409105043064045 ) ) ;
#6208 = LINE ( 'NONE', #929, #458 ) ;
#6209 = CARTESIAN_POINT ( 'NONE',  ( 49.61704819046447312, 12.14603992633717411, 35.05572830592442557 ) ) ;
#6210 = CARTESIAN_POINT ( 'NONE',  ( 22.90123142467807327, 72.33573167598630960, -14.61059303388384123 ) ) ;
#6211 = EDGE_CURVE ( 'NONE', #202, #311, #3778, .T. ) ;
#6212 = CARTESIAN_POINT ( 'NONE',  ( 18.78844479849039928, 15.69414519909465433, 60.56409105043061203 ) ) ;
#6213 = CARTESIAN_POINT ( 'NONE',  ( 49.61704819046447312, 5.478449869580968468, 35.05572830592440425 ) ) ;
#6214 = EDGE_CURVE ( 'NONE', #1858, #6139, #2944, .T. ) ;
#6215 = VERTEX_POINT ( 'NONE', #863 ) ;
#6216 = CARTESIAN_POINT ( 'NONE',  ( 89.82615535696581333, 8.812617258590400127, 0.009467342763337343106 ) ) ;
#6217 = ORIENTED_EDGE ( 'NONE', *, *, #1495, .T. ) ;
#6218 = EDGE_CURVE ( 'NONE', #6121, #5602, #4100, .T. ) ;
#6219 = CARTESIAN_POINT ( 'NONE',  ( 89.83648776693891591, 8.797754140293593039, 0.003978036774514186191 ) ) ;
#6220 = LINE ( 'NONE', #3075, #1790 ) ;
#6221 = CARTESIAN_POINT ( 'NONE',  ( 52.60448476329268175, 21.79980691489352296, -35.92659769390824920 ) ) ;
#6222 = EDGE_CURVE ( 'NONE', #4721, #1151, #2877, .T. ) ;
#6223 = CARTESIAN_POINT ( 'NONE',  ( 89.83068436596586537, 8.825464076779791611, -0.006256856245655687508 ) ) ;
#6224 = B_SPLINE_CURVE_WITH_KNOTS ( 'NONE', 3,
 ( #6532, #4930, #4424, #1810, #6113, #5556, #4558, #1287, #6010, #3352, #2934, #2857, #1395 ),
 .UNSPECIFIED., .F., .F.,
 ( 4, 3, 3, 3, 4 ),
 ( 3.469446951953614189E-18, 0.0004520762650173968484, 0.0009041524520694455436, 0.001356228616379091985, 0.002069674869633362363 ),
 .UNSPECIFIED. ) ;
#6225 = ORIENTED_EDGE ( 'NONE', *, *, #4854, .F. ) ;
#6226 = CARTESIAN_POINT ( 'NONE',  ( 49.23443045783677263, 38.10362676893846867, 18.84822031190606140 ) ) ;
#6227 = ORIENTED_EDGE ( 'NONE', *, *, #1283, .T. ) ;
#6228 = CARTESIAN_POINT ( 'NONE',  ( 49.23165480826241236, -6.590776444249142330, -31.23733879773717703 ) ) ;
#6229 = CARTESIAN_POINT ( 'NONE',  ( 49.27030864395452880, -26.02932361502669067, 1.340509867234725094 ) ) ;
#6230 =( BOUNDED_SURFACE ( )  B_SPLINE_SURFACE ( 3, 1, ( 
 ( #5855, #2669 ),
 ( #4165, #3748 ),
 ( #528, #2632 ),
 ( #4678, #83 ) ),
 .UNSPECIFIED., .F., .F., .T. ) 
 B_SPLINE_SURFACE_WITH_KNOTS ( ( 4, 4 ),
 ( 2, 2 ),
 ( 0.000000000000000000, 1.000000000000000000 ),
 ( 0.000000000000000000, 1.000000000000000000 ),
 .UNSPECIFIED. ) 
 GEOMETRIC_REPRESENTATION_ITEM ( )  RATIONAL_B_SPLINE_SURFACE ( (
 ( 1.000000000000000000, 1.000000000000000000),
 ( 0.9936547718337395141, 0.8399137562987549765),
 ( 0.9936547718337395141, 0.8399137562987549765),
 ( 1.000000000000000000, 1.000000000000000000) ) ) 
 REPRESENTATION_ITEM ( '' )  SURFACE ( )  );
#6231 = CARTESIAN_POINT ( 'NONE',  ( 89.82681805825622234, 8.812500467711537055, -0.01009203321599125118 ) ) ;
#6232 = LINE ( 'NONE', #256, #3545 ) ;
#6233 = CARTESIAN_POINT ( 'NONE',  ( 18.78690642288627544, 47.13714377472246753, -47.39678909564663911 ) ) ;
#6234 = CARTESIAN_POINT ( 'NONE',  ( 19.27981613022928187, 58.89017202723663047, 35.60503407029266754 ) ) ;
#6235 = ORIENTED_EDGE ( 'NONE', *, *, #3415, .T. ) ;
#6236 = CARTESIAN_POINT ( 'NONE',  ( 49.41026041085033427, -12.89719138416893784, -27.46290777820397722 ) ) ;
#6237 = ORIENTED_EDGE ( 'NONE', *, *, #6214, .F. ) ;
#6238 = CARTESIAN_POINT ( 'NONE',  ( 18.78844479849039928, -1.647496342400044167, -60.04967518400378879 ) ) ;
#6239 = CIRCLE ( 'NONE', #5120, 70.24264068317124554 ) ;
#6240 = CARTESIAN_POINT ( 'NONE',  ( 49.27030864395448617, 43.65381341094506951, -1.340509867235065489 ) ) ;
#6241 = CARTESIAN_POINT ( 'NONE',  ( 54.62576016552275604, 37.93928085110370318, -10.09454282212747955 ) ) ;
#6242 = CARTESIAN_POINT ( 'NONE',  ( 24.68797426277950890, 71.21483122033090751, -23.98874169377048204 ) ) ;
#6243 = CARTESIAN_POINT ( 'NONE',  ( 49.56354134330945271, -24.41374656099111817, 11.50158244732946322 ) ) ;
#6244 = ORIENTED_EDGE ( 'NONE', *, *, #5834, .F. ) ;
#6245 = CARTESIAN_POINT ( 'NONE',  ( 19.01941379036734503, -49.09288488587210963, 19.96658187934354700 ) ) ;
#6246 = CARTESIAN_POINT ( 'NONE',  ( 18.78690642288627544, -32.64791143973375398, -44.68007304095863219 ) ) ;
#6247 = CARTESIAN_POINT ( 'NONE',  ( 49.23125094256061374, 12.66636872333565833, 34.61427270904498954 ) ) ;
#6248 = CARTESIAN_POINT ( 'NONE',  ( 89.83068436596586537, 8.812444889248881807, 0.01462378002608311599 ) ) ;
#6249 = CARTESIAN_POINT ( 'NONE',  ( 18.80019331273212302, 67.13847697114236723, -17.75432365815875002 ) ) ;
#6250 = CARTESIAN_POINT ( 'NONE',  ( 49.23443045783675842, -13.98247289432043949, -26.33707086234189632 ) ) ;
#6251 = EDGE_CURVE ( 'NONE', #311, #2788, #130, .T. ) ;
#6252 = CARTESIAN_POINT ( 'NONE',  ( 17.53340716131418375, 40.61224489795919368, -8.000000000000060396 ) ) ;
#6253 = EDGE_LOOP ( 'NONE', ( #3291, #4900, #3047, #5174 ) ) ;
#6254 = EDGE_CURVE ( 'NONE', #6330, #1244, #4427, .T. ) ;
#6255 = FACE_OUTER_BOUND ( 'NONE', #5666, .T. ) ;
#6256 = B_SPLINE_CURVE_WITH_KNOTS ( 'NONE', 3,
 ( #3548, #5546, #5126, #2888, #820, #400, #2503, #6619, #6033, #4988, #3999, #6103, #1386 ),
 .UNSPECIFIED., .F., .F.,
 ( 4, 3, 3, 3, 4 ),
 ( 7.757919228897728493E-18, 0.0004520762650173998842, 0.0009041524520694522657, 0.001356228616379095888, 0.002069674869633360628 ),
 .UNSPECIFIED. ) ;
#6257 = CARTESIAN_POINT ( 'NONE',  ( 22.50127774655938495, -51.95523376390386971, 22.11735913595441261 ) ) ;
#6258 = CARTESIAN_POINT ( 'NONE',  ( 48.51805717611821223, 40.61224489795919368, -6.153557722908013615E-14 ) ) ;
#6259 = CARTESIAN_POINT ( 'NONE',  ( 18.78844479849039928, -14.85376631051117613, 56.17196444846995007 ) ) ;
#6260 = EDGE_CURVE ( 'NONE', #351, #4939, #6161, .T. ) ;
#6261 = ORIENTED_EDGE ( 'NONE', *, *, #5242, .F. ) ;
#6262 = CARTESIAN_POINT ( 'NONE',  ( 50.49366072217503643, -22.56491412798900953, 17.83330491662624695 ) ) ;
#6263 = ORIENTED_EDGE ( 'NONE', *, *, #5418, .T. ) ;
#6264 = ADVANCED_FACE ( 'NONE', ( #2723 ), #5423, .T. ) ;
#6265 = CARTESIAN_POINT ( 'NONE',  ( 54.54334256235713241, 48.41060816351981089, 6.572996776293480892 ) ) ;
#6266 = ADVANCED_FACE ( 'NONE', ( #2116 ), #2391, .F. ) ;
#6267 = CARTESIAN_POINT ( 'NONE',  ( 18.79234720619587762, -49.92452224909212788, -16.30452729368794706 ) ) ;
#6268 = CARTESIAN_POINT ( 'NONE',  ( 89.82545070715441682, 8.803736625965470353, 0.003706989121997227802 ) ) ;
#6269 = CARTESIAN_POINT ( 'NONE',  ( 53.00898906108304232, 10.90755485296494065, -38.55008994736439121 ) ) ;
#6270 = CARTESIAN_POINT ( 'NONE',  ( 54.17538997708385295, 45.48164006104850188, -15.40499834441557603 ) ) ;
#6271 = B_SPLINE_CURVE_WITH_KNOTS ( 'NONE', 3,
 ( #2042, #6800, #3700, #5164, #5728, #5803, #1070, #4620, #2076, #3171, #4760, #6730, #2006 ),
 .UNSPECIFIED., .F., .F.,
 ( 4, 3, 3, 3, 4 ),
 ( 1.409462824231155764E-17, 0.0009041618729686844332, 0.001808323717130797155, 0.002711696379629077724, 0.003615359634610208414 ),
 .UNSPECIFIED. ) ;
#6272 = ORIENTED_EDGE ( 'NONE', *, *, #5895, .F. ) ;
#6273 = CARTESIAN_POINT ( 'NONE',  ( 49.61704819046445891, -12.94487955521501910, -27.68836961395750862 ) ) ;
#6274 = ORIENTED_EDGE ( 'NONE', *, *, #1757, .F. ) ;
#6275 =( BOUNDED_SURFACE ( )  B_SPLINE_SURFACE ( 3, 1, ( 
 ( #1679, #2260 ),
 ( #4903, #3286 ),
 ( #4933, #6495 ),
 ( #1155, #198 ) ),
 .UNSPECIFIED., .F., .F., .T. ) 
 B_SPLINE_SURFACE_WITH_KNOTS ( ( 4, 4 ),
 ( 2, 2 ),
 ( 0.000000000000000000, 1.000000000000000000 ),
 ( 0.000000000000000000, 1.000000000000000000 ),
 .UNSPECIFIED. ) 
 GEOMETRIC_REPRESENTATION_ITEM ( )  RATIONAL_B_SPLINE_SURFACE ( (
 ( 1.000000000000000000, 1.000000000000000000),
 ( 0.9611591142731221726, 0.9996856433685865628),
 ( 0.9611591142731221726, 0.9996856433685865628),
 ( 1.000000000000000000, 1.000000000000000000) ) ) 
 REPRESENTATION_ITEM ( '' )  SURFACE ( )  );
#6276 = CARTESIAN_POINT ( 'NONE',  ( 23.23982137879180598, 74.06351091329851499, -4.503794058403886247 ) ) ;
#6277 = DIRECTION ( 'NONE',  ( 0.000000000000000000, 0.000000000000000000, 1.000000000000000000 ) ) ;
#6278 = CARTESIAN_POINT ( 'NONE',  ( 49.61704819046447312, 33.12242518473326669, 25.47613414108527508 ) ) ;
#6279 = CARTESIAN_POINT ( 'NONE',  ( 49.61704819046445891, -24.46047569462414373, 11.53014920622940664 ) ) ;
#6280 = VERTEX_POINT ( 'NONE', #6321 ) ;
#6281 = CARTESIAN_POINT ( 'NONE',  ( 25.39554384420631905, -44.57846506967144506, 41.40272818683028788 ) ) ;
#6282 = DIRECTION ( 'NONE',  ( -0.7522347214610782817, -0.4072159905495724708, 0.5179942672164474793 ) ) ;
#6283 = FACE_OUTER_BOUND ( 'NONE', #6492, .T. ) ;
#6284 = CARTESIAN_POINT ( 'NONE',  ( 89.82729936416122030, 8.807304617730210339, 0.009132570123292797423 ) ) ;
#6285 = CARTESIAN_POINT ( 'NONE',  ( 18.79321399865039766, 18.08400767848610258, 60.25011361456414960 ) ) ;
#6286 = CARTESIAN_POINT ( 'NONE',  ( 18.79018048702202393, 69.74994829237664362, 1.506123021301961851 ) ) ;
#6287 = ORIENTED_EDGE ( 'NONE', *, *, #4191, .F. ) ;
#6288 = CARTESIAN_POINT ( 'NONE',  ( 25.39554384420632260, -51.02830383113121826, -31.36658317320471667 ) ) ;
#6289 = VERTEX_POINT ( 'NONE', #611 ) ;
#6290 = CARTESIAN_POINT ( 'NONE',  ( 49.23395903331218904, 31.94655533562135830, 26.03865013059452593 ) ) ;
#6291 = DIRECTION ( 'NONE',  ( 0.7588727602565363828, -0.5372039009369544704, -0.3681359837868939944 ) ) ;
#6292 = CARTESIAN_POINT ( 'NONE',  ( 54.54334256235712530, 20.95377270857424890, -38.25987405045304968 ) ) ;
#6293 = CARTESIAN_POINT ( 'NONE',  ( 18.79364822255248058, -16.51046804537463686, 55.45055680567443090 ) ) ;
#6294 = EDGE_CURVE ( 'NONE', #3865, #5483, #4271, .T. ) ;
#6295 = ORIENTED_EDGE ( 'NONE', *, *, #4189, .F. ) ;
#6296 = CARTESIAN_POINT ( 'NONE',  ( 49.24038183582138828, -14.88446247767089048, 25.53631925624068089 ) ) ;
#6297 = VERTEX_POINT ( 'NONE', #5730 ) ;
#6298 = CARTESIAN_POINT ( 'NONE',  ( 49.23084801259432197, -24.92017232045195030, -8.666930318941709288 ) ) ;
#6299 = B_SPLINE_CURVE_WITH_KNOTS ( 'NONE', 3,
 ( #1416, #6246, #4617, #368, #3513, #5127 ),
 .UNSPECIFIED., .F., .F.,
 ( 4, 2, 4 ),
 ( 1.432171564712973327E-16, 0.0007986073165776999333, 0.001597214633155256535 ),
 .UNSPECIFIED. ) ;
#6300 = CARTESIAN_POINT ( 'NONE',  ( 18.79148157003698216, -49.32529501978060438, -18.32640653748297055 ) ) ;
#6301 = CARTESIAN_POINT ( 'NONE',  ( 18.77401912713006027, 61.05504298256192897, -31.42561135427649077 ) ) ;
#6302 = CARTESIAN_POINT ( 'NONE',  ( 18.85592173195391297, 46.97368420347550710, -47.61665319776530936 ) ) ;
#6303 = CARTESIAN_POINT ( 'NONE',  ( 53.79529533164531330, -29.93203557010351901, -7.121150613887036407 ) ) ;
#6304 = EDGE_CURVE ( 'NONE', #5733, #6018, #1574, .T. ) ;
#6305 = ORIENTED_EDGE ( 'NONE', *, *, #3895, .F. ) ;
#6306 = AXIS2_PLACEMENT_3D ( 'NONE', #6046, #5629, #377 ) ;
#6307 = CARTESIAN_POINT ( 'NONE',  ( 19.01941379036734503, 61.82177644401946992, 30.68644672317266497 ) ) ;
#6308 = ORIENTED_EDGE ( 'NONE', *, *, #1951, .T. ) ;
#6309 = CARTESIAN_POINT ( 'NONE',  ( 20.99620941596848667, 71.88156105400032914, -3.425657424404052076 ) ) ;
#6310 = AXIS2_PLACEMENT_3D ( 'NONE', #3105, #3664, #3702 ) ;
#6311 = CARTESIAN_POINT ( 'NONE',  ( 49.23165480826241236, -4.708526741256377157, -32.09693343472746108 ) ) ;
#6312 = CARTESIAN_POINT ( 'NONE',  ( 28.07725316172350460, 45.49475823551522780, 59.90343717504965326 ) ) ;
#6313 = EDGE_CURVE ( 'NONE', #3483, #5447, #65, .T. ) ;
#6314 = CARTESIAN_POINT ( 'NONE',  ( 89.82615535696581333, 8.821668869267048407, 0.0009787728173039262920 ) ) ;
#6315 = ORIENTED_EDGE ( 'NONE', *, *, #8, .F. ) ;
#6316 = CARTESIAN_POINT ( 'NONE',  ( 89.82729936416122030, 8.821338366331954006, 0.005011889738579260525 ) ) ;
#6317 = B_SPLINE_CURVE_WITH_KNOTS ( 'NONE', 3,
 ( #5503, #325, #2434, #290, #5995, #1272, #6652, #3507 ),
 .UNSPECIFIED., .F., .F.,
 ( 4, 2, 2, 4 ),
 ( 9.753102132600473930E-16, 0.001890109674893114761, 0.003780219349785254174, 0.007560438699569544709 ),
 .UNSPECIFIED. ) ;
#6318 = CARTESIAN_POINT ( 'NONE',  ( 49.23165480826241236, 24.21526624016815177, -31.23733879773686439 ) ) ;
#6319 = CARTESIAN_POINT ( 'NONE',  ( 26.76916540935822653, -13.17716223195896852, -65.33538801288243292 ) ) ;
#6320 = CARTESIAN_POINT ( 'NONE',  ( 49.61704819046447312, -15.49793538881472799, -25.47613414108555574 ) ) ;
#6321 = CARTESIAN_POINT ( 'NONE',  ( 54.54334256235711820, -31.03393360987626082, -4.849403907098070121 ) ) ;
#6322 = ORIENTED_EDGE ( 'NONE', *, *, #1072, .F. ) ;
#6323 = CARTESIAN_POINT ( 'NONE',  ( 49.23165480826241236, 32.39191097665123209, -25.63247450502040437 ) ) ;
#6324 = ORIENTED_EDGE ( 'NONE', *, *, #1915, .T. ) ;
#6325 = DIRECTION ( 'NONE',  ( 0.000000000000000000, 0.000000000000000000, -1.000000000000000000 ) ) ;
#6326 = CARTESIAN_POINT ( 'NONE',  ( 89.82729936416122030, 8.811463485978032750, -0.01035372402161641864 ) ) ;
#6327 = CARTESIAN_POINT ( 'NONE',  ( 48.51805717611820512, 8.812244897959189416, 27.49999999999993605 ) ) ;
#6328 = B_SPLINE_CURVE_WITH_KNOTS ( 'NONE', 3,
 ( #3661, #964, #2544, #5768, #5056, #6142, #2442 ),
 .UNSPECIFIED., .F., .F.,
 ( 4, 3, 4 ),
 ( 0.000000000000000000, 0.007697376234836499770, 0.04008255950779805732 ),
 .UNSPECIFIED. ) ;
#6329 = CARTESIAN_POINT ( 'NONE',  ( 42.33298211887888840, 57.45897865173808583, -23.50624223641085919 ) ) ;
#6330 = VERTEX_POINT ( 'NONE', #4180 ) ;
#6331 = CARTESIAN_POINT ( 'NONE',  ( 54.62576016552275604, -2.632960802843860915, 28.62326474513064412 ) ) ;
#6332 = EDGE_LOOP ( 'NONE', ( #293, #2448, #921, #5676 ) ) ;
#6333 = CARTESIAN_POINT ( 'NONE',  ( 49.61704819046445891, 5.478449869581435649, -35.05572830592457478 ) ) ;
#6334 = CARTESIAN_POINT ( 'NONE',  ( 51.77745077274523311, 35.17820093074533361, -26.49018182592293869 ) ) ;
#6335 = CARTESIAN_POINT ( 'NONE',  ( 49.41824768824507430, -12.90853053684691609, 27.46390371142753040 ) ) ;
#6336 = CARTESIAN_POINT ( 'NONE',  ( 54.54334256235712530, -1.658501519778535993, 38.75045973131020105 ) ) ;
#6337 = ORIENTED_EDGE ( 'NONE', *, *, #641, .F. ) ;
#6338 = CARTESIAN_POINT ( 'NONE',  ( 18.77401912713006027, 15.69554381381647268, -60.57639141392927939 ) ) ;
#6339 = ORIENTED_EDGE ( 'NONE', *, *, #2873, .F. ) ;
#6340 = CARTESIAN_POINT ( 'NONE',  ( 22.50029827766106294, 69.57895062388797669, 22.11661770176250030 ) ) ;
#6341 = EDGE_CURVE ( 'NONE', #3452, #5967, #5421, .T. ) ;
#6342 = CARTESIAN_POINT ( 'NONE',  ( 22.90123142467806971, -4.286102293134188557, -63.85245572490964605 ) ) ;
#6343 = CARTESIAN_POINT ( 'NONE',  ( 18.76137069372868282, -50.31987961708320256, -14.87190650519997526 ) ) ;
#6344 = B_SPLINE_CURVE_WITH_KNOTS ( 'NONE', 3,
 ( #6172, #1312, #1348, #4549, #5654, #2375, #2958, #928, #6068, #890 ),
 .UNSPECIFIED., .F., .F.,
 ( 4, 2, 2, 2, 4 ),
 ( 0.000000000000000000, 0.003307264529468965496, 0.006614529058937930993, 0.009921793588406896056, 0.01322905811787586199 ),
 .UNSPECIFIED. ) ;
#6345 = CARTESIAN_POINT ( 'NONE',  ( 22.50127774655948443, 31.89129582163369037, -60.40878616998712403 ) ) ;
#6346 = EDGE_CURVE ( 'NONE', #1214, #751, #1273, .T. ) ;
#6347 = VERTEX_POINT ( 'NONE', #1308 ) ;
#6348 = CARTESIAN_POINT ( 'NONE',  ( 22.90123142467807327, 3.390701381794763325, -64.95621346062516466 ) ) ;
#6349 = ADVANCED_FACE ( 'NONE', ( #5504 ), #3586, .F. ) ;
#6350 = ADVANCED_FACE ( 'NONE', ( #4382 ), #6627, .F. ) ;
#6351 = CARTESIAN_POINT ( 'NONE',  ( 49.23423108862792219, -24.52788034580874310, 10.08278835646428462 ) ) ;
#6352 = CARTESIAN_POINT ( 'NONE',  ( 49.61704819046447312, -19.86427830702869457, 20.43710579372289615 ) ) ;
#6353 = CARTESIAN_POINT ( 'NONE',  ( 49.61704819046445891, 15.48983196032640741, -34.57496359180358780 ) ) ;
#6354 = B_SPLINE_CURVE_WITH_KNOTS ( 'NONE', 3,
 ( #6735, #2433, #2367, #5472, #4408, #5502, #1271, #815, #183, #5016 ),
 .UNSPECIFIED., .F., .F.,
 ( 4, 2, 2, 2, 4 ),
 ( 0.000000000000000000, 0.003307264529468877893, 0.006614529058937755786, 0.009921793588406634112, 0.01322905811787551157 ),
 .UNSPECIFIED. ) ;
#6355 = B_SPLINE_CURVE_WITH_KNOTS ( 'NONE', 3,
 ( #2189, #1770, #2309, #1178, #6525, #6394, #5359, #655, #1805, #3900 ),
 .UNSPECIFIED., .F., .F.,
 ( 4, 2, 2, 2, 4 ),
 ( 1.040834085586084257E-17, 0.001890020855637480641, 0.003780041711274950873, 0.005670062566912421539, 0.007560083422549891338 ),
 .UNSPECIFIED. ) ;
#6356 = ORIENTED_EDGE ( 'NONE', *, *, #5150, .F. ) ;
#6357 = CARTESIAN_POINT ( 'NONE',  ( 89.82545070715441682, 8.819364145631222840, -0.005953887239035015461 ) ) ;
#6358 = ORIENTED_EDGE ( 'NONE', *, *, #1671, .T. ) ;
#6359 = CARTESIAN_POINT ( 'NONE',  ( 18.79364884033508432, -0.1608132347005409579, 60.29576418150840311 ) ) ;
#6360 = CARTESIAN_POINT ( 'NONE',  ( 49.23165480826241236, 2.833729476084645871, -34.31153967666782023 ) ) ;
#6361 = CARTESIAN_POINT ( 'NONE',  ( 49.23125140390101251, -24.90118369924768871, 8.741103853469644136 ) ) ;
#6362 = CARTESIAN_POINT ( 'NONE',  ( 49.61704819046447312, 21.88733777072586406, -32.69648639714309013 ) ) ;
#6363 = CARTESIAN_POINT ( 'NONE',  ( 54.62576016552275604, -12.46988225070623812, -22.30145919511944896 ) ) ;
#6364 = ORIENTED_EDGE ( 'NONE', *, *, #2665, .F. ) ;
#6365 = CARTESIAN_POINT ( 'NONE',  ( 49.61704819046445891, -15.49793538881506016, 25.47613414108511520 ) ) ;
#6366 = VERTEX_POINT ( 'NONE', #4950 ) ;
#6367 = CARTESIAN_POINT ( 'NONE',  ( 26.76916540935821232, 77.37813411215785209, 7.139032776603792207 ) ) ;
#6368 = CARTESIAN_POINT ( 'NONE',  ( 35.20511764130980481, 56.64417214476894458, 39.66003269788311769 ) ) ;
#6369 = CARTESIAN_POINT ( 'NONE',  ( 19.42422096688429534, 51.37571778330978844, -44.61327211425953720 ) ) ;
#6370 = CARTESIAN_POINT ( 'NONE',  ( 89.83648776693891591, 8.824740725758658755, 0.008346323855924771273 ) ) ;
#6371 = ORIENTED_EDGE ( 'NONE', *, *, #301, .F. ) ;
#6372 = CARTESIAN_POINT ( 'NONE',  ( 89.82729936416122030, 8.819558004457967115, -0.007370799084038519994 ) ) ;
#6373 = ORIENTED_EDGE ( 'NONE', *, *, #1989, .T. ) ;
#6374 = CARTESIAN_POINT ( 'NONE',  ( 49.23423108862793640, -20.64095699770435033, -18.59396327856615727 ) ) ;
#6375 = CARTESIAN_POINT ( 'NONE',  ( 49.61704819046447312, 15.48983196032594023, 34.57496359180355228 ) ) ;
#6376 = CARTESIAN_POINT ( 'NONE',  ( 54.62576016552275604, -5.324759444420165799, 27.39396149568515426 ) ) ;
#6377 = CARTESIAN_POINT ( 'NONE',  ( 25.39554384420650379, 31.34336346677383389, -63.69538843745478829 ) ) ;
#6378 = EDGE_CURVE ( 'NONE', #1780, #4025, #2527, .T. ) ;
#6379 = ORIENTED_EDGE ( 'NONE', *, *, #5830, .F. ) ;
#6380 = CARTESIAN_POINT ( 'NONE',  ( 18.78844479849039928, -49.13763479415084134, 18.89923596840876385 ) ) ;
#6381 = EDGE_CURVE ( 'NONE', #6215, #6572, #717, .T. ) ;
#6382 = B_SPLINE_CURVE_WITH_KNOTS ( 'NONE', 3,
 ( #4364, #3285, #5396, #696, #4775, #2699 ),
 .UNSPECIFIED., .F., .F.,
 ( 4, 2, 4 ),
 ( 1.311065397059051419E-16, 0.0007986073165776961386, 0.001597214633155261305 ),
 .UNSPECIFIED. ) ;
#6383 = DIRECTION ( 'NONE',  ( -0.7588727602565363828, 0.6300123538972751680, 0.1649138189401964938 ) ) ;
#6384 = CARTESIAN_POINT ( 'NONE',  ( 54.54334256235712530, 9.682903380523590897, 40.13074399683113569 ) ) ;
#6385 = CARTESIAN_POINT ( 'NONE',  ( 49.27748177091820736, 15.08956548356400695, -34.30479692357997834 ) ) ;
#6386 = CARTESIAN_POINT ( 'NONE',  ( 27.43416788634275250, 10.95171792628098650, 69.56948655961730310 ) ) ;
#6387 = EDGE_CURVE ( 'NONE', #5641, #4330, #222, .T. ) ;
#6388 = ORIENTED_EDGE ( 'NONE', *, *, #4893, .F. ) ;
#6389 = CARTESIAN_POINT ( 'NONE',  ( 49.41824768824509562, 12.23681661525471931, -34.84724380941692345 ) ) ;
#6390 = VERTEX_POINT ( 'NONE', #5474 ) ;
#6391 = CARTESIAN_POINT ( 'NONE',  ( 49.50991164883082973, 2.177958969294220282, 34.47421011937251478 ) ) ;
#6392 = CARTESIAN_POINT ( 'NONE',  ( 49.23443045783674421, 42.23855520631876459, -9.793989994223041506 ) ) ;
#6393 = FACE_OUTER_BOUND ( 'NONE', #4421, .T. ) ;
#6394 = CARTESIAN_POINT ( 'NONE',  ( 52.60397151635674362, 42.52425674627660612, -17.96825049313342504 ) ) ;
#6395 = CARTESIAN_POINT ( 'NONE',  ( 19.46190759237069301, 68.70659159739430777, 14.51174484338431370 ) ) ;
#6396 = VERTEX_POINT ( 'NONE', #4858 ) ;
#6397 = CARTESIAN_POINT ( 'NONE',  ( 51.15501191307614448, -34.85963512275264264, -5.314569792941335358 ) ) ;
#6398 = EDGE_LOOP ( 'NONE', ( #6388, #2823, #522, #1616 ) ) ;
#6399 = B_SPLINE_CURVE_WITH_KNOTS ( 'NONE', 3,
 ( #2750, #5309, #1135, #5902, #29, #6351, #644, #3271, #6831, #3241, #4855, #5347, #1727 ),
 .UNSPECIFIED., .F., .F.,
 ( 4, 3, 3, 3, 4 ),
 ( 5.204170427930421283E-18, 0.0004520762650173986916, 0.0009041524520694477120, 0.001356228616379094587, 0.002069674869633363230 ),
 .UNSPECIFIED. ) ;
#6400 = CARTESIAN_POINT ( 'NONE',  ( 28.07725316172355434, -30.43937143311195470, -58.25237493479135509 ) ) ;
#6401 = CARTESIAN_POINT ( 'NONE',  ( 20.23383842789537823, -3.179057153350873577, -61.23642777172734952 ) ) ;
#6402 = CARTESIAN_POINT ( 'NONE',  ( 49.30502353826714312, -19.76916982202732953, -20.03113917475567618 ) ) ;
#6403 = CARTESIAN_POINT ( 'NONE',  ( 27.43416788634301184, 59.98829787585211903, -47.17523085912391423 ) ) ;
#6404 = CARTESIAN_POINT ( 'NONE',  ( 50.49951337408941754, 42.85588187481931044, -12.00061573250214408 ) ) ;
#6405 = DIRECTION ( 'NONE',  ( 0.000000000000000000, 0.000000000000000000, 1.000000000000000000 ) ) ;
#6406 = ORIENTED_EDGE ( 'NONE', *, *, #3293, .T. ) ;
#6407 = CARTESIAN_POINT ( 'NONE',  ( 49.23423108862792930, 43.64251055253953382, -0.2813658521296547588 ) ) ;
#6408 = ORIENTED_EDGE ( 'NONE', *, *, #267, .F. ) ;
#6409 = CARTESIAN_POINT ( 'NONE',  ( 18.76137069372868282, -41.15049857284656554, 34.95005032374543674 ) ) ;
#6410 = FACE_OUTER_BOUND ( 'NONE', #6601, .T. ) ;
#6411 = CARTESIAN_POINT ( 'NONE',  ( 18.77401912713006382, -50.16797062332312152, -15.43415620504374708 ) ) ;
#6412 = CARTESIAN_POINT ( 'NONE',  ( 28.07725316172378172, 30.06230443817081266, -66.95120267540092129 ) ) ;
#6413 =( BOUNDED_SURFACE ( )  B_SPLINE_SURFACE ( 3, 1, ( 
 ( #3826, #3242 ),
 ( #4314, #1697 ),
 ( #2647, #3797 ),
 ( #4381, #578 ) ),
 .UNSPECIFIED., .F., .F., .T. ) 
 B_SPLINE_SURFACE_WITH_KNOTS ( ( 4, 4 ),
 ( 2, 2 ),
 ( 0.000000000000000000, 1.000000000000000000 ),
 ( 0.000000000000000000, 1.000000000000000000 ),
 .UNSPECIFIED. ) 
 GEOMETRIC_REPRESENTATION_ITEM ( )  RATIONAL_B_SPLINE_SURFACE ( (
 ( 1.000000000000000000, 1.000000000000000000),
 ( 0.7724073758824716585, 0.9739345816297118041),
 ( 0.7724073758824716585, 0.9739345816297118041),
 ( 1.000000000000000000, 1.000000000000000000) ) ) 
 REPRESENTATION_ITEM ( '' )  SURFACE ( )  );
#6414 = VECTOR ( 'NONE', #160, 1000.000000000000114 ) ;
#6415 = CARTESIAN_POINT ( 'NONE',  ( 19.04016012521984180, -49.11143382883776809, -19.77313259318245287 ) ) ;
#6416 = VECTOR ( 'NONE', #3123, 1000.000000000000114 ) ;
#6417 = CARTESIAN_POINT ( 'NONE',  ( 54.54334256235712530, 29.77611861316086106, -34.23084367621613211 ) ) ;
#6418 = AXIS2_PLACEMENT_3D ( 'NONE', #3247, #5937, #547 ) ;
#6419 = CARTESIAN_POINT ( 'NONE',  ( 49.27030864395450038, -15.01721999184001177, -25.45365329800563359 ) ) ;
#6420 = CARTESIAN_POINT ( 'NONE',  ( 18.77401912713006382, 47.35291420099417792, -47.23871093047208802 ) ) ;
#6421 = CARTESIAN_POINT ( 'NONE',  ( 18.78844479849039928, -18.14175185507876620, 54.67039176333783246 ) ) ;
#6422 = CARTESIAN_POINT ( 'NONE',  ( 26.76916540935821587, -41.48418461868175200, 47.14356934510531261 ) ) ;
#6423 = CONICAL_SURFACE ( 'NONE', #3221, 40.14018759214401655, 0.8495922745902004802 ) ;
#6424 = LINE ( 'NONE', #2244, #2777 ) ;
#6425 = FACE_OUTER_BOUND ( 'NONE', #2975, .T. ) ;
#6426 = ORIENTED_EDGE ( 'NONE', *, *, #2578, .F. ) ;
#6427 = CARTESIAN_POINT ( 'NONE',  ( 19.46190759237069301, 31.70013536706010981, 57.21947199010192975 ) ) ;
#6428 = ADVANCED_FACE ( 'NONE', ( #4350 ), #2238, .T. ) ;
#6429 = CARTESIAN_POINT ( 'NONE',  ( 51.35395742193607305, 21.99560896048586756, 34.51940006831139840 ) ) ;
#6430 = CARTESIAN_POINT ( 'NONE',  ( 26.76987644061276583, 6.121235650408463513, 68.88471130510220064 ) ) ;
#6431 = CARTESIAN_POINT ( 'NONE',  ( 54.54334256235713241, 38.57087753917614492, 26.93804824514127816 ) ) ;
#6432 = VERTEX_POINT ( 'NONE', #5687 ) ;
#6433 = CARTESIAN_POINT ( 'NONE',  ( 28.65641647731176178, 9.458390163644697424, -71.45717898808790380 ) ) ;
#6434 = ORIENTED_EDGE ( 'NONE', *, *, #2716, .T. ) ;
#6435 = B_SPLINE_CURVE_WITH_KNOTS ( 'NONE', 3,
 ( #3491, #5593, #2485, #798, #3043, #6151, #5673, #6739 ),
 .UNSPECIFIED., .F., .F.,
 ( 4, 2, 2, 4 ),
 ( 1.201851678989727385E-17, 0.0002264431842541214006, 0.0004528863685082308208, 0.0009057727370164588227 ),
 .UNSPECIFIED. ) ;
#6436 = FACE_OUTER_BOUND ( 'NONE', #382, .T. ) ;
#6437 = EDGE_CURVE ( 'NONE', #464, #372, #2613, .T. ) ;
#6438 = CARTESIAN_POINT ( 'NONE',  ( 54.54334256235712530, 31.24100766185455313, -33.28941664873942585 ) ) ;
#6439 = CARTESIAN_POINT ( 'NONE',  ( 23.24077445196147806, 54.94749563360706901, -46.36459009475643001 ) ) ;
#6440 = CARTESIAN_POINT ( 'NONE',  ( 49.23411246815348363, 22.98857718033918118, 31.81551828757080713 ) ) ;
#6441 = ORIENTED_EDGE ( 'NONE', *, *, #6387, .F. ) ;
#6442 = CARTESIAN_POINT ( 'NONE',  ( 89.82681805825623655, 8.802219215721917678, -0.001183277654261888313 ) ) ;
#6443 = ORIENTED_EDGE ( 'NONE', *, *, #2206, .F. ) ;
#6444 = CARTESIAN_POINT ( 'NONE',  ( 49.23306814737767922, -20.87881609122258553, -18.20951557944766819 ) ) ;
#6445 = CARTESIAN_POINT ( 'NONE',  ( 54.17538997708381743, -30.71187167942856888, 4.450025212883876868 ) ) ;
#6446 = CARTESIAN_POINT ( 'NONE',  ( 18.78844479849040638, 66.76212459006934807, -18.89923596840853293 ) ) ;
#6447 = CARTESIAN_POINT ( 'NONE',  ( 18.79364760530902601, 48.95998243528840987, 45.87214636423305336 ) ) ;
#6448 =( BOUNDED_SURFACE ( )  B_SPLINE_SURFACE ( 3, 1, ( 
 ( #4818, #4372 ),
 ( #1721, #3845 ),
 ( #88, #6409 ),
 ( #3235, #1164 ) ),
 .UNSPECIFIED., .F., .F., .T. ) 
 B_SPLINE_SURFACE_WITH_KNOTS ( ( 4, 4 ),
 ( 2, 2 ),
 ( 0.000000000000000000, 1.000000000000000000 ),
 ( 0.000000000000000000, 1.000000000000000000 ),
 .UNSPECIFIED. ) 
 GEOMETRIC_REPRESENTATION_ITEM ( )  RATIONAL_B_SPLINE_SURFACE ( (
 ( 1.000000000000000000, 1.000000000000000000),
 ( 0.9936547718337396251, 0.8399137562987545325),
 ( 0.9936547718337396251, 0.8399137562987545325),
 ( 1.000000000000000000, 1.000000000000000000) ) ) 
 REPRESENTATION_ITEM ( '' )  SURFACE ( )  );
#6449 = DIRECTION ( 'NONE',  ( 0.000000000000000000, 0.000000000000000000, 1.000000000000000000 ) ) ;
#6450 = DIRECTION ( 'NONE',  ( 1.000000000000000000, 0.000000000000000000, -0.000000000000000000 ) ) ;
#6451 = CARTESIAN_POINT ( 'NONE',  ( 28.07725316172349750, 8.812244897959189416, -6.153557722908013615E-14 ) ) ;
#6452 = CARTESIAN_POINT ( 'NONE',  ( 18.79321571199461971, 69.76861919114374189, 0.6021428608796273174 ) ) ;
#6453 = CARTESIAN_POINT ( 'NONE',  ( 52.60448476329268885, -21.53697267728365716, 23.20177108701429347 ) ) ;
#6454 = ORIENTED_EDGE ( 'NONE', *, *, #6170, .T. ) ;
#6455 = CARTESIAN_POINT ( 'NONE',  ( 89.82729936416122030, 8.813026309940342529, -0.01035372402161290062 ) ) ;
#6456 = CARTESIAN_POINT ( 'NONE',  ( 49.23290854358263857, 4.645489921238291409, -34.58043428889183701 ) ) ;
#6457 = CARTESIAN_POINT ( 'NONE',  ( 22.50029827766107005, -51.95446082796944154, -22.11661770176304032 ) ) ;
#6458 = LINE ( 'NONE', #3864, #2009 ) ;
#6459 = EDGE_LOOP ( 'NONE', ( #6788, #4860, #4237, #737 ) ) ;
#6460 = DIRECTION ( 'NONE',  ( 0.000000000000000000, 0.000000000000000000, 1.000000000000000000 ) ) ;
#6461 = EDGE_CURVE ( 'NONE', #3858, #3809, #1060, .T. ) ;
#6462 = ORIENTED_EDGE ( 'NONE', *, *, #6798, .F. ) ;
#6463 = ORIENTED_EDGE ( 'NONE', *, *, #991, .F. ) ;
#6464 = CARTESIAN_POINT ( 'NONE',  ( 49.61704819046446602, 37.48876810294693485, 20.43710579372309155 ) ) ;
#6465 = EDGE_CURVE ( 'NONE', #1082, #4951, #3522, .T. ) ;
#6466 = CARTESIAN_POINT ( 'NONE',  ( 22.90123142467806971, -54.71124188006766786, -14.61059303388507935 ) ) ;
#6467 = CARTESIAN_POINT ( 'NONE',  ( 42.43839482824584763, -21.31088505600057204, 44.70686747822974638 ) ) ;
#6468 = EDGE_LOOP ( 'NONE', ( #3382, #4432, #6364, #6130 ) ) ;
#6469 = CARTESIAN_POINT ( 'NONE',  ( 49.61704819046447312, -21.69065868450530843, -17.59520245376306136 ) ) ;
#6470 = EDGE_CURVE ( 'NONE', #3088, #5079, #561, .T. ) ;
#6471 = ORIENTED_EDGE ( 'NONE', *, *, #2373, .F. ) ;
#6472 = EDGE_CURVE ( 'NONE', #727, #3064, #480, .T. ) ;
#6473 = CARTESIAN_POINT ( 'NONE',  ( 49.23165480826241236, -21.03378160519371676, -17.95101957010337301 ) ) ;
#6474 = CARTESIAN_POINT ( 'NONE',  ( 54.54334256235712530, 19.28299131569666258, 38.75045973131027210 ) ) ;
#6475 = CARTESIAN_POINT ( 'NONE',  ( 89.83648776693894433, 8.826585988092446655, -0.004487757579594759544 ) ) ;
#6476 = CARTESIAN_POINT ( 'NONE',  ( 18.78844479849039928, 47.34508753284151084, 47.22911935443021747 ) ) ;
#6477 = CARTESIAN_POINT ( 'NONE',  ( 17.53340716131418375, 8.812244897959189416, -59.69879470168700664 ) ) ;
#6478 = CARTESIAN_POINT ( 'NONE',  ( 89.82643428741083369, 8.810952283503212357, -0.009701230467186836015 ) ) ;
#6479 = FACE_OUTER_BOUND ( 'NONE', #2984, .T. ) ;
#6480 = CARTESIAN_POINT ( 'NONE',  ( 49.37576540558968219, 2.336500434770188761, -34.36788587120415173 ) ) ;
#6481 = CARTESIAN_POINT ( 'NONE',  ( 28.07725316172353303, -43.26111742286299489, 47.14226879085772737 ) ) ;
#6482 = ORIENTED_EDGE ( 'NONE', *, *, #3096, .T. ) ;
#6483 = CARTESIAN_POINT ( 'NONE',  ( 49.23125140390099830, -6.659270180373507486, 31.20311499733687910 ) ) ;
#6484 = ORIENTED_EDGE ( 'NONE', *, *, #905, .F. ) ;
#6485 =( BOUNDED_SURFACE ( )  B_SPLINE_SURFACE ( 3, 1, ( 
 ( #3139, #3202 ),
 ( #509, #2683 ),
 ( #4793, #2611 ),
 ( #2113, #63 ) ),
 .UNSPECIFIED., .F., .F., .T. ) 
 B_SPLINE_SURFACE_WITH_KNOTS ( ( 4, 4 ),
 ( 2, 2 ),
 ( 0.000000000000000000, 1.000000000000000000 ),
 ( 0.000000000000000000, 1.000000000000000000 ),
 .UNSPECIFIED. ) 
 GEOMETRIC_REPRESENTATION_ITEM ( )  RATIONAL_B_SPLINE_SURFACE ( (
 ( 1.000000000000000000, 1.000000000000000000),
 ( 0.7724073758824716585, 0.9739345816297118041),
 ( 0.7724073758824716585, 0.9739345816297118041),
 ( 1.000000000000000000, 1.000000000000000000) ) ) 
 REPRESENTATION_ITEM ( '' )  SURFACE ( )  );
#6486 = DIRECTION ( 'NONE',  ( 0.7522347214610783928, 0.6581437094123249176, 0.03146079448073330759 ) ) ;
#6487 = CARTESIAN_POINT ( 'NONE',  ( 50.49366072217507906, 21.99859717178371454, 33.59572869427912423 ) ) ;
#6488 = CARTESIAN_POINT ( 'NONE',  ( 19.11442843794947066, 14.81055258421378262, 60.98557480146948251 ) ) ;
#6489 = CARTESIAN_POINT ( 'NONE',  ( 19.04016012521985601, -44.06323440682982095, 30.82714742044076672 ) ) ;
#6490 = ORIENTED_EDGE ( 'NONE', *, *, #4479, .F. ) ;
#6491 = CARTESIAN_POINT ( 'NONE',  ( 49.27748177091823578, 5.170511743766452284, -34.68373718814299878 ) ) ;
#6492 = EDGE_LOOP ( 'NONE', ( #1309, #566, #6740, #1284, #3908, #2569, #856, #236, #1524, #5601, #3559, #2818, #5631, #5071, #836, #447, #2304, #1385, #6529, #4634, #273, #5393, #1954, #5625, #410, #1261, #4072, #3164, #4046, #4014, #4016, #4510, #4643, #5682, #4919, #1778, #5413, #101, #1540, #685, #4414, #6014, #4428, #1773, #2345, #1738, #14, #5464, #1347, #5872, #6471, #5858, #6095, #3945, #5206, #161, #573, #234, #1357, #5260, #1100, #5354, #3742, #4808, #4841, #1247, #3547, #1215, #2933, #2786 ) ) ;
#6493 = B_SPLINE_CURVE_WITH_KNOTS ( 'NONE', 3,
 ( #6090, #5040, #6123, #1847, #803, #738, #1876 ),
 .UNSPECIFIED., .F., .F.,
 ( 4, 3, 4 ),
 ( 2.421664031334473251E-16, 0.01258337285662351236, 0.04008255950779794630 ),
 .UNSPECIFIED. ) ;
#6494 = CARTESIAN_POINT ( 'NONE',  ( 48.49086870021273654, 55.20162508461505979, 7.701029006189566317 ) ) ;
#6495 = CARTESIAN_POINT ( 'NONE',  ( 18.80019331273212302, 16.89193649764987626, 60.43081945553408474 ) ) ;
#6496 = DIRECTION ( 'NONE',  ( 0.000000000000000000, 0.000000000000000000, 1.000000000000000000 ) ) ;
#6497 = CARTESIAN_POINT ( 'NONE',  ( 18.78690642288626833, -43.55631501070688216, -31.18954029131868921 ) ) ;
#6498 = ORIENTED_EDGE ( 'NONE', *, *, #725, .T. ) ;
#6499 = CARTESIAN_POINT ( 'NONE',  ( 54.30008724204793680, -17.30675155322473913, -15.70872280268767085 ) ) ;
#6500 = VERTEX_POINT ( 'NONE', #663 ) ;
#6501 = CARTESIAN_POINT ( 'NONE',  ( 49.23165480826241236, 32.39191097665123209, -25.63247450502040437 ) ) ;
#6502 = VECTOR ( 'NONE', #2720, 1000.000000000000000 ) ;
#6503 = ADVANCED_FACE ( 'NONE', ( #4179 ), #500, .F. ) ;
#6504 = CARTESIAN_POINT ( 'NONE',  ( 19.36839877834436763, 2.960741915941100366, -61.25493598224305458 ) ) ;
#6505 = CARTESIAN_POINT ( 'NONE',  ( 28.65641647731176178, 73.54356275935292331, 30.27213934572836251 ) ) ;
#6506 = EDGE_LOOP ( 'NONE', ( #2530, #6322, #3107, #2390 ) ) ;
#6507 = CARTESIAN_POINT ( 'NONE',  ( 18.79234864102460278, 67.03979964951528814, 18.03877678058832501 ) ) ;
#6508 = B_SPLINE_CURVE_WITH_KNOTS ( 'NONE', 3,
 ( #3395, #6445, #739, #4941, #6056, #1264, #2294, #5953 ),
 .UNSPECIFIED., .F., .F.,
 ( 4, 2, 2, 4 ),
 ( 9.663017051043331973E-16, 0.001890109674893106955, 0.003780219349785247668, 0.007560438699569529096 ),
 .UNSPECIFIED. ) ;
#6509 = ADVANCED_FACE ( 'NONE', ( #5204 ), #4295, .F. ) ;
#6510 = CARTESIAN_POINT ( 'NONE',  ( 18.79321399865036213, -31.56132897310213892, -45.67292752281403523 ) ) ;
#6511 = CARTESIAN_POINT ( 'NONE',  ( 49.23125140390099119, 24.28375997629211014, -31.20311499733689686 ) ) ;
#6512 = CARTESIAN_POINT ( 'NONE',  ( 50.05827993638286699, -13.14197053958859129, -28.09465408080758309 ) ) ;
#6513 = VECTOR ( 'NONE', #2025, 1000.000000000000114 ) ;
#6514 = CARTESIAN_POINT ( 'NONE',  ( 18.85592173195389876, -18.64855155715650170, -54.49353878833310461 ) ) ;
#6515 = CARTESIAN_POINT ( 'NONE',  ( 49.27030864395449328, 38.84757184931741136, 17.70906542068935963 ) ) ;
#6516 = ORIENTED_EDGE ( 'NONE', *, *, #248, .T. ) ;
#6517 = VECTOR ( 'NONE', #1145, 1000.000000000000114 ) ;
#6518 = CARTESIAN_POINT ( 'NONE',  ( 54.54334256235712530, -12.15162881724179655, -34.23084367621655133 ) ) ;
#6519 = EDGE_LOOP ( 'NONE', ( #5037, #1982, #2497, #3834 ) ) ;
#6520 = CONICAL_SURFACE ( 'NONE', #2658, 34.11490221672030998, 0.7853981625000046041 ) ;
#6521 = CARTESIAN_POINT ( 'NONE',  ( 18.78844479849039928, 47.34508753284151084, 47.22911935443021747 ) ) ;
#6522 = AXIS2_PLACEMENT_3D ( 'NONE', #925, #363, #5649 ) ;
#6523 = DIRECTION ( 'NONE',  ( 0.000000000000000000, 0.000000000000000000, 1.000000000000000000 ) ) ;
#6524 = CARTESIAN_POINT ( 'NONE',  ( 54.54334256235712530, 29.77611861316086106, -34.23084367621613211 ) ) ;
#6525 = CARTESIAN_POINT ( 'NONE',  ( 51.77745077274521890, 41.57334111105789276, -17.98899512505793652 ) ) ;
#6526 = FACE_OUTER_BOUND ( 'NONE', #2897, .T. ) ;
#6527 = ORIENTED_EDGE ( 'NONE', *, *, #2088, .T. ) ;
#6528 = CARTESIAN_POINT ( 'NONE',  ( 54.30008724204793680, 12.25117851507380529, 30.28431414586950154 ) ) ;
#6529 = ORIENTED_EDGE ( 'NONE', *, *, #519, .T. ) ;
#6530 =( BOUNDED_SURFACE ( )  B_SPLINE_SURFACE ( 3, 1, ( 
 ( #3606, #5255 ),
 ( #4674, #1611 ),
 ( #1019, #5710 ),
 ( #3713, #981 ) ),
 .UNSPECIFIED., .F., .F., .T. ) 
 B_SPLINE_SURFACE_WITH_KNOTS ( ( 4, 4 ),
 ( 2, 2 ),
 ( 0.000000000000000000, 1.000000000000000000 ),
 ( 0.000000000000000000, 1.000000000000000000 ),
 .UNSPECIFIED. ) 
 GEOMETRIC_REPRESENTATION_ITEM ( )  RATIONAL_B_SPLINE_SURFACE ( (
 ( 1.000000000000000000, 1.000000000000000000),
 ( 0.7724073758824714364, 0.9739345816297115821),
 ( 0.7724073758824714364, 0.9739345816297115821),
 ( 1.000000000000000000, 1.000000000000000000) ) ) 
 REPRESENTATION_ITEM ( '' )  SURFACE ( )  );
#6531 = AXIS2_PLACEMENT_3D ( 'NONE', #1839, #5484, #4459 ) ;
#6532 = CARTESIAN_POINT ( 'NONE',  ( 49.23165480826241236, 37.53955413602228219, -19.69177761335516053 ) ) ;
#6533 = CARTESIAN_POINT ( 'NONE',  ( 51.15501191307618711, 52.21239425864513350, -7.204498046196087913 ) ) ;
#6534 = CARTESIAN_POINT ( 'NONE',  ( 19.36839877834437473, 70.27644965476874006, 2.925543188920963100 ) ) ;
#6535 = ORIENTED_EDGE ( 'NONE', *, *, #5880, .F. ) ;
#6536 = CARTESIAN_POINT ( 'NONE',  ( 18.78690642288628254, 32.23149750670915381, -56.27425786040093669 ) ) ;
#6537 = ORIENTED_EDGE ( 'NONE', *, *, #4276, .F. ) ;
#6538 = CARTESIAN_POINT ( 'NONE',  ( 89.82615535696581333, 8.807439715724944662, -0.008165748902336534068 ) ) ;
#6539 = CARTESIAN_POINT ( 'NONE',  ( 19.11442843794947777, 2.813937211704995889, -60.98557480146961041 ) ) ;
#6540 = CARTESIAN_POINT ( 'NONE',  ( 89.82545070715441682, 8.803083134456937131, -0.001481401430781311909 ) ) ;
#6541 = ORIENTED_EDGE ( 'NONE', *, *, #20, .F. ) ;
#6542 = EDGE_CURVE ( 'NONE', #4721, #3788, #5273, .T. ) ;
#6543 = CARTESIAN_POINT ( 'NONE',  ( 49.61704819046445891, 42.08496549054244440, 11.53014920622963579 ) ) ;
#6544 = CARTESIAN_POINT ( 'NONE',  ( 89.82545070715441682, 8.805338438126442568, 0.006199457496270106838 ) ) ;
#6545 = CARTESIAN_POINT ( 'NONE',  ( 28.07725316172366092, -9.507620385029170507, -67.81158533877757577 ) ) ;
#6546 = FACE_OUTER_BOUND ( 'NONE', #4338, .T. ) ;
#6547 = CARTESIAN_POINT ( 'NONE',  ( 51.15501191307615869, 7.857563491147398160, -43.98370539232669074 ) ) ;
#6548 = CARTESIAN_POINT ( 'NONE',  ( 18.80019331273212302, -0.4606770603951976240, -60.25925883022252805 ) ) ;
#6549 = CARTESIAN_POINT ( 'NONE',  ( 18.78844479849039928, 69.73927735607354350, -1.807316344059690660 ) ) ;
#6550 = DIRECTION ( 'NONE',  ( -0.7588727602565363828, -0.2528953403045409165, 0.6001300530658966181 ) ) ;
#6551 = EDGE_CURVE ( 'NONE', #1041, #6396, #2706, .T. ) ;
#6552 = EDGE_LOOP ( 'NONE', ( #3978, #3500, #133, #4614 ) ) ;
#6553 = EDGE_CURVE ( 'NONE', #227, #3602, #6743, .T. ) ;
#6554 = CARTESIAN_POINT ( 'NONE',  ( 54.62576016552275604, -21.97890280072303781, -1.479608597390911440 ) ) ;
#6555 = CARTESIAN_POINT ( 'NONE',  ( 54.54334256235712530, -3.329282912655100013, -38.25987405045331258 ) ) ;
#6556 = CARTESIAN_POINT ( 'NONE',  ( 19.46190759237069301, -14.07564557114135440, -57.21947199010219265 ) ) ;
#6557 = CARTESIAN_POINT ( 'NONE',  ( 89.82643428741084790, 8.805912600311440741, 0.007462354267088592598 ) ) ;
#6558 = ORIENTED_EDGE ( 'NONE', *, *, #4156, .T. ) ;
#6559 = CARTESIAN_POINT ( 'NONE',  ( 49.41064597117352264, 5.397079415150821902, -34.84070289059524583 ) ) ;
#6560 = ORIENTED_EDGE ( 'NONE', *, *, #858, .F. ) ;
#6561 = AXIS2_PLACEMENT_3D ( 'NONE', #6155, #6092, #4020 ) ;
#6562 = CARTESIAN_POINT ( 'NONE',  ( 18.76137069372868282, 66.59771324014624838, 19.45819624826464889 ) ) ;
#6563 = CARTESIAN_POINT ( 'NONE',  ( 18.79017952991918605, 15.99362620811859870, -60.53180690509301343 ) ) ;
#6564 = CARTESIAN_POINT ( 'NONE',  ( 49.23435778140442665, 23.12632278039408007, 31.75441028097361595 ) ) ;
#6565 = CARTESIAN_POINT ( 'NONE',  ( 19.27520315313955024, -44.38558138398036590, -30.73986177357261340 ) ) ;
#6566 = ORIENTED_EDGE ( 'NONE', *, *, #5150, .T. ) ;
#6567 = ORIENTED_EDGE ( 'NONE', *, *, #5379, .F. ) ;
#6568 = CARTESIAN_POINT ( 'NONE',  ( 28.07725316172350460, 27.13211018094754223, 67.81158533877714945 ) ) ;
#6569 = CARTESIAN_POINT ( 'NONE',  ( 49.23435778140442665, 23.43689940383450221, -31.61257468952192440 ) ) ;
#6570 = CARTESIAN_POINT ( 'NONE',  ( 18.78690384720153617, 2.196371785725073966, -60.59276886388347805 ) ) ;
#6571 = CARTESIAN_POINT ( 'NONE',  ( 22.90123142467807327, 21.91059208905384637, -63.85245572490938315 ) ) ;
#6572 = VERTEX_POINT ( 'NONE', #4726 ) ;
#6573 = CARTESIAN_POINT ( 'NONE',  ( 18.78844479849039928, 59.09021721261510862, -34.46005189268178981 ) ) ;
#6574 = B_SPLINE_CURVE_WITH_KNOTS ( 'NONE', 3,
 ( #2570, #4202, #2636, #4750, #21, #393, #2533 ),
 .UNSPECIFIED., .F., .F.,
 ( 4, 3, 4 ),
 ( 0.000000000000000000, 0.007697376234836459004, 0.04008255950779809201 ),
 .UNSPECIFIED. ) ;
#6575 = CARTESIAN_POINT ( 'NONE',  ( 19.46190759237069301, -41.37745592933128336, -35.76195514535955766 ) ) ;
#6576 = CARTESIAN_POINT ( 'NONE',  ( 49.23165480826241236, -21.03378160519371676, -17.95101957010337301 ) ) ;
#6577 = FACE_OUTER_BOUND ( 'NONE', #457, .T. ) ;
#6578 = EDGE_CURVE ( 'NONE', #1089, #2419, #1964, .T. ) ;
#6579 = CARTESIAN_POINT ( 'NONE',  ( 52.84917723814558599, 7.899574848926023130, -42.05722469268069119 ) ) ;
#6580 = CARTESIAN_POINT ( 'NONE',  ( 18.76137069372868282, -32.89250406403898097, -44.48028402313324392 ) ) ;
#6581 = CARTESIAN_POINT ( 'NONE',  ( 18.79364884033508076, 34.40911093764532325, -55.32535946047293862 ) ) ;
#6582 = CARTESIAN_POINT ( 'NONE',  ( 19.46190759237069301, -51.08210180147601420, 14.51174484338390336 ) ) ;
#6583 = VERTEX_POINT ( 'NONE', #6320 ) ;
#6584 = CARTESIAN_POINT ( 'NONE',  ( 51.35395742193603752, 1.240199819150632932, 36.16703198225901872 ) ) ;
#6585 = EDGE_CURVE ( 'NONE', #4921, #1549, #2370, .T. ) ;
#6586 = CARTESIAN_POINT ( 'NONE',  ( 22.50127774655949509, -4.431877514551186614, -63.29658173701983515 ) ) ;
#6587 = PRESENTATION_STYLE_ASSIGNMENT (( #3412 ) ) ;
#6588 = EDGE_CURVE ( 'NONE', #5602, #769, #4349, .T. ) ;
#6589 = CARTESIAN_POINT ( 'NONE',  ( 89.82615535696581333, 8.811872537327978705, -0.009467342763460413063 ) ) ;
#6590 = ORIENTED_EDGE ( 'NONE', *, *, #763, .F. ) ;
#6591 = CARTESIAN_POINT ( 'NONE',  ( 26.76987644061280491, -58.98834882375178523, -12.46693520241343833 ) ) ;
#6592 = ORIENTED_EDGE ( 'NONE', *, *, #3090, .T. ) ;
#6593 = B_SPLINE_CURVE_WITH_KNOTS ( 'NONE', 3,
 ( #4412, #1798, #3891, #5475, #4449, #612, #6030, #2215 ),
 .UNSPECIFIED., .F., .F.,
 ( 4, 2, 2, 4 ),
 ( 1.880235398604605885E-16, 0.0003956619665159648151, 0.0007913239330317416295, 0.001582647866063298511 ),
 .UNSPECIFIED. ) ;
#6594 = EDGE_CURVE ( 'NONE', #3413, #2969, #705, .T. ) ;
#6595 = CARTESIAN_POINT ( 'NONE',  ( 18.79364822255248058, 67.30182998511180870, -17.17476279901869773 ) ) ;
#6596 = B_SPLINE_CURVE_WITH_KNOTS ( 'NONE', 3,
 ( #3691, #3237, #637, #120, #3793, #5825, #5342, #6278 ),
 .UNSPECIFIED., .F., .F.,
 ( 4, 2, 2, 4 ),
 ( 9.413396663333418620E-16, 0.001890109674893089174, 0.003780219349785237260, 0.007560438699569517820 ),
 .UNSPECIFIED. ) ;
#6597 = CARTESIAN_POINT ( 'NONE',  ( 19.42422096688429534, -41.40434219323169174, -35.78110749705468407 ) ) ;
#6598 = CARTESIAN_POINT ( 'NONE',  ( 89.82615535696581333, 8.821011380044218697, -0.003594165173255254187 ) ) ;
#6599 = EDGE_CURVE ( 'NONE', #3860, #5388, #2441, .T. ) ;
#6600 = CARTESIAN_POINT ( 'NONE',  ( 19.46190759237069301, -41.37745592933128336, -35.76195514535955766 ) ) ;
#6601 = EDGE_LOOP ( 'NONE', ( #3450, #915, #3326, #2560 ) ) ;
#6602 = CARTESIAN_POINT ( 'NONE',  ( 18.77401912713006027, 50.08522474495043042, 44.87115036689440473 ) ) ;
#6603 = ORIENTED_EDGE ( 'NONE', *, *, #5846, .F. ) ;
#6604 = CARTESIAN_POINT ( 'NONE',  ( 25.39554384420626931, 24.29418867628334411, 65.76521290929582619 ) ) ;
#6605 = CARTESIAN_POINT ( 'NONE',  ( 17.53340716131418375, 8.812244897959196521, 59.69879470168687874 ) ) ;
#6606 = CARTESIAN_POINT ( 'NONE',  ( 18.80019331273212302, -52.15333595287194157, 0.6027503083766898584 ) ) ;
#6607 = CARTESIAN_POINT ( 'NONE',  ( 26.06099036693303006, 24.58870689507941876, -66.65965240051036744 ) ) ;
#6608 = VERTEX_POINT ( 'NONE', #5835 ) ;
#6609 = CONICAL_SURFACE ( 'NONE', #440, 34.11490221672030998, 0.7853981625000046041 ) ;
#6610 = CARTESIAN_POINT ( 'NONE',  ( 53.79462347678109779, 45.25557878393757960, 14.95528264394229545 ) ) ;
#6611 = DIRECTION ( 'NONE',  ( 0.000000000000000000, 0.000000000000000000, -1.000000000000000000 ) ) ;
#6612 = CARTESIAN_POINT ( 'NONE',  ( 19.42422096688429534, 20.49916092710140347, 60.54262355176481947 ) ) ;
#6613 = CARTESIAN_POINT ( 'NONE',  ( 89.82643428741084790, 8.820532476135364064, 0.005205840247384671549 ) ) ;
#6614 = CARTESIAN_POINT ( 'NONE',  ( 49.46084658743961882, 7.815552272214162599, -45.91018609450179611 ) ) ;
#6615 = FACE_OUTER_BOUND ( 'NONE', #5277, .T. ) ;
#6616 = VECTOR ( 'NONE', #806, 1000.000000000000114 ) ;
#6617 = CARTESIAN_POINT ( 'NONE',  ( 51.36229326913196758, 38.59609569467015433, -21.88886701161862547 ) ) ;
#6618 = ORIENTED_EDGE ( 'NONE', *, *, #4022, .F. ) ;
#6619 = CARTESIAN_POINT ( 'NONE',  ( 49.23443045783675132, -20.50077913401771212, 18.81454445205695336 ) ) ;
#6620 = CARTESIAN_POINT ( 'NONE',  ( 19.10106442482188172, -2.626304673462597439, -60.18952272917991309 ) ) ;
#6621 = CARTESIAN_POINT ( 'NONE',  ( 54.54334256235713241, 9.682903380524122028, -40.13074399683125648 ) ) ;
#6622 = CARTESIAN_POINT ( 'NONE',  ( 49.56354134330947403, -4.253836215939016618, 32.64246362559030956 ) ) ;
#6623 = CARTESIAN_POINT ( 'NONE',  ( 18.78844479849039217, 50.07684464833526050, -44.86203833934538210 ) ) ;
#6624 = CONICAL_SURFACE ( 'NONE', #1453, 70.24264068317124554, 0.7853981625000049371 ) ;
#6625 = EDGE_CURVE ( 'NONE', #4460, #3147, #3269, .T. ) ;
#6626 = VERTEX_POINT ( 'NONE', #2147 ) ;
#6627 =( BOUNDED_SURFACE ( )  B_SPLINE_SURFACE ( 3, 1, ( 
 ( #5933, #3305 ),
 ( #100, #3372 ),
 ( #185, #2337 ),
 ( #3827, #4315 ) ),
 .UNSPECIFIED., .F., .F., .T. ) 
 B_SPLINE_SURFACE_WITH_KNOTS ( ( 4, 4 ),
 ( 2, 2 ),
 ( 0.000000000000000000, 1.000000000000000000 ),
 ( 0.000000000000000000, 1.000000000000000000 ),
 .UNSPECIFIED. ) 
 GEOMETRIC_REPRESENTATION_ITEM ( )  RATIONAL_B_SPLINE_SURFACE ( (
 ( 1.000000000000000000, 1.000000000000000000),
 ( 0.9936547718337396251, 0.8399137562987545325),
 ( 0.9936547718337396251, 0.8399137562987545325),
 ( 1.000000000000000000, 1.000000000000000000) ) ) 
 REPRESENTATION_ITEM ( '' )  SURFACE ( )  );
#6628 = CARTESIAN_POINT ( 'NONE',  ( 18.77401912713006027, 1.928945982102315826, 60.57639141392919413 ) ) ;
#6629 = VERTEX_POINT ( 'NONE', #3273 ) ;
#6630 = AXIS2_PLACEMENT_3D ( 'NONE', #4172, #5608, #5123 ) ;
#6631 = ADVANCED_FACE ( 'NONE', ( #5349 ), #4857, .T. ) ;
#6632 = CARTESIAN_POINT ( 'NONE',  ( 19.46190759237069301, 20.49290829288181470, -60.51021077145698257 ) ) ;
#6633 = CARTESIAN_POINT ( 'NONE',  ( 23.24077445196136438, -48.51661853313823514, 31.48869627016077288 ) ) ;
#6634 = CARTESIAN_POINT ( 'NONE',  ( 19.42422096688429534, 37.08258684227071456, 54.79763716762458614 ) ) ;
#6635 = CARTESIAN_POINT ( 'NONE',  ( 19.42422096688429534, 62.22060928589706208, -30.81460507954288630 ) ) ;
#6636 = ADVANCED_FACE ( 'NONE', ( #1729 ), #6413, .F. ) ;
#6637 = VERTEX_POINT ( 'NONE', #4249 ) ;
#6638 = CARTESIAN_POINT ( 'NONE',  ( 51.77745077274522600, -23.94885131513938958, 17.98899512505803244 ) ) ;
#6639 = CIRCLE ( 'NONE', #4768, 40.14018759214401655 ) ;
#6640 = ORIENTED_EDGE ( 'NONE', *, *, #424, .F. ) ;
#6641 = EDGE_CURVE ( 'NONE', #1259, #1838, #5904, .T. ) ;
#6642 = CARTESIAN_POINT ( 'NONE',  ( 53.79529533164530619, 7.277463338297580187, 39.36336495547207193 ) ) ;
#6643 = B_SPLINE_CURVE_WITH_KNOTS ( 'NONE', 3,
 ( #3654, #5651, #960, #4652, #6167, #4720, #5609, #1482 ),
 .UNSPECIFIED., .F., .F.,
 ( 4, 2, 2, 4 ),
 ( 0.000000000000000000, 0.0002264431842541144617, 0.0004528863685082289234, 0.0009057727370164610995 ),
 .UNSPECIFIED. ) ;
#6644 = CARTESIAN_POINT ( 'NONE',  ( 19.46190759237069301, 31.70013536706088431, -57.21947199010175922 ) ) ;
#6645 = CARTESIAN_POINT ( 'NONE',  ( 42.43839482824583342, -39.72653949900487191, -23.45406931012590590 ) ) ;
#6646 = ORIENTED_EDGE ( 'NONE', *, *, #4238, .T. ) ;
#6647 = CARTESIAN_POINT ( 'NONE',  ( 18.79234864102460278, 60.57598201220402956, -32.19256311716593899 ) ) ;
#6648 = CARTESIAN_POINT ( 'NONE',  ( 18.85583905783801129, 36.27304283327968193, -54.49344669160461763 ) ) ;
#6649 = CARTESIAN_POINT ( 'NONE',  ( 50.49366072217502222, -27.22531353088528761, -1.961442142055458415 ) ) ;
#6650 = CARTESIAN_POINT ( 'NONE',  ( 49.41026041085034848, 24.77495874308016255, -31.15610203508619591 ) ) ;
#6651 = DIRECTION ( 'NONE',  ( 0.000000000000000000, 0.000000000000000000, 1.000000000000000000 ) ) ;
#6652 = CARTESIAN_POINT ( 'NONE',  ( 50.49951337408887753, 1.778692820751053505, -35.40498752645816438 ) ) ;
#6653 = ORIENTED_EDGE ( 'NONE', *, *, #3259, .T. ) ;
#6654 = LINE ( 'NONE', #2438, #4327 ) ;
#6655 = CARTESIAN_POINT ( 'NONE',  ( 49.23395903331218904, 4.283297657528334135, 34.53543480170805680 ) ) ;
#6656 = CARTESIAN_POINT ( 'NONE',  ( 49.30519197617821447, 12.39021086136058969, 34.71820450392558399 ) ) ;
#6657 = CARTESIAN_POINT ( 'NONE',  ( 49.27030864395450749, 5.180638119488071069, 34.67770602787620504 ) ) ;
#6658 = ORIENTED_EDGE ( 'NONE', *, *, #4851, .F. ) ;
#6659 = LINE ( 'NONE', #3002, #3102 ) ;
#6660 = ORIENTED_EDGE ( 'NONE', *, *, #4395, .F. ) ;
#6661 = CARTESIAN_POINT ( 'NONE',  ( 18.79148157003699993, 59.43166058074252334, 33.96329607381277071 ) ) ;
#6662 = CARTESIAN_POINT ( 'NONE',  ( 18.79017952991917184, 66.85716680578472904, -18.61340714194486878 ) ) ;
#6663 = CARTESIAN_POINT ( 'NONE',  ( 49.23084801259432197, -19.82781949893622198, 19.81762760503967158 ) ) ;
#6664 = CARTESIAN_POINT ( 'NONE',  ( 19.46190759237070012, -44.56752894042254098, 30.79810464809223092 ) ) ;
#6665 = CARTESIAN_POINT ( 'NONE',  ( 89.82729936416122030, 8.803908359413428641, 0.006189695539606816094 ) ) ;
#6666 = ADVANCED_FACE ( 'NONE', ( #1629 ), #3773, .F. ) ;
#6667 = ORIENTED_EDGE ( 'NONE', *, *, #1753, .T. ) ;
#6668 = CARTESIAN_POINT ( 'NONE',  ( 19.46190759237069301, 70.36888069425495473, 2.950270223865151920 ) ) ;
#6669 = VERTEX_POINT ( 'NONE', #1098 ) ;
#6670 = FACE_OUTER_BOUND ( 'NONE', #2310, .T. ) ;
#6671 = EDGE_CURVE ( 'NONE', #3064, #351, #2932, .T. ) ;
#6672 = CARTESIAN_POINT ( 'NONE',  ( 20.99547524081245697, 63.72082486187145633, -31.21584237225180658 ) ) ;
#6673 = B_SPLINE_CURVE_WITH_KNOTS ( 'NONE', 3,
 ( #6031, #1700, #4862, #3892, #6453, #684, #263, #782 ),
 .UNSPECIFIED., .F., .F.,
 ( 4, 2, 2, 4 ),
 ( 9.520582199642770826E-16, 0.001890109674893098715, 0.003780219349785245066, 0.007560438699569529963 ),
 .UNSPECIFIED. ) ;
#6674 = CARTESIAN_POINT ( 'NONE',  ( 54.30008724204793680, -20.16392085975745729, -9.452394706632098575 ) ) ;
#6675 = EDGE_CURVE ( 'NONE', #5286, #6022, #1132, .T. ) ;
#6676 = VERTEX_POINT ( 'NONE', #3889 ) ;
#6677 =( BOUNDED_SURFACE ( )  B_SPLINE_SURFACE ( 3, 1, ( 
 ( #6216, #5167 ),
 ( #6696, #5031 ),
 ( #446, #3560 ),
 ( #4148, #1456 ) ),
 .UNSPECIFIED., .F., .F., .T. ) 
 B_SPLINE_SURFACE_WITH_KNOTS ( ( 4, 4 ),
 ( 2, 2 ),
 ( 0.000000000000000000, 1.000000000000000000 ),
 ( 0.000000000000000000, 1.000000000000000000 ),
 .UNSPECIFIED. ) 
 GEOMETRIC_REPRESENTATION_ITEM ( )  RATIONAL_B_SPLINE_SURFACE ( (
 ( 1.000000000000000000, 1.000000000000000000),
 ( 0.9936547718337395141, 0.8399137562987549765),
 ( 0.9936547718337395141, 0.8399137562987549765),
 ( 1.000000000000000000, 1.000000000000000000) ) ) 
 REPRESENTATION_ITEM ( '' )  SURFACE ( )  );
#6678 = ORIENTED_EDGE ( 'NONE', *, *, #5884, .T. ) ;
#6679 = CARTESIAN_POINT ( 'NONE',  ( 89.84074713331158080, 8.802191530692708099, 0.004752290758446946033 ) ) ;
#6680 = CARTESIAN_POINT ( 'NONE',  ( 89.83068436596585116, 8.819982866967825075, 0.01241043006461705657 ) ) ;
#6681 = CARTESIAN_POINT ( 'NONE',  ( 22.50127774655940982, -55.72490404231989913, 4.101273549642945326 ) ) ;
#6682 = CARTESIAN_POINT ( 'NONE',  ( 18.78844479849039928, -18.14175185507804144, -54.67039176333831563 ) ) ;
#6683 = FACE_OUTER_BOUND ( 'NONE', #205, .T. ) ;
#6684 = CARTESIAN_POINT ( 'NONE',  ( 49.23165480826241236, 22.33301653717540702, -32.09693343472719107 ) ) ;
#6685 = CARTESIAN_POINT ( 'NONE',  ( 54.54334256235661371, 8.812244897959189416, -6.153557722908013615E-14 ) ) ;
#6686 = LINE ( 'NONE', #4063, #3868 ) ;
#6687 = ORIENTED_EDGE ( 'NONE', *, *, #5145, .F. ) ;
#6688 = DIRECTION ( 'NONE',  ( -1.000000000000000000, -0.000000000000000000, -0.000000000000000000 ) ) ;
#6689 = CARTESIAN_POINT ( 'NONE',  ( 18.79364884033509142, -42.63235665206790515, 32.70394352128067794 ) ) ;
#6690 = B_SPLINE_CURVE_WITH_KNOTS ( 'NONE', 3,
 ( #4307, #2237, #638, #4342, #606, #2680, #2747, #26, #3199, #3167 ),
 .UNSPECIFIED., .F., .F.,
 ( 4, 2, 2, 2, 4 ),
 ( 1.769077770938648657E-17, 0.001890020855637481508, 0.003780041711274945235, 0.005670062566912416335, 0.007560083422549888736 ),
 .UNSPECIFIED. ) ;
#6691 = CARTESIAN_POINT ( 'NONE',  ( 18.80019331273212302, 34.68654342548428815, 55.20585143009735418 ) ) ;
#6692 = CARTESIAN_POINT ( 'NONE',  ( 49.37576540558968219, -4.320694106299381332, 32.41315718530134404 ) ) ;
#6693 = CARTESIAN_POINT ( 'NONE',  ( 18.79364822255246636, 17.48825753329770549, 60.33846903610717050 ) ) ;
#6694 = CARTESIAN_POINT ( 'NONE',  ( 27.43416548070722172, 59.98829451922131284, 47.17523098242808999 ) ) ;
#6695 = ORIENTED_EDGE ( 'NONE', *, *, #1539, .F. ) ;
#6696 = CARTESIAN_POINT ( 'NONE',  ( 89.82643428741084790, 8.813737795935105979, 0.009672434044254527713 ) ) ;
#6697 = VERTEX_POINT ( 'NONE', #5051 ) ;
#6698 = CARTESIAN_POINT ( 'NONE',  ( 19.46190759237069301, 67.04421725030920243, -20.17327194350917452 ) ) ;
#6699 = FACE_OUTER_BOUND ( 'NONE', #1880, .T. ) ;
#6700 = CARTESIAN_POINT ( 'NONE',  ( 20.99547524081254934, 70.29116064997643321, -14.48184679586823442 ) ) ;
#6701 = LINE ( 'NONE', #2454, #4861 ) ;
#6702 = CARTESIAN_POINT ( 'NONE',  ( 54.54334256235712530, -30.78611836760146403, 6.572996776293212662 ) ) ;
#6703 = EDGE_LOOP ( 'NONE', ( #4466, #3494, #5847, #2080 ) ) ;
#6704 = CARTESIAN_POINT ( 'NONE',  ( 50.49366072217505774, -20.44404276184362956, -21.13344517952251067 ) ) ;
#6705 = ORIENTED_EDGE ( 'NONE', *, *, #4897, .F. ) ;
#6706 = CARTESIAN_POINT ( 'NONE',  ( 52.60448476329266043, 46.22148441722391965, 7.742479421601592193 ) ) ;
#6707 = B_SPLINE_CURVE_WITH_KNOTS ( 'NONE', 3,
 ( #829, #728, #3905, #6149, #3386, #2314, #5487, #2971, #4522, #4491 ),
 .UNSPECIFIED., .F., .F.,
 ( 4, 2, 2, 2, 4 ),
 ( 0.000000000000000000, 0.003307264529468858377, 0.006614529058937712418, 0.009921793588406566458, 0.01322905811787541963 ),
 .UNSPECIFIED. ) ;
#6708 =( BOUNDED_SURFACE ( )  B_SPLINE_SURFACE ( 3, 1, ( 
 ( #1533, #2016 ),
 ( #4221, #4150 ),
 ( #938, #5210 ),
 ( #1424, #3669 ) ),
 .UNSPECIFIED., .F., .F., .T. ) 
 B_SPLINE_SURFACE_WITH_KNOTS ( ( 4, 4 ),
 ( 2, 2 ),
 ( 0.000000000000000000, 1.000000000000000000 ),
 ( 0.000000000000000000, 1.000000000000000000 ),
 .UNSPECIFIED. ) 
 GEOMETRIC_REPRESENTATION_ITEM ( )  RATIONAL_B_SPLINE_SURFACE ( (
 ( 1.000000000000000000, 1.000000000000000000),
 ( 0.7724073758824714364, 0.9739345816297115821),
 ( 0.7724073758824714364, 0.9739345816297115821),
 ( 1.000000000000000000, 1.000000000000000000) ) ) 
 REPRESENTATION_ITEM ( '' )  SURFACE ( )  );
#6709 = CARTESIAN_POINT ( 'NONE',  ( 20.23383572758633875, 62.94427935218914172, -31.03890977117981365 ) ) ;
#6710 = CARTESIAN_POINT ( 'NONE',  ( 89.82615535696581333, 8.820702011651309959, -0.004271587461172542295 ) ) ;
#6711 = ORIENTED_EDGE ( 'NONE', *, *, #97, .F. ) ;
#6712 = CARTESIAN_POINT ( 'NONE',  ( 89.84074713331158080, 8.818133046328501479, -0.009433142086830314035 ) ) ;
#6713 = EDGE_LOOP ( 'NONE', ( #1662, #977, #1898, #5316 ) ) ;
#6714 = CARTESIAN_POINT ( 'NONE',  ( 19.11442843794945645, -50.69893649768616228, 14.61640577772823235 ) ) ;
#6715 = ADVANCED_FACE ( 'NONE', ( #6615 ), #2609, .F. ) ;
#6716 = CARTESIAN_POINT ( 'NONE',  ( 18.79017952991917895, -29.95508306705381329, 47.04004854557955895 ) ) ;
#6717 = DIRECTION ( 'NONE',  ( -0.7522347214610782817, 0.6226207347403917014, -0.2156069212704189442 ) ) ;
#6718 = CARTESIAN_POINT ( 'NONE',  ( 49.23443045783676553, -26.01935081952145623, -0.02001528584139126293 ) ) ;
#6719 = CARTESIAN_POINT ( 'NONE',  ( 19.46190759237070012, 51.35293406064074873, -44.58938517759289510 ) ) ;
#6720 = CARTESIAN_POINT ( 'NONE',  ( 18.78844479849039928, 32.47825610642994576, -56.17196444846991454 ) ) ;
#6721 = EDGE_CURVE ( 'NONE', #5363, #5168, #5576, .T. ) ;
#6722 = PRODUCT ( '6M22PT 22GT 20PA 40FW without hub', '6M22PT 22GT 20PA 40FW without hub', '', ( #2473 ) ) ;
#6723 = ORIENTED_EDGE ( 'NONE', *, *, #899, .F. ) ;
#6724 = CARTESIAN_POINT ( 'NONE',  ( 18.80019331273212302, 48.28068163033769622, -46.46942928760496017 ) ) ;
#6725 = EDGE_CURVE ( 'NONE', #6432, #4460, #6317, .T. ) ;
#6726 = CONICAL_SURFACE ( 'NONE', #5171, 40.14018759214401655, 0.8495922745902004802 ) ;
#6727 = CARTESIAN_POINT ( 'NONE',  ( 28.07725316172350105, 60.88560721878103976, 47.14226879085808264 ) ) ;
#6728 = CARTESIAN_POINT ( 'NONE',  ( 18.80019331273212302, -15.96549169814695368, 55.70663448447995592 ) ) ;
#6729 = CARTESIAN_POINT ( 'NONE',  ( 54.54334256235712530, -3.329282912655594728, 38.25987405045302836 ) ) ;
#6730 = CARTESIAN_POINT ( 'NONE',  ( 18.79017952991916118, -52.12545261223225168, 1.506289106969431746 ) ) ;
#6731 = CARTESIAN_POINT ( 'NONE',  ( 18.79364884033509497, -42.30716832504617742, -33.20994643506367083 ) ) ;
#6732 = VERTEX_POINT ( 'NONE', #1927 ) ;
#6733 = CARTESIAN_POINT ( 'NONE',  ( 28.65641647731176178, 63.23911266568481437, -46.30617666828590728 ) ) ;
#6734 = ORIENTED_EDGE ( 'NONE', *, *, #6313, .T. ) ;
#6735 = CARTESIAN_POINT ( 'NONE',  ( 28.07725316172355434, -30.43937143311195470, -58.25237493479135509 ) ) ;
#6736 = CARTESIAN_POINT ( 'NONE',  ( 49.23435778140441954, 31.49275324937666198, 26.43539178522037858 ) ) ;
#6737 = CARTESIAN_POINT ( 'NONE',  ( 49.23433077323409890, -5.538180209720383829, 31.73761345334089157 ) ) ;
#6738 = CARTESIAN_POINT ( 'NONE',  ( 22.50127774655938850, -14.26680602571491008, 60.40878616998704587 ) ) ;
#6739 = CARTESIAN_POINT ( 'NONE',  ( 49.23165480826241236, 37.53955413602228219, -19.69177761335516053 ) ) ;
#6740 = ORIENTED_EDGE ( 'NONE', *, *, #5718, .F. ) ;
#6741 = AXIS2_PLACEMENT_3D ( 'NONE', #2335, #4446, #6651 ) ;
#6742 = CARTESIAN_POINT ( 'NONE',  ( 49.23165480826241236, 37.53955413602200508, 19.69177761335543764 ) ) ;
#6743 = B_SPLINE_CURVE_WITH_KNOTS ( 'NONE', 3,
 ( #6768, #4621, #3701, #2614, #966, #4694, #2546, #6801 ),
 .UNSPECIFIED., .F., .F.,
 ( 4, 2, 2, 4 ),
 ( 0.000000000000000000, 0.0002264431842541128896, 0.0004528863685082257793, 0.0009057727370164595816 ),
 .UNSPECIFIED. ) ;
#6744 = STYLED_ITEM ( 'NONE', ( #6587 ), #4932 ) ;
#6745 = ORIENTED_EDGE ( 'NONE', *, *, #3389, .F. ) ;
#6746 = CARTESIAN_POINT ( 'NONE',  ( 54.62576016552275604, 5.894756008260914726, 30.68830847052376143 ) ) ;
#6747 = DIRECTION ( 'NONE',  ( -0.7588727602565363828, 0.6191592603249257420, -0.2018760612220187878 ) ) ;
#6748 = CARTESIAN_POINT ( 'NONE',  ( 89.82615535696581333, 8.821668869267044855, -0.0009787728174313729563 ) ) ;
#6749 = CONICAL_SURFACE ( 'NONE', #3779, 40.14018759214401655, 0.8495922745902004802 ) ;
#6750 = CARTESIAN_POINT ( 'NONE',  ( 89.82545070715441682, 8.821406661461443477, -0.001481401430786605635 ) ) ;
#6751 = CARTESIAN_POINT ( 'NONE',  ( 18.77401912713006382, 1.928945982103128509, -60.57639141392942150 ) ) ;
#6752 = ORIENTED_EDGE ( 'NONE', *, *, #6813, .F. ) ;
#6753 =( BOUNDED_SURFACE ( )  B_SPLINE_SURFACE ( 3, 1, ( 
 ( #771, #1333 ),
 ( #4341, #151 ),
 ( #6196, #5640 ),
 ( #3052, #5566 ) ),
 .UNSPECIFIED., .F., .F., .T. ) 
 B_SPLINE_SURFACE_WITH_KNOTS ( ( 4, 4 ),
 ( 2, 2 ),
 ( 0.000000000000000000, 1.000000000000000000 ),
 ( 0.000000000000000000, 1.000000000000000000 ),
 .UNSPECIFIED. ) 
 GEOMETRIC_REPRESENTATION_ITEM ( )  RATIONAL_B_SPLINE_SURFACE ( (
 ( 1.000000000000000000, 1.000000000000000000),
 ( 0.9936547718337395141, 0.8399137562987549765),
 ( 0.9936547718337395141, 0.8399137562987549765),
 ( 1.000000000000000000, 1.000000000000000000) ) ) 
 REPRESENTATION_ITEM ( '' )  SURFACE ( )  );
#6754 = CARTESIAN_POINT ( 'NONE',  ( 23.24077445196134661, 70.15223528384134966, 22.70555338580719962 ) ) ;
#6755 = FACE_OUTER_BOUND ( 'NONE', #4181, .T. ) ;
#6756 = CARTESIAN_POINT ( 'NONE',  ( 27.43416548070726080, -60.35360125247481022, 7.783071333209649723 ) ) ;
#6757 = B_SPLINE_CURVE_WITH_KNOTS ( 'NONE', 3,
 ( #501, #6790, #468, #6825, #990, #2103, #4090, #2603, #4716, #532 ),
 .UNSPECIFIED., .F., .F.,
 ( 4, 2, 2, 2, 4 ),
 ( 3.469446951953614189E-18, 0.001890020855637478039, 0.003780041711274952608, 0.005670062566912426744, 0.007560083422549901747 ),
 .UNSPECIFIED. ) ;
#6758 = CARTESIAN_POINT ( 'NONE',  ( 49.23372534307176807, -26.01464832590285781, -0.5591890369118970305 ) ) ;
#6759 = CARTESIAN_POINT ( 'NONE',  ( 49.41824768824505298, -24.30854152547223634, 11.36096823573069692 ) ) ;
#6760 = VECTOR ( 'NONE', #6717, 1000.000000000000227 ) ;
#6761 = EDGE_CURVE ( 'NONE', #5491, #2593, #1467, .T. ) ;
#6762 = ORIENTED_EDGE ( 'NONE', *, *, #6765, .F. ) ;
#6763 = B_SPLINE_CURVE_WITH_KNOTS ( 'NONE', 3,
 ( #1480, #1924, #6649, #1960, #5192, #3472, #2500, #4685, #6098, #1379 ),
 .UNSPECIFIED., .F., .F.,
 ( 4, 2, 2, 2, 4 ),
 ( 3.634908046050479256E-18, 0.001890020855637476087, 0.003780041711274948271, 0.005670062566912420672, 0.007560083422549893073 ),
 .UNSPECIFIED. ) ;
#6764 = CARTESIAN_POINT ( 'NONE',  ( 26.06099036693303006, 5.169455023735427091, -68.40421107823476632 ) ) ;
#6765 = EDGE_CURVE ( 'NONE', #727, #4033, #1856, .T. ) ;
#6766 = CARTESIAN_POINT ( 'NONE',  ( 49.23244927482063105, 4.732095640207136356, 34.58980819979512233 ) ) ;
#6767 = CARTESIAN_POINT ( 'NONE',  ( 25.39469577495191288, -13.71915170743509549, -63.69439054817059542 ) ) ;
#6768 = CARTESIAN_POINT ( 'NONE',  ( 49.61704819046447312, -21.69065868450530843, -17.59520245376306136 ) ) ;
#6769 = CARTESIAN_POINT ( 'NONE',  ( 49.61704819046445891, 30.56936935113358089, 27.68836961395724217 ) ) ;
#6770 = B_SPLINE_CURVE_WITH_KNOTS ( 'NONE', 3,
 ( #6292, #5281, #3114, #2622, #6221, #3180, #4256, #6362 ),
 .UNSPECIFIED., .F., .F.,
 ( 4, 2, 2, 4 ),
 ( 9.982666670467956202E-16, 0.001890109674893143384, 0.003780219349785288434, 0.007560438699569563790 ),
 .UNSPECIFIED. ) ;
#6771 = ADVANCED_FACE ( 'NONE', ( #3958 ), #3148, .F. ) ;
#6772 = ORIENTED_EDGE ( 'NONE', *, *, #3772, .T. ) ;
#6773 = CARTESIAN_POINT ( 'NONE',  ( 50.05827993638283147, 44.42172139578506318, 1.806196819087724226 ) ) ;
#6774 = EDGE_CURVE ( 'NONE', #1919, #5949, #3433, .T. ) ;
#6775 = VERTEX_POINT ( 'NONE', #3924 ) ;
#6776 = CARTESIAN_POINT ( 'NONE',  ( 22.90123142467806971, -43.82874174268492595, 38.43994441644635884 ) ) ;
#6777 = CARTESIAN_POINT ( 'NONE',  ( 54.54334256235712530, -30.78611836760138232, -6.572996776293873467 ) ) ;
#6778 = CARTESIAN_POINT ( 'NONE',  ( 54.54334256235712530, -20.94638774325758135, -26.93804824514160146 ) ) ;
#6779 = CARTESIAN_POINT ( 'NONE',  ( 28.65641647731176533, -30.36399475071053544, -59.76427176524446594 ) ) ;
#6780 = ORIENTED_EDGE ( 'NONE', *, *, #4282, .F. ) ;
#6781 = CARTESIAN_POINT ( 'NONE',  ( 49.56354134330946692, 42.03823635690956451, -11.50158244732938329 ) ) ;
#6782 = EDGE_LOOP ( 'NONE', ( #2479, #2847, #4303, #3053 ) ) ;
#6783 = CARTESIAN_POINT ( 'NONE',  ( 49.30519197617822869, 43.68626578698076912, 1.399368230219959708 ) ) ;
#6784 = CARTESIAN_POINT ( 'NONE',  ( 51.35395742193606594, 34.73562830709537508, -26.33188678587594467 ) ) ;
#6785 = CARTESIAN_POINT ( 'NONE',  ( 89.82615535696581333, 8.802820926651335753, 0.0009787728173082351282 ) ) ;
#6786 = CARTESIAN_POINT ( 'NONE',  ( 19.01941379036735214, 51.02914685530289063, -44.37794087551734634 ) ) ;
#6787 = CARTESIAN_POINT ( 'NONE',  ( 19.42422096688429534, 67.07541027262070088, 20.18407375451688779 ) ) ;
#6788 = ORIENTED_EDGE ( 'NONE', *, *, #4653, .T. ) ;
#6789 = VERTEX_POINT ( 'NONE', #6028 ) ;
#6790 = CARTESIAN_POINT ( 'NONE',  ( 50.05827993638285278, -25.86366204379581646, 8.299315704637415081 ) ) ;
#6791 = CARTESIAN_POINT ( 'NONE',  ( 49.27737675194774170, -4.453762596929939477, -32.25258991058343128 ) ) ;
#6792 = CARTESIAN_POINT ( 'NONE',  ( 51.77745077274519048, 26.64704779703462023, -32.84529153842909466 ) ) ;
#6793 = CARTESIAN_POINT ( 'NONE',  ( 49.23165480826241236, -26.00088423333334120, 1.034621535194923059 ) ) ;
#6794 = CARTESIAN_POINT ( 'NONE',  ( 24.68797426277906126, -23.81313997458070020, -58.35346407618050790 ) ) ;
#6795 = EDGE_LOOP ( 'NONE', ( #5977, #5524, #2874, #4713 ) ) ;
#6796 = DIRECTION ( 'NONE',  ( -1.000000000000000000, -0.000000000000000000, -0.000000000000000000 ) ) ;
#6797 = CARTESIAN_POINT ( 'NONE',  ( 49.23423108862791508, 4.133883227762875201, 34.51578630705402873 ) ) ;
#6798 = EDGE_CURVE ( 'NONE', #6022, #6732, #1381, .T. ) ;
#6799 = CARTESIAN_POINT ( 'NONE',  ( 49.27030864395452170, 24.50532620011266616, 31.13613756382188669 ) ) ;
#6800 = CARTESIAN_POINT ( 'NONE',  ( 18.79018048702202393, -52.12545849645822926, -1.506123021302483211 ) ) ;
#6801 = CARTESIAN_POINT ( 'NONE',  ( 49.23165480826241236, -21.03378160519371676, -17.95101957010337301 ) ) ;
#6802 = CARTESIAN_POINT ( 'NONE',  ( 18.78844479849039928, 69.73927735607354350, 1.807316344059575419 ) ) ;
#6803 = ORIENTED_EDGE ( 'NONE', *, *, #1146, .F. ) ;
#6804 = EDGE_CURVE ( 'NONE', #6815, #3119, #4136, .T. ) ;
#6805 = DIRECTION ( 'NONE',  ( 0.000000000000000000, 0.000000000000000000, 1.000000000000000000 ) ) ;
#6806 = ORIENTED_EDGE ( 'NONE', *, *, #2910, .T. ) ;
#6807 = CARTESIAN_POINT ( 'NONE',  ( 49.61704819046447312, -7.335745864498768753, -31.29314095270094853 ) ) ;
#6808 = EDGE_CURVE ( 'NONE', #1091, #2108, #6643, .T. ) ;
#6809 = CARTESIAN_POINT ( 'NONE',  ( 19.46190759237069301, 37.06745574819919398, 54.76829890328986750 ) ) ;
#6810 = FACE_OUTER_BOUND ( 'NONE', #2796, .T. ) ;
#6811 = CARTESIAN_POINT ( 'NONE',  ( 30.84680909296949025, 43.84987356024055316, 57.21691729511560709 ) ) ;
#6812 = ORIENTED_EDGE ( 'NONE', *, *, #4699, .F. ) ;
#6813 = EDGE_CURVE ( 'NONE', #5000, #3206, #635, .T. ) ;
#6814 = LINE ( 'NONE', #2090, #5532 ) ;
#6815 = VERTEX_POINT ( 'NONE', #5124 ) ;
#6816 = B_SPLINE_CURVE_WITH_KNOTS ( 'NONE', 3,
 ( #1644, #2130, #5712, #6784, #6334, #2059, #3746, #5290, #5744, #2095 ),
 .UNSPECIFIED., .F., .F.,
 ( 4, 2, 2, 2, 4 ),
 ( 1.040834085586084257E-17, 0.001890020855637478039, 0.003780041711274945669, 0.005670062566912412866, 0.007560083422549880930 ),
 .UNSPECIFIED. ) ;
#6817 = CARTESIAN_POINT ( 'NONE',  ( 20.23383572758632809, 20.80354586261822547, -61.23642523133067073 ) ) ;
#6818 = EDGE_CURVE ( 'NONE', #6815, #6500, #3920, .T. ) ;
#6819 = CARTESIAN_POINT ( 'NONE',  ( 54.54334256235712530, -1.658501519778535993, 38.75045973131020105 ) ) ;
#6820 = CARTESIAN_POINT ( 'NONE',  ( 50.49951337408883489, 12.03833876109433199, -35.95241737293478934 ) ) ;
#6821 = DIRECTION ( 'NONE',  ( 0.7522347214610785038, -0.1248041845212366219, 0.6469674175368979041 ) ) ;
#6822 = VERTEX_POINT ( 'NONE', #6719 ) ;
#6823 = CARTESIAN_POINT ( 'NONE',  ( 18.78690642288628254, -29.51265397880375474, 47.39678909564676701 ) ) ;
#6824 = EDGE_LOOP ( 'NONE', ( #5198, #5361, #6658, #4879 ) ) ;
#6825 = CARTESIAN_POINT ( 'NONE',  ( 51.35395742193603752, -27.23198577497798922, 8.136553587198655180 ) ) ;
#6826 = FACE_OUTER_BOUND ( 'NONE', #6824, .T. ) ;
#6827 = CARTESIAN_POINT ( 'NONE',  ( 36.38592095397834214, 69.15963201033086705, -7.342143918609258080 ) ) ;
#6828 = CARTESIAN_POINT ( 'NONE',  ( 50.05827993638285989, -15.87203549404018332, 25.72903933161220991 ) ) ;
#6829 = ORIENTED_EDGE ( 'NONE', *, *, #2208, .T. ) ;
#6830 = CARTESIAN_POINT ( 'NONE',  ( 19.42422096688429534, 68.73867273754663643, 14.51952200279517058 ) ) ;
#6831 = CARTESIAN_POINT ( 'NONE',  ( 49.23435778140443375, -24.65605695130284047, 9.649257445187167548 ) ) ;
#6832 = CARTESIAN_POINT ( 'NONE',  ( 18.76137069372868282, -43.73471284430487316, -30.92893442707983809 ) ) ;
#6833 = CARTESIAN_POINT ( 'NONE',  ( 18.78844479849039928, -41.46572741669648110, 34.46005189268202429 ) ) ;
#6834 = CARTESIAN_POINT ( 'NONE',  ( 49.23411246815349074, -13.75331363300123400, -26.53283190827935911 ) ) ;
#6835 = VERTEX_POINT ( 'NONE', #3617 ) ;
#6836 = CARTESIAN_POINT ( 'NONE',  ( 49.61704819046445891, 42.08496549054244440, 11.53014920622963579 ) ) ;
#6837 = ORIENTED_EDGE ( 'NONE', *, *, #381, .T. ) ;
#6838 = B_SPLINE_CURVE_WITH_KNOTS ( 'NONE', 3,
 ( #3835, #4958, #5427, #6491, #6075, #6559, #1213, #2764 ),
 .UNSPECIFIED., .F., .F.,
 ( 4, 2, 2, 4 ),
 ( 8.673617379884035472E-19, 0.0002267054828044297960, 0.0004534109656088587247, 0.0009068219312177036801 ),
 .UNSPECIFIED. ) ;
#6839 = CARTESIAN_POINT ( 'NONE',  ( 26.06099036693303006, 12.45503477218339761, 68.40421107823463842 ) ) ;
#6840 = CARTESIAN_POINT ( 'NONE',  ( 28.07725316172349750, 78.10617965254974138, 11.50561499319576164 ) ) ;
#6841 = CARTESIAN_POINT ( 'NONE',  ( 18.76137069372868282, 36.29611434648295187, 54.42810554206699436 ) ) ;
#6842 = CARTESIAN_POINT ( 'NONE',  ( 51.15501191307615159, 48.42464160804317430, -19.13990030043050439 ) ) ;
ENDSEC;
END-ISO-10303-21;
