ISO-10303-21;
HEADER;
FILE_DESCRIPTION (( 'STEP AP214' ),
    '1' );
FILE_NAME ('alt yag tanki bracket.STEP',
    '2026-07-11T12:59:35',
    ( '' ),
    ( '' ),
    'SwSTEP 2.0',
    'SolidWorks 2025',
    '' );
FILE_SCHEMA (( 'AUTOMOTIVE_DESIGN' ));
ENDSEC;

DATA;
#1 = ORIENTED_EDGE ( 'NONE', *, *, #1683, .F. ) ;
#2 = CARTESIAN_POINT ( 'NONE',  ( 69.99999999999998579, 120.0000000000001279, 65.00000000000001421 ) ) ;
#3 = DIRECTION ( 'NONE',  ( 1.569069602873265189E-30, 1.000000000000000000, -3.491481338843133355E-15 ) ) ;
#4 = CARTESIAN_POINT ( 'NONE',  ( 70.00000000000000000, 64.63495408493615457, 25.00000000000021672 ) ) ;
#5 = EDGE_CURVE ( 'NONE', #1359, #1795, #1190, .T. ) ;
#6 = ORIENTED_EDGE ( 'NONE', *, *, #1609, .F. ) ;
#7 = CYLINDRICAL_SURFACE ( 'NONE', #1341, 2.500000000000002220 ) ;
#8 = ORIENTED_EDGE ( 'NONE', *, *, #1015, .T. ) ;
#9 = AXIS2_PLACEMENT_3D ( 'NONE', #346, #1350, #1517 ) ;
#10 = CIRCLE ( 'NONE', #259, 9.999999999999994671 ) ;
#11 = VECTOR ( 'NONE', #492, 1000.000000000000000 ) ;
#12 = DIRECTION ( 'NONE',  ( -1.569069602873265189E-30, -1.000000000000000000, 3.491481338843133355E-15 ) ) ;
#13 = DIRECTION ( 'NONE',  ( 1.000000000000000000, 0.000000000000000000, 0.000000000000000000 ) ) ;
#14 = DIRECTION ( 'NONE',  ( 0.000000000000000000, -3.491481338843133355E-15, -1.000000000000000000 ) ) ;
#15 = DIRECTION ( 'NONE',  ( 0.000000000000000000, 1.000000000000000000, -3.491481338843133355E-15 ) ) ;
#16 = CIRCLE ( 'NONE', #1626, 9.999999999999994671 ) ;
#17 = ORIENTED_EDGE ( 'NONE', *, *, #675, .T. ) ;
#18 = AXIS2_PLACEMENT_3D ( 'NONE', #750, #15, #1005 ) ;
#19 = ORIENTED_EDGE ( 'NONE', *, *, #1445, .T. ) ;
#20 = EDGE_CURVE ( 'NONE', #1131, #554, #1705, .T. ) ;
#21 = CARTESIAN_POINT ( 'NONE',  ( 69.99999999999998579, 120.0000000000003126, 120.3650459150636891 ) ) ;
#22 = DIRECTION ( 'NONE',  ( 0.000000000000000000, 1.000000000000000000, -3.491481338843133355E-15 ) ) ;
#23 = DIRECTION ( 'NONE',  ( 1.000000000000000000, 0.000000000000000000, 0.000000000000000000 ) ) ;
#24 = CARTESIAN_POINT ( 'NONE',  ( 65.00000000000000000, 64.63495408493614036, 20.00000000000021316 ) ) ;
#25 = ORIENTED_EDGE ( 'NONE', *, *, #1691, .T. ) ;
#26 = EDGE_LOOP ( 'NONE', ( #487, #1551, #1576, #1227 ) ) ;
#27 = EDGE_CURVE ( 'NONE', #1359, #1494, #1874, .T. ) ;
#28 = CARTESIAN_POINT ( 'NONE',  ( -100.0000000000000000, 74.63495408493622563, 40.00000000000031264 ) ) ;
#29 = FACE_OUTER_BOUND ( 'NONE', #1389, .T. ) ;
#30 = EDGE_CURVE ( 'NONE', #1135, #672, #951, .T. ) ;
#31 = DIRECTION ( 'NONE',  ( 1.000000000000000000, -1.569069602873259584E-30, 1.569069602873276049E-30 ) ) ;
#32 = CARTESIAN_POINT ( 'NONE',  ( -70.00000000000000000, 39.99999999999997868, 50.00000000000053291 ) ) ;
#33 = ORIENTED_EDGE ( 'NONE', *, *, #1813, .F. ) ;
#34 = ORIENTED_EDGE ( 'NONE', *, *, #647, .F. ) ;
#35 = ORIENTED_EDGE ( 'NONE', *, *, #1491, .T. ) ;
#36 = VECTOR ( 'NONE', #1101, 1000.000000000000000 ) ;
#37 = EDGE_CURVE ( 'NONE', #1371, #1343, #960, .T. ) ;
#38 = DIRECTION ( 'NONE',  ( -0.000000000000000000, 3.491481338843133355E-15, 1.000000000000000000 ) ) ;
#39 = CARTESIAN_POINT ( 'NONE',  ( 70.00000000000000000, 119.9999999999998295, -19.63495408493628958 ) ) ;
#40 = EDGE_CURVE ( 'NONE', #1729, #1359, #1140, .T. ) ;
#41 = CARTESIAN_POINT ( 'NONE',  ( -85.00000000000000000, 120.0000000000002700, 100.3650459150637317 ) ) ;
#42 = VECTOR ( 'NONE', #1283, 1000.000000000000000 ) ;
#43 = EDGE_LOOP ( 'NONE', ( #71, #213 ) ) ;
#44 = CIRCLE ( 'NONE', #1525, 2.500000000000002220 ) ;
#45 = ORIENTED_EDGE ( 'NONE', *, *, #1503, .F. ) ;
#46 = VECTOR ( 'NONE', #97, 1000.000000000000000 ) ;
#47 = VECTOR ( 'NONE', #92, 1000.000000000000000 ) ;
#48 = ORIENTED_EDGE ( 'NONE', *, *, #568, .F. ) ;
#49 = CYLINDRICAL_SURFACE ( 'NONE', #1903, 2.500000000000002220 ) ;
#50 = DIRECTION ( 'NONE',  ( 1.000000000000000000, 0.000000000000000000, 0.000000000000000000 ) ) ;
#51 = DIRECTION ( 'NONE',  ( 0.000000000000000000, -3.491481338843133355E-15, -1.000000000000000000 ) ) ;
#52 = EDGE_CURVE ( 'NONE', #1644, #1135, #1902, .T. ) ;
#53 = PLANE ( 'NONE',  #379 ) ;
#54 = EDGE_LOOP ( 'NONE', ( #1707, #302, #1369, #1062 ) ) ;
#55 = ORIENTED_EDGE ( 'NONE', *, *, #916, .T. ) ;
#56 = CARTESIAN_POINT ( 'NONE',  ( 70.00000000000000000, 74.63495408493628247, 50.00000000000025580 ) ) ;
#57 = DIRECTION ( 'NONE',  ( 0.000000000000000000, 1.000000000000000000, -3.491481338843133355E-15 ) ) ;
#58 = DIRECTION ( 'NONE',  ( 1.000000000000000000, 1.982541115402049579E-16, 1.846685412901634025E-31 ) ) ;
#59 = DIRECTION ( 'NONE',  ( 0.000000000000000000, 1.000000000000000000, -3.491481338843133355E-15 ) ) ;
#60 = ORIENTED_EDGE ( 'NONE', *, *, #1017, .F. ) ;
#61 = ORIENTED_EDGE ( 'NONE', *, *, #1694, .F. ) ;
#62 = CARTESIAN_POINT ( 'NONE',  ( -60.00000000000012079, 64.63495408493611194, 5.000000000000282441 ) ) ;
#63 = ORIENTED_EDGE ( 'NONE', *, *, #233, .T. ) ;
#64 = DIRECTION ( 'NONE',  ( 1.000000000000000000, 0.000000000000000000, -0.000000000000000000 ) ) ;
#65 = DIRECTION ( 'NONE',  ( -1.569069602873270619E-30, -1.000000000000000000, 6.982962677686266711E-15 ) ) ;
#66 = AXIS2_PLACEMENT_3D ( 'NONE', #498, #625, #13 ) ;
#67 = CARTESIAN_POINT ( 'NONE',  ( 65.00000000000000000, 64.63495408493615457, 25.00000000000021672 ) ) ;
#68 = CARTESIAN_POINT ( 'NONE',  ( 100.0000000000000000, 64.63495408493663774, 165.0000000000001990 ) ) ;
#69 = VERTEX_POINT ( 'NONE', #1351 ) ;
#70 = AXIS2_PLACEMENT_3D ( 'NONE', #41, #637, #23 ) ;
#71 = ORIENTED_EDGE ( 'NONE', *, *, #329, .F. ) ;
#72 = LINE ( 'NONE', #1544, #1279 ) ;
#73 = EDGE_LOOP ( 'NONE', ( #106, #61, #160, #186, #1144, #1787, #1163, #1383, #965 ) ) ;
#74 =( GEOMETRIC_REPRESENTATION_CONTEXT ( 3 ) GLOBAL_UNCERTAINTY_ASSIGNED_CONTEXT ( ( #1600 ) ) GLOBAL_UNIT_ASSIGNED_CONTEXT ( ( #679, #1253, #1842 ) ) REPRESENTATION_CONTEXT ( 'NONE', 'WORKASPACE' ) );
#75 = EDGE_CURVE ( 'NONE', #1676, #363, #1624, .T. ) ;
#76 = AXIS2_PLACEMENT_3D ( 'NONE', #168, #491, #204 ) ;
#77 = CARTESIAN_POINT ( 'NONE',  ( 65.00000000000011369, 64.63495408493608352, 5.000000000000226485 ) ) ;
#78 = CARTESIAN_POINT ( 'NONE',  ( 64.99999999999998579, 114.9999999999998010, -29.63495408493624339 ) ) ;
#79 = DIRECTION ( 'NONE',  ( -1.982541115402049579E-16, 1.000000000000000000, -6.982962677686266711E-15 ) ) ;
#80 = PLANE ( 'NONE',  #612 ) ;
#81 = CARTESIAN_POINT ( 'NONE',  ( -65.00000000000011369, 64.63495408493609773, 3.053113317719180486E-13 ) ) ;
#82 = CARTESIAN_POINT ( 'NONE',  ( 64.99999999999998579, 105.0000000000000426, 55.00000000000004974 ) ) ;
#83 = ORIENTED_EDGE ( 'NONE', *, *, #1568, .F. ) ;
#84 = DIRECTION ( 'NONE',  ( 1.000000000000000000, 0.000000000000000000, 0.000000000000000000 ) ) ;
#85 = ORIENTED_EDGE ( 'NONE', *, *, #1102, .T. ) ;
#86 = UNCERTAINTY_MEASURE_WITH_UNIT (LENGTH_MEASURE( 1.000000000000000082E-05 ), #485, 'distance_accuracy_value', 'NONE');
#87 = DIRECTION ( 'NONE',  ( -1.000000000000000000, 0.000000000000000000, 0.000000000000000000 ) ) ;
#88 = ADVANCED_FACE ( 'NONE', ( #619, #1205 ), #322, .T. ) ;
#89 = CARTESIAN_POINT ( 'NONE',  ( 100.0000000000000000, 120.0000000000003126, 120.3650459150637033 ) ) ;
#90 = CARTESIAN_POINT ( 'NONE',  ( 60.00000000000012079, 64.63495408493608352, 5.000000000000226485 ) ) ;
#91 = ADVANCED_FACE ( 'NONE', ( #1537 ), #938, .F. ) ;
#92 = DIRECTION ( 'NONE',  ( 1.569069602873270444E-30, -3.491481338843133355E-15, -1.000000000000000000 ) ) ;
#93 = ORIENTED_EDGE ( 'NONE', *, *, #1609, .T. ) ;
#94 = ORIENTED_EDGE ( 'NONE', *, *, #1269, .T. ) ;
#95 = CARTESIAN_POINT ( 'NONE',  ( 100.0000000000000000, 74.63495408493629668, 55.00000000000025580 ) ) ;
#96 = ORIENTED_EDGE ( 'NONE', *, *, #30, .T. ) ;
#97 = DIRECTION ( 'NONE',  ( -1.846685412901632712E-31, -7.888609052210118054E-31, 1.000000000000000000 ) ) ;
#98 = LINE ( 'NONE', #1248, #502 ) ;
#99 = FACE_OUTER_BOUND ( 'NONE', #576, .T. ) ;
#100 = CARTESIAN_POINT ( 'NONE',  ( -100.0000000000000000, 74.63495408493632510, 55.00000000000031264 ) ) ;
#101 = EDGE_CURVE ( 'NONE', #218, #1131, #731, .T. ) ;
#102 = ORIENTED_EDGE ( 'NONE', *, *, #904, .T. ) ;
#103 = VERTEX_POINT ( 'NONE', #222 ) ;
#104 = VECTOR ( 'NONE', #1918, 1000.000000000000000 ) ;
#105 = CARTESIAN_POINT ( 'NONE',  ( 80.50000000000000000, 120.0000000000002416, 100.3650459150637317 ) ) ;
#106 = ORIENTED_EDGE ( 'NONE', *, *, #1905, .F. ) ;
#107 = CARTESIAN_POINT ( 'NONE',  ( 100.0000000000000000, 59.63495408493608352, 5.000000000000254019 ) ) ;
#108 = DIRECTION ( 'NONE',  ( 1.000000000000000000, 0.000000000000000000, 0.000000000000000000 ) ) ;
#109 = AXIS2_PLACEMENT_3D ( 'NONE', #1454, #1605, #1187 ) ;
#110 = PLANE ( 'NONE',  #1346 ) ;
#111 = LINE ( 'NONE', #552, #1447 ) ;
#112 = VECTOR ( 'NONE', #1395, 1000.000000000000000 ) ;
#113 = CARTESIAN_POINT ( 'NONE',  ( -69.99999999999998579, 105.0000000000001421, 65.00000000000007105 ) ) ;
#114 = EDGE_CURVE ( 'NONE', #678, #218, #1871, .T. ) ;
#115 = ORIENTED_EDGE ( 'NONE', *, *, #790, .T. ) ;
#116 = DIRECTION ( 'NONE',  ( 1.569069602873265189E-30, 1.000000000000000000, -3.491481338843133355E-15 ) ) ;
#117 = ORIENTED_EDGE ( 'NONE', *, *, #916, .F. ) ;
#118 = DIRECTION ( 'NONE',  ( 1.569069602873265189E-30, 1.000000000000000000, -3.491481338843133355E-15 ) ) ;
#119 = DIRECTION ( 'NONE',  ( -1.569069602873265189E-30, -1.000000000000000000, 3.491481338843133355E-15 ) ) ;
#120 = FACE_OUTER_BOUND ( 'NONE', #1669, .T. ) ;
#121 = LINE ( 'NONE', #142, #976 ) ;
#122 = DIRECTION ( 'NONE',  ( 1.000000000000000000, 5.478377237778010793E-45, 1.569069602873265014E-30 ) ) ;
#123 = VERTEX_POINT ( 'NONE', #1138 ) ;
#124 = EDGE_CURVE ( 'NONE', #199, #1729, #1833, .T. ) ;
#125 = DIRECTION ( 'NONE',  ( -0.000000000000000000, 3.491481338843133355E-15, 1.000000000000000000 ) ) ;
#126 = ORIENTED_EDGE ( 'NONE', *, *, #812, .F. ) ;
#127 = EDGE_CURVE ( 'NONE', #1135, #714, #1561, .T. ) ;
#128 = DIRECTION ( 'NONE',  ( -0.000000000000000000, -1.000000000000000000, 3.491481338843133355E-15 ) ) ;
#129 = DIRECTION ( 'NONE',  ( -1.000000000000000000, 0.000000000000000000, 0.000000000000000000 ) ) ;
#130 = CARTESIAN_POINT ( 'NONE',  ( 75.00000000000001421, 120.0000000000003411, 125.3650459150637317 ) ) ;
#131 = CARTESIAN_POINT ( 'NONE',  ( 100.0000000000000000, 105.0000000000001279, 65.00000000000007105 ) ) ;
#132 = LINE ( 'NONE', #1776, #974 ) ;
#133 = ORIENTED_EDGE ( 'NONE', *, *, #1000, .T. ) ;
#134 = CARTESIAN_POINT ( 'NONE',  ( 70.00000000000000000, 64.63495408493609773, 40.00000000000028422 ) ) ;
#135 = AXIS2_PLACEMENT_3D ( 'NONE', #703, #1291, #1586 ) ;
#136 = ORIENTED_EDGE ( 'NONE', *, *, #1092, .F. ) ;
#137 = LINE ( 'NONE', #1168, #1780 ) ;
#138 = LINE ( 'NONE', #1757, #1308 ) ;
#139 = EDGE_CURVE ( 'NONE', #181, #1493, #798, .T. ) ;
#140 = AXIS2_PLACEMENT_3D ( 'NONE', #1103, #651, #1125 ) ;
#141 = DIRECTION ( 'NONE',  ( 0.000000000000000000, 1.000000000000000000, -3.491481338843133355E-15 ) ) ;
#142 = CARTESIAN_POINT ( 'NONE',  ( 100.0000000000000000, 105.0000000000000142, 50.00000000000004263 ) ) ;
#143 = CIRCLE ( 'NONE', #580, 9.999999999999994671 ) ;
#144 = DIRECTION ( 'NONE',  ( -0.000000000000000000, 3.491481338843133355E-15, 1.000000000000000000 ) ) ;
#145 = AXIS2_PLACEMENT_3D ( 'NONE', #508, #238, #1703 ) ;
#146 = ORIENTED_EDGE ( 'NONE', *, *, #1721, .T. ) ;
#147 = DIRECTION ( 'NONE',  ( 0.000000000000000000, 1.000000000000000000, -3.491481338843133355E-15 ) ) ;
#148 = VERTEX_POINT ( 'NONE', #1270 ) ;
#149 = EDGE_CURVE ( 'NONE', #69, #1652, #686, .T. ) ;
#150 = DIRECTION ( 'NONE',  ( 1.000000000000000000, 0.000000000000000000, 0.000000000000000000 ) ) ;
#151 = DIRECTION ( 'NONE',  ( 1.000000000000000000, -4.360863343986799898E-29, -1.249000902703300004E-14 ) ) ;
#152 = DIRECTION ( 'NONE',  ( 1.569069602873265189E-30, 1.000000000000000000, -3.491481338843133355E-15 ) ) ;
#153 = ORIENTED_EDGE ( 'NONE', *, *, #1234, .T. ) ;
#154 = CARTESIAN_POINT ( 'NONE',  ( -48.79873728835472946, 105.0000000000001421, 65.00000000000007105 ) ) ;
#155 = VERTEX_POINT ( 'NONE', #1856 ) ;
#156 = PRODUCT ( 'alt ya\X2\011f\X0\ tank\X2\0131\X0\ bracket', 'alt ya\X2\011f\X0\ tank\X2\0131\X0\ bracket', '', ( #1367 ) ) ;
#157 = DIRECTION ( 'NONE',  ( 9.251858538543005354E-16, -3.491481338843133355E-15, -1.000000000000000000 ) ) ;
#158 = DIRECTION ( 'NONE',  ( -1.569069602873265189E-30, -1.000000000000000000, 3.491481338843133355E-15 ) ) ;
#159 = EDGE_CURVE ( 'NONE', #1695, #335, #763, .T. ) ;
#160 = ORIENTED_EDGE ( 'NONE', *, *, #624, .F. ) ;
#161 = ORIENTED_EDGE ( 'NONE', *, *, #926, .F. ) ;
#162 = AXIS2_PLACEMENT_3D ( 'NONE', #131, #727, #1759 ) ;
#163 = AXIS2_PLACEMENT_3D ( 'NONE', #1566, #532, #84 ) ;
#164 = DIRECTION ( 'NONE',  ( 1.000000000000000000, 0.000000000000000000, 0.000000000000000000 ) ) ;
#165 = CARTESIAN_POINT ( 'NONE',  ( 64.99999999999998579, 74.63495408493626826, 55.00000000000025580 ) ) ;
#166 = VECTOR ( 'NONE', #369, 1000.000000000000000 ) ;
#167 = AXIS2_PLACEMENT_3D ( 'NONE', #1066, #157, #754 ) ;
#168 = CARTESIAN_POINT ( 'NONE',  ( -100.0000000000000000, 105.0000000000001421, 65.00000000000007105 ) ) ;
#169 = AXIS2_PLACEMENT_3D ( 'NONE', #1758, #848, #257 ) ;
#170 = ORIENTED_EDGE ( 'NONE', *, *, #75, .T. ) ;
#171 = AXIS2_PLACEMENT_3D ( 'NONE', #1625, #122, #1199 ) ;
#172 = EDGE_LOOP ( 'NONE', ( #240, #899, #1912, #1 ) ) ;
#173 = EDGE_CURVE ( 'NONE', #1668, #1466, #908, .T. ) ;
#174 = ORIENTED_EDGE ( 'NONE', *, *, #1113, .T. ) ;
#175 = FACE_OUTER_BOUND ( 'NONE', #1455, .T. ) ;
#176 = CARTESIAN_POINT ( 'NONE',  ( -70.00000000000000000, 59.63495408493618299, 25.00000000000029843 ) ) ;
#177 = CARTESIAN_POINT ( 'NONE',  ( 85.00000000000000000, 115.0000000000002558, 100.3650459150637602 ) ) ;
#178 = DIRECTION ( 'NONE',  ( -1.569069602873265014E-30, -1.000000000000000000, 3.491481338843133355E-15 ) ) ;
#179 = ORIENTED_EDGE ( 'NONE', *, *, #950, .F. ) ;
#180 = ORIENTED_EDGE ( 'NONE', *, *, #1467, .T. ) ;
#181 = VERTEX_POINT ( 'NONE', #507 ) ;
#182 = EDGE_CURVE ( 'NONE', #719, #711, #884, .T. ) ;
#183 = PLANE ( 'NONE',  #665 ) ;
#184 = PLANE ( 'NONE',  #66 ) ;
#185 = DIRECTION ( 'NONE',  ( 1.000000000000000000, 0.000000000000000000, 0.000000000000000000 ) ) ;
#186 = ORIENTED_EDGE ( 'NONE', *, *, #725, .F. ) ;
#187 = ORIENTED_EDGE ( 'NONE', *, *, #1300, .T. ) ;
#188 = ORIENTED_EDGE ( 'NONE', *, *, #27, .F. ) ;
#189 = AXIS2_PLACEMENT_3D ( 'NONE', #868, #1439, #129 ) ;
#190 = CARTESIAN_POINT ( 'NONE',  ( 64.99999999999998579, 115.0000000000003411, 125.3650459150637602 ) ) ;
#191 = EDGE_CURVE ( 'NONE', #944, #181, #1557, .T. ) ;
#192 = CARTESIAN_POINT ( 'NONE',  ( 94.99999999999997158, 115.0000000000003411, 125.3650459150637602 ) ) ;
#193 = CARTESIAN_POINT ( 'NONE',  ( 48.79873728835477209, 74.63495408493619721, 40.00000000000025580 ) ) ;
#194 = VERTEX_POINT ( 'NONE', #829 ) ;
#195 = AXIS2_PLACEMENT_3D ( 'NONE', #1495, #911, #320 ) ;
#196 = ORIENTED_EDGE ( 'NONE', *, *, #701, .F. ) ;
#197 = AXIS2_PLACEMENT_3D ( 'NONE', #113, #1884, #1635 ) ;
#198 = VECTOR ( 'NONE', #1634, 1000.000000000000000 ) ;
#199 = VERTEX_POINT ( 'NONE', #518 ) ;
#200 = PLANE ( 'NONE',  #1593 ) ;
#201 = CARTESIAN_POINT ( 'NONE',  ( 100.0000000000000000, 120.0000000000001279, 65.00000000000001421 ) ) ;
#202 = ADVANCED_FACE ( 'NONE', ( #99 ), #1420, .F. ) ;
#203 = CARTESIAN_POINT ( 'NONE',  ( 70.00000000000000000, 119.9999999999998295, -19.63495408493628958 ) ) ;
#204 = DIRECTION ( 'NONE',  ( 0.000000000000000000, 0.000000000000000000, 1.000000000000000000 ) ) ;
#205 = ADVANCED_FACE ( 'NONE', ( #1839 ), #695, .F. ) ;
#206 = ORIENTED_EDGE ( 'NONE', *, *, #1888, .T. ) ;
#207 = ORIENTED_EDGE ( 'NONE', *, *, #918, .T. ) ;
#208 = ORIENTED_EDGE ( 'NONE', *, *, #935, .T. ) ;
#209 = CARTESIAN_POINT ( 'NONE',  ( -100.0000000000000000, 115.0000000000001563, 65.00000000000002842 ) ) ;
#210 = DIRECTION ( 'NONE',  ( 1.000000000000000000, 0.000000000000000000, 0.000000000000000000 ) ) ;
#211 = DIRECTION ( 'NONE',  ( 0.000000000000000000, 0.000000000000000000, -1.000000000000000000 ) ) ;
#212 = DIRECTION ( 'NONE',  ( -1.549327473313108508E-30, 6.883382752675970551E-15, 1.000000000000000000 ) ) ;
#213 = ORIENTED_EDGE ( 'NONE', *, *, #1509, .F. ) ;
#214 = SURFACE_SIDE_STYLE ('',( #832 ) ) ;
#215 = EDGE_CURVE ( 'NONE', #711, #1887, #366, .T. ) ;
#216 = ORIENTED_EDGE ( 'NONE', *, *, #647, .T. ) ;
#217 = CARTESIAN_POINT ( 'NONE',  ( 75.00000000000001421, 120.0000000000003411, 125.3650459150637317 ) ) ;
#218 = VERTEX_POINT ( 'NONE', #1238 ) ;
#219 = DIRECTION ( 'NONE',  ( -1.000000000000000000, 0.000000000000000000, 0.000000000000000000 ) ) ;
#220 = LINE ( 'NONE', #1825, #964 ) ;
#221 = AXIS2_PLACEMENT_3D ( 'NONE', #1647, #472, #50 ) ;
#222 = CARTESIAN_POINT ( 'NONE',  ( 65.00000000000000000, 59.63495408493614036, 20.00000000000024158 ) ) ;
#223 = LINE ( 'NONE', #1139, #234 ) ;
#224 = AXIS2_PLACEMENT_3D ( 'NONE', #303, #720, #1019 ) ;
#225 = EDGE_LOOP ( 'NONE', ( #440, #882, #855, #1263 ) ) ;
#226 = AXIS2_PLACEMENT_3D ( 'NONE', #1692, #839, #211 ) ;
#227 = ORIENTED_EDGE ( 'NONE', *, *, #461, .T. ) ;
#228 = EDGE_CURVE ( 'NONE', #155, #1723, #676, .T. ) ;
#229 = LINE ( 'NONE', #1864, #1800 ) ;
#230 = AXIS2_PLACEMENT_3D ( 'NONE', #1356, #633, #164 ) ;
#231 = ORIENTED_EDGE ( 'NONE', *, *, #1482, .T. ) ;
#232 = VECTOR ( 'NONE', #128, 1000.000000000000000 ) ;
#233 = EDGE_CURVE ( 'NONE', #1574, #925, #1148, .T. ) ;
#234 = VECTOR ( 'NONE', #1581, 1000.000000000000000 ) ;
#235 = DIRECTION ( 'NONE',  ( -1.000000000000000000, 0.000000000000000000, -0.000000000000000000 ) ) ;
#236 = LINE ( 'NONE', #365, #1895 ) ;
#237 = DIRECTION ( 'NONE',  ( 1.000000000000000000, 0.000000000000000000, 0.000000000000000000 ) ) ;
#238 = DIRECTION ( 'NONE',  ( -1.000000000000000000, -0.000000000000000000, -0.000000000000000000 ) ) ;
#239 = ORIENTED_EDGE ( 'NONE', *, *, #413, .T. ) ;
#240 = ORIENTED_EDGE ( 'NONE', *, *, #329, .T. ) ;
#241 = DIRECTION ( 'NONE',  ( -0.000000000000000000, -1.000000000000000000, 3.491481338843133355E-15 ) ) ;
#242 = ADVANCED_FACE ( 'NONE', ( #1904 ), #726, .F. ) ;
#243 = VERTEX_POINT ( 'NONE', #286 ) ;
#244 = FACE_OUTER_BOUND ( 'NONE', #54, .T. ) ;
#245 = CARTESIAN_POINT ( 'NONE',  ( 100.0000000000000000, 179.9999999999999432, 49.99999999999953104 ) ) ;
#246 = EDGE_CURVE ( 'NONE', #1729, #721, #1603, .T. ) ;
#247 = DIRECTION ( 'NONE',  ( 0.000000000000000000, 0.000000000000000000, -1.000000000000000000 ) ) ;
#248 = LINE ( 'NONE', #1431, #354 ) ;
#249 = ORIENTED_EDGE ( 'NONE', *, *, #1750, .T. ) ;
#250 = FILL_AREA_STYLE_COLOUR ( '', #821 ) ;
#251 = EDGE_LOOP ( 'NONE', ( #328, #180, #1618, #136, #863, #1402 ) ) ;
#252 = FACE_OUTER_BOUND ( 'NONE', #975, .T. ) ;
#253 = ORIENTED_EDGE ( 'NONE', *, *, #1347, .F. ) ;
#254 = DIRECTION ( 'NONE',  ( 1.569069602873265189E-30, 1.000000000000000000, -3.491481338843133355E-15 ) ) ;
#255 = DIRECTION ( 'NONE',  ( 0.000000000000000000, 1.000000000000000000, -3.491481338843133355E-15 ) ) ;
#256 = EDGE_CURVE ( 'NONE', #1328, #1371, #545, .T. ) ;
#257 = DIRECTION ( 'NONE',  ( 1.000000000000000000, 0.000000000000000000, 0.000000000000000000 ) ) ;
#258 = CARTESIAN_POINT ( 'NONE',  ( -100.0000000000000000, 59.63495408493611194, 5.000000000000309974 ) ) ;
#259 = AXIS2_PLACEMENT_3D ( 'NONE', #392, #805, #1528 ) ;
#260 = ORIENTED_EDGE ( 'NONE', *, *, #191, .F. ) ;
#261 = ORIENTED_EDGE ( 'NONE', *, *, #1363, .F. ) ;
#262 = AXIS2_PLACEMENT_3D ( 'NONE', #1487, #147, #431 ) ;
#263 = DIRECTION ( 'NONE',  ( -1.000000000000000000, 0.000000000000000000, 0.000000000000000000 ) ) ;
#264 = ORIENTED_EDGE ( 'NONE', *, *, #246, .T. ) ;
#265 = DIRECTION ( 'NONE',  ( -0.000000000000000000, 3.491481338843133355E-15, 1.000000000000000000 ) ) ;
#266 = VECTOR ( 'NONE', #1339, 1000.000000000000000 ) ;
#267 = CIRCLE ( 'NONE', #76, 9.999999999999994671 ) ;
#268 = DIRECTION ( 'NONE',  ( -0.000000000000000000, 3.491481338843133355E-15, 1.000000000000000000 ) ) ;
#269 = FACE_OUTER_BOUND ( 'NONE', #1815, .T. ) ;
#270 = EDGE_CURVE ( 'NONE', #845, #477, #1406, .T. ) ;
#271 = CARTESIAN_POINT ( 'NONE',  ( -70.00000000000000000, 119.9999999999998579, -19.63495408493628958 ) ) ;
#272 = ADVANCED_FACE ( 'NONE', ( #1735 ), #1324, .T. ) ;
#273 = VERTEX_POINT ( 'NONE', #590 ) ;
#274 = CARTESIAN_POINT ( 'NONE',  ( -70.00000000000001421, 74.63495408493622563, 40.00000000000031264 ) ) ;
#275 = ORIENTED_EDGE ( 'NONE', *, *, #5, .F. ) ;
#276 = CARTESIAN_POINT ( 'NONE',  ( 89.50000000000001421, 120.0000000000002416, 100.3650459150637317 ) ) ;
#277 = CARTESIAN_POINT ( 'NONE',  ( 100.0000000000000000, 120.0000000000001137, 65.00000000000001421 ) ) ;
#278 = CARTESIAN_POINT ( 'NONE',  ( 70.00000000000000000, 39.99999999999995026, 50.00000000000050449 ) ) ;
#279 = CARTESIAN_POINT ( 'NONE',  ( -59.99999999999999289, 64.63495408493615457, 15.00000000000029132 ) ) ;
#280 = DIRECTION ( 'NONE',  ( 0.000000000000000000, -1.000000000000000000, 6.982962677686266711E-15 ) ) ;
#281 = ORIENTED_EDGE ( 'NONE', *, *, #1326, .T. ) ;
#282 = CARTESIAN_POINT ( 'NONE',  ( -95.00000000000000000, 64.63495408493623984, 40.00000000000034106 ) ) ;
#283 = EDGE_CURVE ( 'NONE', #553, #1695, #1441, .T. ) ;
#284 = ORIENTED_EDGE ( 'NONE', *, *, #1555, .T. ) ;
#285 = PLANE ( 'NONE',  #1240 ) ;
#286 = CARTESIAN_POINT ( 'NONE',  ( -75.00000000000001421, 120.0000000000003695, 125.3650459150637317 ) ) ;
#287 = DIRECTION ( 'NONE',  ( 1.000000000000000000, -6.922005307915562358E-31, -1.982541115402065356E-16 ) ) ;
#288 = LINE ( 'NONE', #611, #389 ) ;
#289 = ORIENTED_EDGE ( 'NONE', *, *, #324, .F. ) ;
#290 = VECTOR ( 'NONE', #946, 1000.000000000000000 ) ;
#291 = CARTESIAN_POINT ( 'NONE',  ( 70.00000000000000000, 59.63495408493609773, 10.00000000000025935 ) ) ;
#292 = AXIS2_PLACEMENT_3D ( 'NONE', #986, #1575, #844 ) ;
#293 = ORIENTED_EDGE ( 'NONE', *, *, #1246, .T. ) ;
#294 = EDGE_CURVE ( 'NONE', #1278, #985, #434, .T. ) ;
#295 = CARTESIAN_POINT ( 'NONE',  ( 72.50000000000001421, 59.63495408493609773, 10.00000000000023981 ) ) ;
#296 = ADVANCED_FACE ( 'NONE', ( #1579 ), #1030, .F. ) ;
#297 = VECTOR ( 'NONE', #649, 1000.000000000000000 ) ;
#298 = DIRECTION ( 'NONE',  ( -1.982541115402049579E-16, 1.000000000000000000, -6.982962677686266711E-15 ) ) ;
#299 = DIRECTION ( 'NONE',  ( 0.000000000000000000, 1.000000000000000000, -3.491481338843133355E-15 ) ) ;
#300 = CIRCLE ( 'NONE', #547, 5.000000000000004441 ) ;
#301 = DIRECTION ( 'NONE',  ( -1.000000000000000000, -0.000000000000000000, 0.000000000000000000 ) ) ;
#302 = ORIENTED_EDGE ( 'NONE', *, *, #812, .T. ) ;
#303 = CARTESIAN_POINT ( 'NONE',  ( 100.0000000000000000, 64.63495408493663774, 165.0000000000001990 ) ) ;
#304 = ORIENTED_EDGE ( 'NONE', *, *, #1334, .F. ) ;
#305 = LINE ( 'NONE', #927, #266 ) ;
#306 = EDGE_CURVE ( 'NONE', #432, #1107, #1006, .T. ) ;
#307 = LINE ( 'NONE', #936, #694 ) ;
#308 = ORIENTED_EDGE ( 'NONE', *, *, #1470, .F. ) ;
#309 = EDGE_LOOP ( 'NONE', ( #1863, #264, #992, #1663, #586, #1688, #930, #782, #275 ) ) ;
#310 = PLANE ( 'NONE',  #195 ) ;
#311 = LINE ( 'NONE', #165, #1154 ) ;
#312 = ADVANCED_FACE ( 'NONE', ( #1177 ), #110, .T. ) ;
#313 = CARTESIAN_POINT ( 'NONE',  ( 100.0000000000000000, 74.63495408493619721, 40.00000000000025580 ) ) ;
#314 = CARTESIAN_POINT ( 'NONE',  ( -69.99999999999998579, 105.0000000000000711, 55.00000000000007816 ) ) ;
#315 = EDGE_LOOP ( 'NONE', ( #511, #808, #342, #1097 ) ) ;
#316 = DIRECTION ( 'NONE',  ( 0.000000000000000000, 0.000000000000000000, 1.000000000000000000 ) ) ;
#317 = EDGE_LOOP ( 'NONE', ( #702, #1208, #468, #253 ) ) ;
#318 = ORIENTED_EDGE ( 'NONE', *, *, #1467, .F. ) ;
#319 = AXIS2_PLACEMENT_3D ( 'NONE', #1811, #1211, #902 ) ;
#320 = DIRECTION ( 'NONE',  ( -1.000000000000000000, 1.569069602873259584E-30, -1.569069602873276049E-30 ) ) ;
#321 = DIRECTION ( 'NONE',  ( 1.000000000000000000, 0.000000000000000000, 0.000000000000000000 ) ) ;
#322 = PLANE ( 'NONE',  #1744 ) ;
#323 = DIRECTION ( 'NONE',  ( 9.251858538542989577E-16, 3.491481338843133355E-15, 1.000000000000000000 ) ) ;
#324 = EDGE_CURVE ( 'NONE', #1730, #672, #482, .T. ) ;
#325 = VECTOR ( 'NONE', #1333, 1000.000000000000000 ) ;
#326 = CARTESIAN_POINT ( 'NONE',  ( 0.000000000000000000, 0.000000000000000000, 0.000000000000000000 ) ) ;
#327 = AXIS2_PLACEMENT_3D ( 'NONE', #791, #1378, #51 ) ;
#328 = ORIENTED_EDGE ( 'NONE', *, *, #862, .F. ) ;
#329 = EDGE_CURVE ( 'NONE', #1821, #705, #971, .T. ) ;
#330 = EDGE_LOOP ( 'NONE', ( #1686, #540, #1533, #227 ) ) ;
#331 = DIRECTION ( 'NONE',  ( 1.000000000000000000, 0.000000000000000000, 0.000000000000000000 ) ) ;
#332 = FACE_BOUND ( 'NONE', #1488, .T. ) ;
#333 = CARTESIAN_POINT ( 'NONE',  ( 70.00000000000000000, 64.63495408493609773, 10.00000000000023093 ) ) ;
#334 =( NAMED_UNIT ( * ) SI_UNIT ( $, .STERADIAN. ) SOLID_ANGLE_UNIT ( ) );
#335 = VERTEX_POINT ( 'NONE', #2 ) ;
#336 = ORIENTED_EDGE ( 'NONE', *, *, #529, .F. ) ;
#337 = ADVANCED_FACE ( 'NONE', ( #120 ), #717, .T. ) ;
#338 = VERTEX_POINT ( 'NONE', #990 ) ;
#339 = CARTESIAN_POINT ( 'NONE',  ( 70.00000000000000000, 64.63495408493609773, 10.00000000000023093 ) ) ;
#340 = DIRECTION ( 'NONE',  ( 1.000000000000000000, 0.000000000000000000, 0.000000000000000000 ) ) ;
#341 = CARTESIAN_POINT ( 'NONE',  ( 64.99999999999998579, 64.63495408493621142, 40.00000000000028422 ) ) ;
#342 = ORIENTED_EDGE ( 'NONE', *, *, #1415, .T. ) ;
#343 = EDGE_LOOP ( 'NONE', ( #1191, #1345, #1737, #835 ) ) ;
#344 = EDGE_LOOP ( 'NONE', ( #509, #398, #17, #102, #1233, #1088 ) ) ;
#345 = CARTESIAN_POINT ( 'NONE',  ( -121.2012627116452705, 74.63495408493622563, 40.00000000000031264 ) ) ;
#346 = CARTESIAN_POINT ( 'NONE',  ( -64.99999999999998579, 64.63495408493615457, 15.00000000000029132 ) ) ;
#347 = AXIS2_PLACEMENT_3D ( 'NONE', #274, #1465, #854 ) ;
#348 = DIRECTION ( 'NONE',  ( -1.569069602873265189E-30, -1.000000000000000000, 3.491481338843133355E-15 ) ) ;
#349 = AXIS2_PLACEMENT_3D ( 'NONE', #1408, #58, #79 ) ;
#350 = ORIENTED_EDGE ( 'NONE', *, *, #1745, .T. ) ;
#351 = AXIS2_PLACEMENT_3D ( 'NONE', #345, #1535, #1417 ) ;
#352 = EDGE_LOOP ( 'NONE', ( #786, #395, #94, #146, #1078, #1241 ) ) ;
#353 = AXIS2_PLACEMENT_3D ( 'NONE', #1861, #405, #1583 ) ;
#354 = VECTOR ( 'NONE', #949, 1000.000000000000000 ) ;
#355 = CARTESIAN_POINT ( 'NONE',  ( -69.99999999999998579, 115.0000000000003553, 120.3650459150637602 ) ) ;
#356 = DIRECTION ( 'NONE',  ( -1.982541115402065356E-16, 3.491481338843133355E-15, 1.000000000000000000 ) ) ;
#357 = EDGE_CURVE ( 'NONE', #1493, #553, #16, .T. ) ;
#358 = CARTESIAN_POINT ( 'NONE',  ( 100.0000000000000000, 59.63495408493611905, 15.00000000000026290 ) ) ;
#359 = DIRECTION ( 'NONE',  ( 1.569069602873265189E-30, 1.000000000000000000, -3.491481338843133355E-15 ) ) ;
#360 = DIRECTION ( 'NONE',  ( 0.000000000000000000, 1.000000000000000000, -3.491481338843133355E-15 ) ) ;
#361 = ORIENTED_EDGE ( 'NONE', *, *, #1156, .T. ) ;
#362 = DIRECTION ( 'NONE',  ( -0.000000000000000000, -1.000000000000000000, 3.491481338843133355E-15 ) ) ;
#363 = VERTEX_POINT ( 'NONE', #1461 ) ;
#364 = DIRECTION ( 'NONE',  ( -1.000000000000000000, 0.000000000000000000, -0.000000000000000000 ) ) ;
#365 = CARTESIAN_POINT ( 'NONE',  ( -95.00000000000000000, 64.63495408493609773, 2.775557561562891351E-13 ) ) ;
#366 = LINE ( 'NONE', #90, #42 ) ;
#367 = CARTESIAN_POINT ( 'NONE',  ( -100.0000000000000000, 105.0000000000000711, 55.00000000000007816 ) ) ;
#368 = EDGE_CURVE ( 'NONE', #1466, #1486, #747, .T. ) ;
#369 = DIRECTION ( 'NONE',  ( 1.569069602873254154E-30, 1.000000000000000000, 3.491481338843134144E-15 ) ) ;
#370 = ADVANCED_FACE ( 'NONE', ( #890 ), #183, .F. ) ;
#371 = ORIENTED_EDGE ( 'NONE', *, *, #1300, .F. ) ;
#372 = DIRECTION ( 'NONE',  ( -1.000000000000000000, 1.569069602873259584E-30, -1.569069602873276049E-30 ) ) ;
#373 = ORIENTED_EDGE ( 'NONE', *, *, #1269, .F. ) ;
#374 = CARTESIAN_POINT ( 'NONE',  ( -85.00000000000000000, 120.0000000000002700, 100.3650459150637317 ) ) ;
#375 = DIRECTION ( 'NONE',  ( 1.000000000000000000, 0.000000000000000000, 0.000000000000000000 ) ) ;
#376 = AXIS2_PLACEMENT_3D ( 'NONE', #1507, #608, #340 ) ;
#377 = DIRECTION ( 'NONE',  ( -1.982541115402081134E-16, 3.491481338843133355E-15, 1.000000000000000000 ) ) ;
#378 = DIRECTION ( 'NONE',  ( 0.000000000000000000, 1.000000000000000000, -3.491481338843133355E-15 ) ) ;
#379 = AXIS2_PLACEMENT_3D ( 'NONE', #32, #1070, #1660 ) ;
#380 = DIRECTION ( 'NONE',  ( 0.000000000000000000, -1.000000000000000000, 3.391901413832837195E-15 ) ) ;
#381 = EDGE_CURVE ( 'NONE', #732, #1723, #636, .T. ) ;
#382 = PRESENTATION_STYLE_ASSIGNMENT (( #1141 ) ) ;
#383 = AXIS2_PLACEMENT_3D ( 'NONE', #958, #1430, #806 ) ;
#384 = EDGE_LOOP ( 'NONE', ( #872, #500, #1610, #893 ) ) ;
#385 = FACE_OUTER_BOUND ( 'NONE', #26, .T. ) ;
#386 = AXIS2_PLACEMENT_3D ( 'NONE', #787, #896, #1798 ) ;
#387 = ADVANCED_FACE ( 'NONE', ( #1810 ), #49, .F. ) ;
#388 = ORIENTED_EDGE ( 'NONE', *, *, #1059, .T. ) ;
#389 = VECTOR ( 'NONE', #1595, 1000.000000000000000 ) ;
#390 = VECTOR ( 'NONE', #1050, 1000.000000000000000 ) ;
#391 = PLANE ( 'NONE',  #1162 ) ;
#392 = CARTESIAN_POINT ( 'NONE',  ( -69.99999999999998579, 105.0000000000001421, 65.00000000000007105 ) ) ;
#393 = CARTESIAN_POINT ( 'NONE',  ( -70.00000000000002842, 74.63495408493622563, 40.00000000000031264 ) ) ;
#394 = DIRECTION ( 'NONE',  ( -1.982541115402065356E-16, -3.491481338843133355E-15, -1.000000000000000000 ) ) ;
#395 = ORIENTED_EDGE ( 'NONE', *, *, #1377, .T. ) ;
#396 = VERTEX_POINT ( 'NONE', #21 ) ;
#397 = FACE_OUTER_BOUND ( 'NONE', #309, .T. ) ;
#398 = ORIENTED_EDGE ( 'NONE', *, *, #1261, .T. ) ;
#399 = ADVANCED_FACE ( 'NONE', ( #919, #1489 ), #1040, .T. ) ;
#400 = LINE ( 'NONE', #441, #1130 ) ;
#401 = LINE ( 'NONE', #1680, #290 ) ;
#402 = CARTESIAN_POINT ( 'NONE',  ( 85.00000000000000000, 120.0000000000002416, 100.3650459150637317 ) ) ;
#403 = CARTESIAN_POINT ( 'NONE',  ( -95.00000000000000000, 64.63495408493609773, 2.775557561562891351E-13 ) ) ;
#404 = ORIENTED_EDGE ( 'NONE', *, *, #139, .F. ) ;
#405 = DIRECTION ( 'NONE',  ( -1.000000000000000000, -5.478377237778010793E-45, -1.569069602873265014E-30 ) ) ;
#406 = ORIENTED_EDGE ( 'NONE', *, *, #428, .T. ) ;
#407 = LINE ( 'NONE', #513, #814 ) ;
#408 = ORIENTED_EDGE ( 'NONE', *, *, #865, .F. ) ;
#409 = FACE_OUTER_BOUND ( 'NONE', #496, .T. ) ;
#410 = EDGE_CURVE ( 'NONE', #335, #1422, #901, .T. ) ;
#411 = CARTESIAN_POINT ( 'NONE',  ( -85.00000000000000000, 120.0000000000002700, 100.3650459150637317 ) ) ;
#412 = DIRECTION ( 'NONE',  ( -1.000000000000000000, 0.000000000000000000, 0.000000000000000000 ) ) ;
#413 = EDGE_CURVE ( 'NONE', #1466, #1330, #1646, .T. ) ;
#414 = CARTESIAN_POINT ( 'NONE',  ( 64.99999999999998579, 74.63495408493628247, 50.00000000000025580 ) ) ;
#415 = AXIS2_PLACEMENT_3D ( 'NONE', #1469, #1293, #877 ) ;
#416 = AXIS2_PLACEMENT_3D ( 'NONE', #1763, #178, #499 ) ;
#417 = CARTESIAN_POINT ( 'NONE',  ( -69.99999999999998579, 115.0000000000001421, 65.00000000000002842 ) ) ;
#418 = ORIENTED_EDGE ( 'NONE', *, *, #40, .T. ) ;
#419 = CARTESIAN_POINT ( 'NONE',  ( -69.99999999999998579, 120.0000000000001421, 65.00000000000001421 ) ) ;
#420 = AXIS2_PLACEMENT_3D ( 'NONE', #203, #527, #1715 ) ;
#421 = ORIENTED_EDGE ( 'NONE', *, *, #1379, .T. ) ;
#422 = CARTESIAN_POINT ( 'NONE',  ( -100.0000000000000000, 120.0000000000003411, 120.3650459150637033 ) ) ;
#423 = CARTESIAN_POINT ( 'NONE',  ( 65.00000000000011369, 64.63495408493608352, 5.000000000000226485 ) ) ;
#424 = VECTOR ( 'NONE', #600, 1000.000000000000000 ) ;
#425 = AXIS2_PLACEMENT_3D ( 'NONE', #1438, #1309, #1899 ) ;
#426 = CARTESIAN_POINT ( 'NONE',  ( 70.00000000000000000, 74.63495408493619721, 40.00000000000025580 ) ) ;
#427 = CARTESIAN_POINT ( 'NONE',  ( 95.00000000000000000, 120.0000000000003126, 120.3650459150637460 ) ) ;
#428 = EDGE_CURVE ( 'NONE', #1371, #432, #305, .T. ) ;
#429 = DIRECTION ( 'NONE',  ( 0.000000000000000000, 1.000000000000000000, -3.469446951953616161E-15 ) ) ;
#430 = EDGE_LOOP ( 'NONE', ( #621, #1073, #308, #689 ) ) ;
#431 = DIRECTION ( 'NONE',  ( 1.000000000000000000, 0.000000000000000000, 0.000000000000000000 ) ) ;
#432 = VERTEX_POINT ( 'NONE', #1516 ) ;
#433 = DIRECTION ( 'NONE',  ( 0.000000000000000000, 1.000000000000000000, -3.491481338843133355E-15 ) ) ;
#434 = LINE ( 'NONE', #1022, #1746 ) ;
#435 = PLANE ( 'NONE',  #640 ) ;
#436 = LINE ( 'NONE', #271, #325 ) ;
#437 = ADVANCED_FACE ( 'NONE', ( #1210 ), #623, .T. ) ;
#438 = ORIENTED_EDGE ( 'NONE', *, *, #1388, .T. ) ;
#439 = DIRECTION ( 'NONE',  ( -1.000000000000000000, 0.000000000000000000, 0.000000000000000000 ) ) ;
#440 = ORIENTED_EDGE ( 'NONE', *, *, #888, .T. ) ;
#441 = CARTESIAN_POINT ( 'NONE',  ( 65.00000000000000000, 64.63495408493614036, 20.00000000000021316 ) ) ;
#442 = DIRECTION ( 'NONE',  ( -1.000000000000000000, 1.569069602873259584E-30, -1.569069602873276049E-30 ) ) ;
#443 = DIRECTION ( 'NONE',  ( 1.569069602873265189E-30, -6.883382752675970551E-15, -1.000000000000000000 ) ) ;
#444 = CARTESIAN_POINT ( 'NONE',  ( 70.00000000000000000, 59.63495408493620431, 40.00000000000028422 ) ) ;
#445 = EDGE_LOOP ( 'NONE', ( #1552, #746, #595, #1732 ) ) ;
#446 = AXIS2_PLACEMENT_3D ( 'NONE', #1157, #1147, #1743 ) ;
#447 = LINE ( 'NONE', #1739, #539 ) ;
#448 = VECTOR ( 'NONE', #362, 1000.000000000000000 ) ;
#449 = ORIENTED_EDGE ( 'NONE', *, *, #1822, .F. ) ;
#450 = ADVANCED_FACE ( 'NONE', ( #778 ), #479, .T. ) ;
#451 = AXIS2_PLACEMENT_3D ( 'NONE', #67, #348, #1250 ) ;
#452 = VECTOR ( 'NONE', #87, 1000.000000000000000 ) ;
#453 = CARTESIAN_POINT ( 'NONE',  ( -59.99999999999999289, 59.63495408493614747, 15.00000000000031797 ) ) ;
#454 = CARTESIAN_POINT ( 'NONE',  ( -89.50000000000001421, 120.0000000000002700, 100.3650459150637317 ) ) ;
#455 = STYLED_ITEM ( 'NONE', ( #1719 ), #737 ) ;
#456 = CARTESIAN_POINT ( 'NONE',  ( 100.0000000000000000, 105.0000000000000284, 50.00000000000005684 ) ) ;
#457 = AXIS2_PLACEMENT_3D ( 'NONE', #279, #151, #1774 ) ;
#458 = ORIENTED_EDGE ( 'NONE', *, *, #256, .T. ) ;
#459 = LINE ( 'NONE', #1769, #1587 ) ;
#460 = VERTEX_POINT ( 'NONE', #453 ) ;
#461 = EDGE_CURVE ( 'NONE', #1107, #721, #607, .T. ) ;
#462 = CARTESIAN_POINT ( 'NONE',  ( -65.00000000000011369, 64.63495408493611194, 5.000000000000282441 ) ) ;
#463 = FACE_OUTER_BOUND ( 'NONE', #759, .T. ) ;
#464 = EDGE_CURVE ( 'NONE', #923, #762, #1047, .T. ) ;
#465 = CARTESIAN_POINT ( 'NONE',  ( 72.50000000000001421, 64.63495408493609773, 10.00000000000023981 ) ) ;
#466 = ORIENTED_EDGE ( 'NONE', *, *, #149, .T. ) ;
#467 =( NAMED_UNIT ( * ) PLANE_ANGLE_UNIT ( ) SI_UNIT ( $, .RADIAN. ) );
#468 = ORIENTED_EDGE ( 'NONE', *, *, #464, .T. ) ;
#469 = VERTEX_POINT ( 'NONE', #1657 ) ;
#470 = ADVANCED_FACE ( 'NONE', ( #1203 ), #1773, .T. ) ;
#471 = CARTESIAN_POINT ( 'NONE',  ( -89.50000000000001421, 115.0000000000002842, 100.3650459150637317 ) ) ;
#472 = DIRECTION ( 'NONE',  ( 1.569069602873265189E-30, 1.000000000000000000, -3.491481338843133355E-15 ) ) ;
#473 = ADVANCED_FACE ( 'NONE', ( #1510 ), #1362, .F. ) ;
#474 = LINE ( 'NONE', #799, #1717 ) ;
#475 = DIRECTION ( 'NONE',  ( 1.000000000000000000, 0.000000000000000000, 0.000000000000000000 ) ) ;
#476 = ORIENTED_EDGE ( 'NONE', *, *, #1363, .T. ) ;
#477 = VERTEX_POINT ( 'NONE', #471 ) ;
#478 = AXIS2_PLACEMENT_3D ( 'NONE', #1640, #1658, #920 ) ;
#479 = PLANE ( 'NONE',  #167 ) ;
#480 = DIRECTION ( 'NONE',  ( 1.000000000000000000, -7.839024317477753066E-31, -2.245185798436813022E-16 ) ) ;
#481 = AXIS2_PLACEMENT_3D ( 'NONE', #551, #948, #247 ) ;
#482 = CIRCLE ( 'NONE', #606, 9.999999999999994671 ) ;
#483 = MECHANICAL_DESIGN_GEOMETRIC_PRESENTATION_REPRESENTATION (  '', ( #667 ), #74 ) ;
#484 = ADVANCED_FACE ( 'NONE', ( #1639 ), #310, .F. ) ;
#485 =( LENGTH_UNIT ( ) NAMED_UNIT ( * ) SI_UNIT ( .MILLI., .METRE. ) );
#486 = VECTOR ( 'NONE', #212, 1000.000000000000000 ) ;
#487 = ORIENTED_EDGE ( 'NONE', *, *, #1388, .F. ) ;
#488 = ORIENTED_EDGE ( 'NONE', *, *, #675, .F. ) ;
#489 = DIRECTION ( 'NONE',  ( 0.000000000000000000, -1.000000000000000000, 3.491481338843133355E-15 ) ) ;
#490 = LINE ( 'NONE', #1222, #536 ) ;
#491 = DIRECTION ( 'NONE',  ( 1.000000000000000000, -0.000000000000000000, -0.000000000000000000 ) ) ;
#492 = DIRECTION ( 'NONE',  ( -1.000000000000000000, 0.000000000000000000, -0.000000000000000000 ) ) ;
#493 = ORIENTED_EDGE ( 'NONE', *, *, #1706, .F. ) ;
#494 = EDGE_LOOP ( 'NONE', ( #249, #1710 ) ) ;
#495 = ADVANCED_FACE ( 'NONE', ( #175 ), #391, .F. ) ;
#496 = EDGE_LOOP ( 'NONE', ( #115, #55, #794, #1541 ) ) ;
#497 = FACE_OUTER_BOUND ( 'NONE', #1436, .T. ) ;
#498 = CARTESIAN_POINT ( 'NONE',  ( -95.00000000000000000, 180.0000000000000568, 54.99999999999955236 ) ) ;
#499 = DIRECTION ( 'NONE',  ( -1.000000000000000000, 1.569069602873259584E-30, -1.569069602873276049E-30 ) ) ;
#500 = ORIENTED_EDGE ( 'NONE', *, *, #1261, .F. ) ;
#501 = EDGE_LOOP ( 'NONE', ( #488, #825, #1762, #907 ) ) ;
#502 = VECTOR ( 'NONE', #1091, 1000.000000000000000 ) ;
#503 = ADVANCED_FACE ( 'NONE', ( #1546 ), #1257, .F. ) ;
#504 = AXIS2_PLACEMENT_3D ( 'NONE', #523, #1698, #372 ) ;
#505 = DIRECTION ( 'NONE',  ( -1.569069602873265189E-30, -1.000000000000000000, 3.491481338843133355E-15 ) ) ;
#506 = CARTESIAN_POINT ( 'NONE',  ( 75.00000000000001421, 115.0000000000003411, 125.3650459150637602 ) ) ;
#507 = CARTESIAN_POINT ( 'NONE',  ( 70.00000000000000000, 64.63495408493615457, 25.00000000000021672 ) ) ;
#508 = CARTESIAN_POINT ( 'NONE',  ( -100.0000000000000000, 74.63495408493622563, 40.00000000000031264 ) ) ;
#509 = ORIENTED_EDGE ( 'NONE', *, *, #840, .T. ) ;
#510 = AXIS2_PLACEMENT_3D ( 'NONE', #1001, #141, #1483 ) ;
#511 = ORIENTED_EDGE ( 'NONE', *, *, #283, .T. ) ;
#512 = VECTOR ( 'NONE', #1287, 1000.000000000000000 ) ;
#513 = CARTESIAN_POINT ( 'NONE',  ( -100.0000000000000000, 180.0000000000000568, 54.99999999999955236 ) ) ;
#514 = VERTEX_POINT ( 'NONE', #1854 ) ;
#515 = CARTESIAN_POINT ( 'NONE',  ( -95.00000000000000000, 105.0000000000000426, 50.00000000000008527 ) ) ;
#516 = ADVANCED_FACE ( 'NONE', ( #1090 ), #683, .T. ) ;
#517 = LINE ( 'NONE', #89, #36 ) ;
#518 = CARTESIAN_POINT ( 'NONE',  ( -70.00000000000002842, 74.63495408493632510, 55.00000000000031264 ) ) ;
#519 = EDGE_CURVE ( 'NONE', #820, #554, #525, .T. ) ;
#520 = CYLINDRICAL_SURFACE ( 'NONE', #1068, 9.999999999999994671 ) ;
#521 = CARTESIAN_POINT ( 'NONE',  ( -70.00000000000000000, 64.63495408493618299, 25.00000000000027356 ) ) ;
#522 = ORIENTED_EDGE ( 'NONE', *, *, #1056, .T. ) ;
#523 = CARTESIAN_POINT ( 'NONE',  ( 64.99999999999998579, 30.00000000000001421, 55.00000000000056133 ) ) ;
#524 = ORIENTED_EDGE ( 'NONE', *, *, #1671, .T. ) ;
#525 = LINE ( 'NONE', #1122, #452 ) ;
#526 = PLANE ( 'NONE',  #571 ) ;
#527 = DIRECTION ( 'NONE',  ( 1.000000000000000000, 6.922005307915562358E-31, 1.982541115402065356E-16 ) ) ;
#528 = PLANE ( 'NONE',  #581 ) ;
#529 = EDGE_CURVE ( 'NONE', #1446, #1887, #1713, .T. ) ;
#530 = ORIENTED_EDGE ( 'NONE', *, *, #381, .F. ) ;
#531 = ORIENTED_EDGE ( 'NONE', *, *, #685, .T. ) ;
#532 = DIRECTION ( 'NONE',  ( 0.000000000000000000, 1.000000000000000000, -3.491481338843133355E-15 ) ) ;
#533 = EDGE_LOOP ( 'NONE', ( #318, #1289, #1273, #1458 ) ) ;
#534 = LINE ( 'NONE', #355, #704 ) ;
#535 = CYLINDRICAL_SURFACE ( 'NONE', #1826, 4.500000000000003553 ) ;
#536 = VECTOR ( 'NONE', #1083, 1000.000000000000000 ) ;
#537 = DIRECTION ( 'NONE',  ( -1.569069602873265189E-30, -1.000000000000000000, 3.491481338843133355E-15 ) ) ;
#538 = LINE ( 'NONE', #68, #47 ) ;
#539 = VECTOR ( 'NONE', #1164, 1000.000000000000000 ) ;
#540 = ORIENTED_EDGE ( 'NONE', *, *, #294, .F. ) ;
#541 = FACE_OUTER_BOUND ( 'NONE', #668, .T. ) ;
#542 = EDGE_CURVE ( 'NONE', #852, #1480, #44, .T. ) ;
#543 = ORIENTED_EDGE ( 'NONE', *, *, #926, .T. ) ;
#544 = DIRECTION ( 'NONE',  ( -1.000000000000000000, 0.000000000000000000, -0.000000000000000000 ) ) ;
#545 = CIRCLE ( 'NONE', #169, 4.999999999999990230 ) ;
#546 = ORIENTED_EDGE ( 'NONE', *, *, #989, .F. ) ;
#547 = AXIS2_PLACEMENT_3D ( 'NONE', #1247, #1880, #876 ) ;
#548 = VECTOR ( 'NONE', #983, 1000.000000000000000 ) ;
#549 = CARTESIAN_POINT ( 'NONE',  ( -100.0000000000000000, 59.63495408493623273, 40.00000000000031264 ) ) ;
#550 = DIRECTION ( 'NONE',  ( -1.569069602873265189E-30, -1.000000000000000000, 3.491481338843133355E-15 ) ) ;
#551 = CARTESIAN_POINT ( 'NONE',  ( -100.0000000000000000, 105.0000000000001421, 65.00000000000007105 ) ) ;
#552 = CARTESIAN_POINT ( 'NONE',  ( -65.00000000000000000, 64.63495408493616878, 20.00000000000026645 ) ) ;
#553 = VERTEX_POINT ( 'NONE', #56 ) ;
#554 = VERTEX_POINT ( 'NONE', #209 ) ;
#555 = EDGE_CURVE ( 'NONE', #469, #218, #1846, .T. ) ;
#556 = CARTESIAN_POINT ( 'NONE',  ( -80.50000000000000000, 120.0000000000002700, 100.3650459150637317 ) ) ;
#557 = EDGE_LOOP ( 'NONE', ( #833, #1010, #682, #1051 ) ) ;
#558 = EDGE_CURVE ( 'NONE', #1166, #820, #534, .T. ) ;
#559 = CARTESIAN_POINT ( 'NONE',  ( -70.00000000000000000, 64.63495408493612615, 10.00000000000028599 ) ) ;
#560 = CARTESIAN_POINT ( 'NONE',  ( 59.99999999999999289, 59.63495408493611905, 15.00000000000026290 ) ) ;
#561 = DIRECTION ( 'NONE',  ( 1.569069602873265189E-30, 1.000000000000000000, -3.491481338843133355E-15 ) ) ;
#562 = FACE_OUTER_BOUND ( 'NONE', #73, .T. ) ;
#563 = EDGE_LOOP ( 'NONE', ( #1670, #458, #1432, #60 ) ) ;
#564 = DIRECTION ( 'NONE',  ( -1.000000000000000000, 0.000000000000000000, -0.000000000000000000 ) ) ;
#565 = ORIENTED_EDGE ( 'NONE', *, *, #950, .T. ) ;
#566 = PLANE ( 'NONE',  #1348 ) ;
#567 = CYLINDRICAL_SURFACE ( 'NONE', #1277, 4.999999999999990230 ) ;
#568 = EDGE_CURVE ( 'NONE', #852, #1361, #1836, .T. ) ;
#569 = CARTESIAN_POINT ( 'NONE',  ( -95.00000000000000000, 59.63495408493623273, 40.00000000000031264 ) ) ;
#570 = DIRECTION ( 'NONE',  ( -1.982541115402065356E-16, -3.491481338843133355E-15, -1.000000000000000000 ) ) ;
#571 = AXIS2_PLACEMENT_3D ( 'NONE', #78, #1547, #674 ) ;
#572 = AXIS2_PLACEMENT_3D ( 'NONE', #1265, #954, #1852 ) ;
#573 = FACE_OUTER_BOUND ( 'NONE', #1216, .T. ) ;
#574 = ORIENTED_EDGE ( 'NONE', *, *, #918, .F. ) ;
#575 = DIRECTION ( 'NONE',  ( 1.000000000000000000, 0.000000000000000000, 0.000000000000000000 ) ) ;
#576 = EDGE_LOOP ( 'NONE', ( #1245, #922, #933, #1254 ) ) ;
#577 = AXIS2_PLACEMENT_3D ( 'NONE', #878, #1747, #598 ) ;
#578 = DIRECTION ( 'NONE',  ( 0.000000000000000000, 1.000000000000000000, -6.982962677686266711E-15 ) ) ;
#579 = CYLINDRICAL_SURFACE ( 'NONE', #446, 5.000000000000004441 ) ;
#580 = AXIS2_PLACEMENT_3D ( 'NONE', #1016, #301, #429 ) ;
#581 = AXIS2_PLACEMENT_3D ( 'NONE', #1112, #1094, #830 ) ;
#582 = EDGE_CURVE ( 'NONE', #363, #1676, #789, .T. ) ;
#583 = DIRECTION ( 'NONE',  ( 1.000000000000000000, 0.000000000000000000, 0.000000000000000000 ) ) ;
#584 = CARTESIAN_POINT ( 'NONE',  ( 100.0000000000000000, 64.63495408493608352, 5.000000000000226485 ) ) ;
#585 = CARTESIAN_POINT ( 'NONE',  ( -95.00000000000000000, 64.63495408493609773, 2.775557561562891351E-13 ) ) ;
#586 = ORIENTED_EDGE ( 'NONE', *, *, #428, .F. ) ;
#587 = FACE_OUTER_BOUND ( 'NONE', #1099, .T. ) ;
#588 = ORIENTED_EDGE ( 'NONE', *, *, #1212, .F. ) ;
#589 = DIRECTION ( 'NONE',  ( -1.569069602873270619E-30, -1.000000000000000000, 6.982962677686266711E-15 ) ) ;
#590 = CARTESIAN_POINT ( 'NONE',  ( 70.00000000000000000, 59.63495408493615457, 25.00000000000024514 ) ) ;
#591 = FACE_OUTER_BOUND ( 'NONE', #1522, .T. ) ;
#592 = ADVANCED_FACE ( 'NONE', ( #1236 ), #1267, .F. ) ;
#593 = CARTESIAN_POINT ( 'NONE',  ( 95.00000000000000000, 64.63495408493606931, 2.220446049250313081E-13 ) ) ;
#594 = ADVANCED_FACE ( 'NONE', ( #244 ), #815, .F. ) ;
#595 = ORIENTED_EDGE ( 'NONE', *, *, #568, .T. ) ;
#596 = DIRECTION ( 'NONE',  ( -0.000000000000000000, 3.491481338843133355E-15, 1.000000000000000000 ) ) ;
#597 = ORIENTED_EDGE ( 'NONE', *, *, #1156, .F. ) ;
#598 = DIRECTION ( 'NONE',  ( 0.000000000000000000, -1.000000000000000000, 3.700743415417188731E-15 ) ) ;
#599 = CARTESIAN_POINT ( 'NONE',  ( -70.00000000000001421, 74.63495408493622563, 40.00000000000031264 ) ) ;
#600 = DIRECTION ( 'NONE',  ( 1.974212956015668405E-32, -1.000000000000000000, 3.391901413832837195E-15 ) ) ;
#601 = ORIENTED_EDGE ( 'NONE', *, *, #776, .F. ) ;
#602 = VECTOR ( 'NONE', #634, 1000.000000000000000 ) ;
#603 = DIRECTION ( 'NONE',  ( 0.000000000000000000, 1.000000000000000000, -3.491481338843133355E-15 ) ) ;
#604 = ADVANCED_FACE ( 'NONE', ( #966 ), #1404, .T. ) ;
#605 = ORIENTED_EDGE ( 'NONE', *, *, #1770, .T. ) ;
#606 = AXIS2_PLACEMENT_3D ( 'NONE', #1727, #1452, #739 ) ;
#607 = LINE ( 'NONE', #1374, #1834 ) ;
#608 = DIRECTION ( 'NONE',  ( 0.000000000000000000, 1.000000000000000000, -3.491481338843133355E-15 ) ) ;
#609 = CIRCLE ( 'NONE', #1677, 4.500000000000003553 ) ;
#610 = DIRECTION ( 'NONE',  ( 1.000000000000000000, -1.569069602873259584E-30, 1.569069602873276049E-30 ) ) ;
#611 = CARTESIAN_POINT ( 'NONE',  ( -100.0000000000000000, 105.0000000000000426, 50.00000000000007105 ) ) ;
#612 = AXIS2_PLACEMENT_3D ( 'NONE', #1262, #1490, #860 ) ;
#613 = ORIENTED_EDGE ( 'NONE', *, *, #654, .F. ) ;
#614 = ORIENTED_EDGE ( 'NONE', *, *, #1160, .T. ) ;
#615 = ADVANCED_FACE ( 'NONE', ( #804 ), #827, .F. ) ;
#616 = ADVANCED_FACE ( 'NONE', ( #497 ), #200, .T. ) ;
#617 = DIRECTION ( 'NONE',  ( 1.569069602873265189E-30, 1.000000000000000000, -3.491481338843133355E-15 ) ) ;
#618 = FACE_OUTER_BOUND ( 'NONE', #1071, .T. ) ;
#619 = FACE_BOUND ( 'NONE', #648, .T. ) ;
#620 = LINE ( 'NONE', #1501, #631 ) ;
#621 = ORIENTED_EDGE ( 'NONE', *, *, #1649, .T. ) ;
#622 = ORIENTED_EDGE ( 'NONE', *, *, #127, .T. ) ;
#623 = CYLINDRICAL_SURFACE ( 'NONE', #386, 5.000000000000004441 ) ;
#624 = EDGE_CURVE ( 'NONE', #103, #273, #300, .T. ) ;
#625 = DIRECTION ( 'NONE',  ( 0.000000000000000000, -6.982962677686266711E-15, -1.000000000000000000 ) ) ;
#626 = DIRECTION ( 'NONE',  ( 0.000000000000000000, -1.000000000000000000, 3.469446951953616161E-15 ) ) ;
#627 = CARTESIAN_POINT ( 'NONE',  ( 60.00000000000012079, 64.63495408493608352, 5.000000000000226485 ) ) ;
#628 = ORIENTED_EDGE ( 'NONE', *, *, #5, .T. ) ;
#629 = ORIENTED_EDGE ( 'NONE', *, *, #1092, .T. ) ;
#630 = VECTOR ( 'NONE', #480, 1000.000000000000000 ) ;
#631 = VECTOR ( 'NONE', #1651, 1000.000000000000000 ) ;
#632 = ORIENTED_EDGE ( 'NONE', *, *, #837, .F. ) ;
#633 = DIRECTION ( 'NONE',  ( 0.000000000000000000, 1.000000000000000000, -3.491481338843133355E-15 ) ) ;
#634 = DIRECTION ( 'NONE',  ( -1.000000000000000000, 0.000000000000000000, -0.000000000000000000 ) ) ;
#635 = ADVANCED_FACE ( 'NONE', ( #409 ), #566, .T. ) ;
#636 = CIRCLE ( 'NONE', #1653, 2.500000000000002220 ) ;
#637 = DIRECTION ( 'NONE',  ( 0.000000000000000000, 1.000000000000000000, -3.491481338843133355E-15 ) ) ;
#638 = DIRECTION ( 'NONE',  ( 0.000000000000000000, 1.000000000000000000, -3.491481338843133355E-15 ) ) ;
#639 = AXIS2_PLACEMENT_3D ( 'NONE', #836, #934, #1816 ) ;
#640 = AXIS2_PLACEMENT_3D ( 'NONE', #599, #1178, #1748 ) ;
#641 = ORIENTED_EDGE ( 'NONE', *, *, #37, .F. ) ;
#642 = VERTEX_POINT ( 'NONE', #846 ) ;
#643 = APPLICATION_CONTEXT ( 'automotive_design' ) ;
#644 = DIRECTION ( 'NONE',  ( 0.000000000000000000, -3.491481338843133355E-15, -1.000000000000000000 ) ) ;
#645 = CARTESIAN_POINT ( 'NONE',  ( -70.00000000000001421, 64.63495408493623984, 40.00000000000034106 ) ) ;
#646 = ORIENTED_EDGE ( 'NONE', *, *, #1706, .T. ) ;
#647 = EDGE_CURVE ( 'NONE', #273, #181, #1601, .T. ) ;
#648 = EDGE_LOOP ( 'NONE', ( #1661, #1853 ) ) ;
#649 = DIRECTION ( 'NONE',  ( 0.000000000000000000, 1.000000000000000000, -3.491481338843133355E-15 ) ) ;
#650 = LINE ( 'NONE', #1281, #1797 ) ;
#651 = DIRECTION ( 'NONE',  ( -1.000000000000000000, 0.000000000000000000, 0.000000000000000000 ) ) ;
#652 = ORIENTED_EDGE ( 'NONE', *, *, #519, .T. ) ;
#653 = ORIENTED_EDGE ( 'NONE', *, *, #555, .F. ) ;
#654 = EDGE_CURVE ( 'NONE', #705, #769, #1155, .T. ) ;
#655 = DIRECTION ( 'NONE',  ( -1.569069602873270444E-30, 3.491481338843133355E-15, 1.000000000000000000 ) ) ;
#656 = AXIS2_PLACEMENT_3D ( 'NONE', #988, #1881, #1602 ) ;
#657 = VERTEX_POINT ( 'NONE', #867 ) ;
#658 = EDGE_CURVE ( 'NONE', #1361, #1299, #1065, .T. ) ;
#659 = AXIS2_PLACEMENT_3D ( 'NONE', #154, #439, #1181 ) ;
#660 = DIRECTION ( 'NONE',  ( -0.000000000000000000, 0.000000000000000000, -1.000000000000000000 ) ) ;
#661 = DIRECTION ( 'NONE',  ( -1.569069602873270619E-30, -1.000000000000000000, 6.982962677686266711E-15 ) ) ;
#662 = CLOSED_SHELL ( 'NONE', ( #503, #592, #484, #202, #1457, #1724, #296, #1403, #1116, #1606, #875, #1288, #387, #1878, #1801, #1172, #851, #495, #1272, #947, #516, #1499, #437, #1004, #1580, #1638, #91, #1484, #961, #1641, #616, #337, #1069 ) ) ;
#663 = DIRECTION ( 'NONE',  ( 1.569069602873265189E-30, 1.000000000000000000, -3.491481338843133355E-15 ) ) ;
#664 = CARTESIAN_POINT ( 'NONE',  ( 94.99999999999997158, 120.0000000000003411, 125.3650459150637602 ) ) ;
#665 = AXIS2_PLACEMENT_3D ( 'NONE', #28, #1349, #489 ) ;
#666 = EDGE_LOOP ( 'NONE', ( #641, #406, #231, #1662 ) ) ;
#667 = STYLED_ITEM ( 'NONE', ( #382 ), #745 ) ;
#668 = EDGE_LOOP ( 'NONE', ( #843, #1424, #350, #1524 ) ) ;
#669 = AXIS2_PLACEMENT_3D ( 'NONE', #1693, #959, #1872 ) ;
#670 = PLANE ( 'NONE',  #292 ) ;
#671 = EDGE_CURVE ( 'NONE', #1180, #1796, #137, .T. ) ;
#672 = VERTEX_POINT ( 'NONE', #1725 ) ;
#673 = CARTESIAN_POINT ( 'NONE',  ( 70.00000000000000000, 74.63495408493619721, 40.00000000000025580 ) ) ;
#674 = DIRECTION ( 'NONE',  ( -1.000000000000000000, 0.000000000000000000, -0.000000000000000000 ) ) ;
#675 = EDGE_CURVE ( 'NONE', #1131, #783, #1322, .T. ) ;
#676 = LINE ( 'NONE', #1849, #968 ) ;
#677 = DIRECTION ( 'NONE',  ( 0.000000000000000000, 1.000000000000000000, -3.491481338843133355E-15 ) ) ;
#678 = VERTEX_POINT ( 'NONE', #1280 ) ;
#679 =( LENGTH_UNIT ( ) NAMED_UNIT ( * ) SI_UNIT ( .MILLI., .METRE. ) );
#680 = ORIENTED_EDGE ( 'NONE', *, *, #215, .T. ) ;
#681 = FACE_OUTER_BOUND ( 'NONE', #343, .T. ) ;
#682 = ORIENTED_EDGE ( 'NONE', *, *, #1355, .T. ) ;
#683 = CYLINDRICAL_SURFACE ( 'NONE', #937, 15.00000000000000000 ) ;
#684 = CYLINDRICAL_SURFACE ( 'NONE', #1468, 4.999999999999990230 ) ;
#685 = EDGE_CURVE ( 'NONE', #103, #944, #400, .T. ) ;
#686 = LINE ( 'NONE', #969, #1775 ) ;
#687 = DIRECTION ( 'NONE',  ( 0.000000000000000000, 1.000000000000000000, -3.491481338843133355E-15 ) ) ;
#688 = EDGE_LOOP ( 'NONE', ( #597, #1477, #93, #170 ) ) ;
#689 = ORIENTED_EDGE ( 'NONE', *, *, #1225, .F. ) ;
#690 = DIRECTION ( 'NONE',  ( 0.000000000000000000, -3.491481338843133355E-15, -1.000000000000000000 ) ) ;
#691 = EDGE_LOOP ( 'NONE', ( #1235, #418, #1416, #962 ) ) ;
#692 = CARTESIAN_POINT ( 'NONE',  ( 70.00000000000000000, 64.63495408493615457, 25.00000000000021672 ) ) ;
#693 = DIRECTION ( 'NONE',  ( 0.000000000000000000, -1.000000000000000000, 3.700743415417188731E-15 ) ) ;
#694 = VECTOR ( 'NONE', #928, 1000.000000000000000 ) ;
#695 = CYLINDRICAL_SURFACE ( 'NONE', #140, 9.999999999999994671 ) ;
#696 = CARTESIAN_POINT ( 'NONE',  ( 121.2012627116452421, 105.0000000000001279, 65.00000000000007105 ) ) ;
#697 = EDGE_CURVE ( 'NONE', #1494, #642, #910, .T. ) ;
#698 = EDGE_LOOP ( 'NONE', ( #421, #978 ) ) ;
#699 = DIRECTION ( 'NONE',  ( 0.000000000000000000, -3.491481338843133355E-15, -1.000000000000000000 ) ) ;
#700 = CLOSED_SHELL ( 'NONE', ( #473, #242, #1311, #1916, #713, #312, #1804, #1619, #450, #470, #1232, #1323, #615, #399, #1134, #1679, #604, #1202, #370, #594, #272, #1632, #1518, #1540, #1594, #88, #1760, #1344, #1193, #761, #635, #1734, #205 ) ) ;
#701 = EDGE_CURVE ( 'NONE', #553, #1809, #1889, .T. ) ;
#702 = ORIENTED_EDGE ( 'NONE', *, *, #1145, .F. ) ;
#703 = CARTESIAN_POINT ( 'NONE',  ( -95.00000000000000000, 64.63495408493611194, 5.000000000000282441 ) ) ;
#704 = VECTOR ( 'NONE', #644, 1000.000000000000000 ) ;
#705 = VERTEX_POINT ( 'NONE', #857 ) ;
#706 = AXIS2_PLACEMENT_3D ( 'NONE', #193, #31, #626 ) ;
#707 = DIRECTION ( 'NONE',  ( 1.000000000000000000, 0.000000000000000000, 0.000000000000000000 ) ) ;
#708 = CARTESIAN_POINT ( 'NONE',  ( -95.00000000000000000, 180.0000000000000284, 49.99999999999955946 ) ) ;
#709 = CARTESIAN_POINT ( 'NONE',  ( -100.0000000000000000, 120.0000000000001421, 65.00000000000001421 ) ) ;
#710 = SURFACE_STYLE_FILL_AREA ( #973 ) ;
#711 = VERTEX_POINT ( 'NONE', #1867 ) ;
#712 = DIRECTION ( 'NONE',  ( 1.000000000000000000, 0.000000000000000000, 0.000000000000000000 ) ) ;
#713 = ADVANCED_FACE ( 'NONE', ( #1589 ), #1029, .T. ) ;
#714 = VERTEX_POINT ( 'NONE', #107 ) ;
#715 = DIRECTION ( 'NONE',  ( -0.000000000000000000, 0.000000000000000000, 1.000000000000000000 ) ) ;
#716 = DIRECTION ( 'NONE',  ( -1.000000000000000000, 0.000000000000000000, 0.000000000000000000 ) ) ;
#717 = CYLINDRICAL_SURFACE ( 'NONE', #819, 15.00000000000000000 ) ;
#718 = CARTESIAN_POINT ( 'NONE',  ( -69.99999999999998579, 115.0000000000003553, 120.3650459150637175 ) ) ;
#719 = VERTEX_POINT ( 'NONE', #1756 ) ;
#720 = DIRECTION ( 'NONE',  ( -1.000000000000000000, 1.569069602873259584E-30, -1.569069602873275874E-30 ) ) ;
#721 = VERTEX_POINT ( 'NONE', #549 ) ;
#722 = EDGE_CURVE ( 'NONE', #148, #1644, #1577, .T. ) ;
#723 = DIRECTION ( 'NONE',  ( -1.000000000000000000, 0.000000000000000000, -0.000000000000000000 ) ) ;
#724 = DIRECTION ( 'NONE',  ( 1.000000000000000000, -7.839024317477753066E-31, -2.245185798436813022E-16 ) ) ;
#725 = EDGE_CURVE ( 'NONE', #1574, #103, #940, .T. ) ;
#726 = CYLINDRICAL_SURFACE ( 'NONE', #1219, 2.500000000000002220 ) ;
#727 = DIRECTION ( 'NONE',  ( -1.000000000000000000, 0.000000000000000000, 0.000000000000000000 ) ) ;
#728 = VECTOR ( 'NONE', #661, 1000.000000000000000 ) ;
#729 = ORIENTED_EDGE ( 'NONE', *, *, #758, .T. ) ;
#730 = LINE ( 'NONE', #1151, #1829 ) ;
#731 = CIRCLE ( 'NONE', #481, 15.00000000000000000 ) ;
#732 = VERTEX_POINT ( 'NONE', #295 ) ;
#733 = AXIS2_PLACEMENT_3D ( 'NONE', #1824, #1689, #1427 ) ;
#734 = CARTESIAN_POINT ( 'NONE',  ( 100.0000000000000000, 30.00000000000001421, 55.00000000000056133 ) ) ;
#735 = CYLINDRICAL_SURFACE ( 'NONE', #656, 5.000000000000004441 ) ;
#736 =( GEOMETRIC_REPRESENTATION_CONTEXT ( 3 ) GLOBAL_UNCERTAINTY_ASSIGNED_CONTEXT ( ( #1845 ) ) GLOBAL_UNIT_ASSIGNED_CONTEXT ( ( #1274, #1696, #1115 ) ) REPRESENTATION_CONTEXT ( 'NONE', 'WORKASPACE' ) );
#737 = MANIFOLD_SOLID_BREP ( 'Sketched Bend8', #662 ) ;
#738 = CIRCLE ( 'NONE', #669, 5.000000000000004441 ) ;
#739 = DIRECTION ( 'NONE',  ( 0.000000000000000000, -1.000000000000000000, 3.469446951953616161E-15 ) ) ;
#740 = EDGE_CURVE ( 'NONE', #123, #148, #1412, .T. ) ;
#741 = CARTESIAN_POINT ( 'NONE',  ( -70.00000000000000000, 64.63495408493618299, 25.00000000000027356 ) ) ;
#742 = LINE ( 'NONE', #1327, #424 ) ;
#743 = ORIENTED_EDGE ( 'NONE', *, *, #840, .F. ) ;
#744 = CARTESIAN_POINT ( 'NONE',  ( -75.00000000000001421, 115.0000000000003695, 125.3650459150637602 ) ) ;
#745 = MANIFOLD_SOLID_BREP ( 'Sketched Bend7', #700 ) ;
#746 = ORIENTED_EDGE ( 'NONE', *, *, #542, .F. ) ;
#747 = LINE ( 'NONE', #130, #1502 ) ;
#748 = CARTESIAN_POINT ( 'NONE',  ( 100.0000000000000000, 120.0000000000003126, 120.3650459150637033 ) ) ;
#749 = EDGE_CURVE ( 'NONE', #460, #1328, #1106, .T. ) ;
#750 = CARTESIAN_POINT ( 'NONE',  ( -74.99999999999998579, 115.0000000000003553, 120.3650459150637460 ) ) ;
#751 = EDGE_LOOP ( 'NONE', ( #1781, #622, #831, #1381 ) ) ;
#752 = CARTESIAN_POINT ( 'NONE',  ( -65.00000000000000000, 59.63495408493616878, 20.00000000000029488 ) ) ;
#753 = ORIENTED_EDGE ( 'NONE', *, *, #558, .T. ) ;
#754 = DIRECTION ( 'NONE',  ( -1.000000000000000000, -3.230269143693940953E-30, -9.251858538543005354E-16 ) ) ;
#755 = DIRECTION ( 'NONE',  ( -1.000000000000000000, 0.000000000000000000, 0.000000000000000000 ) ) ;
#756 = CARTESIAN_POINT ( 'NONE',  ( -69.99999999999998579, 120.0000000000003411, 120.3650459150636891 ) ) ;
#757 = CIRCLE ( 'NONE', #1119, 15.00000000000000000 ) ;
#758 = EDGE_CURVE ( 'NONE', #1885, #148, #1835, .T. ) ;
#759 = EDGE_LOOP ( 'NONE', ( #1413, #1411, #632, #1200, #83, #449 ) ) ;
#760 = CIRCLE ( 'NONE', #135, 5.000000000000004441 ) ;
#761 = ADVANCED_FACE ( 'NONE', ( #541 ), #1129, .T. ) ;
#762 = VERTEX_POINT ( 'NONE', #593 ) ;
#763 = CIRCLE ( 'NONE', #226, 15.00000000000000000 ) ;
#764 = AXIS2_PLACEMENT_3D ( 'NONE', #402, #1914, #1766 ) ;
#765 = CARTESIAN_POINT ( 'NONE',  ( 64.99999999999998579, 120.0000000000001279, 65.00000000000001421 ) ) ;
#766 = CARTESIAN_POINT ( 'NONE',  ( 70.00000000000000000, 115.0000000000001279, 65.00000000000002842 ) ) ;
#767 = AXIS2_PLACEMENT_3D ( 'NONE', #1176, #118, #1621 ) ;
#768 = CARTESIAN_POINT ( 'NONE',  ( -100.0000000000000000, 74.63495408493631089, 49.99999999999954525 ) ) ;
#769 = VERTEX_POINT ( 'NONE', #881 ) ;
#770 = VERTEX_POINT ( 'NONE', #456 ) ;
#771 = EDGE_CURVE ( 'NONE', #338, #469, #1526, .T. ) ;
#772 = DIRECTION ( 'NONE',  ( -1.000000000000000000, 0.000000000000000000, 0.000000000000000000 ) ) ;
#773 = FACE_OUTER_BOUND ( 'NONE', #1053, .T. ) ;
#774 = DIRECTION ( 'NONE',  ( -1.000000000000000000, 0.000000000000000000, 0.000000000000000000 ) ) ;
#775 = VERTEX_POINT ( 'NONE', #444 ) ;
#776 = EDGE_CURVE ( 'NONE', #915, #199, #132, .T. ) ;
#777 = ORIENTED_EDGE ( 'NONE', *, *, #1160, .F. ) ;
#778 = FACE_OUTER_BOUND ( 'NONE', #666, .T. ) ;
#779 = CARTESIAN_POINT ( 'NONE',  ( -60.00000000000012079, 59.63495408493611194, 5.000000000000309974 ) ) ;
#780 = EDGE_CURVE ( 'NONE', #719, #1446, #1751, .T. ) ;
#781 = APPLICATION_PROTOCOL_DEFINITION ( 'draft international standard', 'automotive_design', 1998, #643 ) ;
#782 = ORIENTED_EDGE ( 'NONE', *, *, #1770, .F. ) ;
#783 = VERTEX_POINT ( 'NONE', #1492 ) ;
#784 = CIRCLE ( 'NONE', #415, 2.500000000000002220 ) ;
#785 = AXIS2_PLACEMENT_3D ( 'NONE', #326, #316, #475 ) ;
#786 = ORIENTED_EDGE ( 'NONE', *, *, #410, .F. ) ;
#787 = CARTESIAN_POINT ( 'NONE',  ( 95.00000000000000000, 120.0000000000003126, 120.3650459150637460 ) ) ;
#788 = DIRECTION ( 'NONE',  ( 1.000000000000000000, -1.569069602873259584E-30, 1.569069602873276049E-30 ) ) ;
#789 = CIRCLE ( 'NONE', #1777, 4.500000000000003553 ) ;
#790 = EDGE_CURVE ( 'NONE', #218, #1081, #288, .T. ) ;
#791 = CARTESIAN_POINT ( 'NONE',  ( 100.0000000000000000, 120.0000000000003126, 120.3650459150637033 ) ) ;
#792 = AXIS2_PLACEMENT_3D ( 'NONE', #1303, #287, #570 ) ;
#793 = ORIENTED_EDGE ( 'NONE', *, *, #246, .F. ) ;
#794 = ORIENTED_EDGE ( 'NONE', *, *, #20, .F. ) ;
#795 = ORIENTED_EDGE ( 'NONE', *, *, #865, .T. ) ;
#796 = DIRECTION ( 'NONE',  ( 0.000000000000000000, 1.000000000000000000, -3.491481338843133355E-15 ) ) ;
#797 = DIRECTION ( 'NONE',  ( -1.569069602873265189E-30, -1.000000000000000000, 3.491481338843133355E-15 ) ) ;
#798 = LINE ( 'NONE', #1386, #1063 ) ;
#799 = CARTESIAN_POINT ( 'NONE',  ( 59.99999999999999289, 64.63495408493612615, 15.00000000000023448 ) ) ;
#800 = EDGE_CURVE ( 'NONE', #123, #1335, #1011, .T. ) ;
#801 = EDGE_LOOP ( 'NONE', ( #853, #1850, #1292, #1307 ) ) ;
#802 = ORIENTED_EDGE ( 'NONE', *, *, #149, .F. ) ;
#803 = DIRECTION ( 'NONE',  ( -1.000000000000000000, 0.000000000000000000, -0.000000000000000000 ) ) ;
#804 = FACE_OUTER_BOUND ( 'NONE', #1114, .T. ) ;
#805 = DIRECTION ( 'NONE',  ( -1.000000000000000000, 0.000000000000000000, 0.000000000000000000 ) ) ;
#806 = DIRECTION ( 'NONE',  ( 1.000000000000000000, 0.000000000000000000, 0.000000000000000000 ) ) ;
#807 = FACE_OUTER_BOUND ( 'NONE', #1183, .T. ) ;
#808 = ORIENTED_EDGE ( 'NONE', *, *, #1813, .T. ) ;
#809 = EDGE_CURVE ( 'NONE', #1166, #657, #1475, .T. ) ;
#810 = VERTEX_POINT ( 'NONE', #585 ) ;
#811 = FACE_OUTER_BOUND ( 'NONE', #557, .T. ) ;
#812 = EDGE_CURVE ( 'NONE', #985, #678, #143, .T. ) ;
#813 = ORIENTED_EDGE ( 'NONE', *, *, #1694, .T. ) ;
#814 = VECTOR ( 'NONE', #1098, 1000.000000000000000 ) ;
#815 = CYLINDRICAL_SURFACE ( 'NONE', #351, 9.999999999999994671 ) ;
#816 = FACE_BOUND ( 'NONE', #698, .T. ) ;
#817 = VECTOR ( 'NONE', #972, 1000.000000000000000 ) ;
#818 = DIRECTION ( 'NONE',  ( 0.000000000000000000, 1.000000000000000000, -3.491481338843133355E-15 ) ) ;
#819 = AXIS2_PLACEMENT_3D ( 'NONE', #869, #1302, #1294 ) ;
#820 = VERTEX_POINT ( 'NONE', #417 ) ;
#821 = COLOUR_RGB ( '',0.7921568627450980005, 0.8196078431372548767, 0.9333333333333333481 ) ;
#822 = EDGE_LOOP ( 'NONE', ( #777, #905, #1556, #1382 ) ) ;
#823 = VECTOR ( 'NONE', #970, 1000.000000000000000 ) ;
#824 = FACE_OUTER_BOUND ( 'NONE', #384, .T. ) ;
#825 = ORIENTED_EDGE ( 'NONE', *, *, #20, .T. ) ;
#826 = EDGE_CURVE ( 'NONE', #1201, #783, #892, .T. ) ;
#827 = CYLINDRICAL_SURFACE ( 'NONE', #639, 5.000000000000004441 ) ;
#828 = CARTESIAN_POINT ( 'NONE',  ( 70.00000000000000000, 64.63495408493621142, 40.00000000000028422 ) ) ;
#829 = CARTESIAN_POINT ( 'NONE',  ( -70.00000000000001421, 74.63495408493628247, 50.00000000000030553 ) ) ;
#830 = DIRECTION ( 'NONE',  ( 1.000000000000000000, 7.839024317477753066E-31, 2.245185798436813022E-16 ) ) ;
#831 = ORIENTED_EDGE ( 'NONE', *, *, #1145, .T. ) ;
#832 = SURFACE_STYLE_FILL_AREA ( #952 ) ;
#833 = ORIENTED_EDGE ( 'NONE', *, *, #740, .F. ) ;
#834 = PLANE ( 'NONE',  #1497 ) ;
#835 = ORIENTED_EDGE ( 'NONE', *, *, #1691, .F. ) ;
#836 = CARTESIAN_POINT ( 'NONE',  ( -65.00000000000000000, 64.63495408493618299, 25.00000000000027356 ) ) ;
#837 = EDGE_CURVE ( 'NONE', #1796, #1166, #1907, .T. ) ;
#838 = CARTESIAN_POINT ( 'NONE',  ( -72.50000000000001421, 59.63495408493612615, 10.00000000000029488 ) ) ;
#839 = DIRECTION ( 'NONE',  ( 1.000000000000000000, 0.000000000000000000, 0.000000000000000000 ) ) ;
#840 = EDGE_CURVE ( 'NONE', #657, #338, #436, .T. ) ;
#841 = LINE ( 'NONE', #664, #1681 ) ;
#842 = EDGE_LOOP ( 'NONE', ( #117, #1699, #1741, #652 ) ) ;
#843 = ORIENTED_EDGE ( 'NONE', *, *, #1838, .F. ) ;
#844 = DIRECTION ( 'NONE',  ( 1.000000000000000000, 0.000000000000000000, 0.000000000000000000 ) ) ;
#845 = VERTEX_POINT ( 'NONE', #1908 ) ;
#846 = CARTESIAN_POINT ( 'NONE',  ( -65.00000000000000000, 64.63495408493616878, 20.00000000000026645 ) ) ;
#847 = CYLINDRICAL_SURFACE ( 'NONE', #1032, 4.500000000000003553 ) ;
#848 = DIRECTION ( 'NONE',  ( 0.000000000000000000, 1.000000000000000000, -3.491481338843133355E-15 ) ) ;
#849 = DIRECTION ( 'NONE',  ( 1.000000000000000000, 0.000000000000000000, 0.000000000000000000 ) ) ;
#850 = PRODUCT_DEFINITION_FORMATION_WITH_SPECIFIED_SOURCE ( 'ANY', '', #156, .NOT_KNOWN. ) ;
#851 = ADVANCED_FACE ( 'NONE', ( #861 ), #1463, .F. ) ;
#852 = VERTEX_POINT ( 'NONE', #1614 ) ;
#853 = ORIENTED_EDGE ( 'NONE', *, *, #1745, .F. ) ;
#854 = DIRECTION ( 'NONE',  ( 0.000000000000000000, -1.000000000000000000, 3.469446951953616161E-15 ) ) ;
#855 = ORIENTED_EDGE ( 'NONE', *, *, #1750, .F. ) ;
#856 = CIRCLE ( 'NONE', #1095, 5.000000000000004441 ) ;
#857 = CARTESIAN_POINT ( 'NONE',  ( 89.50000000000001421, 120.0000000000002416, 100.3650459150637317 ) ) ;
#858 = FACE_OUTER_BOUND ( 'NONE', #900, .T. ) ;
#859 = CARTESIAN_POINT ( 'NONE',  ( 65.00000000000000000, 64.63495408493615457, 25.00000000000021672 ) ) ;
#860 = DIRECTION ( 'NONE',  ( -1.249000902703300161E-14, 3.491481338843133355E-15, 1.000000000000000000 ) ) ;
#861 = FACE_OUTER_BOUND ( 'NONE', #1252, .T. ) ;
#862 = EDGE_CURVE ( 'NONE', #1335, #1668, #1304, .T. ) ;
#863 = ORIENTED_EDGE ( 'NONE', *, *, #413, .F. ) ;
#864 = CYLINDRICAL_SURFACE ( 'NONE', #659, 15.00000000000000000 ) ;
#865 = EDGE_CURVE ( 'NONE', #335, #1335, #742, .T. ) ;
#866 = ORIENTED_EDGE ( 'NONE', *, *, #1445, .F. ) ;
#867 = CARTESIAN_POINT ( 'NONE',  ( -69.99999999999998579, 120.0000000000003411, 120.3650459150636891 ) ) ;
#868 = CARTESIAN_POINT ( 'NONE',  ( 85.00000000000000000, 120.0000000000002416, 100.3650459150637317 ) ) ;
#869 = CARTESIAN_POINT ( 'NONE',  ( 121.2012627116452421, 105.0000000000001279, 65.00000000000007105 ) ) ;
#870 = CARTESIAN_POINT ( 'NONE',  ( 69.99999999999998579, 120.0000000000003126, 120.3650459150636891 ) ) ;
#871 = CARTESIAN_POINT ( 'NONE',  ( -100.0000000000000000, 120.0000000000003411, 120.3650459150637033 ) ) ;
#872 = ORIENTED_EDGE ( 'NONE', *, *, #101, .T. ) ;
#873 = CARTESIAN_POINT ( 'NONE',  ( 80.50000000000000000, 120.0000000000002416, 100.3650459150637317 ) ) ;
#874 = ORIENTED_EDGE ( 'NONE', *, *, #862, .T. ) ;
#875 = ADVANCED_FACE ( 'NONE', ( #573 ), #1659, .F. ) ;
#876 = DIRECTION ( 'NONE',  ( -1.000000000000000000, 0.000000000000000000, 0.000000000000000000 ) ) ;
#877 = DIRECTION ( 'NONE',  ( 1.000000000000000000, 0.000000000000000000, 0.000000000000000000 ) ) ;
#878 = CARTESIAN_POINT ( 'NONE',  ( -121.2012627116452705, 74.63495408493622563, 40.00000000000031264 ) ) ;
#879 = CARTESIAN_POINT ( 'NONE',  ( 64.99999999999998579, 59.63495408493611905, 15.00000000000026290 ) ) ;
#880 = CIRCLE ( 'NONE', #1435, 5.000000000000004441 ) ;
#881 = CARTESIAN_POINT ( 'NONE',  ( 89.50000000000001421, 115.0000000000002558, 100.3650459150637317 ) ) ;
#882 = ORIENTED_EDGE ( 'NONE', *, *, #1429, .T. ) ;
#883 = FACE_OUTER_BOUND ( 'NONE', #501, .T. ) ;
#884 = CIRCLE ( 'NONE', #1003, 4.999999999999990230 ) ;
#885 = ORIENTED_EDGE ( 'NONE', *, *, #324, .T. ) ;
#886 = AXIS2_PLACEMENT_3D ( 'NONE', #77, #1384, #219 ) ;
#887 = VECTOR ( 'NONE', #265, 1000.000000000000000 ) ;
#888 = EDGE_CURVE ( 'NONE', #155, #931, #1714, .T. ) ;
#889 = AXIS2_PLACEMENT_3D ( 'NONE', #1213, #1057, #774 ) ;
#890 = FACE_OUTER_BOUND ( 'NONE', #1500, .T. ) ;
#891 = CARTESIAN_POINT ( 'NONE',  ( -94.99999999999997158, 120.0000000000003695, 125.3650459150637602 ) ) ;
#892 = LINE ( 'NONE', #871, #1479 ) ;
#893 = ORIENTED_EDGE ( 'NONE', *, *, #555, .T. ) ;
#894 = CARTESIAN_POINT ( 'NONE',  ( 80.50000000000000000, 115.0000000000002558, 100.3650459150637317 ) ) ;
#895 = ORIENTED_EDGE ( 'NONE', *, *, #685, .F. ) ;
#896 = DIRECTION ( 'NONE',  ( -0.000000000000000000, -1.000000000000000000, 3.491481338843133355E-15 ) ) ;
#897 = CARTESIAN_POINT ( 'NONE',  ( -94.99999999999997158, 115.0000000000003695, 125.3650459150637602 ) ) ;
#898 = EDGE_CURVE ( 'NONE', #769, #1778, #609, .T. ) ;
#899 = ORIENTED_EDGE ( 'NONE', *, *, #654, .T. ) ;
#900 = EDGE_LOOP ( 'NONE', ( #1508, #438, #304, #1028 ) ) ;
#901 = LINE ( 'NONE', #765, #1093 ) ;
#902 = DIRECTION ( 'NONE',  ( 1.569069602873265189E-30, 1.000000000000000000, -3.491481338843133355E-15 ) ) ;
#903 = AXIS2_PLACEMENT_3D ( 'NONE', #245, #1405, #65 ) ;
#904 = EDGE_CURVE ( 'NONE', #783, #943, #856, .T. ) ;
#905 = ORIENTED_EDGE ( 'NONE', *, *, #722, .T. ) ;
#906 = ORIENTED_EDGE ( 'NONE', *, *, #790, .F. ) ;
#907 = ORIENTED_EDGE ( 'NONE', *, *, #826, .T. ) ;
#908 = CIRCLE ( 'NONE', #383, 5.000000000000004441 ) ;
#909 = APPLICATION_CONTEXT ( 'automotive_design' ) ;
#910 = CIRCLE ( 'NONE', #425, 5.000000000000004441 ) ;
#911 = DIRECTION ( 'NONE',  ( -1.569069602873265014E-30, 6.982962677686266711E-15, 1.000000000000000000 ) ) ;
#912 = CARTESIAN_POINT ( 'NONE',  ( -100.0000000000000000, 64.63495408493611194, 5.000000000000282441 ) ) ;
#913 = CIRCLE ( 'NONE', #1132, 2.500000000000002220 ) ;
#914 = CARTESIAN_POINT ( 'NONE',  ( -95.00000000000000000, 120.0000000000003411, 120.3650459150637460 ) ) ;
#915 = VERTEX_POINT ( 'NONE', #314 ) ;
#916 = EDGE_CURVE ( 'NONE', #1081, #554, #267, .T. ) ;
#917 = ORIENTED_EDGE ( 'NONE', *, *, #1182, .T. ) ;
#918 = EDGE_CURVE ( 'NONE', #931, #155, #913, .T. ) ;
#919 = FACE_OUTER_BOUND ( 'NONE', #1368, .T. ) ;
#920 = DIRECTION ( 'NONE',  ( 1.000000000000000000, 0.000000000000000000, 0.000000000000000000 ) ) ;
#921 = FACE_OUTER_BOUND ( 'NONE', #430, .T. ) ;
#922 = ORIENTED_EDGE ( 'NONE', *, *, #283, .F. ) ;
#923 = VERTEX_POINT ( 'NONE', #1818 ) ;
#924 = EDGE_CURVE ( 'NONE', #1887, #925, #474, .T. ) ;
#925 = VERTEX_POINT ( 'NONE', #1077 ) ;
#926 = EDGE_CURVE ( 'NONE', #925, #944, #1167, .T. ) ;
#927 = CARTESIAN_POINT ( 'NONE',  ( -95.00000000000000000, 59.63495408493609062, 3.330669073875469621E-13 ) ) ;
#928 = DIRECTION ( 'NONE',  ( -1.000000000000000000, 0.000000000000000000, 0.000000000000000000 ) ) ;
#929 = DIRECTION ( 'NONE',  ( 1.000000000000000000, -1.569069602873259584E-30, 1.569069602873276049E-30 ) ) ;
#930 = ORIENTED_EDGE ( 'NONE', *, *, #749, .F. ) ;
#931 = VERTEX_POINT ( 'NONE', #465 ) ;
#932 = AXIS2_PLACEMENT_3D ( 'NONE', #1021, #1611, #1401 ) ;
#933 = ORIENTED_EDGE ( 'NONE', *, *, #701, .T. ) ;
#934 = DIRECTION ( 'NONE',  ( 0.000000000000000000, 1.000000000000000000, -3.491481338843133355E-15 ) ) ;
#935 = EDGE_CURVE ( 'NONE', #678, #1087, #1648, .T. ) ;
#936 = CARTESIAN_POINT ( 'NONE',  ( -95.00000000000000000, 120.0000000000001421, 65.00000000000001421 ) ) ;
#937 = AXIS2_PLACEMENT_3D ( 'NONE', #1700, #1110, #1228 ) ;
#938 = PLANE ( 'NONE',  #420 ) ;
#939 = CARTESIAN_POINT ( 'NONE',  ( 70.00000000000000000, 64.63495408493609773, 10.00000000000023093 ) ) ;
#940 = CIRCLE ( 'NONE', #767, 4.999999999999990230 ) ;
#941 = VECTOR ( 'NONE', #1031, 1000.000000000000000 ) ;
#942 = ORIENTED_EDGE ( 'NONE', *, *, #898, .F. ) ;
#943 = VERTEX_POINT ( 'NONE', #1352 ) ;
#944 = VERTEX_POINT ( 'NONE', #24 ) ;
#945 = CARTESIAN_POINT ( 'NONE',  ( -70.00000000000000000, 59.63495408493612615, 10.00000000000031442 ) ) ;
#946 = DIRECTION ( 'NONE',  ( -1.569069602873270444E-30, 3.491481338843133355E-15, 1.000000000000000000 ) ) ;
#947 = ADVANCED_FACE ( 'NONE', ( #1666 ), #1358, .F. ) ;
#948 = DIRECTION ( 'NONE',  ( 1.000000000000000000, 0.000000000000000000, 0.000000000000000000 ) ) ;
#949 = DIRECTION ( 'NONE',  ( 1.569069602873270619E-30, 1.000000000000000000, -6.982962677686266711E-15 ) ) ;
#950 = EDGE_CURVE ( 'NONE', #1493, #672, #1802, .T. ) ;
#951 = LINE ( 'NONE', #1105, #166 ) ;
#952 = FILL_AREA_STYLE ('',( #1542 ) ) ;
#953 = ORIENTED_EDGE ( 'NONE', *, *, #1225, .T. ) ;
#954 = DIRECTION ( 'NONE',  ( 0.000000000000000000, 1.000000000000000000, -3.491481338843133355E-15 ) ) ;
#955 = ORIENTED_EDGE ( 'NONE', *, *, #624, .T. ) ;
#956 = CARTESIAN_POINT ( 'NONE',  ( 70.00000000000000000, 64.63495408493609773, 10.00000000000023093 ) ) ;
#957 = FACE_OUTER_BOUND ( 'NONE', #251, .T. ) ;
#958 = CARTESIAN_POINT ( 'NONE',  ( 74.99999999999998579, 115.0000000000003268, 120.3650459150637460 ) ) ;
#959 = DIRECTION ( 'NONE',  ( 0.000000000000000000, 1.000000000000000000, -3.491481338843133355E-15 ) ) ;
#960 = LINE ( 'NONE', #81, #817 ) ;
#961 = ADVANCED_FACE ( 'NONE', ( #921 ), #1519, .F. ) ;
#962 = ORIENTED_EDGE ( 'NONE', *, *, #1056, .F. ) ;
#963 = CARTESIAN_POINT ( 'NONE',  ( -69.99999999999998579, 59.63495408493623273, 40.00000000000031264 ) ) ;
#964 = VECTOR ( 'NONE', #797, 1000.000000000000000 ) ;
#965 = ORIENTED_EDGE ( 'NONE', *, *, #127, .F. ) ;
#966 = FACE_OUTER_BOUND ( 'NONE', #330, .T. ) ;
#967 = CARTESIAN_POINT ( 'NONE',  ( 100.0000000000000000, 120.0000000000003126, 120.3650459150637033 ) ) ;
#968 = VECTOR ( 'NONE', #537, 1000.000000000000000 ) ;
#969 = CARTESIAN_POINT ( 'NONE',  ( -59.99999999999999289, 64.63495408493615457, 15.00000000000029132 ) ) ;
#970 = DIRECTION ( 'NONE',  ( 1.384401061583112647E-30, 1.000000000000000000, 3.491481338843134144E-15 ) ) ;
#971 = CIRCLE ( 'NONE', #764, 4.500000000000003553 ) ;
#972 = DIRECTION ( 'NONE',  ( 0.000000000000000000, 1.000000000000000000, -3.491481338843133355E-15 ) ) ;
#973 = FILL_AREA_STYLE ('',( #250 ) ) ;
#974 = VECTOR ( 'NONE', #280, 1000.000000000000000 ) ;
#975 = EDGE_LOOP ( 'NONE', ( #174, #993, #408, #1543 ) ) ;
#976 = VECTOR ( 'NONE', #443, 1000.000000000000000 ) ;
#977 = PLANE ( 'NONE',  #1740 ) ;
#978 = ORIENTED_EDGE ( 'NONE', *, *, #898, .T. ) ;
#979 = EDGE_CURVE ( 'NONE', #1330, #1034, #841, .T. ) ;
#980 = DIRECTION ( 'NONE',  ( 1.000000000000000000, -1.569069602873259759E-30, 1.569069602873276049E-30 ) ) ;
#981 = LINE ( 'NONE', #277, #996 ) ;
#982 = DIRECTION ( 'NONE',  ( 1.000000000000000000, 0.000000000000000000, 0.000000000000000000 ) ) ;
#983 = DIRECTION ( 'NONE',  ( 0.000000000000000000, -1.000000000000000000, -3.491481338843134144E-15 ) ) ;
#984 = ORIENTED_EDGE ( 'NONE', *, *, #124, .F. ) ;
#985 = VERTEX_POINT ( 'NONE', #1442 ) ;
#986 = CARTESIAN_POINT ( 'NONE',  ( -95.00000000000000000, 59.63495408493666616, 165.0000000000003126 ) ) ;
#987 = ORIENTED_EDGE ( 'NONE', *, *, #114, .T. ) ;
#988 = CARTESIAN_POINT ( 'NONE',  ( -95.00000000000000000, 120.0000000000003411, 120.3650459150637460 ) ) ;
#989 = EDGE_CURVE ( 'NONE', #721, #1087, #1481, .T. ) ;
#990 = CARTESIAN_POINT ( 'NONE',  ( -69.99999999999998579, 120.0000000000001421, 65.00000000000001421 ) ) ;
#991 = CARTESIAN_POINT ( 'NONE',  ( -70.00000000000000000, 64.63495408493618299, 25.00000000000027356 ) ) ;
#992 = ORIENTED_EDGE ( 'NONE', *, *, #461, .F. ) ;
#993 = ORIENTED_EDGE ( 'NONE', *, *, #800, .T. ) ;
#994 = LINE ( 'NONE', #217, #1366 ) ;
#995 = ORIENTED_EDGE ( 'NONE', *, *, #294, .T. ) ;
#996 = VECTOR ( 'NONE', #1460, 1000.000000000000000 ) ;
#997 = CARTESIAN_POINT ( 'NONE',  ( 70.00000000000000000, 74.63495408493628247, 50.00000000000049027 ) ) ;
#998 = DIRECTION ( 'NONE',  ( 2.245185798436813022E-16, 3.491481338843133355E-15, 1.000000000000000000 ) ) ;
#999 = VECTOR ( 'NONE', #1478, 1000.000000000000000 ) ;
#1000 = EDGE_CURVE ( 'NONE', #1480, #1299, #1421, .T. ) ;
#1001 = CARTESIAN_POINT ( 'NONE',  ( -95.00000000000000000, 59.63495408493611194, 5.000000000000309974 ) ) ;
#1002 = LINE ( 'NONE', #584, #1808 ) ;
#1003 = AXIS2_PLACEMENT_3D ( 'NONE', #1394, #663, #237 ) ;
#1004 = ADVANCED_FACE ( 'NONE', ( #1251 ), #528, .F. ) ;
#1005 = DIRECTION ( 'NONE',  ( 1.000000000000000000, 0.000000000000000000, 0.000000000000000000 ) ) ;
#1006 = CIRCLE ( 'NONE', #510, 5.000000000000004441 ) ;
#1007 = ORIENTED_EDGE ( 'NONE', *, *, #1905, .T. ) ;
#1008 = CARTESIAN_POINT ( 'NONE',  ( -74.99999999999998579, 120.0000000000003411, 120.3650459150637317 ) ) ;
#1009 = VECTOR ( 'NONE', #1075, 1000.000000000000000 ) ;
#1010 = ORIENTED_EDGE ( 'NONE', *, *, #1080, .F. ) ;
#1011 = CIRCLE ( 'NONE', #171, 9.999999999999994671 ) ;
#1012 = CARTESIAN_POINT ( 'NONE',  ( -80.50000000000000000, 120.0000000000002700, 100.3650459150637317 ) ) ;
#1013 = DIRECTION ( 'NONE',  ( 0.000000000000000000, 1.000000000000000000, -3.469446951953616161E-15 ) ) ;
#1014 = FACE_OUTER_BOUND ( 'NONE', #1718, .T. ) ;
#1015 = EDGE_CURVE ( 'NONE', #672, #1642, #538, .T. ) ;
#1016 = CARTESIAN_POINT ( 'NONE',  ( -100.0000000000000000, 74.63495408493622563, 40.00000000000031264 ) ) ;
#1017 = EDGE_CURVE ( 'NONE', #1652, #1343, #1656, .T. ) ;
#1018 = ORIENTED_EDGE ( 'NONE', *, *, #725, .T. ) ;
#1019 = DIRECTION ( 'NONE',  ( 1.569069602873270444E-30, -3.491481338843133355E-15, -1.000000000000000000 ) ) ;
#1020 = EDGE_LOOP ( 'NONE', ( #906, #1876, #208, #646 ) ) ;
#1021 = CARTESIAN_POINT ( 'NONE',  ( -85.00000000000000000, 115.0000000000002842, 100.3650459150637602 ) ) ;
#1022 = CARTESIAN_POINT ( 'NONE',  ( -100.0000000000000000, 64.63495408493666616, 165.0000000000002558 ) ) ;
#1023 = LINE ( 'NONE', #891, #1089 ) ;
#1024 = DIRECTION ( 'NONE',  ( 1.000000000000000000, -8.768690720817032606E-31, 1.982541115402081134E-16 ) ) ;
#1025 = ORIENTED_EDGE ( 'NONE', *, *, #1848, .T. ) ;
#1026 = LINE ( 'NONE', #1617, #999 ) ;
#1027 = EDGE_CURVE ( 'NONE', #1795, #642, #111, .T. ) ;
#1028 = ORIENTED_EDGE ( 'NONE', *, *, #1258, .F. ) ;
#1029 = PLANE ( 'NONE',  #1749 ) ;
#1030 = CYLINDRICAL_SURFACE ( 'NONE', #1372, 5.000000000000004441 ) ;
#1031 = DIRECTION ( 'NONE',  ( 0.000000000000000000, 1.000000000000000000, -3.491481338843133355E-15 ) ) ;
#1032 = AXIS2_PLACEMENT_3D ( 'NONE', #411, #1733, #108 ) ;
#1033 = CARTESIAN_POINT ( 'NONE',  ( 65.00000000000011369, 64.63495408493606931, 2.498001805406602216E-13 ) ) ;
#1034 = VERTEX_POINT ( 'NONE', #1239 ) ;
#1035 = CARTESIAN_POINT ( 'NONE',  ( -100.0000000000000000, 115.0000000000003553, 120.3650459150637602 ) ) ;
#1036 = VECTOR ( 'NONE', #1702, 1000.000000000000000 ) ;
#1037 = ORIENTED_EDGE ( 'NONE', *, *, #1017, .T. ) ;
#1038 = EDGE_CURVE ( 'NONE', #1343, #810, #1684, .T. ) ;
#1039 = AXIS2_PLACEMENT_3D ( 'NONE', #427, #299, #1767 ) ;
#1040 = PLANE ( 'NONE',  #230 ) ;
#1041 = CARTESIAN_POINT ( 'NONE',  ( 95.00000000000000000, 64.63495408493606931, 2.220446049250313081E-13 ) ) ;
#1042 = CARTESIAN_POINT ( 'NONE',  ( -69.99999999999998579, 59.63495408493666616, 165.0000000000003126 ) ) ;
#1043 = DIRECTION ( 'NONE',  ( -1.982541115402081134E-16, 3.491481338843133355E-15, 1.000000000000000000 ) ) ;
#1044 = ORIENTED_EDGE ( 'NONE', *, *, #1616, .F. ) ;
#1045 = LINE ( 'NONE', #282, #104 ) ;
#1046 = ORIENTED_EDGE ( 'NONE', *, *, #1297, .F. ) ;
#1047 = LINE ( 'NONE', #1197, #1476 ) ;
#1048 = EDGE_CURVE ( 'NONE', #1729, #1264, #1716, .T. ) ;
#1049 = CARTESIAN_POINT ( 'NONE',  ( -65.00000000000011369, 64.63495408493609773, 3.053113317719180486E-13 ) ) ;
#1050 = DIRECTION ( 'NONE',  ( 0.000000000000000000, -7.888609052210118054E-31, 1.000000000000000000 ) ) ;
#1051 = ORIENTED_EDGE ( 'NONE', *, *, #722, .F. ) ;
#1052 = ORIENTED_EDGE ( 'NONE', *, *, #1616, .T. ) ;
#1053 = EDGE_LOOP ( 'NONE', ( #1256, #1218, #96, #289 ) ) ;
#1054 = DIRECTION ( 'NONE',  ( 1.569069602873265189E-30, 1.000000000000000000, -3.491481338843133355E-15 ) ) ;
#1055 = LINE ( 'NONE', #39, #1738 ) ;
#1056 = EDGE_CURVE ( 'NONE', #1264, #1494, #1840, .T. ) ;
#1057 = DIRECTION ( 'NONE',  ( 1.569069602873265189E-30, 1.000000000000000000, -3.491481338843133355E-15 ) ) ;
#1058 = AXIS2_PLACEMENT_3D ( 'NONE', #1340, #158, #755 ) ;
#1059 = EDGE_CURVE ( 'NONE', #985, #721, #1271, .T. ) ;
#1060 = CIRCLE ( 'NONE', #262, 4.999999999999990230 ) ;
#1061 = CARTESIAN_POINT ( 'NONE',  ( 100.0000000000000000, 115.0000000000001279, 65.00000000000002842 ) ) ;
#1062 = ORIENTED_EDGE ( 'NONE', *, *, #1862, .T. ) ;
#1063 = VECTOR ( 'NONE', #377, 1000.000000000000000 ) ;
#1064 = AXIS2_PLACEMENT_3D ( 'NONE', #462, #1221, #331 ) ;
#1065 = CIRCLE ( 'NONE', #1319, 2.500000000000002220 ) ;
#1066 = CARTESIAN_POINT ( 'NONE',  ( -95.00000000000000000, 64.63495408493609773, 2.775557561562891351E-13 ) ) ;
#1067 = PLANE ( 'NONE',  #478 ) ;
#1068 = AXIS2_PLACEMENT_3D ( 'NONE', #696, #1572, #1104 ) ;
#1069 = ADVANCED_FACE ( 'NONE', ( #1828 ), #520, .F. ) ;
#1070 = DIRECTION ( 'NONE',  ( 1.000000000000000000, -1.982541115402065356E-16, 1.384401061583112472E-30 ) ) ;
#1071 = EDGE_LOOP ( 'NONE', ( #601, #1025, #493, #261 ) ) ;
#1072 = EDGE_CURVE ( 'NONE', #714, #923, #1196, .T. ) ;
#1073 = ORIENTED_EDGE ( 'NONE', *, *, #1503, .T. ) ;
#1074 = ORIENTED_EDGE ( 'NONE', *, *, #1568, .T. ) ;
#1075 = DIRECTION ( 'NONE',  ( 1.000000000000000000, -0.000000000000000000, 0.000000000000000000 ) ) ;
#1076 = CARTESIAN_POINT ( 'NONE',  ( -95.00000000000000000, 74.63495408493629668, 55.00000000000028422 ) ) ;
#1077 = CARTESIAN_POINT ( 'NONE',  ( 59.99999999999999289, 64.63495408493612615, 15.00000000000023448 ) ) ;
#1078 = ORIENTED_EDGE ( 'NONE', *, *, #1212, .T. ) ;
#1079 = EDGE_LOOP ( 'NONE', ( #793, #984, #476, #546 ) ) ;
#1080 = EDGE_CURVE ( 'NONE', #1809, #123, #248, .T. ) ;
#1081 = VERTEX_POINT ( 'NONE', #367 ) ;
#1082 = DIRECTION ( 'NONE',  ( 1.000000000000000000, 0.000000000000000000, 0.000000000000000000 ) ) ;
#1083 = DIRECTION ( 'NONE',  ( -1.000000000000000000, 1.569069602873259584E-30, -1.569069602873276049E-30 ) ) ;
#1084 = CARTESIAN_POINT ( 'NONE',  ( 95.00000000000000000, 64.63495408493606931, 2.220446049250313081E-13 ) ) ;
#1085 = ORIENTED_EDGE ( 'NONE', *, *, #159, .T. ) ;
#1086 = CIRCLE ( 'NONE', #221, 5.000000000000004441 ) ;
#1087 = VERTEX_POINT ( 'NONE', #100 ) ;
#1088 = ORIENTED_EDGE ( 'NONE', *, *, #1858, .T. ) ;
#1089 = VECTOR ( 'NONE', #1332, 1000.000000000000000 ) ;
#1090 = FACE_OUTER_BOUND ( 'NONE', #1599, .T. ) ;
#1091 = DIRECTION ( 'NONE',  ( 1.000000000000000000, 5.478377237778010793E-45, 1.569069602873265014E-30 ) ) ;
#1092 = EDGE_CURVE ( 'NONE', #1330, #514, #738, .T. ) ;
#1093 = VECTOR ( 'NONE', #1506, 1000.000000000000000 ) ;
#1094 = DIRECTION ( 'NONE',  ( 2.245185798436813022E-16, -3.491481338843133355E-15, -1.000000000000000000 ) ) ;
#1095 = AXIS2_PLACEMENT_3D ( 'NONE', #1512, #638, #1812 ) ;
#1096 = DIRECTION ( 'NONE',  ( -0.000000000000000000, -1.000000000000000000, 3.491481338843133355E-15 ) ) ;
#1097 = ORIENTED_EDGE ( 'NONE', *, *, #1182, .F. ) ;
#1098 = DIRECTION ( 'NONE',  ( -0.000000000000000000, 1.000000000000000000, -6.982962677686266711E-15 ) ) ;
#1099 = EDGE_LOOP ( 'NONE', ( #1175, #565, #8, #1807, #153, #1353, #1226, #543, #1514 ) ) ;
#1100 = DIRECTION ( 'NONE',  ( -1.569069602873265189E-30, -1.000000000000000000, 3.491481338843133355E-15 ) ) ;
#1101 = DIRECTION ( 'NONE',  ( 0.000000000000000000, -3.491481338843133355E-15, -1.000000000000000000 ) ) ;
#1102 = EDGE_CURVE ( 'NONE', #1328, #1652, #223, .T. ) ;
#1103 = CARTESIAN_POINT ( 'NONE',  ( -48.79873728835472946, 105.0000000000001421, 65.00000000000007105 ) ) ;
#1104 = DIRECTION ( 'NONE',  ( 0.000000000000000000, 0.000000000000000000, 1.000000000000000000 ) ) ;
#1105 = CARTESIAN_POINT ( 'NONE',  ( 100.0000000000000000, 64.63495408493707828, 40.00000000000028422 ) ) ;
#1106 = LINE ( 'NONE', #1423, #1596 ) ;
#1107 = VERTEX_POINT ( 'NONE', #258 ) ;
#1108 = CYLINDRICAL_SURFACE ( 'NONE', #163, 5.000000000000004441 ) ;
#1109 = EDGE_LOOP ( 'NONE', ( #1275, #629, #953, #588 ) ) ;
#1110 = DIRECTION ( 'NONE',  ( 1.000000000000000000, -1.569069602873259584E-30, 1.569069602873276049E-30 ) ) ;
#1111 = CARTESIAN_POINT ( 'NONE',  ( 64.99999999999998579, 64.63495408493612615, 15.00000000000023448 ) ) ;
#1112 = CARTESIAN_POINT ( 'NONE',  ( 75.00000000000001421, 120.0000000000003411, 125.3650459150637317 ) ) ;
#1113 = EDGE_CURVE ( 'NONE', #1695, #123, #1538, .T. ) ;
#1114 = EDGE_LOOP ( 'NONE', ( #188, #628, #1820, #1843 ) ) ;
#1115 =( NAMED_UNIT ( * ) SI_UNIT ( $, .STERADIAN. ) SOLID_ANGLE_UNIT ( ) );
#1116 = ADVANCED_FACE ( 'NONE', ( #807 ), #80, .F. ) ;
#1117 = ORIENTED_EDGE ( 'NONE', *, *, #1683, .T. ) ;
#1118 = FACE_BOUND ( 'NONE', #43, .T. ) ;
#1119 = AXIS2_PLACEMENT_3D ( 'NONE', #1259, #1847, #693 ) ;
#1120 = ORIENTED_EDGE ( 'NONE', *, *, #1048, .T. ) ;
#1121 = CIRCLE ( 'NONE', #1158, 2.500000000000002220 ) ;
#1122 = CARTESIAN_POINT ( 'NONE',  ( -95.00000000000000000, 115.0000000000001563, 65.00000000000002842 ) ) ;
#1123 = CARTESIAN_POINT ( 'NONE',  ( 65.00000000000011369, 64.63495408493606931, 2.498001805406602216E-13 ) ) ;
#1124 = VECTOR ( 'NONE', #1331, 1000.000000000000000 ) ;
#1125 = DIRECTION ( 'NONE',  ( 0.000000000000000000, 0.000000000000000000, 1.000000000000000000 ) ) ;
#1126 = CARTESIAN_POINT ( 'NONE',  ( -72.50000000000001421, 64.63495408493612615, 10.00000000000028599 ) ) ;
#1127 = VECTOR ( 'NONE', #364, 1000.000000000000000 ) ;
#1128 = EDGE_LOOP ( 'NONE', ( #653, #284, #206, #987 ) ) ;
#1129 = PLANE ( 'NONE',  #197 ) ;
#1130 = VECTOR ( 'NONE', #1913, 1000.000000000000000 ) ;
#1131 = VERTEX_POINT ( 'NONE', #709 ) ;
#1132 = AXIS2_PLACEMENT_3D ( 'NONE', #333, #1786, #1674 ) ;
#1133 = DIRECTION ( 'NONE',  ( 0.000000000000000000, 1.000000000000000000, -3.491481338843133355E-15 ) ) ;
#1134 = ADVANCED_FACE ( 'NONE', ( #1453 ), #1295, .T. ) ;
#1135 = VERTEX_POINT ( 'NONE', #1473 ) ;
#1136 = DIRECTION ( 'NONE',  ( 1.000000000000000000, 0.000000000000000000, 0.000000000000000000 ) ) ;
#1137 = DIRECTION ( 'NONE',  ( 0.000000000000000000, 1.000000000000000000, -3.491481338843133355E-15 ) ) ;
#1138 = CARTESIAN_POINT ( 'NONE',  ( 69.99999999999998579, 105.0000000000000853, 55.00000000000007816 ) ) ;
#1139 = CARTESIAN_POINT ( 'NONE',  ( -60.00000000000012079, 64.63495408493611194, 5.000000000000282441 ) ) ;
#1140 = LINE ( 'NONE', #1042, #1282 ) ;
#1141 = SURFACE_STYLE_USAGE ( .BOTH. , #214 ) ;
#1142 = ORIENTED_EDGE ( 'NONE', *, *, #368, .T. ) ;
#1143 = CARTESIAN_POINT ( 'NONE',  ( 70.00000000000000000, 59.63495408493611905, 15.00000000000026290 ) ) ;
#1144 = ORIENTED_EDGE ( 'NONE', *, *, #1400, .F. ) ;
#1145 = EDGE_CURVE ( 'NONE', #714, #1642, #1002, .T. ) ;
#1146 = CARTESIAN_POINT ( 'NONE',  ( -100.0000000000000000, 105.0000000000001421, 65.00000000000007105 ) ) ;
#1147 = DIRECTION ( 'NONE',  ( -0.000000000000000000, -1.000000000000000000, 3.491481338843133355E-15 ) ) ;
#1148 = LINE ( 'NONE', #1159, #1474 ) ;
#1149 = DIRECTION ( 'NONE',  ( -1.982541115402065356E-16, -3.491481338843133355E-15, -1.000000000000000000 ) ) ;
#1150 = ORIENTED_EDGE ( 'NONE', *, *, #1838, .T. ) ;
#1151 = CARTESIAN_POINT ( 'NONE',  ( -95.00000000000000000, 105.0000000000000711, 55.00000000000007816 ) ) ;
#1152 = ORIENTED_EDGE ( 'NONE', *, *, #582, .T. ) ;
#1153 = PRODUCT_DEFINITION_CONTEXT ( 'detailed design', #909, 'design' ) ;
#1154 = VECTOR ( 'NONE', #788, 1000.000000000000000 ) ;
#1155 = LINE ( 'NONE', #276, #232 ) ;
#1156 = EDGE_CURVE ( 'NONE', #477, #363, #1883, .T. ) ;
#1157 = CARTESIAN_POINT ( 'NONE',  ( 74.99999999999998579, 120.0000000000003126, 120.3650459150637317 ) ) ;
#1158 = AXIS2_PLACEMENT_3D ( 'NONE', #291, #116, #712 ) ;
#1159 = CARTESIAN_POINT ( 'NONE',  ( 59.99999999999999289, 64.63495408493612615, 15.00000000000023448 ) ) ;
#1160 = EDGE_CURVE ( 'NONE', #148, #770, #121, .T. ) ;
#1161 = CARTESIAN_POINT ( 'NONE',  ( -100.0000000000000000, 115.0000000000003553, 120.3650459150637175 ) ) ;
#1162 = AXIS2_PLACEMENT_3D ( 'NONE', #673, #980, #1100 ) ;
#1163 = ORIENTED_EDGE ( 'NONE', *, *, #1326, .F. ) ;
#1164 = DIRECTION ( 'NONE',  ( 1.000000000000000000, 5.955518473380472551E-45, 1.569069602873265189E-30 ) ) ;
#1165 = VECTOR ( 'NONE', #152, 1000.000000000000000 ) ;
#1166 = VERTEX_POINT ( 'NONE', #718 ) ;
#1167 = CIRCLE ( 'NONE', #889, 4.999999999999990230 ) ;
#1168 = CARTESIAN_POINT ( 'NONE',  ( -95.00000000000000000, 115.0000000000003695, 125.3650459150637602 ) ) ;
#1169 = LINE ( 'NONE', #1012, #1520 ) ;
#1170 = DIRECTION ( 'NONE',  ( 0.000000000000000000, 1.000000000000000000, -3.491481338843133355E-15 ) ) ;
#1171 = DIRECTION ( 'NONE',  ( -1.000000000000000000, 1.569069602873259584E-30, -1.569069602873276049E-30 ) ) ;
#1172 = ADVANCED_FACE ( 'NONE', ( #562, #1185 ), #1736, .T. ) ;
#1173 = ORIENTED_EDGE ( 'NONE', *, *, #1038, .T. ) ;
#1174 = PLANE ( 'NONE',  #416 ) ;
#1175 = ORIENTED_EDGE ( 'NONE', *, *, #139, .T. ) ;
#1176 = CARTESIAN_POINT ( 'NONE',  ( 64.99999999999998579, 59.63495408493611905, 15.00000000000026290 ) ) ;
#1177 = FACE_OUTER_BOUND ( 'NONE', #1128, .T. ) ;
#1178 = DIRECTION ( 'NONE',  ( -1.000000000000000000, 0.000000000000000000, 0.000000000000000000 ) ) ;
#1179 = EDGE_CURVE ( 'NONE', #1668, #396, #1613, .T. ) ;
#1180 = VERTEX_POINT ( 'NONE', #897 ) ;
#1181 = DIRECTION ( 'NONE',  ( 0.000000000000000000, 0.000000000000000000, 1.000000000000000000 ) ) ;
#1182 = EDGE_CURVE ( 'NONE', #553, #1730, #1325, .T. ) ;
#1183 = EDGE_LOOP ( 'NONE', ( #1449, #1567, #63, #1851 ) ) ;
#1184 = DIRECTION ( 'NONE',  ( 1.000000000000000000, 0.000000000000000000, 0.000000000000000000 ) ) ;
#1185 = FACE_BOUND ( 'NONE', #494, .T. ) ;
#1186 = CIRCLE ( 'NONE', #189, 4.500000000000003553 ) ;
#1187 = DIRECTION ( 'NONE',  ( 0.000000000000000000, 0.000000000000000000, 1.000000000000000000 ) ) ;
#1188 = ORIENTED_EDGE ( 'NONE', *, *, #780, .T. ) ;
#1189 = LINE ( 'NONE', #1035, #1553 ) ;
#1190 = CIRCLE ( 'NONE', #1803, 5.000000000000004441 ) ;
#1191 = ORIENTED_EDGE ( 'NONE', *, *, #1482, .F. ) ;
#1192 = AXIS2_PLACEMENT_3D ( 'NONE', #956, #505, #1527 ) ;
#1193 = ADVANCED_FACE ( 'NONE', ( #269 ), #1915, .T. ) ;
#1194 = VECTOR ( 'NONE', #1315, 1000.000000000000000 ) ;
#1195 = PRODUCT_DEFINITION_SHAPE ( 'NONE', 'NONE',  #1209 ) ;
#1196 = CIRCLE ( 'NONE', #1321, 5.000000000000004441 ) ;
#1197 = CARTESIAN_POINT ( 'NONE',  ( 95.00000000000000000, 64.63495408493606931, 2.220446049250313081E-13 ) ) ;
#1198 = LINE ( 'NONE', #1375, #630 ) ;
#1199 = DIRECTION ( 'NONE',  ( 0.000000000000000000, 0.000000000000000000, 1.000000000000000000 ) ) ;
#1200 = ORIENTED_EDGE ( 'NONE', *, *, #671, .F. ) ;
#1201 = VERTEX_POINT ( 'NONE', #1161 ) ;
#1202 = ADVANCED_FACE ( 'NONE', ( #591 ), #435, .F. ) ;
#1203 = FACE_OUTER_BOUND ( 'NONE', #563, .T. ) ;
#1204 = CYLINDRICAL_SURFACE ( 'NONE', #376, 4.999999999999990230 ) ;
#1205 = FACE_OUTER_BOUND ( 'NONE', #344, .T. ) ;
#1206 = LINE ( 'NONE', #1230, #1471 ) ;
#1207 = ORIENTED_EDGE ( 'NONE', *, *, #542, .T. ) ;
#1208 = ORIENTED_EDGE ( 'NONE', *, *, #1072, .T. ) ;
#1209 = PRODUCT_DEFINITION ( 'UNKNOWN', '', #850, #1153 ) ;
#1210 = FACE_OUTER_BOUND ( 'NONE', #1109, .T. ) ;
#1211 = DIRECTION ( 'NONE',  ( -1.000000000000000000, 1.569069602873259759E-30, -1.569069602873276049E-30 ) ) ;
#1212 = EDGE_CURVE ( 'NONE', #1034, #1397, #1873, .T. ) ;
#1213 = CARTESIAN_POINT ( 'NONE',  ( 64.99999999999998579, 64.63495408493612615, 15.00000000000023448 ) ) ;
#1214 = CIRCLE ( 'NONE', #347, 9.999999999999994671 ) ;
#1215 = EDGE_LOOP ( 'NONE', ( #1720, #1399 ) ) ;
#1216 = EDGE_LOOP ( 'NONE', ( #1597, #281, #1188, #1286 ) ) ;
#1217 = AXIS2_PLACEMENT_3D ( 'NONE', #393, #982, #1682 ) ;
#1218 = ORIENTED_EDGE ( 'NONE', *, *, #52, .T. ) ;
#1219 = AXIS2_PLACEMENT_3D ( 'NONE', #1891, #1612, #583 ) ;
#1220 = PRESENTATION_LAYER_ASSIGNMENT (  '', '', ( #455 ) ) ;
#1221 = DIRECTION ( 'NONE',  ( 0.000000000000000000, 1.000000000000000000, -3.491481338843133355E-15 ) ) ;
#1222 = CARTESIAN_POINT ( 'NONE',  ( 64.99999999999998579, 59.63495408493606220, 2.498001805406602216E-13 ) ) ;
#1223 = VECTOR ( 'NONE', #1592, 1000.000000000000000 ) ;
#1224 = DIRECTION ( 'NONE',  ( -1.000000000000000000, 4.799338746567200187E-30, 9.251858538542989577E-16 ) ) ;
#1225 = EDGE_CURVE ( 'NONE', #514, #1397, #1314, .T. ) ;
#1226 = ORIENTED_EDGE ( 'NONE', *, *, #924, .T. ) ;
#1227 = ORIENTED_EDGE ( 'NONE', *, *, #1858, .F. ) ;
#1228 = DIRECTION ( 'NONE',  ( 0.000000000000000000, -1.000000000000000000, 3.700743415417188731E-15 ) ) ;
#1229 = LINE ( 'NONE', #1076, #602 ) ;
#1230 = CARTESIAN_POINT ( 'NONE',  ( 64.99999999999998579, 59.63495408493620431, 40.00000000000028422 ) ) ;
#1231 = EDGE_LOOP ( 'NONE', ( #1564, #795, #874, #1504 ) ) ;
#1232 = ADVANCED_FACE ( 'NONE', ( #1014 ), #1604, .T. ) ;
#1233 = ORIENTED_EDGE ( 'NONE', *, *, #1334, .T. ) ;
#1234 = EDGE_CURVE ( 'NONE', #762, #1446, #1462, .T. ) ;
#1235 = ORIENTED_EDGE ( 'NONE', *, *, #1048, .F. ) ;
#1236 = FACE_OUTER_BOUND ( 'NONE', #225, .T. ) ;
#1237 = FACE_OUTER_BOUND ( 'NONE', #822, .T. ) ;
#1238 = CARTESIAN_POINT ( 'NONE',  ( -100.0000000000000000, 105.0000000000000568, 50.00000000000007105 ) ) ;
#1239 = CARTESIAN_POINT ( 'NONE',  ( 94.99999999999997158, 120.0000000000003411, 125.3650459150637602 ) ) ;
#1240 = AXIS2_PLACEMENT_3D ( 'NONE', #1890, #998, #724 ) ;
#1241 = ORIENTED_EDGE ( 'NONE', *, *, #1470, .T. ) ;
#1242 = ORIENTED_EDGE ( 'NONE', *, *, #1862, .F. ) ;
#1243 = CIRCLE ( 'NONE', #1437, 5.000000000000004441 ) ;
#1244 = FACE_OUTER_BOUND ( 'NONE', #352, .T. ) ;
#1245 = ORIENTED_EDGE ( 'NONE', *, *, #1113, .F. ) ;
#1246 = EDGE_CURVE ( 'NONE', #1422, #770, #1782, .T. ) ;
#1247 = CARTESIAN_POINT ( 'NONE',  ( 65.00000000000000000, 59.63495408493615457, 25.00000000000024514 ) ) ;
#1248 = CARTESIAN_POINT ( 'NONE',  ( 64.99999999999998579, 115.0000000000001279, 65.00000000000002842 ) ) ;
#1249 = AXIS2_PLACEMENT_3D ( 'NONE', #4, #1024, #1043 ) ;
#1250 = DIRECTION ( 'NONE',  ( -1.000000000000000000, 0.000000000000000000, 0.000000000000000000 ) ) ;
#1251 = FACE_OUTER_BOUND ( 'NONE', #1607, .T. ) ;
#1252 = EDGE_LOOP ( 'NONE', ( #1654, #404, #34, #813 ) ) ;
#1253 =( NAMED_UNIT ( * ) PLANE_ANGLE_UNIT ( ) SI_UNIT ( $, .RADIAN. ) );
#1254 = ORIENTED_EDGE ( 'NONE', *, *, #1080, .T. ) ;
#1255 = DIRECTION ( 'NONE',  ( 1.000000000000000000, 7.839024317477753066E-31, 2.245185798436813022E-16 ) ) ;
#1256 = ORIENTED_EDGE ( 'NONE', *, *, #1900, .F. ) ;
#1257 = CYLINDRICAL_SURFACE ( 'NONE', #733, 4.500000000000003553 ) ;
#1258 = EDGE_CURVE ( 'NONE', #1180, #943, #1023, .T. ) ;
#1259 = CARTESIAN_POINT ( 'NONE',  ( 70.00000000000000000, 74.63495408493619721, 40.00000000000025580 ) ) ;
#1260 = DIRECTION ( 'NONE',  ( 1.000000000000000000, 0.000000000000000000, 0.000000000000000000 ) ) ;
#1261 = EDGE_CURVE ( 'NONE', #338, #1131, #307, .T. ) ;
#1262 = CARTESIAN_POINT ( 'NONE',  ( 59.99999999999999289, 64.63495408493612615, 15.00000000000023448 ) ) ;
#1263 = ORIENTED_EDGE ( 'NONE', *, *, #228, .F. ) ;
#1264 = VERTEX_POINT ( 'NONE', #645 ) ;
#1265 = CARTESIAN_POINT ( 'NONE',  ( -95.00000000000000000, 64.63495408493611194, 5.000000000000282441 ) ) ;
#1266 = EDGE_LOOP ( 'NONE', ( #1044, #361, #1152, #6 ) ) ;
#1267 = CYLINDRICAL_SURFACE ( 'NONE', #1192, 2.500000000000002220 ) ;
#1268 = CARTESIAN_POINT ( 'NONE',  ( -70.00000000000000000, 64.63495408493618299, 25.00000000000027356 ) ) ;
#1269 = EDGE_CURVE ( 'NONE', #396, #1486, #880, .T. ) ;
#1270 = CARTESIAN_POINT ( 'NONE',  ( 100.0000000000000000, 105.0000000000000853, 55.00000000000007816 ) ) ;
#1271 = LINE ( 'NONE', #1562, #548 ) ;
#1272 = ADVANCED_FACE ( 'NONE', ( #773 ), #1357, .F. ) ;
#1273 = ORIENTED_EDGE ( 'NONE', *, *, #740, .T. ) ;
#1274 =( LENGTH_UNIT ( ) NAMED_UNIT ( * ) SI_UNIT ( .MILLI., .METRE. ) );
#1275 = ORIENTED_EDGE ( 'NONE', *, *, #979, .F. ) ;
#1276 = CARTESIAN_POINT ( 'NONE',  ( 69.99999999999998579, 115.0000000000003268, 120.3650459150637175 ) ) ;
#1277 = AXIS2_PLACEMENT_3D ( 'NONE', #423, #119, #716 ) ;
#1278 = VERTEX_POINT ( 'NONE', #912 ) ;
#1279 = VECTOR ( 'NONE', #690, 1000.000000000000000 ) ;
#1280 = CARTESIAN_POINT ( 'NONE',  ( -100.0000000000000000, 74.63495408493629668, 50.00000000000027711 ) ) ;
#1281 = CARTESIAN_POINT ( 'NONE',  ( -75.00000000000001421, 120.0000000000003695, 125.3650459150637317 ) ) ;
#1282 = VECTOR ( 'NONE', #14, 1000.000000000000000 ) ;
#1283 = DIRECTION ( 'NONE',  ( 1.569069602873265189E-30, 1.000000000000000000, -3.491481338843133355E-15 ) ) ;
#1284 = DIRECTION ( 'NONE',  ( 1.000000000000000000, 0.000000000000000000, 0.000000000000000000 ) ) ;
#1285 = AXIS2_PLACEMENT_3D ( 'NONE', #1313, #1170, #1591 ) ;
#1286 = ORIENTED_EDGE ( 'NONE', *, *, #1234, .F. ) ;
#1287 = DIRECTION ( 'NONE',  ( 1.000000000000000000, 5.955518473380472551E-45, 1.569069602873265189E-30 ) ) ;
#1288 = ADVANCED_FACE ( 'NONE', ( #1673 ), #1665, .T. ) ;
#1289 = ORIENTED_EDGE ( 'NONE', *, *, #800, .F. ) ;
#1290 = VECTOR ( 'NONE', #929, 1000.000000000000000 ) ;
#1291 = DIRECTION ( 'NONE',  ( 0.000000000000000000, 1.000000000000000000, -3.491481338843133355E-15 ) ) ;
#1292 = ORIENTED_EDGE ( 'NONE', *, *, #1297, .T. ) ;
#1293 = DIRECTION ( 'NONE',  ( 0.000000000000000000, 1.000000000000000000, -3.491481338843133355E-15 ) ) ;
#1294 = DIRECTION ( 'NONE',  ( 0.000000000000000000, 0.000000000000000000, 1.000000000000000000 ) ) ;
#1295 = PLANE ( 'NONE',  #1563 ) ;
#1296 = ORIENTED_EDGE ( 'NONE', *, *, #357, .F. ) ;
#1297 = EDGE_CURVE ( 'NONE', #199, #194, #1817, .T. ) ;
#1298 = DIRECTION ( 'NONE',  ( -1.000000000000000000, 0.000000000000000000, -0.000000000000000000 ) ) ;
#1299 = VERTEX_POINT ( 'NONE', #1496 ) ;
#1300 = EDGE_CURVE ( 'NONE', #642, #69, #1396, .T. ) ;
#1301 = FACE_OUTER_BOUND ( 'NONE', #1789, .T. ) ;
#1302 = DIRECTION ( 'NONE',  ( -1.000000000000000000, -5.478377237778010793E-45, -1.569069602873265014E-30 ) ) ;
#1303 = CARTESIAN_POINT ( 'NONE',  ( -70.00000000000000000, 119.9999999999998579, -19.63495408493628958 ) ) ;
#1304 = LINE ( 'NONE', #1893, #1407 ) ;
#1305 = ORIENTED_EDGE ( 'NONE', *, *, #826, .F. ) ;
#1306 = DIRECTION ( 'NONE',  ( 1.974212956015668405E-32, -6.883382752675970551E-15, -1.000000000000000000 ) ) ;
#1307 = ORIENTED_EDGE ( 'NONE', *, *, #1555, .F. ) ;
#1308 = VECTOR ( 'NONE', #1310, 1000.000000000000000 ) ;
#1309 = DIRECTION ( 'NONE',  ( -0.000000000000000000, -1.000000000000000000, 3.491481338843133355E-15 ) ) ;
#1310 = DIRECTION ( 'NONE',  ( -1.982541115402065356E-16, -1.000000000000000000, 6.982962677686266711E-15 ) ) ;
#1311 = ADVANCED_FACE ( 'NONE', ( #618 ), #184, .F. ) ;
#1312 = VECTOR ( 'NONE', #1336, 1000.000000000000000 ) ;
#1313 = CARTESIAN_POINT ( 'NONE',  ( -85.00000000000000000, 115.0000000000002842, 100.3650459150637602 ) ) ;
#1314 = LINE ( 'NONE', #748, #198 ) ;
#1315 = DIRECTION ( 'NONE',  ( 0.000000000000000000, 1.000000000000000000, -3.491481338843133355E-15 ) ) ;
#1316 = VECTOR ( 'NONE', #298, 1000.000000000000000 ) ;
#1317 = ORIENTED_EDGE ( 'NONE', *, *, #1491, .F. ) ;
#1318 = CARTESIAN_POINT ( 'NONE',  ( -100.0000000000000000, 120.0000000000003411, 120.3650459150637033 ) ) ;
#1319 = AXIS2_PLACEMENT_3D ( 'NONE', #559, #1742, #1136 ) ;
#1320 = ORIENTED_EDGE ( 'NONE', *, *, #1721, .F. ) ;
#1321 = AXIS2_PLACEMENT_3D ( 'NONE', #1728, #359, #1284 ) ;
#1322 = LINE ( 'NONE', #422, #887 ) ;
#1323 = ADVANCED_FACE ( 'NONE', ( #29 ), #1204, .T. ) ;
#1324 = CYLINDRICAL_SURFACE ( 'NONE', #577, 15.00000000000000000 ) ;
#1325 = LINE ( 'NONE', #414, #1223 ) ;
#1326 = EDGE_CURVE ( 'NONE', #923, #719, #490, .T. ) ;
#1327 = CARTESIAN_POINT ( 'NONE',  ( 69.99999999999998579, 120.0000000000001137, 65.00000000000001421 ) ) ;
#1328 = VERTEX_POINT ( 'NONE', #779 ) ;
#1329 = CARTESIAN_POINT ( 'NONE',  ( 70.00000000000000000, 74.63495408493629668, 55.00000000000025580 ) ) ;
#1330 = VERTEX_POINT ( 'NONE', #192 ) ;
#1331 = DIRECTION ( 'NONE',  ( -1.000000000000000000, 0.000000000000000000, 0.000000000000000000 ) ) ;
#1332 = DIRECTION ( 'NONE',  ( 0.000000000000000000, 1.000000000000000000, -3.491481338843133355E-15 ) ) ;
#1333 = DIRECTION ( 'NONE',  ( -1.982541115402065356E-16, -3.491481338843133355E-15, -1.000000000000000000 ) ) ;
#1334 = EDGE_CURVE ( 'NONE', #943, #243, #1198, .T. ) ;
#1335 = VERTEX_POINT ( 'NONE', #766 ) ;
#1336 = DIRECTION ( 'NONE',  ( 1.974212956015668405E-32, 1.000000000000000000, -3.391901413832837195E-15 ) ) ;
#1337 = EDGE_LOOP ( 'NONE', ( #866, #133, #1630, #48 ) ) ;
#1338 = AXIS2_PLACEMENT_3D ( 'NONE', #1385, #57, #375 ) ;
#1339 = DIRECTION ( 'NONE',  ( -1.000000000000000000, -0.000000000000000000, -0.000000000000000000 ) ) ;
#1340 = CARTESIAN_POINT ( 'NONE',  ( 95.00000000000000000, 64.63495408493608352, 5.000000000000226485 ) ) ;
#1341 = AXIS2_PLACEMENT_3D ( 'NONE', #1886, #1896, #575 ) ;
#1342 = DIRECTION ( 'NONE',  ( 0.000000000000000000, 1.000000000000000000, -3.491481338843133355E-15 ) ) ;
#1343 = VERTEX_POINT ( 'NONE', #1049 ) ;
#1344 = ADVANCED_FACE ( 'NONE', ( #463, #332 ), #1067, .F. ) ;
#1345 = ORIENTED_EDGE ( 'NONE', *, *, #306, .T. ) ;
#1346 = AXIS2_PLACEMENT_3D ( 'NONE', #708, #1882, #150 ) ;
#1347 = EDGE_CURVE ( 'NONE', #1642, #762, #1086, .T. ) ;
#1348 = AXIS2_PLACEMENT_3D ( 'NONE', #1146, #723, #715 ) ;
#1349 = DIRECTION ( 'NONE',  ( 1.000000000000000000, 0.000000000000000000, 0.000000000000000000 ) ) ;
#1350 = DIRECTION ( 'NONE',  ( 0.000000000000000000, 1.000000000000000000, -3.491481338843133355E-15 ) ) ;
#1351 = CARTESIAN_POINT ( 'NONE',  ( -59.99999999999999289, 64.63495408493615457, 15.00000000000029132 ) ) ;
#1352 = CARTESIAN_POINT ( 'NONE',  ( -94.99999999999997158, 120.0000000000003695, 125.3650459150637602 ) ) ;
#1353 = ORIENTED_EDGE ( 'NONE', *, *, #529, .T. ) ;
#1354 = ORIENTED_EDGE ( 'NONE', *, *, #1671, .F. ) ;
#1355 = EDGE_CURVE ( 'NONE', #1809, #1644, #311, .T. ) ;
#1356 = CARTESIAN_POINT ( 'NONE',  ( -95.00000000000000000, 64.63495408493666616, 165.0000000000003126 ) ) ;
#1357 = PLANE ( 'NONE',  #319 ) ;
#1358 = CYLINDRICAL_SURFACE ( 'NONE', #706, 9.999999999999994671 ) ;
#1359 = VERTEX_POINT ( 'NONE', #176 ) ;
#1360 = ORIENTED_EDGE ( 'NONE', *, *, #1509, .T. ) ;
#1361 = VERTEX_POINT ( 'NONE', #1364 ) ;
#1362 = CYLINDRICAL_SURFACE ( 'NONE', #1869, 4.500000000000003553 ) ;
#1363 = EDGE_CURVE ( 'NONE', #199, #1087, #1229, .T. ) ;
#1364 = CARTESIAN_POINT ( 'NONE',  ( -67.50000000000000000, 64.63495408493612615, 10.00000000000028599 ) ) ;
#1365 = DIRECTION ( 'NONE',  ( -1.000000000000000000, 0.000000000000000000, 0.000000000000000000 ) ) ;
#1366 = VECTOR ( 'NONE', #1255, 1000.000000000000000 ) ;
#1367 = PRODUCT_CONTEXT ( 'NONE', #643, 'mechanical' ) ;
#1368 = EDGE_LOOP ( 'NONE', ( #1806, #522, #1768, #187, #466, #1037, #1173, #25, #995 ) ) ;
#1369 = ORIENTED_EDGE ( 'NONE', *, *, #1888, .F. ) ;
#1370 = VECTOR ( 'NONE', #380, 1000.000000000000000 ) ;
#1371 = VERTEX_POINT ( 'NONE', #1793 ) ;
#1372 = AXIS2_PLACEMENT_3D ( 'NONE', #859, #1472, #412 ) ;
#1373 = MECHANICAL_DESIGN_GEOMETRIC_PRESENTATION_REPRESENTATION (  '', ( #455 ), #736 ) ;
#1374 = CARTESIAN_POINT ( 'NONE',  ( -100.0000000000000000, 59.63495408493666616, 165.0000000000003126 ) ) ;
#1375 = CARTESIAN_POINT ( 'NONE',  ( -75.00000000000001421, 120.0000000000003695, 125.3650459150637317 ) ) ;
#1376 = AXIS2_PLACEMENT_3D ( 'NONE', #1857, #687, #849 ) ;
#1377 = EDGE_CURVE ( 'NONE', #335, #396, #1055, .T. ) ;
#1378 = DIRECTION ( 'NONE',  ( -1.000000000000000000, 0.000000000000000000, -0.000000000000000000 ) ) ;
#1379 = EDGE_CURVE ( 'NONE', #1778, #769, #1704, .T. ) ;
#1380 = CARTESIAN_POINT ( 'NONE',  ( -95.00000000000000000, 74.63495408493631089, 50.00000000000027711 ) ) ;
#1381 = ORIENTED_EDGE ( 'NONE', *, *, #1015, .F. ) ;
#1382 = ORIENTED_EDGE ( 'NONE', *, *, #1415, .F. ) ;
#1383 = ORIENTED_EDGE ( 'NONE', *, *, #1072, .F. ) ;
#1384 = DIRECTION ( 'NONE',  ( 1.569069602873265189E-30, 1.000000000000000000, -3.491481338843133355E-15 ) ) ;
#1385 = CARTESIAN_POINT ( 'NONE',  ( -70.00000000000000000, 59.63495408493612615, 10.00000000000031442 ) ) ;
#1386 = CARTESIAN_POINT ( 'NONE',  ( 70.00000000000000000, 64.63495408493615457, 25.00000000000021672 ) ) ;
#1387 = ORIENTED_EDGE ( 'NONE', *, *, #1027, .F. ) ;
#1388 = EDGE_CURVE ( 'NONE', #1796, #243, #650, .T. ) ;
#1389 = EDGE_LOOP ( 'NONE', ( #1387, #605, #524, #371 ) ) ;
#1390 = CARTESIAN_POINT ( 'NONE',  ( 100.0000000000000000, 64.63495408493608352, 5.000000000000226485 ) ) ;
#1391 = ORIENTED_EDGE ( 'NONE', *, *, #904, .F. ) ;
#1392 = CARTESIAN_POINT ( 'NONE',  ( 100.0000000000000000, 105.0000000000001279, 65.00000000000007105 ) ) ;
#1393 = PLANE ( 'NONE',  #903 ) ;
#1394 = CARTESIAN_POINT ( 'NONE',  ( 65.00000000000011369, 59.63495408493608352, 5.000000000000254019 ) ) ;
#1395 = DIRECTION ( 'NONE',  ( -1.000000000000000000, -3.230269143693940953E-30, -9.251858538543005354E-16 ) ) ;
#1396 = CIRCLE ( 'NONE', #9, 4.999999999999990230 ) ;
#1397 = VERTEX_POINT ( 'NONE', #967 ) ;
#1398 = SURFACE_STYLE_USAGE ( .BOTH. , #1875 ) ;
#1399 = ORIENTED_EDGE ( 'NONE', *, *, #1530, .F. ) ;
#1400 = EDGE_CURVE ( 'NONE', #711, #1574, #401, .T. ) ;
#1401 = DIRECTION ( 'NONE',  ( 1.000000000000000000, 0.000000000000000000, 0.000000000000000000 ) ) ;
#1402 = ORIENTED_EDGE ( 'NONE', *, *, #173, .F. ) ;
#1403 = ADVANCED_FACE ( 'NONE', ( #1418 ), #684, .T. ) ;
#1404 = PLANE ( 'NONE',  #1443 ) ;
#1405 = DIRECTION ( 'NONE',  ( -1.000000000000000000, 1.569069602873259584E-30, -1.569069602873276049E-30 ) ) ;
#1406 = CIRCLE ( 'NONE', #1285, 4.500000000000003553 ) ;
#1407 = VECTOR ( 'NONE', #144, 1000.000000000000000 ) ;
#1408 = CARTESIAN_POINT ( 'NONE',  ( 70.00000000000000000, 39.99999999999995026, 50.00000000000050449 ) ) ;
#1409 = CARTESIAN_POINT ( 'NONE',  ( 69.99999999999998579, 105.0000000000000142, 50.00000000000005684 ) ) ;
#1410 = VECTOR ( 'NONE', #818, 1000.000000000000000 ) ;
#1411 = ORIENTED_EDGE ( 'NONE', *, *, #558, .F. ) ;
#1412 = LINE ( 'NONE', #82, #512 ) ;
#1413 = ORIENTED_EDGE ( 'NONE', *, *, #519, .F. ) ;
#1414 = CARTESIAN_POINT ( 'NONE',  ( 69.99999999999998579, 105.0000000000001279, 65.00000000000007105 ) ) ;
#1415 = EDGE_CURVE ( 'NONE', #770, #1730, #1837, .T. ) ;
#1416 = ORIENTED_EDGE ( 'NONE', *, *, #27, .T. ) ;
#1417 = DIRECTION ( 'NONE',  ( 0.000000000000000000, -1.000000000000000000, 3.469446951953616161E-15 ) ) ;
#1418 = FACE_OUTER_BOUND ( 'NONE', #1753, .T. ) ;
#1419 = EDGE_CURVE ( 'NONE', #820, #915, #10, .T. ) ;
#1420 = PLANE ( 'NONE',  #349 ) ;
#1421 = LINE ( 'NONE', #1126, #1410 ) ;
#1422 = VERTEX_POINT ( 'NONE', #201 ) ;
#1423 = CARTESIAN_POINT ( 'NONE',  ( -59.99999999999999289, 59.63495408493666616, 165.0000000000003126 ) ) ;
#1424 = ORIENTED_EDGE ( 'NONE', *, *, #1419, .T. ) ;
#1425 = DIRECTION ( 'NONE',  ( -0.000000000000000000, 0.000000000000000000, 1.000000000000000000 ) ) ;
#1426 = ORIENTED_EDGE ( 'NONE', *, *, #1179, .F. ) ;
#1427 = DIRECTION ( 'NONE',  ( -1.000000000000000000, 0.000000000000000000, 0.000000000000000000 ) ) ;
#1428 = DIRECTION ( 'NONE',  ( 0.000000000000000000, 1.000000000000000000, -3.491481338843133355E-15 ) ) ;
#1429 = EDGE_CURVE ( 'NONE', #931, #732, #220, .T. ) ;
#1430 = DIRECTION ( 'NONE',  ( 0.000000000000000000, 1.000000000000000000, -3.491481338843133355E-15 ) ) ;
#1431 = CARTESIAN_POINT ( 'NONE',  ( 70.00000000000000000, 30.00000000000001421, 55.00000000000056133 ) ) ;
#1432 = ORIENTED_EDGE ( 'NONE', *, *, #37, .T. ) ;
#1433 = ORIENTED_EDGE ( 'NONE', *, *, #780, .F. ) ;
#1434 = LINE ( 'NONE', #105, #448 ) ;
#1435 = AXIS2_PLACEMENT_3D ( 'NONE', #1784, #22, #321 ) ;
#1436 = EDGE_LOOP ( 'NONE', ( #729, #614, #1573, #45 ) ) ;
#1437 = AXIS2_PLACEMENT_3D ( 'NONE', #1008, #603, #263 ) ;
#1438 = CARTESIAN_POINT ( 'NONE',  ( -65.00000000000000000, 64.63495408493618299, 25.00000000000027356 ) ) ;
#1439 = DIRECTION ( 'NONE',  ( 0.000000000000000000, 1.000000000000000000, -3.491481338843133355E-15 ) ) ;
#1440 = AXIS2_PLACEMENT_3D ( 'NONE', #313, #610, #1785 ) ;
#1441 = LINE ( 'NONE', #278, #1316 ) ;
#1442 = CARTESIAN_POINT ( 'NONE',  ( -100.0000000000000000, 64.63495408493623984, 40.00000000000034106 ) ) ;
#1443 = AXIS2_PLACEMENT_3D ( 'NONE', #1558, #235, #1711 ) ;
#1444 = AXIS2_PLACEMENT_3D ( 'NONE', #939, #1794, #1365 ) ;
#1445 = EDGE_CURVE ( 'NONE', #1480, #852, #1620, .T. ) ;
#1446 = VERTEX_POINT ( 'NONE', #1123 ) ;
#1447 = VECTOR ( 'NONE', #378, 1000.000000000000000 ) ;
#1448 = FACE_BOUND ( 'NONE', #1831, .T. ) ;
#1449 = ORIENTED_EDGE ( 'NONE', *, *, #215, .F. ) ;
#1450 = DIRECTION ( 'NONE',  ( -1.000000000000000000, 0.000000000000000000, -0.000000000000000000 ) ) ;
#1451 = FACE_OUTER_BOUND ( 'NONE', #1637, .T. ) ;
#1452 = DIRECTION ( 'NONE',  ( 1.000000000000000000, -1.569069602873259584E-30, 1.569069602873276049E-30 ) ) ;
#1453 = FACE_OUTER_BOUND ( 'NONE', #691, .T. ) ;
#1454 = CARTESIAN_POINT ( 'NONE',  ( -69.99999999999998579, 105.0000000000001421, 65.00000000000007105 ) ) ;
#1455 = EDGE_LOOP ( 'NONE', ( #1764, #35, #196, #1296 ) ) ;
#1456 = PLANE ( 'NONE',  #1675 ) ;
#1457 = ADVANCED_FACE ( 'NONE', ( #1237 ), #1393, .F. ) ;
#1458 = ORIENTED_EDGE ( 'NONE', *, *, #758, .F. ) ;
#1459 = CARTESIAN_POINT ( 'NONE',  ( -100.0000000000000000, 180.0000000000000000, 49.99999999999955946 ) ) ;
#1460 = DIRECTION ( 'NONE',  ( -0.000000000000000000, 1.000000000000000000, -3.391901413832837195E-15 ) ) ;
#1461 = CARTESIAN_POINT ( 'NONE',  ( -89.50000000000001421, 120.0000000000002700, 100.3650459150637317 ) ) ;
#1462 = LINE ( 'NONE', #1041, #1529 ) ;
#1463 = PLANE ( 'NONE',  #1249 ) ;
#1464 = ORIENTED_EDGE ( 'NONE', *, *, #173, .T. ) ;
#1465 = DIRECTION ( 'NONE',  ( 1.000000000000000000, 0.000000000000000000, 0.000000000000000000 ) ) ;
#1466 = VERTEX_POINT ( 'NONE', #506 ) ;
#1467 = EDGE_CURVE ( 'NONE', #1335, #1885, #98, .T. ) ;
#1468 = AXIS2_PLACEMENT_3D ( 'NONE', #1111, #550, #1536 ) ;
#1469 = CARTESIAN_POINT ( 'NONE',  ( -70.00000000000000000, 64.63495408493612615, 10.00000000000028599 ) ) ;
#1470 = EDGE_CURVE ( 'NONE', #1397, #1422, #517, .T. ) ;
#1471 = VECTOR ( 'NONE', #1805, 1000.000000000000000 ) ;
#1472 = DIRECTION ( 'NONE',  ( -1.569069602873265189E-30, -1.000000000000000000, 3.491481338843133355E-15 ) ) ;
#1473 = CARTESIAN_POINT ( 'NONE',  ( 100.0000000000000000, 59.63495408493620431, 40.00000000000028422 ) ) ;
#1474 = VECTOR ( 'NONE', #561, 1000.000000000000000 ) ;
#1475 = LINE ( 'NONE', #756, #1194 ) ;
#1476 = VECTOR ( 'NONE', #617, 1000.000000000000000 ) ;
#1477 = ORIENTED_EDGE ( 'NONE', *, *, #270, .F. ) ;
#1478 = DIRECTION ( 'NONE',  ( 0.000000000000000000, 1.000000000000000000, -3.491481338843133355E-15 ) ) ;
#1479 = VECTOR ( 'NONE', #1342, 1000.000000000000000 ) ;
#1480 = VERTEX_POINT ( 'NONE', #838 ) ;
#1481 = CIRCLE ( 'NONE', #145, 15.00000000000000000 ) ;
#1482 = EDGE_CURVE ( 'NONE', #432, #810, #236, .T. ) ;
#1483 = DIRECTION ( 'NONE',  ( 1.000000000000000000, 0.000000000000000000, 0.000000000000000000 ) ) ;
#1484 = ADVANCED_FACE ( 'NONE', ( #816, #957 ), #526, .T. ) ;
#1485 = DIRECTION ( 'NONE',  ( 0.000000000000000000, 1.000000000000000000, -3.491481338843133355E-15 ) ) ;
#1486 = VERTEX_POINT ( 'NONE', #1559 ) ;
#1487 = CARTESIAN_POINT ( 'NONE',  ( -64.99999999999998579, 59.63495408493614747, 15.00000000000031797 ) ) ;
#1488 = EDGE_LOOP ( 'NONE', ( #1823, #1052 ) ) ;
#1489 = FACE_BOUND ( 'NONE', #1215, .T. ) ;
#1490 = DIRECTION ( 'NONE',  ( 1.000000000000000000, 4.203956383699473694E-29, 1.249000902703300161E-14 ) ) ;
#1491 = EDGE_CURVE ( 'NONE', #775, #1809, #757, .T. ) ;
#1492 = CARTESIAN_POINT ( 'NONE',  ( -100.0000000000000000, 120.0000000000003411, 120.3650459150637033 ) ) ;
#1493 = VERTEX_POINT ( 'NONE', #828 ) ;
#1494 = VERTEX_POINT ( 'NONE', #1268 ) ;
#1495 = CARTESIAN_POINT ( 'NONE',  ( 64.99999999999998579, 29.99999999999996803, 50.00000000000056133 ) ) ;
#1496 = CARTESIAN_POINT ( 'NONE',  ( -72.50000000000001421, 64.63495408493612615, 10.00000000000029488 ) ) ;
#1497 = AXIS2_PLACEMENT_3D ( 'NONE', #1414, #544, #1425 ) ;
#1498 = DIRECTION ( 'NONE',  ( -1.249000902703300161E-14, 3.491481338843133355E-15, 1.000000000000000000 ) ) ;
#1499 = ADVANCED_FACE ( 'NONE', ( #1855 ), #535, .F. ) ;
#1500 = EDGE_LOOP ( 'NONE', ( #1755, #1532, #126, #388 ) ) ;
#1501 = CARTESIAN_POINT ( 'NONE',  ( 100.0000000000000000, 74.63495408493628247, 49.99999999999951683 ) ) ;
#1502 = VECTOR ( 'NONE', #1622, 1000.000000000000000 ) ;
#1503 = EDGE_CURVE ( 'NONE', #1885, #1422, #981, .T. ) ;
#1504 = ORIENTED_EDGE ( 'NONE', *, *, #1179, .T. ) ;
#1505 = VECTOR ( 'NONE', #589, 1000.000000000000000 ) ;
#1506 = DIRECTION ( 'NONE',  ( 1.000000000000000000, 5.478377237778010793E-45, 1.569069602873265014E-30 ) ) ;
#1507 = CARTESIAN_POINT ( 'NONE',  ( -64.99999999999998579, 64.63495408493615457, 15.00000000000029132 ) ) ;
#1508 = ORIENTED_EDGE ( 'NONE', *, *, #671, .T. ) ;
#1509 = EDGE_CURVE ( 'NONE', #705, #1821, #1186, .T. ) ;
#1510 = FACE_OUTER_BOUND ( 'NONE', #1266, .T. ) ;
#1511 = DIRECTION ( 'NONE',  ( 1.384401061583112647E-30, 7.888609052210118054E-31, -1.000000000000000000 ) ) ;
#1512 = CARTESIAN_POINT ( 'NONE',  ( -95.00000000000000000, 120.0000000000003411, 120.3650459150637460 ) ) ;
#1513 = ORIENTED_EDGE ( 'NONE', *, *, #749, .T. ) ;
#1514 = ORIENTED_EDGE ( 'NONE', *, *, #191, .T. ) ;
#1515 = PRODUCT_RELATED_PRODUCT_CATEGORY ( 'part', '', ( #156 ) ) ;
#1516 = CARTESIAN_POINT ( 'NONE',  ( -95.00000000000000000, 59.63495408493609062, 3.053113317719180486E-13 ) ) ;
#1517 = DIRECTION ( 'NONE',  ( 1.000000000000000000, 0.000000000000000000, 0.000000000000000000 ) ) ;
#1518 = ADVANCED_FACE ( 'NONE', ( #858 ), #285, .T. ) ;
#1519 = PLANE ( 'NONE',  #327 ) ;
#1520 = VECTOR ( 'NONE', #433, 1000.000000000000000 ) ;
#1521 =( GEOMETRIC_REPRESENTATION_CONTEXT ( 3 ) GLOBAL_UNCERTAINTY_ASSIGNED_CONTEXT ( ( #86 ) ) GLOBAL_UNIT_ASSIGNED_CONTEXT ( ( #485, #467, #334 ) ) REPRESENTATION_CONTEXT ( 'NONE', 'WORKASPACE' ) );
#1522 = EDGE_LOOP ( 'NONE', ( #1046, #1523, #1120, #1242 ) ) ;
#1523 = ORIENTED_EDGE ( 'NONE', *, *, #124, .T. ) ;
#1524 = ORIENTED_EDGE ( 'NONE', *, *, #771, .F. ) ;
#1525 = AXIS2_PLACEMENT_3D ( 'NONE', #945, #796, #1678 ) ;
#1526 = CIRCLE ( 'NONE', #109, 15.00000000000000000 ) ;
#1527 = DIRECTION ( 'NONE',  ( -1.000000000000000000, 0.000000000000000000, 0.000000000000000000 ) ) ;
#1528 = DIRECTION ( 'NONE',  ( 0.000000000000000000, 0.000000000000000000, 1.000000000000000000 ) ) ;
#1529 = VECTOR ( 'NONE', #1623, 1000.000000000000000 ) ;
#1530 = EDGE_CURVE ( 'NONE', #1299, #1361, #784, .T. ) ;
#1531 = DIRECTION ( 'NONE',  ( 0.000000000000000000, 1.000000000000000000, -3.491481338843133355E-15 ) ) ;
#1532 = ORIENTED_EDGE ( 'NONE', *, *, #935, .F. ) ;
#1533 = ORIENTED_EDGE ( 'NONE', *, *, #1761, .F. ) ;
#1534 = ORIENTED_EDGE ( 'NONE', *, *, #1429, .F. ) ;
#1535 = DIRECTION ( 'NONE',  ( 1.000000000000000000, 0.000000000000000000, 0.000000000000000000 ) ) ;
#1536 = DIRECTION ( 'NONE',  ( -1.000000000000000000, 0.000000000000000000, 0.000000000000000000 ) ) ;
#1537 = FACE_OUTER_BOUND ( 'NONE', #1231, .T. ) ;
#1538 = LINE ( 'NONE', #1409, #486 ) ;
#1539 = ADVANCED_BREP_SHAPE_REPRESENTATION ( 'alt ya\X2\011f\X0\ tank\X2\0131\X0\ bracket', ( #745, #737, #785 ), #1521 ) ;
#1540 = ADVANCED_FACE ( 'NONE', ( #1301 ), #735, .T. ) ;
#1541 = ORIENTED_EDGE ( 'NONE', *, *, #101, .F. ) ;
#1542 = FILL_AREA_STYLE_COLOUR ( '', #1629 ) ;
#1543 = ORIENTED_EDGE ( 'NONE', *, *, #159, .F. ) ;
#1544 = CARTESIAN_POINT ( 'NONE',  ( 100.0000000000000000, 114.9999999999998010, -29.63495408493624339 ) ) ;
#1545 = ORIENTED_EDGE ( 'NONE', *, *, #410, .T. ) ;
#1546 = FACE_OUTER_BOUND ( 'NONE', #172, .T. ) ;
#1547 = DIRECTION ( 'NONE',  ( -0.000000000000000000, -1.000000000000000000, 3.491481338843133355E-15 ) ) ;
#1548 = DIRECTION ( 'NONE',  ( 0.000000000000000000, 1.000000000000000000, -6.982962677686266711E-15 ) ) ;
#1549 = CARTESIAN_POINT ( 'NONE',  ( -70.00000000000000000, 64.63495408493612615, 40.00000000000034106 ) ) ;
#1550 = AXIS2_PLACEMENT_3D ( 'NONE', #1690, #1726, #210 ) ;
#1551 = ORIENTED_EDGE ( 'NONE', *, *, #837, .T. ) ;
#1552 = ORIENTED_EDGE ( 'NONE', *, *, #1000, .F. ) ;
#1553 = VECTOR ( 'NONE', #596, 1000.000000000000000 ) ;
#1554 = CARTESIAN_POINT ( 'NONE',  ( 100.0000000000000000, 74.63495408493626826, 50.00000000000025580 ) ) ;
#1555 = EDGE_CURVE ( 'NONE', #469, #194, #138, .T. ) ;
#1556 = ORIENTED_EDGE ( 'NONE', *, *, #1900, .T. ) ;
#1557 = CIRCLE ( 'NONE', #451, 5.000000000000004441 ) ;
#1558 = CARTESIAN_POINT ( 'NONE',  ( -100.0000000000000000, 64.63495408493666616, 165.0000000000002558 ) ) ;
#1559 = CARTESIAN_POINT ( 'NONE',  ( 75.00000000000001421, 120.0000000000003411, 125.3650459150637317 ) ) ;
#1560 = PRESENTATION_LAYER_ASSIGNMENT (  '', '', ( #667 ) ) ;
#1561 = LINE ( 'NONE', #358, #1036 ) ;
#1562 = CARTESIAN_POINT ( 'NONE',  ( -100.0000000000000000, 64.63495408493710670, 40.00000000000034106 ) ) ;
#1563 = AXIS2_PLACEMENT_3D ( 'NONE', #741, #1906, #1149 ) ;
#1564 = ORIENTED_EDGE ( 'NONE', *, *, #1377, .F. ) ;
#1565 = ORIENTED_EDGE ( 'NONE', *, *, #809, .F. ) ;
#1566 = CARTESIAN_POINT ( 'NONE',  ( -74.99999999999998579, 120.0000000000003411, 120.3650459150637317 ) ) ;
#1567 = ORIENTED_EDGE ( 'NONE', *, *, #1400, .T. ) ;
#1568 = EDGE_CURVE ( 'NONE', #1201, #1180, #1645, .T. ) ;
#1569 = DIRECTION ( 'NONE',  ( 0.000000000000000000, 1.000000000000000000, -3.491481338843133355E-15 ) ) ;
#1570 = DIRECTION ( 'NONE',  ( -0.000000000000000000, -1.000000000000000000, 3.491481338843133355E-15 ) ) ;
#1571 = CARTESIAN_POINT ( 'NONE',  ( -100.0000000000000000, 180.0000000000000000, 49.99999999999955946 ) ) ;
#1572 = DIRECTION ( 'NONE',  ( -1.000000000000000000, -5.478377237778010793E-45, -1.569069602873265014E-30 ) ) ;
#1573 = ORIENTED_EDGE ( 'NONE', *, *, #1246, .F. ) ;
#1574 = VERTEX_POINT ( 'NONE', #560 ) ;
#1575 = DIRECTION ( 'NONE',  ( 0.000000000000000000, 1.000000000000000000, -3.491481338843133355E-15 ) ) ;
#1576 = ORIENTED_EDGE ( 'NONE', *, *, #809, .T. ) ;
#1577 = LINE ( 'NONE', #734, #1505 ) ;
#1578 = CARTESIAN_POINT ( 'NONE',  ( -95.00000000000000000, 115.0000000000003553, 120.3650459150637602 ) ) ;
#1579 = FACE_OUTER_BOUND ( 'NONE', #1584, .T. ) ;
#1580 = ADVANCED_FACE ( 'NONE', ( #1901 ), #579, .T. ) ;
#1581 = DIRECTION ( 'NONE',  ( 0.000000000000000000, 1.000000000000000000, -3.491481338843133355E-15 ) ) ;
#1582 = EDGE_LOOP ( 'NONE', ( #1534, #207, #1615, #530 ) ) ;
#1583 = DIRECTION ( 'NONE',  ( 0.000000000000000000, 0.000000000000000000, 1.000000000000000000 ) ) ;
#1584 = EDGE_LOOP ( 'NONE', ( #955, #216, #260, #895 ) ) ;
#1585 = VECTOR ( 'NONE', #1511, 1000.000000000000000 ) ;
#1586 = DIRECTION ( 'NONE',  ( -1.000000000000000000, 0.000000000000000000, 0.000000000000000000 ) ) ;
#1587 = VECTOR ( 'NONE', #1306, 1000.000000000000000 ) ;
#1588 = EDGE_LOOP ( 'NONE', ( #1426, #1464, #1142, #373 ) ) ;
#1589 = FACE_OUTER_BOUND ( 'NONE', #1020, .T. ) ;
#1590 = FACE_OUTER_BOUND ( 'NONE', #688, .T. ) ;
#1591 = DIRECTION ( 'NONE',  ( 1.000000000000000000, 0.000000000000000000, 0.000000000000000000 ) ) ;
#1592 = DIRECTION ( 'NONE',  ( 1.000000000000000000, -1.569069602873259584E-30, 1.569069602873276049E-30 ) ) ;
#1593 = AXIS2_PLACEMENT_3D ( 'NONE', #1392, #64, #660 ) ;
#1594 = ADVANCED_FACE ( 'NONE', ( #1590 ), #847, .F. ) ;
#1595 = DIRECTION ( 'NONE',  ( 0.000000000000000000, 6.883382752675970551E-15, 1.000000000000000000 ) ) ;
#1596 = VECTOR ( 'NONE', #699, 1000.000000000000000 ) ;
#1597 = ORIENTED_EDGE ( 'NONE', *, *, #464, .F. ) ;
#1598 = FACE_OUTER_BOUND ( 'NONE', #751, .T. ) ;
#1599 = EDGE_LOOP ( 'NONE', ( #1865, #1917, #1317, #1007 ) ) ;
#1600 = UNCERTAINTY_MEASURE_WITH_UNIT (LENGTH_MEASURE( 1.000000000000000082E-05 ), #679, 'distance_accuracy_value', 'NONE');
#1601 = LINE ( 'NONE', #692, #1870 ) ;
#1602 = DIRECTION ( 'NONE',  ( 1.000000000000000000, 0.000000000000000000, 0.000000000000000000 ) ) ;
#1603 = LINE ( 'NONE', #569, #1124 ) ;
#1604 = PLANE ( 'NONE',  #457 ) ;
#1605 = DIRECTION ( 'NONE',  ( -1.000000000000000000, 0.000000000000000000, 0.000000000000000000 ) ) ;
#1606 = ADVANCED_FACE ( 'NONE', ( #1451 ), #567, .T. ) ;
#1607 = EDGE_LOOP ( 'NONE', ( #1910, #239, #1697, #1320 ) ) ;
#1608 = PLANE ( 'NONE',  #224 ) ;
#1609 = EDGE_CURVE ( 'NONE', #845, #1676, #1169, .T. ) ;
#1610 = ORIENTED_EDGE ( 'NONE', *, *, #771, .T. ) ;
#1611 = DIRECTION ( 'NONE',  ( 0.000000000000000000, 1.000000000000000000, -3.491481338843133355E-15 ) ) ;
#1612 = DIRECTION ( 'NONE',  ( 0.000000000000000000, 1.000000000000000000, -3.491481338843133355E-15 ) ) ;
#1613 = LINE ( 'NONE', #870, #1752 ) ;
#1614 = CARTESIAN_POINT ( 'NONE',  ( -67.50000000000000000, 59.63495408493612615, 10.00000000000031442 ) ) ;
#1615 = ORIENTED_EDGE ( 'NONE', *, *, #228, .T. ) ;
#1616 = EDGE_CURVE ( 'NONE', #477, #845, #1772, .T. ) ;
#1617 = CARTESIAN_POINT ( 'NONE',  ( -100.0000000000000000, 64.63495408493611194, 5.000000000000282441 ) ) ;
#1618 = ORIENTED_EDGE ( 'NONE', *, *, #1649, .F. ) ;
#1619 = ADVANCED_FACE ( 'NONE', ( #681 ), #1709, .T. ) ;
#1620 = CIRCLE ( 'NONE', #1338, 2.500000000000002220 ) ;
#1621 = DIRECTION ( 'NONE',  ( 1.000000000000000000, 0.000000000000000000, 0.000000000000000000 ) ) ;
#1622 = DIRECTION ( 'NONE',  ( 0.000000000000000000, 1.000000000000000000, -3.491481338843133355E-15 ) ) ;
#1623 = DIRECTION ( 'NONE',  ( -1.000000000000000000, 4.799338746567200187E-30, 9.251858538542989577E-16 ) ) ;
#1624 = CIRCLE ( 'NONE', #70, 4.500000000000003553 ) ;
#1625 = CARTESIAN_POINT ( 'NONE',  ( 69.99999999999998579, 105.0000000000001279, 65.00000000000007105 ) ) ;
#1626 = AXIS2_PLACEMENT_3D ( 'NONE', #426, #442, #1013 ) ;
#1627 = ORIENTED_EDGE ( 'NONE', *, *, #1258, .T. ) ;
#1628 = LINE ( 'NONE', #419, #1312 ) ;
#1629 = COLOUR_RGB ( '',0.7921568627450980005, 0.8196078431372548767, 0.9333333333333333481 ) ;
#1630 = ORIENTED_EDGE ( 'NONE', *, *, #1530, .T. ) ;
#1631 = AXIS2_PLACEMENT_3D ( 'NONE', #879, #1892, #1171 ) ;
#1632 = ADVANCED_FACE ( 'NONE', ( #385 ), #1108, .T. ) ;
#1633 = CARTESIAN_POINT ( 'NONE',  ( 70.00000000000000000, 59.63495408493609773, 10.00000000000025935 ) ) ;
#1634 = DIRECTION ( 'NONE',  ( 0.000000000000000000, 1.000000000000000000, -3.491481338843133355E-15 ) ) ;
#1635 = DIRECTION ( 'NONE',  ( -0.000000000000000000, 0.000000000000000000, -1.000000000000000000 ) ) ;
#1636 = ORIENTED_EDGE ( 'NONE', *, *, #357, .T. ) ;
#1637 = EDGE_LOOP ( 'NONE', ( #1433, #1790, #680, #336 ) ) ;
#1638 = ADVANCED_FACE ( 'NONE', ( #1244, #1118 ), #977, .F. ) ;
#1639 = FACE_OUTER_BOUND ( 'NONE', #315, .T. ) ;
#1640 = CARTESIAN_POINT ( 'NONE',  ( -95.00000000000000000, 115.0000000000003553, 120.3650459150637602 ) ) ;
#1641 = ADVANCED_FACE ( 'NONE', ( #252 ), #834, .T. ) ;
#1642 = VERTEX_POINT ( 'NONE', #1390 ) ;
#1643 = APPLICATION_PROTOCOL_DEFINITION ( 'draft international standard', 'automotive_design', 1998, #909 ) ;
#1644 = VERTEX_POINT ( 'NONE', #95 ) ;
#1645 = CIRCLE ( 'NONE', #1859, 5.000000000000004441 ) ;
#1646 = LINE ( 'NONE', #190, #1009 ) ;
#1647 = CARTESIAN_POINT ( 'NONE',  ( 95.00000000000000000, 64.63495408493608352, 5.000000000000226485 ) ) ;
#1648 = LINE ( 'NONE', #768, #390 ) ;
#1649 = EDGE_CURVE ( 'NONE', #514, #1885, #72, .T. ) ;
#1650 = VECTOR ( 'NONE', #360, 1000.000000000000000 ) ;
#1651 = DIRECTION ( 'NONE',  ( 1.569069602873275874E-30, 7.888609052210118054E-31, -1.000000000000000000 ) ) ;
#1652 = VERTEX_POINT ( 'NONE', #62 ) ;
#1653 = AXIS2_PLACEMENT_3D ( 'NONE', #1633, #1054, #1184 ) ;
#1654 = ORIENTED_EDGE ( 'NONE', *, *, #1792, .F. ) ;
#1655 = AXIS2_PLACEMENT_3D ( 'NONE', #1084, #323, #1224 ) ;
#1656 = CIRCLE ( 'NONE', #1376, 4.999999999999990230 ) ;
#1657 = CARTESIAN_POINT ( 'NONE',  ( -69.99999999999998579, 105.0000000000000426, 50.00000000000008527 ) ) ;
#1658 = DIRECTION ( 'NONE',  ( 0.000000000000000000, 1.000000000000000000, -3.491481338843133355E-15 ) ) ;
#1659 = PLANE ( 'NONE',  #1655 ) ;
#1660 = DIRECTION ( 'NONE',  ( -1.982541115402065356E-16, -1.000000000000000000, 6.982962677686266711E-15 ) ) ;
#1661 = ORIENTED_EDGE ( 'NONE', *, *, #75, .F. ) ;
#1662 = ORIENTED_EDGE ( 'NONE', *, *, #1038, .F. ) ;
#1663 = ORIENTED_EDGE ( 'NONE', *, *, #306, .F. ) ;
#1664 = DIRECTION ( 'NONE',  ( 0.000000000000000000, 1.000000000000000000, -3.491481338843133355E-15 ) ) ;
#1665 = CYLINDRICAL_SURFACE ( 'NONE', #1058, 5.000000000000004441 ) ;
#1666 = FACE_OUTER_BOUND ( 'NONE', #1771, .T. ) ;
#1667 = SHAPE_DEFINITION_REPRESENTATION ( #1195, #1539 ) ;
#1668 = VERTEX_POINT ( 'NONE', #1276 ) ;
#1669 = EDGE_LOOP ( 'NONE', ( #1545, #293, #33, #1085 ) ) ;
#1670 = ORIENTED_EDGE ( 'NONE', *, *, #1102, .F. ) ;
#1671 = EDGE_CURVE ( 'NONE', #460, #69, #229, .T. ) ;
#1672 = CARTESIAN_POINT ( 'NONE',  ( -67.50000000000000000, 64.63495408493612615, 10.00000000000028599 ) ) ;
#1673 = FACE_OUTER_BOUND ( 'NONE', #317, .T. ) ;
#1674 = DIRECTION ( 'NONE',  ( -1.000000000000000000, 0.000000000000000000, 0.000000000000000000 ) ) ;
#1675 = AXIS2_PLACEMENT_3D ( 'NONE', #1318, #1298, #125 ) ;
#1676 = VERTEX_POINT ( 'NONE', #556 ) ;
#1677 = AXIS2_PLACEMENT_3D ( 'NONE', #177, #59, #185 ) ;
#1678 = DIRECTION ( 'NONE',  ( 1.000000000000000000, 0.000000000000000000, 0.000000000000000000 ) ) ;
#1679 = ADVANCED_FACE ( 'NONE', ( #1722, #397 ), #670, .F. ) ;
#1680 = CARTESIAN_POINT ( 'NONE',  ( 60.00000000000012079, 59.63495408493611905, 15.00000000000026290 ) ) ;
#1681 = VECTOR ( 'NONE', #677, 1000.000000000000000 ) ;
#1682 = DIRECTION ( 'NONE',  ( 0.000000000000000000, -1.000000000000000000, 3.700743415417188731E-15 ) ) ;
#1683 = EDGE_CURVE ( 'NONE', #1821, #1778, #1434, .T. ) ;
#1684 = LINE ( 'NONE', #403, #112 ) ;
#1685 = DIRECTION ( 'NONE',  ( -1.000000000000000000, 0.000000000000000000, 0.000000000000000000 ) ) ;
#1686 = ORIENTED_EDGE ( 'NONE', *, *, #1059, .F. ) ;
#1687 = CARTESIAN_POINT ( 'NONE',  ( 67.50000000000000000, 59.63495408493609773, 10.00000000000023981 ) ) ;
#1688 = ORIENTED_EDGE ( 'NONE', *, *, #256, .F. ) ;
#1689 = DIRECTION ( 'NONE',  ( -0.000000000000000000, -1.000000000000000000, 3.491481338843133355E-15 ) ) ;
#1690 = CARTESIAN_POINT ( 'NONE',  ( 85.00000000000000000, 115.0000000000002558, 100.3650459150637602 ) ) ;
#1691 = EDGE_CURVE ( 'NONE', #810, #1278, #760, .T. ) ;
#1692 = CARTESIAN_POINT ( 'NONE',  ( 69.99999999999998579, 105.0000000000001279, 65.00000000000007105 ) ) ;
#1693 = CARTESIAN_POINT ( 'NONE',  ( 95.00000000000000000, 115.0000000000003268, 120.3650459150637602 ) ) ;
#1694 = EDGE_CURVE ( 'NONE', #273, #775, #1877, .T. ) ;
#1695 = VERTEX_POINT ( 'NONE', #1731 ) ;
#1696 =( NAMED_UNIT ( * ) PLANE_ANGLE_UNIT ( ) SI_UNIT ( $, .RADIAN. ) );
#1697 = ORIENTED_EDGE ( 'NONE', *, *, #979, .T. ) ;
#1698 = DIRECTION ( 'NONE',  ( -1.569069602873265014E-30, 6.982962677686266711E-15, 1.000000000000000000 ) ) ;
#1699 = ORIENTED_EDGE ( 'NONE', *, *, #1848, .F. ) ;
#1700 = CARTESIAN_POINT ( 'NONE',  ( 48.79873728835477209, 74.63495408493619721, 40.00000000000025580 ) ) ;
#1701 = CARTESIAN_POINT ( 'NONE',  ( 100.0000000000000000, 179.9999999999999432, 49.99999999999953104 ) ) ;
#1702 = DIRECTION ( 'NONE',  ( 1.569069602873270444E-30, -3.491481338843133355E-15, -1.000000000000000000 ) ) ;
#1703 = DIRECTION ( 'NONE',  ( 0.000000000000000000, -1.000000000000000000, 3.700743415417188731E-15 ) ) ;
#1704 = CIRCLE ( 'NONE', #1550, 4.500000000000003553 ) ;
#1705 = LINE ( 'NONE', #1841, #1370 ) ;
#1706 = EDGE_CURVE ( 'NONE', #1087, #1081, #407, .T. ) ;
#1707 = ORIENTED_EDGE ( 'NONE', *, *, #1814, .T. ) ;
#1708 = VECTOR ( 'NONE', #655, 1000.000000000000000 ) ;
#1709 = CYLINDRICAL_SURFACE ( 'NONE', #572, 5.000000000000004441 ) ;
#1710 = ORIENTED_EDGE ( 'NONE', *, *, #381, .T. ) ;
#1711 = DIRECTION ( 'NONE',  ( -0.000000000000000000, 3.491481338843133355E-15, 1.000000000000000000 ) ) ;
#1712 = DIRECTION ( 'NONE',  ( -1.000000000000000000, 0.000000000000000000, 0.000000000000000000 ) ) ;
#1713 = CIRCLE ( 'NONE', #886, 4.999999999999990230 ) ;
#1714 = CIRCLE ( 'NONE', #1444, 2.500000000000002220 ) ;
#1715 = DIRECTION ( 'NONE',  ( -1.982541115402065356E-16, 3.491481338843133355E-15, 1.000000000000000000 ) ) ;
#1716 = LINE ( 'NONE', #1549, #823 ) ;
#1717 = VECTOR ( 'NONE', #1498, 1000.000000000000000 ) ;
#1718 = EDGE_LOOP ( 'NONE', ( #1354, #1513, #85, #802 ) ) ;
#1719 = PRESENTATION_STYLE_ASSIGNMENT (( #1398 ) ) ;
#1720 = ORIENTED_EDGE ( 'NONE', *, *, #658, .F. ) ;
#1721 = EDGE_CURVE ( 'NONE', #1486, #1034, #994, .T. ) ;
#1722 = FACE_BOUND ( 'NONE', #1894, .T. ) ;
#1723 = VERTEX_POINT ( 'NONE', #1687 ) ;
#1724 = ADVANCED_FACE ( 'NONE', ( #811 ), #1844, .T. ) ;
#1725 = CARTESIAN_POINT ( 'NONE',  ( 100.0000000000000000, 64.63495408493621142, 40.00000000000028422 ) ) ;
#1726 = DIRECTION ( 'NONE',  ( 0.000000000000000000, 1.000000000000000000, -3.491481338843133355E-15 ) ) ;
#1727 = CARTESIAN_POINT ( 'NONE',  ( 100.0000000000000000, 74.63495408493619721, 40.00000000000025580 ) ) ;
#1728 = CARTESIAN_POINT ( 'NONE',  ( 95.00000000000000000, 59.63495408493608352, 5.000000000000254019 ) ) ;
#1729 = VERTEX_POINT ( 'NONE', #963 ) ;
#1730 = VERTEX_POINT ( 'NONE', #1554 ) ;
#1731 = CARTESIAN_POINT ( 'NONE',  ( 69.99999999999998579, 105.0000000000000284, 50.00000000000007105 ) ) ;
#1732 = ORIENTED_EDGE ( 'NONE', *, *, #658, .T. ) ;
#1733 = DIRECTION ( 'NONE',  ( 0.000000000000000000, 1.000000000000000000, -3.491481338843133355E-15 ) ) ;
#1734 = ADVANCED_FACE ( 'NONE', ( #824 ), #864, .T. ) ;
#1735 = FACE_OUTER_BOUND ( 'NONE', #1079, .T. ) ;
#1736 = PLANE ( 'NONE',  #1631 ) ;
#1737 = ORIENTED_EDGE ( 'NONE', *, *, #1761, .T. ) ;
#1738 = VECTOR ( 'NONE', #356, 1000.000000000000000 ) ;
#1739 = CARTESIAN_POINT ( 'NONE',  ( 64.99999999999998579, 105.0000000000000142, 50.00000000000004263 ) ) ;
#1740 = AXIS2_PLACEMENT_3D ( 'NONE', #1832, #241, #803 ) ;
#1741 = ORIENTED_EDGE ( 'NONE', *, *, #1419, .F. ) ;
#1742 = DIRECTION ( 'NONE',  ( 0.000000000000000000, 1.000000000000000000, -3.491481338843133355E-15 ) ) ;
#1743 = DIRECTION ( 'NONE',  ( -1.000000000000000000, 0.000000000000000000, 0.000000000000000000 ) ) ;
#1744 = AXIS2_PLACEMENT_3D ( 'NONE', #914, #1531, #1260 ) ;
#1745 = EDGE_CURVE ( 'NONE', #915, #469, #459, .T. ) ;
#1746 = VECTOR ( 'NONE', #268, 1000.000000000000000 ) ;
#1747 = DIRECTION ( 'NONE',  ( 1.000000000000000000, 0.000000000000000000, 0.000000000000000000 ) ) ;
#1748 = DIRECTION ( 'NONE',  ( 0.000000000000000000, 1.000000000000000000, -3.491481338843133355E-15 ) ) ;
#1749 = AXIS2_PLACEMENT_3D ( 'NONE', #1459, #1450, #578 ) ;
#1750 = EDGE_CURVE ( 'NONE', #1723, #732, #1121, .T. ) ;
#1751 = LINE ( 'NONE', #1033, #1165 ) ;
#1752 = VECTOR ( 'NONE', #1485, 1000.000000000000000 ) ;
#1753 = EDGE_LOOP ( 'NONE', ( #1860, #1018, #531, #161 ) ) ;
#1754 = DIRECTION ( 'NONE',  ( -1.846685412901415072E-31, -1.000000000000000000, -3.491481338843134144E-15 ) ) ;
#1755 = ORIENTED_EDGE ( 'NONE', *, *, #989, .T. ) ;
#1756 = CARTESIAN_POINT ( 'NONE',  ( 65.00000000000011369, 59.63495408493606220, 2.775557561562891351E-13 ) ) ;
#1757 = CARTESIAN_POINT ( 'NONE',  ( -70.00000000000000000, 39.99999999999997868, 50.00000000000053291 ) ) ;
#1758 = CARTESIAN_POINT ( 'NONE',  ( -65.00000000000011369, 59.63495408493611194, 5.000000000000309974 ) ) ;
#1759 = DIRECTION ( 'NONE',  ( 0.000000000000000000, 0.000000000000000000, 1.000000000000000000 ) ) ;
#1760 = ADVANCED_FACE ( 'NONE', ( #883 ), #1456, .T. ) ;
#1761 = EDGE_CURVE ( 'NONE', #1107, #1278, #1026, .T. ) ;
#1762 = ORIENTED_EDGE ( 'NONE', *, *, #1822, .T. ) ;
#1763 = CARTESIAN_POINT ( 'NONE',  ( 64.99999999999998579, 64.63495408493612615, 15.00000000000023448 ) ) ;
#1764 = ORIENTED_EDGE ( 'NONE', *, *, #1792, .T. ) ;
#1765 = DIRECTION ( 'NONE',  ( 1.000000000000000000, 0.000000000000000000, 0.000000000000000000 ) ) ;
#1766 = DIRECTION ( 'NONE',  ( -1.000000000000000000, 0.000000000000000000, 0.000000000000000000 ) ) ;
#1767 = DIRECTION ( 'NONE',  ( -1.000000000000000000, 0.000000000000000000, 0.000000000000000000 ) ) ;
#1768 = ORIENTED_EDGE ( 'NONE', *, *, #697, .T. ) ;
#1769 = CARTESIAN_POINT ( 'NONE',  ( -69.99999999999998579, 105.0000000000000426, 50.00000000000008527 ) ) ;
#1770 = EDGE_CURVE ( 'NONE', #1795, #460, #1060, .T. ) ;
#1771 = EDGE_LOOP ( 'NONE', ( #885, #179, #1636, #917 ) ) ;
#1772 = CIRCLE ( 'NONE', #932, 4.500000000000003553 ) ;
#1773 = CYLINDRICAL_SURFACE ( 'NONE', #1064, 4.999999999999990230 ) ;
#1774 = DIRECTION ( 'NONE',  ( -1.249000902703300004E-14, -3.491481338843133355E-15, -1.000000000000000000 ) ) ;
#1775 = VECTOR ( 'NONE', #1827, 1000.000000000000000 ) ;
#1776 = CARTESIAN_POINT ( 'NONE',  ( -69.99999999999998579, 180.0000000000000568, 54.99999999999955236 ) ) ;
#1777 = AXIS2_PLACEMENT_3D ( 'NONE', #374, #1569, #1082 ) ;
#1778 = VERTEX_POINT ( 'NONE', #894 ) ;
#1779 = LINE ( 'NONE', #134, #1897 ) ;
#1780 = VECTOR ( 'NONE', #1765, 1000.000000000000000 ) ;
#1781 = ORIENTED_EDGE ( 'NONE', *, *, #30, .F. ) ;
#1782 = CIRCLE ( 'NONE', #162, 15.00000000000000000 ) ;
#1783 = DIRECTION ( 'NONE',  ( 1.000000000000000000, 0.000000000000000000, 0.000000000000000000 ) ) ;
#1784 = CARTESIAN_POINT ( 'NONE',  ( 74.99999999999998579, 120.0000000000003126, 120.3650459150637317 ) ) ;
#1785 = DIRECTION ( 'NONE',  ( 0.000000000000000000, -1.000000000000000000, 3.700743415417188731E-15 ) ) ;
#1786 = DIRECTION ( 'NONE',  ( 1.569069602873265189E-30, 1.000000000000000000, -3.491481338843133355E-15 ) ) ;
#1787 = ORIENTED_EDGE ( 'NONE', *, *, #182, .F. ) ;
#1788 = LINE ( 'NONE', #1380, #11 ) ;
#1789 = EDGE_LOOP ( 'NONE', ( #1305, #1074, #1627, #1391 ) ) ;
#1790 = ORIENTED_EDGE ( 'NONE', *, *, #182, .T. ) ;
#1791 = CARTESIAN_POINT ( 'NONE',  ( -85.00000000000000000, 120.0000000000002700, 100.3650459150637317 ) ) ;
#1792 = EDGE_CURVE ( 'NONE', #1493, #775, #1779, .T. ) ;
#1793 = CARTESIAN_POINT ( 'NONE',  ( -65.00000000000011369, 59.63495408493609062, 3.330669073875469621E-13 ) ) ;
#1794 = DIRECTION ( 'NONE',  ( 1.569069602873265189E-30, 1.000000000000000000, -3.491481338843133355E-15 ) ) ;
#1795 = VERTEX_POINT ( 'NONE', #752 ) ;
#1796 = VERTEX_POINT ( 'NONE', #744 ) ;
#1797 = VECTOR ( 'NONE', #1428, 1000.000000000000000 ) ;
#1798 = DIRECTION ( 'NONE',  ( -1.000000000000000000, 0.000000000000000000, 0.000000000000000000 ) ) ;
#1799 = CARTESIAN_POINT ( 'NONE',  ( -70.00000000000000000, 74.63495408493631089, 50.00000000000051870 ) ) ;
#1800 = VECTOR ( 'NONE', #1133, 1000.000000000000000 ) ;
#1801 = ADVANCED_FACE ( 'NONE', ( #1598 ), #1608, .F. ) ;
#1802 = LINE ( 'NONE', #341, #1290 ) ;
#1803 = AXIS2_PLACEMENT_3D ( 'NONE', #1830, #1096, #1685 ) ;
#1804 = ADVANCED_FACE ( 'NONE', ( #1911 ), #7, .F. ) ;
#1805 = DIRECTION ( 'NONE',  ( 1.000000000000000000, -1.569069602873259584E-30, 1.569069602873276049E-30 ) ) ;
#1806 = ORIENTED_EDGE ( 'NONE', *, *, #1814, .F. ) ;
#1807 = ORIENTED_EDGE ( 'NONE', *, *, #1347, .T. ) ;
#1808 = VECTOR ( 'NONE', #3, 1000.000000000000000 ) ;
#1809 = VERTEX_POINT ( 'NONE', #1329 ) ;
#1810 = FACE_OUTER_BOUND ( 'NONE', #1582, .T. ) ;
#1811 = CARTESIAN_POINT ( 'NONE',  ( 100.0000000000000000, 74.63495408493619721, 40.00000000000025580 ) ) ;
#1812 = DIRECTION ( 'NONE',  ( 1.000000000000000000, 0.000000000000000000, 0.000000000000000000 ) ) ;
#1813 = EDGE_CURVE ( 'NONE', #1695, #770, #447, .T. ) ;
#1814 = EDGE_CURVE ( 'NONE', #1264, #985, #1045, .T. ) ;
#1815 = EDGE_LOOP ( 'NONE', ( #753, #1150, #743, #1565 ) ) ;
#1816 = DIRECTION ( 'NONE',  ( 1.000000000000000000, 0.000000000000000000, 0.000000000000000000 ) ) ;
#1817 = LINE ( 'NONE', #1799, #1585 ) ;
#1818 = CARTESIAN_POINT ( 'NONE',  ( 95.00000000000000000, 59.63495408493606220, 2.498001805406602216E-13 ) ) ;
#1819 = FACE_OUTER_BOUND ( 'NONE', #801, .T. ) ;
#1820 = ORIENTED_EDGE ( 'NONE', *, *, #1027, .T. ) ;
#1821 = VERTEX_POINT ( 'NONE', #873 ) ;
#1822 = EDGE_CURVE ( 'NONE', #554, #1201, #1189, .T. ) ;
#1823 = ORIENTED_EDGE ( 'NONE', *, *, #270, .T. ) ;
#1824 = CARTESIAN_POINT ( 'NONE',  ( 85.00000000000000000, 120.0000000000002416, 100.3650459150637317 ) ) ;
#1825 = CARTESIAN_POINT ( 'NONE',  ( 72.50000000000001421, 64.63495408493609773, 10.00000000000023093 ) ) ;
#1826 = AXIS2_PLACEMENT_3D ( 'NONE', #1868, #1570, #1712 ) ;
#1827 = DIRECTION ( 'NONE',  ( -1.249000902703300004E-14, -3.491481338843133355E-15, -1.000000000000000000 ) ) ;
#1828 = FACE_OUTER_BOUND ( 'NONE', #533, .T. ) ;
#1829 = VECTOR ( 'NONE', #564, 1000.000000000000000 ) ;
#1830 = CARTESIAN_POINT ( 'NONE',  ( -65.00000000000000000, 59.63495408493618299, 25.00000000000029843 ) ) ;
#1831 = EDGE_LOOP ( 'NONE', ( #1879, #574 ) ) ;
#1832 = CARTESIAN_POINT ( 'NONE',  ( 64.99999999999998579, 119.9999999999998010, -29.63495408493627181 ) ) ;
#1833 = CIRCLE ( 'NONE', #1217, 15.00000000000000000 ) ;
#1834 = VECTOR ( 'NONE', #38, 1000.000000000000000 ) ;
#1835 = CIRCLE ( 'NONE', #353, 9.999999999999994671 ) ;
#1836 = LINE ( 'NONE', #1672, #297 ) ;
#1837 = LINE ( 'NONE', #1701, #728 ) ;
#1838 = EDGE_CURVE ( 'NONE', #820, #338, #1628, .T. ) ;
#1839 = FACE_OUTER_BOUND ( 'NONE', #842, .T. ) ;
#1840 = LINE ( 'NONE', #991, #1909 ) ;
#1841 = CARTESIAN_POINT ( 'NONE',  ( -100.0000000000000000, 120.0000000000001421, 65.00000000000001421 ) ) ;
#1842 =( NAMED_UNIT ( * ) SI_UNIT ( $, .STERADIAN. ) SOLID_ANGLE_UNIT ( ) );
#1843 = ORIENTED_EDGE ( 'NONE', *, *, #697, .F. ) ;
#1844 = PLANE ( 'NONE',  #504 ) ;
#1845 = UNCERTAINTY_MEASURE_WITH_UNIT (LENGTH_MEASURE( 1.000000000000000082E-05 ), #1274, 'distance_accuracy_value', 'NONE');
#1846 = LINE ( 'NONE', #515, #1127 ) ;
#1847 = DIRECTION ( 'NONE',  ( -1.000000000000000000, 1.569069602873259584E-30, -1.569069602873276049E-30 ) ) ;
#1848 = EDGE_CURVE ( 'NONE', #915, #1081, #730, .T. ) ;
#1849 = CARTESIAN_POINT ( 'NONE',  ( 67.50000000000000000, 64.63495408493609773, 10.00000000000023093 ) ) ;
#1850 = ORIENTED_EDGE ( 'NONE', *, *, #776, .T. ) ;
#1851 = ORIENTED_EDGE ( 'NONE', *, *, #924, .F. ) ;
#1852 = DIRECTION ( 'NONE',  ( 1.000000000000000000, 0.000000000000000000, 0.000000000000000000 ) ) ;
#1853 = ORIENTED_EDGE ( 'NONE', *, *, #582, .F. ) ;
#1854 = CARTESIAN_POINT ( 'NONE',  ( 100.0000000000000000, 115.0000000000003268, 120.3650459150637175 ) ) ;
#1855 = FACE_OUTER_BOUND ( 'NONE', #1898, .T. ) ;
#1856 = CARTESIAN_POINT ( 'NONE',  ( 67.50000000000000000, 64.63495408493609773, 10.00000000000023093 ) ) ;
#1857 = CARTESIAN_POINT ( 'NONE',  ( -65.00000000000011369, 64.63495408493611194, 5.000000000000282441 ) ) ;
#1858 = EDGE_CURVE ( 'NONE', #243, #657, #1243, .T. ) ;
#1859 = AXIS2_PLACEMENT_3D ( 'NONE', #1578, #255, #707 ) ;
#1860 = ORIENTED_EDGE ( 'NONE', *, *, #233, .F. ) ;
#1861 = CARTESIAN_POINT ( 'NONE',  ( 100.0000000000000000, 105.0000000000001279, 65.00000000000007105 ) ) ;
#1862 = EDGE_CURVE ( 'NONE', #194, #1264, #1214, .T. ) ;
#1863 = ORIENTED_EDGE ( 'NONE', *, *, #40, .F. ) ;
#1864 = CARTESIAN_POINT ( 'NONE',  ( -59.99999999999999289, 64.63495408493615457, 15.00000000000029132 ) ) ;
#1865 = ORIENTED_EDGE ( 'NONE', *, *, #52, .F. ) ;
#1866 = VECTOR ( 'NONE', #1548, 1000.000000000000000 ) ;
#1867 = CARTESIAN_POINT ( 'NONE',  ( 60.00000000000012079, 59.63495408493608352, 5.000000000000254019 ) ) ;
#1868 = CARTESIAN_POINT ( 'NONE',  ( 85.00000000000000000, 120.0000000000002416, 100.3650459150637317 ) ) ;
#1869 = AXIS2_PLACEMENT_3D ( 'NONE', #1791, #1664, #1783 ) ;
#1870 = VECTOR ( 'NONE', #254, 1000.000000000000000 ) ;
#1871 = LINE ( 'NONE', #1571, #1866 ) ;
#1872 = DIRECTION ( 'NONE',  ( 1.000000000000000000, 0.000000000000000000, 0.000000000000000000 ) ) ;
#1873 = CIRCLE ( 'NONE', #1039, 5.000000000000004441 ) ;
#1874 = LINE ( 'NONE', #521, #1650 ) ;
#1875 = SURFACE_SIDE_STYLE ('',( #710 ) ) ;
#1876 = ORIENTED_EDGE ( 'NONE', *, *, #114, .F. ) ;
#1877 = LINE ( 'NONE', #1143, #1708 ) ;
#1878 = ADVANCED_FACE ( 'NONE', ( #1448, #587 ), #1174, .F. ) ;
#1879 = ORIENTED_EDGE ( 'NONE', *, *, #888, .F. ) ;
#1880 = DIRECTION ( 'NONE',  ( -1.569069602873265189E-30, -1.000000000000000000, 3.491481338843133355E-15 ) ) ;
#1881 = DIRECTION ( 'NONE',  ( 0.000000000000000000, 1.000000000000000000, -3.491481338843133355E-15 ) ) ;
#1882 = DIRECTION ( 'NONE',  ( 0.000000000000000000, -6.982962677686266711E-15, -1.000000000000000000 ) ) ;
#1883 = LINE ( 'NONE', #454, #941 ) ;
#1884 = DIRECTION ( 'NONE',  ( 1.000000000000000000, 0.000000000000000000, -0.000000000000000000 ) ) ;
#1885 = VERTEX_POINT ( 'NONE', #1061 ) ;
#1886 = CARTESIAN_POINT ( 'NONE',  ( -70.00000000000000000, 64.63495408493612615, 10.00000000000028599 ) ) ;
#1887 = VERTEX_POINT ( 'NONE', #627 ) ;
#1888 = EDGE_CURVE ( 'NONE', #194, #678, #1788, .T. ) ;
#1889 = LINE ( 'NONE', #997, #46 ) ;
#1890 = CARTESIAN_POINT ( 'NONE',  ( -75.00000000000001421, 120.0000000000003695, 125.3650459150637317 ) ) ;
#1891 = CARTESIAN_POINT ( 'NONE',  ( -70.00000000000000000, 64.63495408493612615, 10.00000000000028599 ) ) ;
#1892 = DIRECTION ( 'NONE',  ( -1.569069602873265014E-30, -1.000000000000000000, 3.491481338843133355E-15 ) ) ;
#1893 = CARTESIAN_POINT ( 'NONE',  ( 70.00000000000000000, 114.9999999999998010, -29.63495408493624339 ) ) ;
#1894 = EDGE_LOOP ( 'NONE', ( #1207, #19 ) ) ;
#1895 = VECTOR ( 'NONE', #1137, 1000.000000000000000 ) ;
#1896 = DIRECTION ( 'NONE',  ( 0.000000000000000000, 1.000000000000000000, -3.491481338843133355E-15 ) ) ;
#1897 = VECTOR ( 'NONE', #1754, 1000.000000000000000 ) ;
#1898 = EDGE_LOOP ( 'NONE', ( #613, #1360, #1117, #942 ) ) ;
#1899 = DIRECTION ( 'NONE',  ( 1.000000000000000000, 0.000000000000000000, 0.000000000000000000 ) ) ;
#1900 = EDGE_CURVE ( 'NONE', #1644, #1730, #620, .T. ) ;
#1901 = FACE_OUTER_BOUND ( 'NONE', #1588, .T. ) ;
#1902 = CIRCLE ( 'NONE', #1440, 15.00000000000000000 ) ;
#1903 = AXIS2_PLACEMENT_3D ( 'NONE', #339, #12, #772 ) ;
#1904 = FACE_OUTER_BOUND ( 'NONE', #1337, .T. ) ;
#1905 = EDGE_CURVE ( 'NONE', #775, #1135, #1206, .T. ) ;
#1906 = DIRECTION ( 'NONE',  ( 1.000000000000000000, -6.922005307915562358E-31, -1.982541115402065356E-16 ) ) ;
#1907 = CIRCLE ( 'NONE', #18, 5.000000000000004441 ) ;
#1908 = CARTESIAN_POINT ( 'NONE',  ( -80.50000000000000000, 115.0000000000002842, 100.3650459150637602 ) ) ;
#1909 = VECTOR ( 'NONE', #394, 1000.000000000000000 ) ;
#1910 = ORIENTED_EDGE ( 'NONE', *, *, #368, .F. ) ;
#1911 = FACE_OUTER_BOUND ( 'NONE', #445, .T. ) ;
#1912 = ORIENTED_EDGE ( 'NONE', *, *, #1379, .F. ) ;
#1913 = DIRECTION ( 'NONE',  ( 1.569069602873265189E-30, 1.000000000000000000, -3.491481338843133355E-15 ) ) ;
#1914 = DIRECTION ( 'NONE',  ( 0.000000000000000000, 1.000000000000000000, -3.491481338843133355E-15 ) ) ;
#1915 = PLANE ( 'NONE',  #792 ) ;
#1916 = ADVANCED_FACE ( 'NONE', ( #1819 ), #53, .T. ) ;
#1917 = ORIENTED_EDGE ( 'NONE', *, *, #1355, .F. ) ;
#1918 = DIRECTION ( 'NONE',  ( -1.000000000000000000, 0.000000000000000000, 0.000000000000000000 ) ) ;
ENDSEC;
END-ISO-10303-21;
