ISO-10303-21;
HEADER;
FILE_DESCRIPTION (( 'STEP AP214' ),
    '1' );
FILE_NAME ('üst yag tanki braketi.STEP',
    '2026-07-11T12:59:26',
    ( '' ),
    ( '' ),
    'SwSTEP 2.0',
    'SolidWorks 2025',
    '' );
FILE_SCHEMA (( 'AUTOMOTIVE_DESIGN' ));
ENDSEC;

DATA;
#1 = DIRECTION ( 'NONE',  ( -4.625929269271483942E-16, 1.000000000000000000, -3.491481338843133355E-15 ) ) ;
#2 = EDGE_LOOP ( 'NONE', ( #714, #852, #1707, #1805 ) ) ;
#3 = CARTESIAN_POINT ( 'NONE',  ( 48.79873728835477920, 54.63495408493614747, 10.00000000000004974 ) ) ;
#4 = ADVANCED_FACE ( 'NONE', ( #1843 ), #1100, .F. ) ;
#5 = ORIENTED_EDGE ( 'NONE', *, *, #737, .T. ) ;
#6 = FACE_OUTER_BOUND ( 'NONE', #784, .T. ) ;
#7 = EDGE_CURVE ( 'NONE', #1558, #1668, #15, .T. ) ;
#8 =( GEOMETRIC_REPRESENTATION_CONTEXT ( 3 ) GLOBAL_UNCERTAINTY_ASSIGNED_CONTEXT ( ( #1446 ) ) GLOBAL_UNIT_ASSIGNED_CONTEXT ( ( #505, #670, #549 ) ) REPRESENTATION_CONTEXT ( 'NONE', 'WORKASPACE' ) );
#9 = CARTESIAN_POINT ( 'NONE',  ( -100.0000000000000000, 64.99999999999975842, -44.63495408493622563 ) ) ;
#10 = VECTOR ( 'NONE', #805, 1000.000000000000000 ) ;
#11 = CARTESIAN_POINT ( 'NONE',  ( -100.0000000000000000, 44.63495408493664485, 10.00000000000010658 ) ) ;
#12 = ORIENTED_EDGE ( 'NONE', *, *, #309, .F. ) ;
#13 = DIRECTION ( 'NONE',  ( 1.000000000000000000, 4.625929269271484928E-16, -9.860761315262647568E-32 ) ) ;
#14 = AXIS2_PLACEMENT_3D ( 'NONE', #590, #355, #646 ) ;
#15 = LINE ( 'NONE', #1255, #82 ) ;
#16 = CARTESIAN_POINT ( 'NONE',  ( 80.49999999999997158, 65.00000000000009948, 50.36504591506376016 ) ) ;
#17 = CIRCLE ( 'NONE', #212, 5.000000000000004441 ) ;
#18 = CIRCLE ( 'NONE', #1070, 10.00000000000000178 ) ;
#19 = EDGE_LOOP ( 'NONE', ( #1569, #1178, #135, #658, #312, #1628 ) ) ;
#20 = DIRECTION ( 'NONE',  ( 0.000000000000000000, 0.000000000000000000, 1.000000000000000000 ) ) ;
#21 = AXIS2_PLACEMENT_3D ( 'NONE', #828, #673, #208 ) ;
#22 = EDGE_CURVE ( 'NONE', #1558, #57, #951, .T. ) ;
#23 = DIRECTION ( 'NONE',  ( 0.000000000000000000, -1.000000000000000000, -3.491481338843134144E-15 ) ) ;
#24 = CARTESIAN_POINT ( 'NONE',  ( -100.0000000000000000, 70.00000000000014211, 70.36504591506371753 ) ) ;
#25 = ORIENTED_EDGE ( 'NONE', *, *, #247, .F. ) ;
#26 = VERTEX_POINT ( 'NONE', #1872 ) ;
#27 = CARTESIAN_POINT ( 'NONE',  ( -48.79873728835473656, 55.00000000000003553, 35.00000000000005684 ) ) ;
#28 = ORIENTED_EDGE ( 'NONE', *, *, #1098, .F. ) ;
#29 = PLANE ( 'NONE',  #1664 ) ;
#30 = DIRECTION ( 'NONE',  ( -1.000000000000000000, 0.000000000000000000, -3.469446951953611231E-16 ) ) ;
#31 = EDGE_CURVE ( 'NONE', #1167, #867, #1719, .T. ) ;
#32 = CYLINDRICAL_SURFACE ( 'NONE', #435, 5.000000000000004441 ) ;
#33 = EDGE_CURVE ( 'NONE', #1983, #1702, #1130, .T. ) ;
#34 = DIRECTION ( 'NONE',  ( 0.000000000000000000, 1.000000000000000000, -6.982962677686266711E-15 ) ) ;
#35 = LINE ( 'NONE', #1873, #675 ) ;
#36 = DIRECTION ( 'NONE',  ( -1.000000000000000000, -9.251858538542969855E-16, 3.291463995441613556E-30 ) ) ;
#37 = ORIENTED_EDGE ( 'NONE', *, *, #563, .T. ) ;
#38 = CARTESIAN_POINT ( 'NONE',  ( 100.0000000000000000, 54.63495408493623984, 19.99999999999965539 ) ) ;
#39 = FACE_OUTER_BOUND ( 'NONE', #385, .T. ) ;
#40 = LINE ( 'NONE', #681, #447 ) ;
#41 = EDGE_LOOP ( 'NONE', ( #636, #420, #807, #1056 ) ) ;
#42 = EDGE_CURVE ( 'NONE', #919, #211, #639, .T. ) ;
#43 = ORIENTED_EDGE ( 'NONE', *, *, #790, .T. ) ;
#44 = CYLINDRICAL_SURFACE ( 'NONE', #542, 2.500000000000009326 ) ;
#45 = LINE ( 'NONE', #1256, #1754 ) ;
#46 = DIRECTION ( 'NONE',  ( -0.000000000000000000, -1.000000000000000000, 3.491481338843133355E-15 ) ) ;
#47 = EDGE_CURVE ( 'NONE', #561, #767, #1379, .T. ) ;
#48 = AXIS2_PLACEMENT_3D ( 'NONE', #897, #431, #1002 ) ;
#49 = VERTEX_POINT ( 'NONE', #539 ) ;
#50 = VECTOR ( 'NONE', #1036, 1000.000000000000000 ) ;
#51 = PLANE ( 'NONE',  #1165 ) ;
#52 = CARTESIAN_POINT ( 'NONE',  ( 95.00000000000001421, 69.99999999999977263, -44.63495408493623984 ) ) ;
#53 = AXIS2_PLACEMENT_3D ( 'NONE', #503, #1259, #1854 ) ;
#54 = DIRECTION ( 'NONE',  ( 0.000000000000000000, 1.000000000000000000, -3.491481338843133355E-15 ) ) ;
#55 = AXIS2_PLACEMENT_3D ( 'NONE', #1730, #705, #685 ) ;
#56 = CARTESIAN_POINT ( 'NONE',  ( 69.99999999999994316, 70.00000000000015632, 70.36504591506370332 ) ) ;
#57 = VERTEX_POINT ( 'NONE', #992 ) ;
#58 = CARTESIAN_POINT ( 'NONE',  ( 70.00000000000004263, 44.63495408493609062, -9.999999999999953815 ) ) ;
#59 = DIRECTION ( 'NONE',  ( 2.040169985490903032E-30, 1.000000000000000000, 3.491481338843134144E-15 ) ) ;
#60 = CARTESIAN_POINT ( 'NONE',  ( -45.00000000000000711, 44.63495408493603378, -14.99999999999994316 ) ) ;
#61 = EDGE_LOOP ( 'NONE', ( #1007, #1335, #1770, #151 ) ) ;
#62 = ADVANCED_FACE ( 'NONE', ( #1885 ), #44, .F. ) ;
#63 = DIRECTION ( 'NONE',  ( -1.000000000000000000, 0.000000000000000000, 0.000000000000000000 ) ) ;
#64 = CARTESIAN_POINT ( 'NONE',  ( 84.99999999999997158, 65.00000000000009948, 50.36504591506376727 ) ) ;
#65 = DIRECTION ( 'NONE',  ( -1.000000000000000000, 2.921639538487254754E-16, -2.040169985490903032E-30 ) ) ;
#66 = CARTESIAN_POINT ( 'NONE',  ( -95.00000000000000000, 39.63495408493611905, 10.00000000000009237 ) ) ;
#67 = FACE_OUTER_BOUND ( 'NONE', #388, .T. ) ;
#68 = DIRECTION ( 'NONE',  ( -4.625929269271483942E-16, 1.000000000000000000, -3.491481338843133355E-15 ) ) ;
#69 = ORIENTED_EDGE ( 'NONE', *, *, #1653, .F. ) ;
#70 = DIRECTION ( 'NONE',  ( -1.217349807703022412E-15, 1.000000000000000000, -6.982962677686266711E-15 ) ) ;
#71 = EDGE_CURVE ( 'NONE', #922, #592, #1782, .T. ) ;
#72 = CYLINDRICAL_SURFACE ( 'NONE', #966, 5.000000000000004441 ) ;
#73 = EDGE_CURVE ( 'NONE', #811, #767, #421, .T. ) ;
#74 = ORIENTED_EDGE ( 'NONE', *, *, #1260, .F. ) ;
#75 = DIRECTION ( 'NONE',  ( 1.000000000000000000, 0.000000000000000000, 0.000000000000000000 ) ) ;
#76 = ORIENTED_EDGE ( 'NONE', *, *, #553, .F. ) ;
#77 = AXIS2_PLACEMENT_3D ( 'NONE', #432, #591, #1671 ) ;
#78 = DIRECTION ( 'NONE',  ( -1.000000000000000000, 0.000000000000000000, 0.000000000000000000 ) ) ;
#79 = CARTESIAN_POINT ( 'NONE',  ( 94.99999999999992895, 65.00000000000018474, 75.36504591506377437 ) ) ;
#80 = EDGE_LOOP ( 'NONE', ( #238, #219, #661, #1793 ) ) ;
#81 = PLANE ( 'NONE',  #674 ) ;
#82 = VECTOR ( 'NONE', #1716, 1000.000000000000000 ) ;
#83 = AXIS2_PLACEMENT_3D ( 'NONE', #1504, #623, #136 ) ;
#84 = CARTESIAN_POINT ( 'NONE',  ( 95.00000000000005684, 39.63495408493603378, -29.99999999999991473 ) ) ;
#85 = VECTOR ( 'NONE', #1045, 1000.000000000000000 ) ;
#86 = ORIENTED_EDGE ( 'NONE', *, *, #287, .T. ) ;
#87 = VECTOR ( 'NONE', #1269, 1000.000000000000000 ) ;
#88 = ADVANCED_FACE ( 'NONE', ( #838 ), #745, .F. ) ;
#89 = AXIS2_PLACEMENT_3D ( 'NONE', #560, #140, #400 ) ;
#90 = ORIENTED_EDGE ( 'NONE', *, *, #678, .T. ) ;
#91 = CARTESIAN_POINT ( 'NONE',  ( -100.0000000000000000, 54.63495408493619010, 20.00000000000007461 ) ) ;
#92 = ORIENTED_EDGE ( 'NONE', *, *, #161, .T. ) ;
#93 = DIRECTION ( 'NONE',  ( 0.000000000000000000, 1.000000000000000000, -3.491481338843133355E-15 ) ) ;
#94 = LINE ( 'NONE', #1455, #50 ) ;
#95 = ORIENTED_EDGE ( 'NONE', *, *, #1675, .T. ) ;
#96 = EDGE_CURVE ( 'NONE', #1683, #1322, #244, .T. ) ;
#97 = ORIENTED_EDGE ( 'NONE', *, *, #139, .T. ) ;
#98 = CARTESIAN_POINT ( 'NONE',  ( 84.99999999999997158, 70.00000000000008527, 50.36504591506374595 ) ) ;
#99 = EDGE_CURVE ( 'NONE', #397, #1185, #600, .T. ) ;
#100 = ORIENTED_EDGE ( 'NONE', *, *, #403, .T. ) ;
#101 = DIRECTION ( 'NONE',  ( -3.169074291946243126E-30, 6.982962677686266711E-15, 1.000000000000000000 ) ) ;
#102 = LINE ( 'NONE', #1973, #1311 ) ;
#103 = EDGE_LOOP ( 'NONE', ( #316, #1753, #1049, #240 ) ) ;
#104 = CARTESIAN_POINT ( 'NONE',  ( 70.00000000000001421, 64.99999999999975842, -44.63495408493623984 ) ) ;
#105 = ORIENTED_EDGE ( 'NONE', *, *, #842, .F. ) ;
#106 = DIRECTION ( 'NONE',  ( 0.000000000000000000, -1.000000000000000000, 6.982962677686266711E-15 ) ) ;
#107 = ORIENTED_EDGE ( 'NONE', *, *, #1742, .F. ) ;
#108 = CYLINDRICAL_SURFACE ( 'NONE', #941, 4.500000000000003553 ) ;
#109 = EDGE_LOOP ( 'NONE', ( #1798, #5 ) ) ;
#110 = CARTESIAN_POINT ( 'NONE',  ( 45.00000000000006395, 44.63495408493599115, -34.99999999999996447 ) ) ;
#111 = EDGE_CURVE ( 'NONE', #1619, #592, #116, .T. ) ;
#112 = VECTOR ( 'NONE', #13, 1000.000000000000000 ) ;
#113 = ORIENTED_EDGE ( 'NONE', *, *, #1085, .T. ) ;
#114 = DIRECTION ( 'NONE',  ( 1.000000000000000000, 0.000000000000000000, 0.000000000000000000 ) ) ;
#115 = VECTOR ( 'NONE', #1096, 1000.000000000000000 ) ;
#116 = LINE ( 'NONE', #259, #869 ) ;
#117 = UNCERTAINTY_MEASURE_WITH_UNIT (LENGTH_MEASURE( 1.000000000000000082E-05 ), #988, 'distance_accuracy_value', 'NONE');
#118 = VECTOR ( 'NONE', #1019, 1000.000000000000000 ) ;
#119 = VECTOR ( 'NONE', #299, 1000.000000000000000 ) ;
#120 = EDGE_LOOP ( 'NONE', ( #260, #567, #1515, #711 ) ) ;
#121 = DIRECTION ( 'NONE',  ( -1.000000000000000000, -4.625929269271500705E-16, -4.625929269271482956E-16 ) ) ;
#122 = AXIS2_PLACEMENT_3D ( 'NONE', #323, #180, #1102 ) ;
#123 = VECTOR ( 'NONE', #1652, 1000.000000000000000 ) ;
#124 = VERTEX_POINT ( 'NONE', #1348 ) ;
#125 = DIRECTION ( 'NONE',  ( 1.000000000000000000, 0.000000000000000000, 0.000000000000000000 ) ) ;
#126 = DIRECTION ( 'NONE',  ( 1.000000000000000000, 0.000000000000000000, 0.000000000000000000 ) ) ;
#127 = EDGE_CURVE ( 'NONE', #1411, #256, #526, .T. ) ;
#128 = ORIENTED_EDGE ( 'NONE', *, *, #1817, .T. ) ;
#129 = DIRECTION ( 'NONE',  ( -0.000000000000000000, -1.000000000000000000, 3.491481338843133355E-15 ) ) ;
#130 = EDGE_CURVE ( 'NONE', #124, #1948, #1601, .T. ) ;
#131 = CARTESIAN_POINT ( 'NONE',  ( -70.00000000000000000, 44.63495408493604799, -9.999999999999939604 ) ) ;
#132 = CARTESIAN_POINT ( 'NONE',  ( 84.99999999999997158, 65.00000000000009948, 50.36504591506376727 ) ) ;
#133 = ORIENTED_EDGE ( 'NONE', *, *, #550, .T. ) ;
#134 = CARTESIAN_POINT ( 'NONE',  ( -45.00000000000000711, 44.63495408493597694, -29.99999999999992895 ) ) ;
#135 = ORIENTED_EDGE ( 'NONE', *, *, #73, .F. ) ;
#136 = DIRECTION ( 'NONE',  ( 0.000000000000000000, -3.700743415417188731E-15, -1.000000000000000000 ) ) ;
#137 = EDGE_CURVE ( 'NONE', #919, #797, #1589, .T. ) ;
#138 = CARTESIAN_POINT ( 'NONE',  ( 84.99999999999997158, 70.00000000000008527, 50.36504591506374595 ) ) ;
#139 = EDGE_CURVE ( 'NONE', #57, #929, #1905, .T. ) ;
#140 = DIRECTION ( 'NONE',  ( -1.000000000000000000, -4.625929269271484928E-16, 9.860761315262649757E-32 ) ) ;
#141 = EDGE_LOOP ( 'NONE', ( #1643, #1720, #398, #76 ) ) ;
#142 = CARTESIAN_POINT ( 'NONE',  ( -100.0000000000000000, 70.00000000000014211, 70.36504591506371753 ) ) ;
#143 = VERTEX_POINT ( 'NONE', #1140 ) ;
#144 = PRESENTATION_STYLE_ASSIGNMENT (( #771 ) ) ;
#145 = DIRECTION ( 'NONE',  ( -1.000000000000000000, 1.020084992745451516E-30, 2.921639538487254754E-16 ) ) ;
#146 = VECTOR ( 'NONE', #305, 1000.000000000000000 ) ;
#147 = EDGE_CURVE ( 'NONE', #722, #1022, #691, .T. ) ;
#148 = AXIS2_PLACEMENT_3D ( 'NONE', #923, #430, #1069 ) ;
#149 = CARTESIAN_POINT ( 'NONE',  ( 94.99999999999995737, 65.00000000000017053, 70.36504591506377437 ) ) ;
#150 = VECTOR ( 'NONE', #273, 1000.000000000000000 ) ;
#151 = ORIENTED_EDGE ( 'NONE', *, *, #127, .T. ) ;
#152 = AXIS2_PLACEMENT_3D ( 'NONE', #850, #1603, #78 ) ;
#153 = CARTESIAN_POINT ( 'NONE',  ( 99.99999999999995737, 70.00000000000017053, 70.36504591506371753 ) ) ;
#154 = ORIENTED_EDGE ( 'NONE', *, *, #1588, .F. ) ;
#155 = CYLINDRICAL_SURFACE ( 'NONE', #1815, 5.000000000000004441 ) ;
#156 = DIRECTION ( 'NONE',  ( -3.146791413315288450E-30, 6.883382752675970551E-15, 1.000000000000000000 ) ) ;
#157 = EDGE_CURVE ( 'NONE', #463, #788, #1493, .T. ) ;
#158 = ORIENTED_EDGE ( 'NONE', *, *, #408, .F. ) ;
#159 = CARTESIAN_POINT ( 'NONE',  ( 99.99999999999995737, 109.9999999999999289, 19.99999999999965539 ) ) ;
#160 = DIRECTION ( 'NONE',  ( -0.000000000000000000, 0.000000000000000000, 1.000000000000000000 ) ) ;
#161 = EDGE_CURVE ( 'NONE', #256, #525, #1117, .T. ) ;
#162 = ORIENTED_EDGE ( 'NONE', *, *, #1817, .F. ) ;
#163 = DIRECTION ( 'NONE',  ( 0.000000000000000000, 1.000000000000000000, -3.491481338843133355E-15 ) ) ;
#164 = ORIENTED_EDGE ( 'NONE', *, *, #486, .T. ) ;
#165 = DIRECTION ( 'NONE',  ( -1.000000000000000000, 0.000000000000000000, -0.000000000000000000 ) ) ;
#166 = ORIENTED_EDGE ( 'NONE', *, *, #1795, .F. ) ;
#167 = DIRECTION ( 'NONE',  ( 9.251858538542969855E-16, -1.000000000000000000, 6.982962677686266711E-15 ) ) ;
#168 = DIRECTION ( 'NONE',  ( 0.000000000000000000, 1.000000000000000000, -3.491481338843133355E-15 ) ) ;
#169 = ORIENTED_EDGE ( 'NONE', *, *, #863, .T. ) ;
#170 = EDGE_CURVE ( 'NONE', #298, #1683, #1204, .T. ) ;
#171 = DIRECTION ( 'NONE',  ( -1.000000000000000000, -0.000000000000000000, -0.000000000000000000 ) ) ;
#172 = VECTOR ( 'NONE', #327, 1000.000000000000000 ) ;
#173 = CARTESIAN_POINT ( 'NONE',  ( -85.00000000000000000, 70.00000000000007105, 50.36504591506375306 ) ) ;
#174 = CARTESIAN_POINT ( 'NONE',  ( -74.99999999999998579, 65.00000000000015632, 70.36504591506376016 ) ) ;
#175 = VERTEX_POINT ( 'NONE', #1804 ) ;
#176 = LINE ( 'NONE', #336, #10 ) ;
#177 = ORIENTED_EDGE ( 'NONE', *, *, #393, .T. ) ;
#178 = ORIENTED_EDGE ( 'NONE', *, *, #1520, .F. ) ;
#179 = DIRECTION ( 'NONE',  ( 4.625929269271483942E-16, -1.000000000000000000, 3.491481338843133355E-15 ) ) ;
#180 = DIRECTION ( 'NONE',  ( 0.000000000000000000, 1.000000000000000000, -3.491481338843133355E-15 ) ) ;
#181 = AXIS2_PLACEMENT_3D ( 'NONE', #134, #1074, #1947 ) ;
#182 = VECTOR ( 'NONE', #653, 1000.000000000000000 ) ;
#183 = EDGE_LOOP ( 'NONE', ( #777, #274, #1073, #1961 ) ) ;
#184 = DIRECTION ( 'NONE',  ( 1.000000000000000000, 0.000000000000000000, -0.000000000000000000 ) ) ;
#185 = AXIS2_PLACEMENT_3D ( 'NONE', #822, #195, #1713 ) ;
#186 = EDGE_CURVE ( 'NONE', #1322, #124, #1287, .T. ) ;
#187 = ADVANCED_FACE ( 'NONE', ( #576 ), #1149, .T. ) ;
#188 = LINE ( 'NONE', #523, #1312 ) ;
#189 = PLANE ( 'NONE',  #766 ) ;
#190 = ORIENTED_EDGE ( 'NONE', *, *, #1891, .F. ) ;
#191 = CYLINDRICAL_SURFACE ( 'NONE', #1850, 5.000000000000004441 ) ;
#192 = ORIENTED_EDGE ( 'NONE', *, *, #1503, .T. ) ;
#193 = DIRECTION ( 'NONE',  ( -0.000000000000000000, -1.000000000000000000, 3.491481338843133355E-15 ) ) ;
#194 = ADVANCED_FACE ( 'NONE', ( #827 ), #1428, .F. ) ;
#195 = DIRECTION ( 'NONE',  ( -4.625929269271483942E-16, 1.000000000000000000, -3.491481338843133355E-15 ) ) ;
#196 = ADVANCED_FACE ( 'NONE', ( #1670 ), #1357, .F. ) ;
#197 = CARTESIAN_POINT ( 'NONE',  ( 95.00000000000005684, 44.63495408493601246, -34.99999999999993605 ) ) ;
#198 = EDGE_LOOP ( 'NONE', ( #169, #350, #1116, #1383 ) ) ;
#199 = DIRECTION ( 'NONE',  ( 0.000000000000000000, 6.982962677686266711E-15, 1.000000000000000000 ) ) ;
#200 = PLANE ( 'NONE',  #21 ) ;
#201 = DIRECTION ( 'NONE',  ( -4.625929269271483942E-16, 1.000000000000000000, -3.491481338843133355E-15 ) ) ;
#202 = VERTEX_POINT ( 'NONE', #1686 ) ;
#203 = DIRECTION ( 'NONE',  ( -3.192856382288987781E-30, 7.888609052210118054E-31, -1.000000000000000000 ) ) ;
#204 = CARTESIAN_POINT ( 'NONE',  ( 70.00000000000004263, 44.63495408493609062, -9.999999999999953815 ) ) ;
#205 = VECTOR ( 'NONE', #1862, 1000.000000000000000 ) ;
#206 = ADVANCED_FACE ( 'NONE', ( #1658 ), #1078, .F. ) ;
#207 = DIRECTION ( 'NONE',  ( 1.000000000000000000, 0.000000000000000000, 0.000000000000000000 ) ) ;
#208 = DIRECTION ( 'NONE',  ( -1.156482317317874289E-15, 3.491481338843132566E-15, 1.000000000000000000 ) ) ;
#209 = DIRECTION ( 'NONE',  ( 1.000000000000000000, 0.000000000000000000, 6.938893903907232322E-16 ) ) ;
#210 = VECTOR ( 'NONE', #755, 1000.000000000000000 ) ;
#211 = VERTEX_POINT ( 'NONE', #1513 ) ;
#212 = AXIS2_PLACEMENT_3D ( 'NONE', #712, #246, #565 ) ;
#213 = CARTESIAN_POINT ( 'NONE',  ( -89.50000000000001421, 70.00000000000007105, 50.36504591506375306 ) ) ;
#214 = AXIS2_PLACEMENT_3D ( 'NONE', #1836, #1488, #449 ) ;
#215 = ORIENTED_EDGE ( 'NONE', *, *, #47, .F. ) ;
#216 = VECTOR ( 'NONE', #833, 1000.000000000000000 ) ;
#217 = VECTOR ( 'NONE', #253, 1000.000000000000000 ) ;
#218 = DIRECTION ( 'NONE',  ( 4.625929269271483942E-16, -1.000000000000000000, 3.491481338843133355E-15 ) ) ;
#219 = ORIENTED_EDGE ( 'NONE', *, *, #1498, .T. ) ;
#220 = DIRECTION ( 'NONE',  ( 1.000000000000000000, 4.625929269271484928E-16, -1.834727789377364644E-60 ) ) ;
#221 = PLANE ( 'NONE',  #1129 ) ;
#222 = ADVANCED_FACE ( 'NONE', ( #1364 ), #603, .T. ) ;
#223 = CARTESIAN_POINT ( 'NONE',  ( 70.00000000000000000, 55.00000000000004974, 35.00000000000004263 ) ) ;
#224 = ORIENTED_EDGE ( 'NONE', *, *, #1855, .T. ) ;
#225 = CYLINDRICAL_SURFACE ( 'NONE', #1692, 5.000000000000004441 ) ;
#226 = EDGE_CURVE ( 'NONE', #599, #898, #1061, .T. ) ;
#227 = ORIENTED_EDGE ( 'NONE', *, *, #1382, .T. ) ;
#228 = LINE ( 'NONE', #572, #802 ) ;
#229 = LINE ( 'NONE', #204, #1870 ) ;
#230 = EDGE_LOOP ( 'NONE', ( #1028, #1087, #942, #731 ) ) ;
#231 = FILL_AREA_STYLE ('',( #540 ) ) ;
#232 = CARTESIAN_POINT ( 'NONE',  ( -100.0000000000000000, 70.00000000000014211, 70.36504591506371753 ) ) ;
#233 = ORIENTED_EDGE ( 'NONE', *, *, #1710, .T. ) ;
#234 = CARTESIAN_POINT ( 'NONE',  ( 40.00000000000004974, 44.63495408493604089, -19.99999999999997513 ) ) ;
#235 = ADVANCED_FACE ( 'NONE', ( #1376 ), #289, .F. ) ;
#236 = ORIENTED_EDGE ( 'NONE', *, *, #823, .F. ) ;
#237 = CARTESIAN_POINT ( 'NONE',  ( 70.00000000000004263, 39.63495408493615457, 10.00000000000004974 ) ) ;
#238 = ORIENTED_EDGE ( 'NONE', *, *, #1427, .F. ) ;
#239 = CARTESIAN_POINT ( 'NONE',  ( -45.00000000000000711, 39.63495408493603378, -14.99999999999993072 ) ) ;
#240 = ORIENTED_EDGE ( 'NONE', *, *, #716, .F. ) ;
#241 = LINE ( 'NONE', #1164, #1883 ) ;
#242 = VERTEX_POINT ( 'NONE', #1966 ) ;
#243 = CARTESIAN_POINT ( 'NONE',  ( -69.99999999999998579, 55.00000000000003553, 35.00000000000005684 ) ) ;
#244 = CIRCLE ( 'NONE', #48, 9.999999999999994671 ) ;
#245 = EDGE_LOOP ( 'NONE', ( #1790, #1083, #1465, #872 ) ) ;
#246 = DIRECTION ( 'NONE',  ( -4.625929269271483942E-16, 1.000000000000000000, -3.491481338843133355E-15 ) ) ;
#247 = EDGE_CURVE ( 'NONE', #615, #424, #1086, .T. ) ;
#248 = VECTOR ( 'NONE', #70, 1000.000000000000000 ) ;
#249 = VERTEX_POINT ( 'NONE', #762 ) ;
#250 = VECTOR ( 'NONE', #1917, 1000.000000000000000 ) ;
#251 = EDGE_CURVE ( 'NONE', #1354, #1864, #936, .T. ) ;
#252 = EDGE_LOOP ( 'NONE', ( #1308, #945, #1763, #1333 ) ) ;
#253 = DIRECTION ( 'NONE',  ( 0.000000000000000000, -3.491481338843133355E-15, -1.000000000000000000 ) ) ;
#254 = ORIENTED_EDGE ( 'NONE', *, *, #1260, .T. ) ;
#255 = DIRECTION ( 'NONE',  ( -4.625929269271483942E-16, 1.000000000000000000, -3.491481338843133355E-15 ) ) ;
#256 = VERTEX_POINT ( 'NONE', #924 ) ;
#257 = DIRECTION ( 'NONE',  ( 1.000000000000000000, 4.625929269271484928E-16, -1.834727789377364644E-60 ) ) ;
#258 = VERTEX_POINT ( 'NONE', #468 ) ;
#259 = CARTESIAN_POINT ( 'NONE',  ( -45.00000000000000711, 44.63495408493596273, -34.99999999999995026 ) ) ;
#260 = ORIENTED_EDGE ( 'NONE', *, *, #251, .F. ) ;
#261 = ADVANCED_FACE ( 'NONE', ( #1977 ), #443, .T. ) ;
#262 = DIRECTION ( 'NONE',  ( 0.000000000000000000, -1.000000000000000000, 3.469446951953613400E-15 ) ) ;
#263 = ORIENTED_EDGE ( 'NONE', *, *, #890, .T. ) ;
#264 = DIRECTION ( 'NONE',  ( -0.000000000000000000, 1.000000000000000000, -6.982962677686266711E-15 ) ) ;
#265 = ORIENTED_EDGE ( 'NONE', *, *, #161, .F. ) ;
#266 = CARTESIAN_POINT ( 'NONE',  ( -100.0000000000000000, 70.00000000000014211, 70.36504591506371753 ) ) ;
#267 = ORIENTED_EDGE ( 'NONE', *, *, #22, .F. ) ;
#268 = DIRECTION ( 'NONE',  ( 0.000000000000000000, -3.491481338843133355E-15, -1.000000000000000000 ) ) ;
#269 = EDGE_LOOP ( 'NONE', ( #1552, #267, #596, #263 ) ) ;
#270 = CARTESIAN_POINT ( 'NONE',  ( 99.99999999999998579, 65.00000000000004263, 35.00000000000000711 ) ) ;
#271 = EDGE_CURVE ( 'NONE', #1635, #1660, #946, .T. ) ;
#272 = VERTEX_POINT ( 'NONE', #461 ) ;
#273 = DIRECTION ( 'NONE',  ( -1.000000000000000000, -4.625929269271500705E-16, -4.625929269271483942E-16 ) ) ;
#274 = ORIENTED_EDGE ( 'NONE', *, *, #1018, .T. ) ;
#275 = LINE ( 'NONE', #907, #337 ) ;
#276 = AXIS2_PLACEMENT_3D ( 'NONE', #64, #1596, #1724 ) ;
#277 = CARTESIAN_POINT ( 'NONE',  ( 100.0000000000000000, 44.63495408493643879, 85.00000000000002842 ) ) ;
#278 = CIRCLE ( 'NONE', #83, 15.00000000000000000 ) ;
#279 = VECTOR ( 'NONE', #1543, 1000.000000000000000 ) ;
#280 = FACE_OUTER_BOUND ( 'NONE', #1202, .T. ) ;
#281 = COLOUR_RGB ( '',0.7921568627450980005, 0.8196078431372548767, 0.9333333333333333481 ) ;
#282 = ORIENTED_EDGE ( 'NONE', *, *, #1098, .T. ) ;
#283 = EDGE_CURVE ( 'NONE', #561, #1219, #1393, .T. ) ;
#284 = DIRECTION ( 'NONE',  ( 1.000000000000000000, 4.625929269271499719E-16, 4.625929269271483942E-16 ) ) ;
#285 = LINE ( 'NONE', #1210, #744 ) ;
#286 = ORIENTED_EDGE ( 'NONE', *, *, #1585, .F. ) ;
#287 = EDGE_CURVE ( 'NONE', #249, #397, #1506, .T. ) ;
#288 = CARTESIAN_POINT ( 'NONE',  ( -99.99999999999997158, 55.00000000000003553, 35.00000000000005684 ) ) ;
#289 = PLANE ( 'NONE',  #440 ) ;
#290 = DIRECTION ( 'NONE',  ( -4.625929269271483942E-16, 1.000000000000000000, -3.491481338843133355E-15 ) ) ;
#291 = VERTEX_POINT ( 'NONE', #131 ) ;
#292 = LINE ( 'NONE', #110, #150 ) ;
#293 = ORIENTED_EDGE ( 'NONE', *, *, #865, .T. ) ;
#294 = CARTESIAN_POINT ( 'NONE',  ( -70.00000000000000000, 39.63495408493604799, -9.999999999999925393 ) ) ;
#295 = EDGE_CURVE ( 'NONE', #797, #256, #904, .T. ) ;
#296 = CARTESIAN_POINT ( 'NONE',  ( 121.2012627116452137, 55.00000000000006395, 35.00000000000004263 ) ) ;
#297 = FACE_OUTER_BOUND ( 'NONE', #426, .T. ) ;
#298 = VERTEX_POINT ( 'NONE', #1416 ) ;
#299 = DIRECTION ( 'NONE',  ( -4.625929269271500705E-16, 3.491481338843132961E-15, 1.000000000000000000 ) ) ;
#300 = DIRECTION ( 'NONE',  ( 1.000000000000000000, 0.000000000000000000, 0.000000000000000000 ) ) ;
#301 = EDGE_LOOP ( 'NONE', ( #1228, #1080, #858, #1777 ) ) ;
#302 = DIRECTION ( 'NONE',  ( -4.625929269271483942E-16, 1.000000000000000000, -3.491481338843133355E-15 ) ) ;
#303 = AXIS2_PLACEMENT_3D ( 'NONE', #981, #536, #1743 ) ;
#304 = ORIENTED_EDGE ( 'NONE', *, *, #384, .F. ) ;
#305 = DIRECTION ( 'NONE',  ( 1.000000000000000000, 4.625929269271483942E-16, -7.006492321624085355E-46 ) ) ;
#306 = AXIS2_PLACEMENT_3D ( 'NONE', #683, #732, #849 ) ;
#307 = ORIENTED_EDGE ( 'NONE', *, *, #137, .F. ) ;
#308 = AXIS2_PLACEMENT_3D ( 'NONE', #288, #1803, #614 ) ;
#309 = EDGE_CURVE ( 'NONE', #1476, #1068, #1157, .T. ) ;
#310 = DIRECTION ( 'NONE',  ( -1.000000000000000000, 0.000000000000000000, -0.000000000000000000 ) ) ;
#311 = CIRCLE ( 'NONE', #1598, 2.500000000000009326 ) ;
#312 = ORIENTED_EDGE ( 'NONE', *, *, #1498, .F. ) ;
#313 = CIRCLE ( 'NONE', #185, 4.999999999999997335 ) ;
#314 = CARTESIAN_POINT ( 'NONE',  ( 100.0000000000000568, 39.63495408493603378, -29.99999999999991473 ) ) ;
#315 = CARTESIAN_POINT ( 'NONE',  ( 70.00000000000000000, 55.00000000000004974, 35.00000000000004263 ) ) ;
#316 = ORIENTED_EDGE ( 'NONE', *, *, #553, .T. ) ;
#317 = FILL_AREA_STYLE ('',( #1077 ) ) ;
#318 = CARTESIAN_POINT ( 'NONE',  ( -95.00000000000000000, 44.63495408493597694, -29.99999999999992895 ) ) ;
#319 = DIRECTION ( 'NONE',  ( -2.921639538487254754E-16, -3.491481338843133355E-15, -1.000000000000000000 ) ) ;
#320 = ADVANCED_FACE ( 'NONE', ( #347 ), #1574, .T. ) ;
#321 = DIRECTION ( 'NONE',  ( -1.000000000000000000, 0.000000000000000000, 0.000000000000000000 ) ) ;
#322 = DIRECTION ( 'NONE',  ( 0.000000000000000000, 0.000000000000000000, 1.000000000000000000 ) ) ;
#323 = CARTESIAN_POINT ( 'NONE',  ( -95.00000000000000000, 65.00000000000015632, 70.36504591506377437 ) ) ;
#324 = ORIENTED_EDGE ( 'NONE', *, *, #408, .T. ) ;
#325 = DIRECTION ( 'NONE',  ( -5.551115123125782702E-15, 0.000000000000000000, 1.000000000000000000 ) ) ;
#326 = FACE_OUTER_BOUND ( 'NONE', #183, .T. ) ;
#327 = DIRECTION ( 'NONE',  ( 1.000000000000000000, 0.000000000000000000, 0.000000000000000000 ) ) ;
#328 = ORIENTED_EDGE ( 'NONE', *, *, #330, .T. ) ;
#329 = CYLINDRICAL_SURFACE ( 'NONE', #377, 4.999999999999997335 ) ;
#330 = EDGE_CURVE ( 'NONE', #1971, #1828, #668, .T. ) ;
#331 = DIRECTION ( 'NONE',  ( 1.000000000000000000, 5.914207291956812871E-15, -4.924566830952337169E-29 ) ) ;
#332 = ORIENTED_EDGE ( 'NONE', *, *, #1237, .T. ) ;
#333 = DIRECTION ( 'NONE',  ( 0.000000000000000000, -1.000000000000000000, 3.469446951953614189E-15 ) ) ;
#334 = DIRECTION ( 'NONE',  ( 1.000000000000000000, 0.000000000000000000, 0.000000000000000000 ) ) ;
#335 = VECTOR ( 'NONE', #106, 1000.000000000000000 ) ;
#336 = CARTESIAN_POINT ( 'NONE',  ( 80.49999999999997158, 70.00000000000008527, 50.36504591506374595 ) ) ;
#337 = VECTOR ( 'NONE', #129, 1000.000000000000000 ) ;
#338 = ORIENTED_EDGE ( 'NONE', *, *, #498, .F. ) ;
#339 = LINE ( 'NONE', #952, #182 ) ;
#340 = AXIS2_PLACEMENT_3D ( 'NONE', #3, #1388, #1729 ) ;
#341 = ADVANCED_FACE ( 'NONE', ( #39, #1548 ), #801, .F. ) ;
#342 = AXIS2_PLACEMENT_3D ( 'NONE', #1882, #1564, #348 ) ;
#343 = ORIENTED_EDGE ( 'NONE', *, *, #1066, .T. ) ;
#344 = CARTESIAN_POINT ( 'NONE',  ( 100.0000000000000426, 44.63495408493669458, 10.00000000000009237 ) ) ;
#345 = VECTOR ( 'NONE', #1072, 1000.000000000000000 ) ;
#346 = EDGE_CURVE ( 'NONE', #569, #1676, #680, .T. ) ;
#347 = FACE_OUTER_BOUND ( 'NONE', #1156, .T. ) ;
#348 = DIRECTION ( 'NONE',  ( -1.000000000000000000, 0.000000000000000000, 0.000000000000000000 ) ) ;
#349 = CARTESIAN_POINT ( 'NONE',  ( 45.00000000000005684, 44.63495408493606220, -14.99999999999997158 ) ) ;
#350 = ORIENTED_EDGE ( 'NONE', *, *, #1358, .F. ) ;
#351 = DIRECTION ( 'NONE',  ( -1.000000000000000000, 0.000000000000000000, 0.000000000000000000 ) ) ;
#352 = DIRECTION ( 'NONE',  ( 0.000000000000000000, 1.000000000000000000, -3.491481338843133355E-15 ) ) ;
#353 = ORIENTED_EDGE ( 'NONE', *, *, #1108, .T. ) ;
#354 = CARTESIAN_POINT ( 'NONE',  ( 99.99999999999995737, 70.00000000000017053, 70.36504591506371753 ) ) ;
#355 = DIRECTION ( 'NONE',  ( 1.000000000000000000, 0.000000000000000000, 0.000000000000000000 ) ) ;
#356 = EDGE_CURVE ( 'NONE', #1206, #1400, #404, .T. ) ;
#357 = CARTESIAN_POINT ( 'NONE',  ( -100.0000000000000000, 65.00000000000015632, 70.36504591506373174 ) ) ;
#358 = CARTESIAN_POINT ( 'NONE',  ( -100.0000000000000000, 44.63495408493638195, 85.00000000000002842 ) ) ;
#359 = EDGE_LOOP ( 'NONE', ( #479, #1497, #1340, #1877 ) ) ;
#360 = CARTESIAN_POINT ( 'NONE',  ( 45.00000000000006395, 44.63495408493599115, -34.99999999999996447 ) ) ;
#361 = DIRECTION ( 'NONE',  ( -1.000000000000000000, 1.020084992745451516E-30, 2.921639538487254754E-16 ) ) ;
#362 = CARTESIAN_POINT ( 'NONE',  ( 94.99999999999995737, 65.00000000000018474, 75.36504591506376016 ) ) ;
#363 = ORIENTED_EDGE ( 'NONE', *, *, #1721, .F. ) ;
#364 = CARTESIAN_POINT ( 'NONE',  ( -100.0000000000000000, 54.63495408493611905, 10.00000000000006395 ) ) ;
#365 = DIRECTION ( 'NONE',  ( -4.625929269271483942E-16, 1.000000000000000000, -3.491481338843133355E-15 ) ) ;
#366 = EDGE_CURVE ( 'NONE', #1326, #1606, #1625, .T. ) ;
#367 = CARTESIAN_POINT ( 'NONE',  ( 100.0000000000000000, 44.63495408493643879, 85.00000000000002842 ) ) ;
#368 = ADVANCED_FACE ( 'NONE', ( #1324, #1169 ), #1911, .T. ) ;
#369 = CARTESIAN_POINT ( 'NONE',  ( -95.00000000000000000, -5.000000000000060396, 25.00000000000047962 ) ) ;
#370 = CARTESIAN_POINT ( 'NONE',  ( -100.0000000000000000, 44.63495408493597694, -29.99999999999992895 ) ) ;
#371 = DIRECTION ( 'NONE',  ( 0.000000000000000000, -1.000000000000000000, 0.000000000000000000 ) ) ;
#372 = VECTOR ( 'NONE', #1939, 1000.000000000000000 ) ;
#373 = EDGE_LOOP ( 'NONE', ( #409, #1160, #1257, #1027 ) ) ;
#374 = CARTESIAN_POINT ( 'NONE',  ( -69.99999999999998579, 54.63495408493621142, 25.00000000000006395 ) ) ;
#375 = AXIS2_PLACEMENT_3D ( 'NONE', #666, #645, #1258 ) ;
#376 = FACE_OUTER_BOUND ( 'NONE', #1566, .T. ) ;
#377 = AXIS2_PLACEMENT_3D ( 'NONE', #962, #179, #1422 ) ;
#378 = CIRCLE ( 'NONE', #1254, 5.000000000000004441 ) ;
#379 = ORIENTED_EDGE ( 'NONE', *, *, #1085, .F. ) ;
#380 = CARTESIAN_POINT ( 'NONE',  ( 74.99999999999994316, 70.00000000000015632, 70.36504591506374595 ) ) ;
#381 = VERTEX_POINT ( 'NONE', #237 ) ;
#382 = SURFACE_SIDE_STYLE ('',( #1163 ) ) ;
#383 = DIRECTION ( 'NONE',  ( -1.000000000000000000, -5.914207291956812871E-15, 4.924566830952337169E-29 ) ) ;
#384 = EDGE_CURVE ( 'NONE', #1683, #381, #1751, .T. ) ;
#385 = EDGE_LOOP ( 'NONE', ( #25, #405, #177, #1923, #332, #529 ) ) ;
#386 = DIRECTION ( 'NONE',  ( 0.000000000000000000, 6.982962677686266711E-15, 1.000000000000000000 ) ) ;
#387 = DIRECTION ( 'NONE',  ( -4.625929269271483942E-16, 1.000000000000000000, -3.491481338843133355E-15 ) ) ;
#388 = EDGE_LOOP ( 'NONE', ( #304, #1830, #190, #254 ) ) ;
#389 = DIRECTION ( 'NONE',  ( -2.921639538487254754E-16, -1.000000000000000000, 6.982962677686266711E-15 ) ) ;
#390 = ORIENTED_EDGE ( 'NONE', *, *, #450, .F. ) ;
#391 = CARTESIAN_POINT ( 'NONE',  ( -95.00000000000000000, 70.00000000000014211, 70.36504591506376016 ) ) ;
#392 = VERTEX_POINT ( 'NONE', #895 ) ;
#393 = EDGE_CURVE ( 'NONE', #1898, #1676, #740, .T. ) ;
#394 = DIRECTION ( 'NONE',  ( -0.000000000000000000, -1.000000000000000000, 3.491481338843133355E-15 ) ) ;
#395 = EDGE_CURVE ( 'NONE', #1092, #1660, #228, .T. ) ;
#396 = DIRECTION ( 'NONE',  ( 4.625929269271484928E-16, -1.000000000000000000, 3.491481338843133355E-15 ) ) ;
#397 = VERTEX_POINT ( 'NONE', #1929 ) ;
#398 = ORIENTED_EDGE ( 'NONE', *, *, #434, .T. ) ;
#399 = VECTOR ( 'NONE', #1128, 1000.000000000000000 ) ;
#400 = DIRECTION ( 'NONE',  ( 0.000000000000000000, -3.700743415417188731E-15, -1.000000000000000000 ) ) ;
#401 = ORIENTED_EDGE ( 'NONE', *, *, #31, .T. ) ;
#402 = CARTESIAN_POINT ( 'NONE',  ( -94.99999999999997158, 65.00000000000017053, 75.36504591506377437 ) ) ;
#403 = EDGE_CURVE ( 'NONE', #1092, #392, #17, .T. ) ;
#404 = CIRCLE ( 'NONE', #1371, 4.500000000000003553 ) ;
#405 = ORIENTED_EDGE ( 'NONE', *, *, #1666, .T. ) ;
#406 = DIRECTION ( 'NONE',  ( -1.000000000000000000, -4.625929269271500705E-16, -4.625929269271483942E-16 ) ) ;
#407 = AXIS2_PLACEMENT_3D ( 'NONE', #759, #1655, #1955 ) ;
#408 = EDGE_CURVE ( 'NONE', #1298, #1619, #602, .T. ) ;
#409 = ORIENTED_EDGE ( 'NONE', *, *, #925, .T. ) ;
#410 = AXIS2_PLACEMENT_3D ( 'NONE', #428, #1055, #126 ) ;
#411 = CARTESIAN_POINT ( 'NONE',  ( -69.99999999999998579, 39.63495408493598404, -29.99999999999991473 ) ) ;
#412 = AXIS2_PLACEMENT_3D ( 'NONE', #664, #168, #1875 ) ;
#413 = ORIENTED_EDGE ( 'NONE', *, *, #823, .T. ) ;
#414 = DIRECTION ( 'NONE',  ( -1.000000000000000000, 0.000000000000000000, 0.000000000000000000 ) ) ;
#415 = ORIENTED_EDGE ( 'NONE', *, *, #799, .T. ) ;
#416 = DIRECTION ( 'NONE',  ( 0.000000000000000000, 1.000000000000000000, -3.491481338843133355E-15 ) ) ;
#417 = DIRECTION ( 'NONE',  ( 1.000000000000000000, 0.000000000000000000, 0.000000000000000000 ) ) ;
#418 = EDGE_LOOP ( 'NONE', ( #932, #882, #353, #1196 ) ) ;
#419 = FACE_OUTER_BOUND ( 'NONE', #1325, .T. ) ;
#420 = ORIENTED_EDGE ( 'NONE', *, *, #1195, .T. ) ;
#421 = LINE ( 'NONE', #1040, #1302 ) ;
#422 = EDGE_CURVE ( 'NONE', #520, #922, #94, .T. ) ;
#423 = APPLICATION_PROTOCOL_DEFINITION ( 'draft international standard', 'automotive_design', 1998, #595 ) ;
#424 = VERTEX_POINT ( 'NONE', #1637 ) ;
#425 = CARTESIAN_POINT ( 'NONE',  ( 70.00000000000004263, 44.63495408493616168, 10.00000000000009237 ) ) ;
#426 = EDGE_LOOP ( 'NONE', ( #1173, #1731, #1075, #343, #401, #825 ) ) ;
#427 = DIRECTION ( 'NONE',  ( 4.625929269271483942E-16, -1.000000000000000000, 3.491481338843133355E-15 ) ) ;
#428 = CARTESIAN_POINT ( 'NONE',  ( -95.00000000000000000, 39.63495408493598404, -29.99999999999991473 ) ) ;
#429 = ORIENTED_EDGE ( 'NONE', *, *, #1123, .F. ) ;
#430 = DIRECTION ( 'NONE',  ( 4.625929269271483942E-16, -1.000000000000000000, 3.491481338843133355E-15 ) ) ;
#431 = DIRECTION ( 'NONE',  ( -1.000000000000000000, -4.625929269271500705E-16, -4.625929269271483942E-16 ) ) ;
#432 = CARTESIAN_POINT ( 'NONE',  ( 0.000000000000000000, 0.000000000000000000, 0.000000000000000000 ) ) ;
#433 = CARTESIAN_POINT ( 'NONE',  ( 100.0000000000000142, 44.63495408493618299, 10.00000000000009237 ) ) ;
#434 = EDGE_CURVE ( 'NONE', #1948, #49, #532, .T. ) ;
#435 = AXIS2_PLACEMENT_3D ( 'NONE', #380, #1586, #659 ) ;
#436 = EDGE_LOOP ( 'NONE', ( #1211, #1243 ) ) ;
#437 = PLANE ( 'NONE',  #1190 ) ;
#438 = LINE ( 'NONE', #1489, #1531 ) ;
#439 = ORIENTED_EDGE ( 'NONE', *, *, #484, .T. ) ;
#440 = AXIS2_PLACEMENT_3D ( 'NONE', #1813, #1833, #163 ) ;
#441 = DIRECTION ( 'NONE',  ( 0.000000000000000000, -1.000000000000000000, 3.469446951953613400E-15 ) ) ;
#442 = VECTOR ( 'NONE', #1112, 1000.000000000000000 ) ;
#443 = CYLINDRICAL_SURFACE ( 'NONE', #470, 15.00000000000000000 ) ;
#444 = CIRCLE ( 'NONE', #214, 2.500000000000009326 ) ;
#445 = VECTOR ( 'NONE', #947, 1000.000000000000000 ) ;
#446 = CARTESIAN_POINT ( 'NONE',  ( 57.50000000000007105, 44.63495408493602667, -24.99999999999994671 ) ) ;
#447 = VECTOR ( 'NONE', #1705, 1000.000000000000000 ) ;
#448 = ORIENTED_EDGE ( 'NONE', *, *, #1605, .T. ) ;
#449 = DIRECTION ( 'NONE',  ( -1.000000000000000000, 0.000000000000000000, 0.000000000000000000 ) ) ;
#450 = EDGE_CURVE ( 'NONE', #242, #561, #1475, .T. ) ;
#451 = ORIENTED_EDGE ( 'NONE', *, *, #226, .T. ) ;
#452 = DIRECTION ( 'NONE',  ( -0.000000000000000000, -1.000000000000000000, 3.491481338843133355E-15 ) ) ;
#453 = PRODUCT_DEFINITION_SHAPE ( 'NONE', 'NONE',  #1038 ) ;
#454 = CARTESIAN_POINT ( 'NONE',  ( -70.00000000000000000, 69.99999999999981526, -24.63495408493625405 ) ) ;
#455 = ORIENTED_EDGE ( 'NONE', *, *, #287, .F. ) ;
#456 = DIRECTION ( 'NONE',  ( 4.625929269271483942E-16, -1.000000000000000000, 3.491481338843133355E-15 ) ) ;
#457 = CARTESIAN_POINT ( 'NONE',  ( -45.00000000000000711, 44.63495408493601246, -19.99999999999994671 ) ) ;
#458 = ADVANCED_FACE ( 'NONE', ( #376 ), #72, .T. ) ;
#459 = VERTEX_POINT ( 'NONE', #547 ) ;
#460 = CARTESIAN_POINT ( 'NONE',  ( -100.0000000000000000, 65.00000000000002842, 35.00000000000001421 ) ) ;
#461 = CARTESIAN_POINT ( 'NONE',  ( 94.99999999999992895, 70.00000000000018474, 75.36504591506374595 ) ) ;
#462 = DIRECTION ( 'NONE',  ( -1.000000000000000000, 2.422701857770451161E-30, 6.938893903907241197E-16 ) ) ;
#463 = VERTEX_POINT ( 'NONE', #743 ) ;
#464 = CARTESIAN_POINT ( 'NONE',  ( 57.50000000000007105, 44.63495408493602667, -24.99999999999995381 ) ) ;
#465 = EDGE_LOOP ( 'NONE', ( #1894, #718 ) ) ;
#466 = CYLINDRICAL_SURFACE ( 'NONE', #1095, 10.00000000000000178 ) ;
#467 = AXIS2_PLACEMENT_3D ( 'NONE', #624, #1842, #310 ) ;
#468 = CARTESIAN_POINT ( 'NONE',  ( -100.0000000000000000, 39.63495408493598404, -29.99999999999991473 ) ) ;
#469 = EDGE_CURVE ( 'NONE', #961, #1595, #1846, .T. ) ;
#470 = AXIS2_PLACEMENT_3D ( 'NONE', #296, #1840, #1519 ) ;
#471 = ORIENTED_EDGE ( 'NONE', *, *, #987, .F. ) ;
#472 = AXIS2_PLACEMENT_3D ( 'NONE', #364, #171, #333 ) ;
#473 = CARTESIAN_POINT ( 'NONE',  ( -75.00000000000001421, 65.00000000000017053, 75.36504591506376016 ) ) ;
#474 = CIRCLE ( 'NONE', #1405, 5.000000000000004441 ) ;
#475 = ORIENTED_EDGE ( 'NONE', *, *, #1863, .T. ) ;
#476 = VECTOR ( 'NONE', #783, 1000.000000000000000 ) ;
#477 = DIRECTION ( 'NONE',  ( -2.921639538487254754E-16, -1.000000000000000000, 6.982962677686266711E-15 ) ) ;
#478 = VECTOR ( 'NONE', #1799, 1000.000000000000000 ) ;
#479 = ORIENTED_EDGE ( 'NONE', *, *, #33, .T. ) ;
#480 = DIRECTION ( 'NONE',  ( -4.625929269271484928E-16, 1.000000000000000000, -3.391901413832837195E-15 ) ) ;
#481 = DIRECTION ( 'NONE',  ( 0.000000000000000000, 1.000000000000000000, -3.491481338843133355E-15 ) ) ;
#482 = PRESENTATION_STYLE_ASSIGNMENT (( #1458 ) ) ;
#483 = ORIENTED_EDGE ( 'NONE', *, *, #422, .T. ) ;
#484 = EDGE_CURVE ( 'NONE', #525, #291, #730, .T. ) ;
#485 = FACE_OUTER_BOUND ( 'NONE', #19, .T. ) ;
#486 = EDGE_CURVE ( 'NONE', #1578, #272, #1346, .T. ) ;
#487 = VERTEX_POINT ( 'NONE', #1922 ) ;
#488 = CARTESIAN_POINT ( 'NONE',  ( -69.99999999999998579, 70.00000000000014211, 70.36504591506370332 ) ) ;
#489 = EDGE_LOOP ( 'NONE', ( #1621, #324, #1932, #1587 ) ) ;
#490 = LINE ( 'NONE', #344, #1305 ) ;
#491 = CARTESIAN_POINT ( 'NONE',  ( 69.99999999999998579, 54.63495408493621142, 20.00000000000004619 ) ) ;
#492 = CARTESIAN_POINT ( 'NONE',  ( -69.99999999999998579, 55.00000000000003553, 35.00000000000005684 ) ) ;
#493 = ADVANCED_FACE ( 'NONE', ( #1193, #419 ), #557, .F. ) ;
#494 = EDGE_LOOP ( 'NONE', ( #644, #1889, #543, #429 ) ) ;
#495 = ORIENTED_EDGE ( 'NONE', *, *, #1406, .T. ) ;
#496 = DIRECTION ( 'NONE',  ( 2.040169985490903032E-30, 7.888609052210118054E-31, -1.000000000000000000 ) ) ;
#497 = DIRECTION ( 'NONE',  ( 1.000000000000000000, 4.625929269271500705E-16, 4.625929269271483942E-16 ) ) ;
#498 = EDGE_CURVE ( 'NONE', #242, #961, #1048, .T. ) ;
#499 = ORIENTED_EDGE ( 'NONE', *, *, #1795, .T. ) ;
#500 = DIRECTION ( 'NONE',  ( -1.000000000000000000, -2.188696369312147797E-29, -5.914207291956807349E-15 ) ) ;
#501 = MANIFOLD_SOLID_BREP ( 'Sketched Bend8', #1659 ) ;
#502 = CIRCLE ( 'NONE', #866, 5.000000000000004441 ) ;
#503 = CARTESIAN_POINT ( 'NONE',  ( 99.99999999999995737, 109.9999999999999289, 19.99999999999965539 ) ) ;
#504 = VECTOR ( 'NONE', #1744, 1000.000000000000000 ) ;
#505 =( LENGTH_UNIT ( ) NAMED_UNIT ( * ) SI_UNIT ( .MILLI., .METRE. ) );
#506 = AXIS2_PLACEMENT_3D ( 'NONE', #1703, #1547, #20 ) ;
#507 = DIRECTION ( 'NONE',  ( -1.000000000000000000, 0.000000000000000000, 0.000000000000000000 ) ) ;
#508 = LINE ( 'NONE', #518, #638 ) ;
#509 = CARTESIAN_POINT ( 'NONE',  ( -99.99999999999998579, 55.00000000000003553, 35.00000000000005684 ) ) ;
#510 = CIRCLE ( 'NONE', #1630, 15.00000000000000000 ) ;
#511 = CIRCLE ( 'NONE', #342, 5.000000000000004441 ) ;
#512 = ORIENTED_EDGE ( 'NONE', *, *, #1588, .T. ) ;
#513 = ADVANCED_FACE ( 'NONE', ( #1239 ), #1669, .T. ) ;
#514 = FACE_BOUND ( 'NONE', #736, .T. ) ;
#515 = AXIS2_PLACEMENT_3D ( 'NONE', #132, #290, #1367 ) ;
#516 = LINE ( 'NONE', #648, #776 ) ;
#517 = DIRECTION ( 'NONE',  ( 0.000000000000000000, 1.000000000000000000, -3.491481338843133355E-15 ) ) ;
#518 = CARTESIAN_POINT ( 'NONE',  ( 100.0000000000000568, -5.000000000000004441, 25.00000000000046541 ) ) ;
#519 = DIRECTION ( 'NONE',  ( 4.625929269271483942E-16, -1.000000000000000000, 3.491481338843133355E-15 ) ) ;
#520 = VERTEX_POINT ( 'NONE', #1657 ) ;
#521 = CARTESIAN_POINT ( 'NONE',  ( 99.99999999999997158, 55.00000000000006395, 35.00000000000004263 ) ) ;
#522 = ADVANCED_FACE ( 'NONE', ( #1511 ), #155, .T. ) ;
#523 = CARTESIAN_POINT ( 'NONE',  ( 45.00000000000005684, 44.63495408493606220, -14.99999999999997158 ) ) ;
#524 = CYLINDRICAL_SURFACE ( 'NONE', #1747, 4.500000000000003553 ) ;
#525 = VERTEX_POINT ( 'NONE', #294 ) ;
#526 = LINE ( 'NONE', #66, #1495 ) ;
#527 = CARTESIAN_POINT ( 'NONE',  ( 55.00000000000006395, 39.63495408493603378, -24.99999999999993960 ) ) ;
#528 = DIRECTION ( 'NONE',  ( 1.000000000000000000, -0.000000000000000000, 0.000000000000000000 ) ) ;
#529 = ORIENTED_EDGE ( 'NONE', *, *, #999, .T. ) ;
#530 = FACE_OUTER_BOUND ( 'NONE', #1276, .T. ) ;
#531 = VERTEX_POINT ( 'NONE', #1684 ) ;
#532 = LINE ( 'NONE', #1781, #1159 ) ;
#533 = AXIS2_PLACEMENT_3D ( 'NONE', #367, #857, #1148 ) ;
#534 = ORIENTED_EDGE ( 'NONE', *, *, #1757, .F. ) ;
#535 = EDGE_CURVE ( 'NONE', #258, #1185, #1957, .T. ) ;
#536 = DIRECTION ( 'NONE',  ( 1.000000000000000000, 0.000000000000000000, 0.000000000000000000 ) ) ;
#537 = ORIENTED_EDGE ( 'NONE', *, *, #1650, .T. ) ;
#538 = AXIS2_PLACEMENT_3D ( 'NONE', #1583, #1901, #821 ) ;
#539 = CARTESIAN_POINT ( 'NONE',  ( 99.99999999999998579, 54.99999999999998579, 25.00000000000004974 ) ) ;
#540 = FILL_AREA_STYLE_COLOUR ( '', #281 ) ;
#541 = CARTESIAN_POINT ( 'NONE',  ( 48.79873728835477920, 54.63495408493614747, 10.00000000000004974 ) ) ;
#542 = AXIS2_PLACEMENT_3D ( 'NONE', #1448, #1639, #1796 ) ;
#543 = ORIENTED_EDGE ( 'NONE', *, *, #1025, .T. ) ;
#544 = AXIS2_PLACEMENT_3D ( 'NONE', #1890, #500, #325 ) ;
#545 = CARTESIAN_POINT ( 'NONE',  ( -45.00000000000000711, 44.63495408493601246, -19.99999999999994671 ) ) ;
#546 = AXIS2_PLACEMENT_3D ( 'NONE', #1461, #101, #1444 ) ;
#547 = CARTESIAN_POINT ( 'NONE',  ( 45.00000000000005684, 39.63495408493605510, -14.99999999999995737 ) ) ;
#548 = VECTOR ( 'NONE', #958, 1000.000000000000000 ) ;
#549 =( NAMED_UNIT ( * ) SI_UNIT ( $, .STERADIAN. ) SOLID_ANGLE_UNIT ( ) );
#550 = EDGE_CURVE ( 'NONE', #929, #561, #671, .T. ) ;
#551 = CARTESIAN_POINT ( 'NONE',  ( -70.00000000000000000, 69.99999999999981526, -24.63495408493625405 ) ) ;
#552 = CARTESIAN_POINT ( 'NONE',  ( -95.00000000000000000, 65.00000000000017053, 75.36504591506377437 ) ) ;
#553 = EDGE_CURVE ( 'NONE', #1702, #49, #1433, .T. ) ;
#554 = APPLICATION_CONTEXT ( 'automotive_design' ) ;
#555 = VERTEX_POINT ( 'NONE', #1057 ) ;
#556 = CARTESIAN_POINT ( 'NONE',  ( 95.00000000000005684, 44.63495408493602667, -29.99999999999992895 ) ) ;
#557 = PLANE ( 'NONE',  #1629 ) ;
#558 = APPLICATION_PROTOCOL_DEFINITION ( 'draft international standard', 'automotive_design', 1998, #554 ) ;
#559 = EDGE_LOOP ( 'NONE', ( #1654, #105, #1016, #885 ) ) ;
#560 = CARTESIAN_POINT ( 'NONE',  ( 70.00000000000004263, 54.63495408493615457, 10.00000000000003730 ) ) ;
#561 = VERTEX_POINT ( 'NONE', #460 ) ;
#562 = DIRECTION ( 'NONE',  ( -4.625929269271483942E-16, 1.000000000000000000, -3.491481338843133355E-15 ) ) ;
#563 = EDGE_CURVE ( 'NONE', #1606, #1898, #1212, .T. ) ;
#564 = EDGE_LOOP ( 'NONE', ( #1926, #1421, #1819, #1265 ) ) ;
#565 = DIRECTION ( 'NONE',  ( 1.000000000000000000, 0.000000000000000000, 6.938893903907222461E-16 ) ) ;
#566 = ORIENTED_EDGE ( 'NONE', *, *, #608, .F. ) ;
#567 = ORIENTED_EDGE ( 'NONE', *, *, #1477, .T. ) ;
#568 = CARTESIAN_POINT ( 'NONE',  ( 45.00000000000005684, 44.63495408493604089, -19.99999999999997513 ) ) ;
#569 = VERTEX_POINT ( 'NONE', #934 ) ;
#570 = CARTESIAN_POINT ( 'NONE',  ( -89.50000000000001421, 65.00000000000008527, 50.36504591506376016 ) ) ;
#571 = EDGE_CURVE ( 'NONE', #795, #487, #278, .T. ) ;
#572 = CARTESIAN_POINT ( 'NONE',  ( 100.0000000000000568, 44.63495408493603378, -29.99999999999992895 ) ) ;
#573 = CIRCLE ( 'NONE', #908, 5.000000000000004441 ) ;
#574 = ORIENTED_EDGE ( 'NONE', *, *, #251, .T. ) ;
#575 = AXIS2_PLACEMENT_3D ( 'NONE', #551, #361, #692 ) ;
#576 = FACE_OUTER_BOUND ( 'NONE', #1135, .T. ) ;
#577 = VECTOR ( 'NONE', #994, 1000.000000000000000 ) ;
#578 = ORIENTED_EDGE ( 'NONE', *, *, #1874, .F. ) ;
#579 = CARTESIAN_POINT ( 'NONE',  ( -80.50000000000000000, 70.00000000000007105, 50.36504591506375306 ) ) ;
#580 = ORIENTED_EDGE ( 'NONE', *, *, #939, .F. ) ;
#581 = FACE_OUTER_BOUND ( 'NONE', #489, .T. ) ;
#582 = ORIENTED_EDGE ( 'NONE', *, *, #1685, .T. ) ;
#583 = PRODUCT_RELATED_PRODUCT_CATEGORY ( 'part', '', ( #628 ) ) ;
#584 = CARTESIAN_POINT ( 'NONE',  ( 95.00000000000002842, 54.99999999999992895, 20.00000000000004619 ) ) ;
#585 = ORIENTED_EDGE ( 'NONE', *, *, #1950, .T. ) ;
#586 = FACE_OUTER_BOUND ( 'NONE', #1044, .T. ) ;
#587 = ORIENTED_EDGE ( 'NONE', *, *, #1195, .F. ) ;
#588 = DIRECTION ( 'NONE',  ( 4.625929269271500705E-16, -3.491481338843132961E-15, -1.000000000000000000 ) ) ;
#589 = ORIENTED_EDGE ( 'NONE', *, *, #170, .T. ) ;
#590 = CARTESIAN_POINT ( 'NONE',  ( -69.99999999999998579, 54.63495408493611905, 10.00000000000006395 ) ) ;
#591 = DIRECTION ( 'NONE',  ( 0.000000000000000000, 0.000000000000000000, 1.000000000000000000 ) ) ;
#592 = VERTEX_POINT ( 'NONE', #916 ) ;
#593 = EDGE_CURVE ( 'NONE', #1525, #1592, #275, .T. ) ;
#594 = CARTESIAN_POINT ( 'NONE',  ( 74.99999999999997158, 70.00000000000017053, 75.36504591506373174 ) ) ;
#595 = APPLICATION_CONTEXT ( 'automotive_design' ) ;
#596 = ORIENTED_EDGE ( 'NONE', *, *, #7, .T. ) ;
#597 = CARTESIAN_POINT ( 'NONE',  ( -99.99999999999997158, 54.99999999999997158, 25.00000000000006040 ) ) ;
#598 = DIRECTION ( 'NONE',  ( 1.000000000000000000, 0.000000000000000000, 0.000000000000000000 ) ) ;
#599 = VERTEX_POINT ( 'NONE', #761 ) ;
#600 = CIRCLE ( 'NONE', #306, 5.000000000000004441 ) ;
#601 =( LENGTH_UNIT ( ) NAMED_UNIT ( * ) SI_UNIT ( .MILLI., .METRE. ) );
#602 = CIRCLE ( 'NONE', #905, 4.999999999999997335 ) ;
#603 = CYLINDRICAL_SURFACE ( 'NONE', #1937, 5.000000000000004441 ) ;
#604 = AXIS2_PLACEMENT_3D ( 'NONE', #874, #394, #1771 ) ;
#605 = STYLED_ITEM ( 'NONE', ( #482 ), #1215 ) ;
#606 = CARTESIAN_POINT ( 'NONE',  ( -69.99999999999998579, 70.00000000000001421, 35.00000000000000000 ) ) ;
#607 = AXIS2_PLACEMENT_3D ( 'NONE', #541, #1620, #1004 ) ;
#608 = EDGE_CURVE ( 'NONE', #898, #599, #1466, .T. ) ;
#609 = ORIENTED_EDGE ( 'NONE', *, *, #1935, .F. ) ;
#610 = CARTESIAN_POINT ( 'NONE',  ( 40.00000000000006395, 39.63495408493600536, -29.99999999999994316 ) ) ;
#611 = CARTESIAN_POINT ( 'NONE',  ( -52.50000000000000000, 44.63495408493599115, -24.99999999999993250 ) ) ;
#612 = ADVANCED_FACE ( 'NONE', ( #1838 ), #466, .F. ) ;
#613 = ORIENTED_EDGE ( 'NONE', *, *, #1181, .F. ) ;
#614 = DIRECTION ( 'NONE',  ( 0.000000000000000000, 0.000000000000000000, 1.000000000000000000 ) ) ;
#615 = VERTEX_POINT ( 'NONE', #1965 ) ;
#616 = DIRECTION ( 'NONE',  ( 1.000000000000000000, 0.000000000000000000, 0.000000000000000000 ) ) ;
#617 = FACE_BOUND ( 'NONE', #1928, .T. ) ;
#618 = CARTESIAN_POINT ( 'NONE',  ( -95.00000000000000000, 65.00000000000002842, 35.00000000000001421 ) ) ;
#619 = EDGE_CURVE ( 'NONE', #1400, #888, #1732, .T. ) ;
#620 = DIRECTION ( 'NONE',  ( -0.000000000000000000, -1.000000000000000000, 3.491481338843133355E-15 ) ) ;
#621 = VERTEX_POINT ( 'NONE', #1582 ) ;
#622 = EDGE_CURVE ( 'NONE', #1411, #1668, #871, .T. ) ;
#623 = DIRECTION ( 'NONE',  ( 1.000000000000000000, 4.625929269271484928E-16, -9.860761315262649757E-32 ) ) ;
#624 = CARTESIAN_POINT ( 'NONE',  ( -95.00000000000000000, 64.99999999999975842, -44.63495408493622563 ) ) ;
#625 = ORIENTED_EDGE ( 'NONE', *, *, #1230, .T. ) ;
#626 = DIRECTION ( 'NONE',  ( 9.251858538542969855E-16, -1.000000000000000000, 6.982962677686266711E-15 ) ) ;
#627 = CARTESIAN_POINT ( 'NONE',  ( -40.00000000000000711, 44.63495408493597694, -29.99999999999992895 ) ) ;
#628 = PRODUCT ( '\X2\00fc\X0\st ya\X2\011f\X0\ tank\X2\0131\X0\ braketi', '\X2\00fc\X0\st ya\X2\011f\X0\ tank\X2\0131\X0\ braketi', '', ( #756 ) ) ;
#629 = EDGE_LOOP ( 'NONE', ( #236, #726 ) ) ;
#630 = PLANE ( 'NONE',  #1662 ) ;
#631 = VECTOR ( 'NONE', #156, 1000.000000000000000 ) ;
#632 = ADVANCED_FACE ( 'NONE', ( #1860 ), #996, .F. ) ;
#633 = DIRECTION ( 'NONE',  ( -0.000000000000000000, 3.491481338843133355E-15, 1.000000000000000000 ) ) ;
#634 = VECTOR ( 'NONE', #481, 1000.000000000000000 ) ;
#635 = CARTESIAN_POINT ( 'NONE',  ( 70.00000000000005684, 39.63495408493601957, -29.99999999999992895 ) ) ;
#636 = ORIENTED_EDGE ( 'NONE', *, *, #484, .F. ) ;
#637 = DIRECTION ( 'NONE',  ( -4.625929269271483942E-16, 1.000000000000000000, -3.491481338843133355E-15 ) ) ;
#638 = VECTOR ( 'NONE', #167, 1000.000000000000000 ) ;
#639 = LINE ( 'NONE', #1728, #1750 ) ;
#640 = AXIS2_PLACEMENT_3D ( 'NONE', #1046, #893, #1645 ) ;
#641 = CARTESIAN_POINT ( 'NONE',  ( -95.00000000000000000, 54.63495408493619010, 20.00000000000007461 ) ) ;
#642 = FACE_OUTER_BOUND ( 'NONE', #141, .T. ) ;
#643 = AXIS2_PLACEMENT_3D ( 'NONE', #1199, #911, #121 ) ;
#644 = ORIENTED_EDGE ( 'NONE', *, *, #42, .F. ) ;
#645 = DIRECTION ( 'NONE',  ( 0.000000000000000000, 1.000000000000000000, -3.491481338843133355E-15 ) ) ;
#646 = DIRECTION ( 'NONE',  ( 0.000000000000000000, -1.000000000000000000, 3.469446951953614189E-15 ) ) ;
#647 = EDGE_CURVE ( 'NONE', #1983, #1420, #1573, .T. ) ;
#648 = CARTESIAN_POINT ( 'NONE',  ( -45.00000000000000711, 44.63495408493596273, -34.99999999999995026 ) ) ;
#649 = ADVANCED_FACE ( 'NONE', ( #1593 ), #677, .T. ) ;
#650 = FACE_OUTER_BOUND ( 'NONE', #1553, .T. ) ;
#651 = ORIENTED_EDGE ( 'NONE', *, *, #422, .F. ) ;
#652 = ORIENTED_EDGE ( 'NONE', *, *, #1675, .F. ) ;
#653 = DIRECTION ( 'NONE',  ( 1.000000000000000000, -7.839024317477753066E-31, -2.245185798436813022E-16 ) ) ;
#654 = PLANE ( 'NONE',  #938 ) ;
#655 = ORIENTED_EDGE ( 'NONE', *, *, #295, .T. ) ;
#656 = CARTESIAN_POINT ( 'NONE',  ( 95.00000000000001421, 64.99999999999977263, -44.63495408493622563 ) ) ;
#657 = DIRECTION ( 'NONE',  ( -4.625929269271483942E-16, 1.000000000000000000, -3.491481338843133355E-15 ) ) ;
#658 = ORIENTED_EDGE ( 'NONE', *, *, #1304, .F. ) ;
#659 = DIRECTION ( 'NONE',  ( -1.000000000000000000, 0.000000000000000000, 0.000000000000000000 ) ) ;
#660 = ADVANCED_FACE ( 'NONE', ( #6 ), #812, .F. ) ;
#661 = ORIENTED_EDGE ( 'NONE', *, *, #1585, .T. ) ;
#662 = ORIENTED_EDGE ( 'NONE', *, *, #1780, .F. ) ;
#663 = DIRECTION ( 'NONE',  ( 4.625929269271484928E-16, -1.000000000000000000, 3.391901413832837195E-15 ) ) ;
#664 = CARTESIAN_POINT ( 'NONE',  ( -55.00000000000000711, 39.63495408493599825, -24.99999999999992539 ) ) ;
#665 = EDGE_LOOP ( 'NONE', ( #1272, #95, #1714, #1373 ) ) ;
#666 = CARTESIAN_POINT ( 'NONE',  ( -85.00000000000000000, 65.00000000000008527, 50.36504591506377437 ) ) ;
#667 = CIRCLE ( 'NONE', #1154, 2.500000000000009326 ) ;
#668 = LINE ( 'NONE', #1105, #800 ) ;
#669 = ORIENTED_EDGE ( 'NONE', *, *, #356, .T. ) ;
#670 =( NAMED_UNIT ( * ) PLANE_ANGLE_UNIT ( ) SI_UNIT ( $, .RADIAN. ) );
#671 = CIRCLE ( 'NONE', #308, 9.999999999999994671 ) ;
#672 = CARTESIAN_POINT ( 'NONE',  ( -100.0000000000000000, 109.9999999999998721, 19.99999999999968381 ) ) ;
#673 = DIRECTION ( 'NONE',  ( 1.000000000000000000, 4.625929269271525357E-16, 1.156482317317872711E-15 ) ) ;
#674 = AXIS2_PLACEMENT_3D ( 'NONE', #1330, #687, #1933 ) ;
#675 = VECTOR ( 'NONE', #663, 1000.000000000000000 ) ;
#676 = ORIENTED_EDGE ( 'NONE', *, *, #111, .F. ) ;
#677 = PLANE ( 'NONE',  #1000 ) ;
#678 = EDGE_CURVE ( 'NONE', #424, #788, #1752, .T. ) ;
#679 = CIRCLE ( 'NONE', #89, 15.00000000000000000 ) ;
#680 = LINE ( 'NONE', #957, #965 ) ;
#681 = CARTESIAN_POINT ( 'NONE',  ( -95.00000000000000000, 54.99999999999993605, 25.00000000000006395 ) ) ;
#682 = FACE_OUTER_BOUND ( 'NONE', #1980, .T. ) ;
#683 = CARTESIAN_POINT ( 'NONE',  ( -95.00000000000000000, 44.63495408493597694, -29.99999999999992895 ) ) ;
#684 = DIRECTION ( 'NONE',  ( 1.000000000000000000, 4.625929269271483942E-16, -7.006492321624085355E-46 ) ) ;
#685 = DIRECTION ( 'NONE',  ( 1.000000000000000000, 0.000000000000000000, 0.000000000000000000 ) ) ;
#686 = EDGE_LOOP ( 'NONE', ( #286, #985, #1457, #868 ) ) ;
#687 = DIRECTION ( 'NONE',  ( -0.000000000000000000, -1.000000000000000000, 3.491481338843133355E-15 ) ) ;
#688 = ADVANCED_FACE ( 'NONE', ( #1247 ), #630, .T. ) ;
#689 = PLANE ( 'NONE',  #303 ) ;
#690 = ORIENTED_EDGE ( 'NONE', *, *, #1418, .F. ) ;
#691 = LINE ( 'NONE', #360, #1124 ) ;
#692 = DIRECTION ( 'NONE',  ( -2.921639538487254754E-16, -3.491481338843133355E-15, -1.000000000000000000 ) ) ;
#693 = CARTESIAN_POINT ( 'NONE',  ( 74.99999999999997158, 70.00000000000017053, 75.36504591506373174 ) ) ;
#694 = EDGE_LOOP ( 'NONE', ( #97, #133, #390, #28 ) ) ;
#695 = DIRECTION ( 'NONE',  ( -4.625929269271483942E-16, 1.000000000000000000, -3.491481338843133355E-15 ) ) ;
#696 = DIRECTION ( 'NONE',  ( 1.000000000000000000, 0.000000000000000000, 0.000000000000000000 ) ) ;
#697 = EDGE_CURVE ( 'NONE', #487, #1635, #490, .T. ) ;
#698 = AXIS2_PLACEMENT_3D ( 'NONE', #1893, #1294, #1158 ) ;
#699 = ORIENTED_EDGE ( 'NONE', *, *, #1687, .F. ) ;
#700 = EDGE_CURVE ( 'NONE', #795, #621, #1401, .T. ) ;
#701 = FACE_OUTER_BOUND ( 'NONE', #564, .T. ) ;
#702 = EDGE_LOOP ( 'NONE', ( #676, #1952, #86, #1811 ) ) ;
#703 = AXIS2_PLACEMENT_3D ( 'NONE', #1484, #1736, #1336 ) ;
#704 = CARTESIAN_POINT ( 'NONE',  ( 40.00000000000004974, 44.63495408493604089, -19.99999999999997513 ) ) ;
#705 = DIRECTION ( 'NONE',  ( 0.000000000000000000, 1.000000000000000000, -3.491481338843133355E-15 ) ) ;
#706 = AXIS2_PLACEMENT_3D ( 'NONE', #1491, #855, #696 ) ;
#707 = VERTEX_POINT ( 'NONE', #1868 ) ;
#708 = VECTOR ( 'NONE', #588, 1000.000000000000000 ) ;
#709 = DIRECTION ( 'NONE',  ( -1.000000000000000000, -0.000000000000000000, 0.000000000000000000 ) ) ;
#710 = CIRCLE ( 'NONE', #971, 5.000000000000004441 ) ;
#711 = ORIENTED_EDGE ( 'NONE', *, *, #1463, .F. ) ;
#712 = CARTESIAN_POINT ( 'NONE',  ( 95.00000000000005684, 39.63495408493603378, -29.99999999999991473 ) ) ;
#713 = CIRCLE ( 'NONE', #515, 4.500000000000003553 ) ;
#714 = ORIENTED_EDGE ( 'NONE', *, *, #1503, .F. ) ;
#715 = ORIENTED_EDGE ( 'NONE', *, *, #963, .T. ) ;
#716 = EDGE_CURVE ( 'NONE', #1702, #424, #1849, .T. ) ;
#717 = CARTESIAN_POINT ( 'NONE',  ( 95.00000000000005684, 39.63495408493601246, -34.99999999999992184 ) ) ;
#718 = ORIENTED_EDGE ( 'NONE', *, *, #1806, .T. ) ;
#719 = DIRECTION ( 'NONE',  ( 1.000000000000000000, 0.000000000000000000, 0.000000000000000000 ) ) ;
#720 = ORIENTED_EDGE ( 'NONE', *, *, #1853, .F. ) ;
#721 = DIRECTION ( 'NONE',  ( -4.625929269271483942E-16, 1.000000000000000000, -3.491481338843133355E-15 ) ) ;
#722 = VERTEX_POINT ( 'NONE', #1104 ) ;
#723 = ORIENTED_EDGE ( 'NONE', *, *, #1544, .F. ) ;
#724 = DIRECTION ( 'NONE',  ( 1.000000000000000000, 0.000000000000000000, 0.000000000000000000 ) ) ;
#725 = EDGE_CURVE ( 'NONE', #1322, #621, #1122, .T. ) ;
#726 = ORIENTED_EDGE ( 'NONE', *, *, #1477, .F. ) ;
#727 = FACE_OUTER_BOUND ( 'NONE', #1542, .T. ) ;
#728 = DIRECTION ( 'NONE',  ( -0.000000000000000000, 3.491481338843133355E-15, 1.000000000000000000 ) ) ;
#729 = ORIENTED_EDGE ( 'NONE', *, *, #737, .F. ) ;
#730 = LINE ( 'NONE', #1334, #1785 ) ;
#731 = ORIENTED_EDGE ( 'NONE', *, *, #1650, .F. ) ;
#732 = DIRECTION ( 'NONE',  ( 0.000000000000000000, 1.000000000000000000, -3.491481338843133355E-15 ) ) ;
#733 = ORIENTED_EDGE ( 'NONE', *, *, #1025, .F. ) ;
#734 = CIRCLE ( 'NONE', #1120, 15.00000000000000000 ) ;
#735 = LINE ( 'NONE', #1943, #345 ) ;
#736 = EDGE_LOOP ( 'NONE', ( #1546, #1387 ) ) ;
#737 = EDGE_CURVE ( 'NONE', #202, #888, #1786, .T. ) ;
#738 = DIRECTION ( 'NONE',  ( 1.000000000000000000, 0.000000000000000000, 0.000000000000000000 ) ) ;
#739 = DIRECTION ( 'NONE',  ( -1.156482317317874289E-15, 3.491481338843132566E-15, 1.000000000000000000 ) ) ;
#740 = CIRCLE ( 'NONE', #706, 5.000000000000004441 ) ;
#741 = ORIENTED_EDGE ( 'NONE', *, *, #1626, .F. ) ;
#742 = ADVANCED_FACE ( 'NONE', ( #964 ), #1273, .F. ) ;
#743 = CARTESIAN_POINT ( 'NONE',  ( 70.00000000000000000, 54.99999999999992184, 20.00000000000004619 ) ) ;
#744 = VECTOR ( 'NONE', #1082, 1000.000000000000000 ) ;
#745 = PLANE ( 'NONE',  #703 ) ;
#746 = CIRCLE ( 'NONE', #1851, 5.000000000000004441 ) ;
#747 = ORIENTED_EDGE ( 'NONE', *, *, #434, .F. ) ;
#748 = CARTESIAN_POINT ( 'NONE',  ( 70.00000000000001421, 55.00000000000004263, 35.00000000000004263 ) ) ;
#749 = ORIENTED_EDGE ( 'NONE', *, *, #1806, .F. ) ;
#750 = CARTESIAN_POINT ( 'NONE',  ( -100.0000000000000000, -5.000000000000060396, 25.00000000000047962 ) ) ;
#751 = LINE ( 'NONE', #1810, #1563 ) ;
#752 = ORIENTED_EDGE ( 'NONE', *, *, #1463, .T. ) ;
#753 = CARTESIAN_POINT ( 'NONE',  ( 84.99999999999997158, 70.00000000000008527, 50.36504591506374595 ) ) ;
#754 = ADVANCED_FACE ( 'NONE', ( #514, #1415 ), #29, .T. ) ;
#755 = DIRECTION ( 'NONE',  ( -0.000000000000000000, -1.000000000000000000, 3.491481338843133355E-15 ) ) ;
#756 = PRODUCT_CONTEXT ( 'NONE', #595, 'mechanical' ) ;
#757 = LINE ( 'NONE', #1816, #1131 ) ;
#758 = ORIENTED_EDGE ( 'NONE', *, *, #535, .T. ) ;
#759 = CARTESIAN_POINT ( 'NONE',  ( -85.00000000000000000, 65.00000000000008527, 50.36504591506377437 ) ) ;
#760 = ORIENTED_EDGE ( 'NONE', *, *, #1520, .T. ) ;
#761 = CARTESIAN_POINT ( 'NONE',  ( 80.49999999999997158, 70.00000000000008527, 50.36504591506374595 ) ) ;
#762 = CARTESIAN_POINT ( 'NONE',  ( -95.00000000000000000, 39.63495408493596273, -34.99999999999992184 ) ) ;
#763 = ADVANCED_FACE ( 'NONE', ( #1136 ), #51, .F. ) ;
#764 = ADVANCED_FACE ( 'NONE', ( #530 ), #1153, .F. ) ;
#765 = DIRECTION ( 'NONE',  ( 1.000000000000000000, 0.000000000000000000, 0.000000000000000000 ) ) ;
#766 = AXIS2_PLACEMENT_3D ( 'NONE', #1834, #462, #1706 ) ;
#767 = VERTEX_POINT ( 'NONE', #1614 ) ;
#768 = DIRECTION ( 'NONE',  ( -1.000000000000000000, -4.625929269271499719E-16, -4.625929269271483942E-16 ) ) ;
#769 = ORIENTED_EDGE ( 'NONE', *, *, #1382, .F. ) ;
#770 = VECTOR ( 'NONE', #1700, 1000.000000000000000 ) ;
#771 = SURFACE_STYLE_USAGE ( .BOTH. , #785 ) ;
#772 =( GEOMETRIC_REPRESENTATION_CONTEXT ( 3 ) GLOBAL_UNCERTAINTY_ASSIGNED_CONTEXT ( ( #1826 ) ) GLOBAL_UNIT_ASSIGNED_CONTEXT ( ( #601, #1694, #1355 ) ) REPRESENTATION_CONTEXT ( 'NONE', 'WORKASPACE' ) );
#773 = DIRECTION ( 'NONE',  ( -2.245185798436813022E-16, -3.491481338843133355E-15, -1.000000000000000000 ) ) ;
#774 = AXIS2_PLACEMENT_3D ( 'NONE', #1264, #1412, #351 ) ;
#775 = ADVANCED_FACE ( 'NONE', ( #1644 ), #225, .T. ) ;
#776 = VECTOR ( 'NONE', #1861, 1000.000000000000000 ) ;
#777 = ORIENTED_EDGE ( 'NONE', *, *, #1331, .F. ) ;
#778 = PLANE ( 'NONE',  #1183 ) ;
#779 = VECTOR ( 'NONE', #851, 1000.000000000000000 ) ;
#780 = EDGE_CURVE ( 'NONE', #1660, #1198, #573, .T. ) ;
#781 = DIRECTION ( 'NONE',  ( 2.909366461496775010E-32, -6.883382752675970551E-15, -1.000000000000000000 ) ) ;
#782 = CARTESIAN_POINT ( 'NONE',  ( 45.00000000000005684, 39.63495408493604089, -19.99999999999996092 ) ) ;
#783 = DIRECTION ( 'NONE',  ( 0.000000000000000000, 1.000000000000000000, -3.491481338843133355E-15 ) ) ;
#784 = EDGE_LOOP ( 'NONE', ( #413, #574, #609, #1956 ) ) ;
#785 = SURFACE_SIDE_STYLE ('',( #1832 ) ) ;
#786 = DIRECTION ( 'NONE',  ( -2.921639538487254754E-16, -3.491481338843133355E-15, -1.000000000000000000 ) ) ;
#787 = LINE ( 'NONE', #1541, #1551 ) ;
#788 = VERTEX_POINT ( 'NONE', #1899 ) ;
#789 = FACE_OUTER_BOUND ( 'NONE', #1282, .T. ) ;
#790 = EDGE_CURVE ( 'NONE', #1581, #520, #1749, .T. ) ;
#791 = ORIENTED_EDGE ( 'NONE', *, *, #903, .F. ) ;
#792 = CARTESIAN_POINT ( 'NONE',  ( 95.00000000000001421, 70.00000000000004263, 34.99999999999999289 ) ) ;
#793 = CARTESIAN_POINT ( 'NONE',  ( -95.00000000000000000, 39.63495408493603378, -14.99999999999993072 ) ) ;
#794 = PLANE ( 'NONE',  #1365 ) ;
#795 = VERTEX_POINT ( 'NONE', #1024 ) ;
#796 = FACE_OUTER_BOUND ( 'NONE', #1245, .T. ) ;
#797 = VERTEX_POINT ( 'NONE', #374 ) ;
#798 = DIRECTION ( 'NONE',  ( -1.000000000000000000, 0.000000000000000000, 0.000000000000000000 ) ) ;
#799 = EDGE_CURVE ( 'NONE', #381, #487, #1008, .T. ) ;
#800 = VECTOR ( 'NONE', #832, 1000.000000000000000 ) ;
#801 = PLANE ( 'NONE',  #1910 ) ;
#802 = VECTOR ( 'NONE', #721, 1000.000000000000000 ) ;
#803 =( NAMED_UNIT ( * ) PLANE_ANGLE_UNIT ( ) SI_UNIT ( $, .RADIAN. ) );
#804 = VECTOR ( 'NONE', #203, 1000.000000000000000 ) ;
#805 = DIRECTION ( 'NONE',  ( 4.625929269271483942E-16, -1.000000000000000000, 3.491481338843133355E-15 ) ) ;
#806 = CIRCLE ( 'NONE', #1307, 9.999999999999994671 ) ;
#807 = ORIENTED_EDGE ( 'NONE', *, *, #1262, .T. ) ;
#808 = ORIENTED_EDGE ( 'NONE', *, *, #1486, .T. ) ;
#809 = CIRCLE ( 'NONE', #1725, 5.000000000000004441 ) ;
#810 = DIRECTION ( 'NONE',  ( -1.000000000000000000, 0.000000000000000000, -3.469446951953611231E-16 ) ) ;
#811 = VERTEX_POINT ( 'NONE', #1034 ) ;
#812 = CYLINDRICAL_SURFACE ( 'NONE', #1403, 2.500000000000009326 ) ;
#813 = ADVANCED_FACE ( 'NONE', ( #1622 ), #1607, .F. ) ;
#814 =( NAMED_UNIT ( * ) SI_UNIT ( $, .STERADIAN. ) SOLID_ANGLE_UNIT ( ) );
#815 = PLANE ( 'NONE',  #467 ) ;
#816 = EDGE_LOOP ( 'NONE', ( #1502, #582, #791, #894 ) ) ;
#817 = CARTESIAN_POINT ( 'NONE',  ( -65.00000000000000000, 44.63495408493604799, -9.999999999999939604 ) ) ;
#818 = DIRECTION ( 'NONE',  ( 4.625929269271483942E-16, -1.000000000000000000, 3.491481338843133355E-15 ) ) ;
#819 = ORIENTED_EDGE ( 'NONE', *, *, #283, .T. ) ;
#820 = CARTESIAN_POINT ( 'NONE',  ( -69.99999999999998579, 55.00000000000003553, 35.00000000000005684 ) ) ;
#821 = DIRECTION ( 'NONE',  ( -1.000000000000000000, 0.000000000000000000, -6.938893903907222461E-16 ) ) ;
#822 = CARTESIAN_POINT ( 'NONE',  ( 45.00000000000006395, 39.63495408493601246, -29.99999999999994316 ) ) ;
#823 = EDGE_CURVE ( 'NONE', #1525, #1354, #311, .T. ) ;
#824 = FACE_OUTER_BOUND ( 'NONE', #1646, .T. ) ;
#825 = ORIENTED_EDGE ( 'NONE', *, *, #1768, .T. ) ;
#826 = EDGE_CURVE ( 'NONE', #767, #919, #806, .T. ) ;
#827 = FACE_OUTER_BOUND ( 'NONE', #269, .T. ) ;
#828 = CARTESIAN_POINT ( 'NONE',  ( 40.00000000000004974, 44.63495408493604089, -19.99999999999997513 ) ) ;
#829 = CARTESIAN_POINT ( 'NONE',  ( -57.50000000000001421, 39.63495408493599825, -24.99999999999993250 ) ) ;
#830 = EDGE_LOOP ( 'NONE', ( #723, #625, #43, #1535 ) ) ;
#831 = CARTESIAN_POINT ( 'NONE',  ( 95.00000000000002842, 54.63495408493622563, 20.00000000000004619 ) ) ;
#832 = DIRECTION ( 'NONE',  ( 1.000000000000000000, 4.625929269271500705E-16, 4.625929269271483942E-16 ) ) ;
#833 = DIRECTION ( 'NONE',  ( 1.000000000000000000, -0.000000000000000000, 0.000000000000000000 ) ) ;
#834 = AXIS2_PLACEMENT_3D ( 'NONE', #369, #199, #1197 ) ;
#835 = DIRECTION ( 'NONE',  ( -1.000000000000000000, 0.000000000000000000, 0.000000000000000000 ) ) ;
#836 = AXIS2_PLACEMENT_3D ( 'NONE', #1203, #1384, #1232 ) ;
#837 = ORIENTED_EDGE ( 'NONE', *, *, #1205, .T. ) ;
#838 = FACE_OUTER_BOUND ( 'NONE', #559, .T. ) ;
#839 = CARTESIAN_POINT ( 'NONE',  ( -69.99999999999998579, 70.00000000000002842, 35.00000000000000000 ) ) ;
#840 = LINE ( 'NONE', #232, #1789 ) ;
#841 = CIRCLE ( 'NONE', #1249, 2.500000000000009326 ) ;
#842 = EDGE_CURVE ( 'NONE', #1322, #463, #883, .T. ) ;
#843 = VECTOR ( 'NONE', #477, 1000.000000000000000 ) ;
#844 = ORIENTED_EDGE ( 'NONE', *, *, #1562, .F. ) ;
#845 = PLANE ( 'NONE',  #546 ) ;
#846 = AXIS2_PLACEMENT_3D ( 'NONE', #223, #383, #1459 ) ;
#847 = LINE ( 'NONE', #197, #1779 ) ;
#848 = ORIENTED_EDGE ( 'NONE', *, *, #1605, .F. ) ;
#849 = DIRECTION ( 'NONE',  ( -1.000000000000000000, 0.000000000000000000, 0.000000000000000000 ) ) ;
#850 = CARTESIAN_POINT ( 'NONE',  ( -65.00000000000000000, 39.63495408493604799, -9.999999999999925393 ) ) ;
#851 = DIRECTION ( 'NONE',  ( 0.000000000000000000, 1.000000000000000000, -3.491481338843133355E-15 ) ) ;
#852 = ORIENTED_EDGE ( 'NONE', *, *, #1445, .T. ) ;
#853 = EDGE_CURVE ( 'NONE', #1651, #707, #841, .T. ) ;
#854 = DIRECTION ( 'NONE',  ( -1.000000000000000000, 0.000000000000000000, 0.000000000000000000 ) ) ;
#855 = DIRECTION ( 'NONE',  ( -4.625929269271483942E-16, 1.000000000000000000, -3.491481338843133355E-15 ) ) ;
#856 = EDGE_LOOP ( 'NONE', ( #1395, #752 ) ) ;
#857 = DIRECTION ( 'NONE',  ( -1.000000000000000000, -4.625929269271500705E-16, -4.625929269271484928E-16 ) ) ;
#858 = ORIENTED_EDGE ( 'NONE', *, *, #697, .T. ) ;
#859 = DIRECTION ( 'NONE',  ( -7.547568807758754966E-16, 3.491481338843132961E-15, 1.000000000000000000 ) ) ;
#860 = DIRECTION ( 'NONE',  ( 4.625929269271483942E-16, -1.000000000000000000, 3.491481338843133355E-15 ) ) ;
#861 = VERTEX_POINT ( 'NONE', #402 ) ;
#862 = FACE_OUTER_BOUND ( 'NONE', #418, .T. ) ;
#863 = EDGE_CURVE ( 'NONE', #621, #1635, #1941, .T. ) ;
#864 = DIRECTION ( 'NONE',  ( 4.625929269271536204E-16, -1.000000000000000000, -3.491481338843134144E-15 ) ) ;
#865 = EDGE_CURVE ( 'NONE', #1106, #531, #1909, .T. ) ;
#866 = AXIS2_PLACEMENT_3D ( 'NONE', #149, #1, #1115 ) ;
#867 = VERTEX_POINT ( 'NONE', #1480 ) ;
#868 = ORIENTED_EDGE ( 'NONE', *, *, #31, .F. ) ;
#869 = VECTOR ( 'NONE', #1162, 1000.000000000000000 ) ;
#870 = CYLINDRICAL_SURFACE ( 'NONE', #607, 10.00000000000000000 ) ;
#871 = CIRCLE ( 'NONE', #472, 15.00000000000000000 ) ;
#872 = ORIENTED_EDGE ( 'NONE', *, *, #989, .F. ) ;
#873 = CIRCLE ( 'NONE', #1969, 5.000000000000004441 ) ;
#874 = CARTESIAN_POINT ( 'NONE',  ( -85.00000000000000000, 70.00000000000007105, 50.36504591506375306 ) ) ;
#875 = VECTOR ( 'NONE', #1221, 1000.000000000000000 ) ;
#876 = VERTEX_POINT ( 'NONE', #234 ) ;
#877 = DIRECTION ( 'NONE',  ( -1.000000000000000000, -4.625929269271500705E-16, -4.625929269271483942E-16 ) ) ;
#878 = AXIS2_PLACEMENT_3D ( 'NONE', #1478, #724, #1187 ) ;
#879 = ADVANCED_FACE ( 'NONE', ( #862 ), #845, .F. ) ;
#880 = ORIENTED_EDGE ( 'NONE', *, *, #608, .T. ) ;
#881 = CARTESIAN_POINT ( 'NONE',  ( 69.99999999999994316, 65.00000000000015632, 70.36504591506371753 ) ) ;
#882 = ORIENTED_EDGE ( 'NONE', *, *, #157, .T. ) ;
#883 = LINE ( 'NONE', #1323, #248 ) ;
#884 = DIRECTION ( 'NONE',  ( -1.000000000000000000, 0.000000000000000000, 0.000000000000000000 ) ) ;
#885 = ORIENTED_EDGE ( 'NONE', *, *, #130, .T. ) ;
#886 = DIRECTION ( 'NONE',  ( 1.000000000000000000, 0.000000000000000000, 0.000000000000000000 ) ) ;
#887 = ADVANCED_FACE ( 'NONE', ( #1180, #727 ), #81, .F. ) ;
#888 = VERTEX_POINT ( 'NONE', #570 ) ;
#889 = CARTESIAN_POINT ( 'NONE',  ( 100.0000000000000568, 39.63495408493603378, -29.99999999999991473 ) ) ;
#890 = EDGE_CURVE ( 'NONE', #1668, #929, #1229, .T. ) ;
#891 = ORIENTED_EDGE ( 'NONE', *, *, #147, .T. ) ;
#892 = CARTESIAN_POINT ( 'NONE',  ( 74.99999999999994316, 65.00000000000015632, 70.36504591506376016 ) ) ;
#893 = DIRECTION ( 'NONE',  ( 6.871115067708311754E-16, -3.491481338843132961E-15, -1.000000000000000000 ) ) ;
#894 = ORIENTED_EDGE ( 'NONE', *, *, #619, .F. ) ;
#895 = CARTESIAN_POINT ( 'NONE',  ( 95.00000000000005684, 39.63495408493601246, -34.99999999999992184 ) ) ;
#896 = EDGE_LOOP ( 'NONE', ( #1362, #1609, #1938, #1263 ) ) ;
#897 = CARTESIAN_POINT ( 'NONE',  ( 70.00000000000004263, 54.63495408493615457, 10.00000000000003730 ) ) ;
#898 = VERTEX_POINT ( 'NONE', #1236 ) ;
#899 = AXIS2_PLACEMENT_3D ( 'NONE', #24, #927, #1079 ) ;
#900 = FACE_OUTER_BOUND ( 'NONE', #61, .T. ) ;
#901 = ORIENTED_EDGE ( 'NONE', *, *, #42, .T. ) ;
#902 = CYLINDRICAL_SURFACE ( 'NONE', #1005, 2.500000000000009326 ) ;
#903 = EDGE_CURVE ( 'NONE', #888, #202, #1435, .T. ) ;
#904 = CIRCLE ( 'NONE', #14, 15.00000000000000000 ) ;
#905 = AXIS2_PLACEMENT_3D ( 'NONE', #1182, #1616, #114 ) ;
#906 = VERTEX_POINT ( 'NONE', #1829 ) ;
#907 = CARTESIAN_POINT ( 'NONE',  ( -57.50000000000001421, 44.63495408493599115, -24.99999999999993960 ) ) ;
#908 = AXIS2_PLACEMENT_3D ( 'NONE', #556, #255, #1452 ) ;
#909 = AXIS2_PLACEMENT_3D ( 'NONE', #509, #944, #160 ) ;
#910 = DIRECTION ( 'NONE',  ( -4.625929269271483942E-16, 1.000000000000000000, -3.491481338843133355E-15 ) ) ;
#911 = DIRECTION ( 'NONE',  ( -4.625929269271498733E-16, 3.491481338843132961E-15, 1.000000000000000000 ) ) ;
#912 = ORIENTED_EDGE ( 'NONE', *, *, #1677, .T. ) ;
#913 = FACE_OUTER_BOUND ( 'NONE', #120, .T. ) ;
#914 = ADVANCED_FACE ( 'NONE', ( #581 ), #1821, .T. ) ;
#915 = ORIENTED_EDGE ( 'NONE', *, *, #826, .T. ) ;
#916 = CARTESIAN_POINT ( 'NONE',  ( -45.00000000000000711, 44.63495408493596273, -34.99999999999995026 ) ) ;
#917 = EDGE_CURVE ( 'NONE', #906, #459, #873, .T. ) ;
#918 = CARTESIAN_POINT ( 'NONE',  ( -85.00000000000000000, 70.00000000000007105, 50.36504591506375306 ) ) ;
#919 = VERTEX_POINT ( 'NONE', #1962 ) ;
#920 = FACE_OUTER_BOUND ( 'NONE', #301, .T. ) ;
#921 = CARTESIAN_POINT ( 'NONE',  ( 100.0000000000000000, 54.99999999999993605, 20.00000000000003197 ) ) ;
#922 = VERTEX_POINT ( 'NONE', #1380 ) ;
#923 = CARTESIAN_POINT ( 'NONE',  ( 45.00000000000005684, 44.63495408493604089, -19.99999999999997513 ) ) ;
#924 = CARTESIAN_POINT ( 'NONE',  ( -69.99999999999998579, 39.63495408493611905, 10.00000000000009237 ) ) ;
#925 = EDGE_CURVE ( 'NONE', #707, #1651, #444, .T. ) ;
#926 = VERTEX_POINT ( 'NONE', #1801 ) ;
#927 = DIRECTION ( 'NONE',  ( 1.000000000000000000, 0.000000000000000000, 0.000000000000000000 ) ) ;
#928 = AXIS2_PLACEMENT_3D ( 'NONE', #1767, #65, #389 ) ;
#929 = VERTEX_POINT ( 'NONE', #597 ) ;
#930 = CARTESIAN_POINT ( 'NONE',  ( 55.00000000000006395, 44.63495408493602667, -24.99999999999995381 ) ) ;
#931 = CARTESIAN_POINT ( 'NONE',  ( -65.00000000000000000, 44.63495408493603378, -14.99999999999994316 ) ) ;
#932 = ORIENTED_EDGE ( 'NONE', *, *, #842, .T. ) ;
#933 = VECTOR ( 'NONE', #1278, 1000.000000000000000 ) ;
#934 = CARTESIAN_POINT ( 'NONE',  ( 74.99999999999997158, 65.00000000000018474, 75.36504591506374595 ) ) ;
#935 = PRESENTATION_LAYER_ASSIGNMENT (  '', '', ( #1031 ) ) ;
#936 = LINE ( 'NONE', #1825, #210 ) ;
#937 = VECTOR ( 'NONE', #562, 1000.000000000000000 ) ;
#938 = AXIS2_PLACEMENT_3D ( 'NONE', #1709, #1413, #497 ) ;
#939 = EDGE_CURVE ( 'NONE', #1606, #569, #474, .T. ) ;
#940 = LINE ( 'NONE', #1699, #112 ) ;
#941 = AXIS2_PLACEMENT_3D ( 'NONE', #98, #1496, #414 ) ;
#942 = ORIENTED_EDGE ( 'NONE', *, *, #1327, .T. ) ;
#943 = DIRECTION ( 'NONE',  ( 1.000000000000000000, 0.000000000000000000, 0.000000000000000000 ) ) ;
#944 = DIRECTION ( 'NONE',  ( -1.000000000000000000, 0.000000000000000000, -0.000000000000000000 ) ) ;
#945 = ORIENTED_EDGE ( 'NONE', *, *, #1757, .T. ) ;
#946 = LINE ( 'NONE', #277, #115 ) ;
#947 = DIRECTION ( 'NONE',  ( -4.625929269271500705E-16, 3.491481338843132961E-15, 1.000000000000000000 ) ) ;
#948 = ORIENTED_EDGE ( 'NONE', *, *, #1640, .T. ) ;
#949 = PLANE ( 'NONE',  #899 ) ;
#950 = EDGE_CURVE ( 'NONE', #1651, #976, #1090, .T. ) ;
#951 = LINE ( 'NONE', #1235, #1876 ) ;
#952 = CARTESIAN_POINT ( 'NONE',  ( -75.00000000000001421, 70.00000000000017053, 75.36504591506374595 ) ) ;
#953 = FACE_OUTER_BOUND ( 'NONE', #1915, .T. ) ;
#954 = ADVANCED_FACE ( 'NONE', ( #1220 ), #1081, .F. ) ;
#955 = ORIENTED_EDGE ( 'NONE', *, *, #1687, .T. ) ;
#956 = CARTESIAN_POINT ( 'NONE',  ( 99.99999999999995737, 70.00000000000017053, 70.36504591506371753 ) ) ;
#957 = CARTESIAN_POINT ( 'NONE',  ( 74.99999999999997158, 70.00000000000017053, 75.36504591506373174 ) ) ;
#958 = DIRECTION ( 'NONE',  ( 0.000000000000000000, 1.000000000000000000, -3.491481338843133355E-15 ) ) ;
#959 = ORIENTED_EDGE ( 'NONE', *, *, #1356, .T. ) ;
#960 = CARTESIAN_POINT ( 'NONE',  ( -52.50000000000000000, 39.63495408493599825, -24.99999999999993250 ) ) ;
#961 = VERTEX_POINT ( 'NONE', #142 ) ;
#962 = CARTESIAN_POINT ( 'NONE',  ( 45.00000000000006395, 44.63495408493600536, -29.99999999999995737 ) ) ;
#963 = EDGE_CURVE ( 'NONE', #1198, #1022, #292, .T. ) ;
#964 = FACE_OUTER_BOUND ( 'NONE', #702, .T. ) ;
#965 = VECTOR ( 'NONE', #365, 1000.000000000000000 ) ;
#966 = AXIS2_PLACEMENT_3D ( 'NONE', #1301, #1765, #884 ) ;
#967 = LINE ( 'NONE', #635, #445 ) ;
#968 = EDGE_LOOP ( 'NONE', ( #1631, #758, #1517, #455 ) ) ;
#969 = VECTOR ( 'NONE', #416, 1000.000000000000000 ) ;
#970 = DIRECTION ( 'NONE',  ( -0.000000000000000000, -1.000000000000000000, 3.491481338843133355E-15 ) ) ;
#971 = AXIS2_PLACEMENT_3D ( 'NONE', #1091, #1718, #300 ) ;
#972 = ORIENTED_EDGE ( 'NONE', *, *, #1344, .F. ) ;
#973 = VERTEX_POINT ( 'NONE', #1509 ) ;
#974 = AXIS2_PLACEMENT_3D ( 'NONE', #1591, #1918, #371 ) ;
#975 = CARTESIAN_POINT ( 'NONE',  ( -99.99999999999998579, 55.00000000000003553, 35.00000000000005684 ) ) ;
#976 = VERTEX_POINT ( 'NONE', #1342 ) ;
#977 = CARTESIAN_POINT ( 'NONE',  ( 99.99999999999997158, 70.00000000000004263, 34.99999999999998579 ) ) ;
#978 = ADVANCED_FACE ( 'NONE', ( #920 ), #1981, .F. ) ;
#979 = ADVANCED_FACE ( 'NONE', ( #913 ), #902, .F. ) ;
#980 = CARTESIAN_POINT ( 'NONE',  ( -45.00000000000000711, 39.63495408493601957, -19.99999999999993605 ) ) ;
#981 = CARTESIAN_POINT ( 'NONE',  ( -100.0000000000000000, 54.63495408493611905, 10.00000000000006395 ) ) ;
#982 = CARTESIAN_POINT ( 'NONE',  ( 100.0000000000000142, 64.99999999999977263, -44.63495408493622563 ) ) ;
#983 = CARTESIAN_POINT ( 'NONE',  ( 40.00000000000006395, 39.63495408493600536, -29.99999999999994316 ) ) ;
#984 = CARTESIAN_POINT ( 'NONE',  ( 65.00000000000004263, 44.63495408493608352, -9.999999999999953815 ) ) ;
#985 = ORIENTED_EDGE ( 'NONE', *, *, #1304, .T. ) ;
#986 = DIRECTION ( 'NONE',  ( 5.914207291956807349E-15, 0.000000000000000000, -1.000000000000000000 ) ) ;
#987 = EDGE_CURVE ( 'NONE', #1106, #906, #1054, .T. ) ;
#988 =( LENGTH_UNIT ( ) NAMED_UNIT ( * ) SI_UNIT ( .MILLI., .METRE. ) );
#989 = EDGE_CURVE ( 'NONE', #1414, #175, #1526, .T. ) ;
#990 = DIRECTION ( 'NONE',  ( -4.625929269271483942E-16, 1.000000000000000000, -3.491481338843133355E-15 ) ) ;
#991 = ORIENTED_EDGE ( 'NONE', *, *, #780, .F. ) ;
#992 = CARTESIAN_POINT ( 'NONE',  ( -99.99999999999998579, 54.99999999999992895, 20.00000000000006040 ) ) ;
#993 = FACE_OUTER_BOUND ( 'NONE', #1170, .T. ) ;
#994 = DIRECTION ( 'NONE',  ( 1.000000000000000000, 4.625929269271500705E-16, 4.625929269271483942E-16 ) ) ;
#995 = ORIENTED_EDGE ( 'NONE', *, *, #1418, .T. ) ;
#996 = CYLINDRICAL_SURFACE ( 'NONE', #506, 9.999999999999994671 ) ;
#997 = AXIS2_PLACEMENT_3D ( 'NONE', #1539, #773, #1385 ) ;
#998 = DIRECTION ( 'NONE',  ( 0.000000000000000000, 1.000000000000000000, -3.491481338843133355E-15 ) ) ;
#999 = EDGE_CURVE ( 'NONE', #1420, #424, #1353, .T. ) ;
#1000 = AXIS2_PLACEMENT_3D ( 'NONE', #521, #1723, #986 ) ;
#1001 = ORIENTED_EDGE ( 'NONE', *, *, #619, .T. ) ;
#1002 = DIRECTION ( 'NONE',  ( 0.000000000000000000, 1.000000000000000000, -3.469446951953616161E-15 ) ) ;
#1003 = CARTESIAN_POINT ( 'NONE',  ( -70.00000000000000000, 44.63495408493597694, 10.00000000000010658 ) ) ;
#1004 = DIRECTION ( 'NONE',  ( 0.000000000000000000, -3.469446951953614189E-15, -1.000000000000000000 ) ) ;
#1005 = AXIS2_PLACEMENT_3D ( 'NONE', #1500, #620, #1972 ) ;
#1006 = AXIS2_PLACEMENT_3D ( 'NONE', #315, #331, #1571 ) ;
#1007 = ORIENTED_EDGE ( 'NONE', *, *, #295, .F. ) ;
#1008 = LINE ( 'NONE', #1764, #85 ) ;
#1009 = DIRECTION ( 'NONE',  ( 1.000000000000000000, 0.000000000000000000, 0.000000000000000000 ) ) ;
#1010 = ORIENTED_EDGE ( 'NONE', *, *, #535, .F. ) ;
#1011 = PLANE ( 'NONE',  #533 ) ;
#1012 = ORIENTED_EDGE ( 'NONE', *, *, #1318, .T. ) ;
#1013 = CARTESIAN_POINT ( 'NONE',  ( 95.00000000000001421, 65.00000000000004263, 34.99999999999999289 ) ) ;
#1014 = ADVANCED_FACE ( 'NONE', ( #1209 ), #437, .F. ) ;
#1015 = LINE ( 'NONE', #552, #1194 ) ;
#1016 = ORIENTED_EDGE ( 'NONE', *, *, #186, .T. ) ;
#1017 = CARTESIAN_POINT ( 'NONE',  ( 40.00000000000006395, 44.63495408493600536, -29.99999999999995737 ) ) ;
#1018 = EDGE_CURVE ( 'NONE', #49, #795, #508, .T. ) ;
#1019 = DIRECTION ( 'NONE',  ( -4.625929269271500705E-16, 3.491481338843132961E-15, 1.000000000000000000 ) ) ;
#1020 = EDGE_LOOP ( 'NONE', ( #1460, #566 ) ) ;
#1021 = CARTESIAN_POINT ( 'NONE',  ( -55.00000000000000711, 39.63495408493599825, -24.99999999999992539 ) ) ;
#1022 = VERTEX_POINT ( 'NONE', #1429 ) ;
#1023 = ORIENTED_EDGE ( 'NONE', *, *, #271, .T. ) ;
#1024 = CARTESIAN_POINT ( 'NONE',  ( 100.0000000000000000, 54.63495408493626115, 25.00000000000004974 ) ) ;
#1025 = EDGE_CURVE ( 'NONE', #797, #555, #45, .T. ) ;
#1026 = CARTESIAN_POINT ( 'NONE',  ( 70.00000000000004263, 44.63495408493601957, 10.00000000000009237 ) ) ;
#1027 = ORIENTED_EDGE ( 'NONE', *, *, #1486, .F. ) ;
#1028 = ORIENTED_EDGE ( 'NONE', *, *, #1205, .F. ) ;
#1029 = AXIS2_PLACEMENT_3D ( 'NONE', #672, #616, #1213 ) ;
#1030 = LINE ( 'NONE', #606, #205 ) ;
#1031 = STYLED_ITEM ( 'NONE', ( #144 ), #501 ) ;
#1032 = ORIENTED_EDGE ( 'NONE', *, *, #1123, .T. ) ;
#1033 = VECTOR ( 'NONE', #626, 1000.000000000000000 ) ;
#1034 = CARTESIAN_POINT ( 'NONE',  ( -69.99999999999998579, 65.00000000000015632, 70.36504591506373174 ) ) ;
#1035 = AXIS2_PLACEMENT_3D ( 'NONE', #527, #657, #1734 ) ;
#1036 = DIRECTION ( 'NONE',  ( -6.938893903907241197E-16, -3.491481338843133355E-15, -1.000000000000000000 ) ) ;
#1037 = VECTOR ( 'NONE', #860, 1000.000000000000000 ) ;
#1038 = PRODUCT_DEFINITION ( 'UNKNOWN', '', #1242, #1959 ) ;
#1039 = ORIENTED_EDGE ( 'NONE', *, *, #1270, .F. ) ;
#1040 = CARTESIAN_POINT ( 'NONE',  ( -69.99999999999998579, 64.99999999999975842, -44.63495408493622563 ) ) ;
#1041 = EDGE_CURVE ( 'NONE', #926, #1558, #18, .T. ) ;
#1042 = ORIENTED_EDGE ( 'NONE', *, *, #697, .F. ) ;
#1043 = CARTESIAN_POINT ( 'NONE',  ( -100.0000000000000000, 54.63495408493621142, 25.00000000000006395 ) ) ;
#1044 = EDGE_LOOP ( 'NONE', ( #1047, #1431, #891, #1954 ) ) ;
#1045 = DIRECTION ( 'NONE',  ( 1.000000000000000000, 4.625929269271484928E-16, 0.000000000000000000 ) ) ;
#1046 = CARTESIAN_POINT ( 'NONE',  ( 74.99999999999997158, 70.00000000000017053, 75.36504591506373174 ) ) ;
#1047 = ORIENTED_EDGE ( 'NONE', *, *, #1950, .F. ) ;
#1048 = LINE ( 'NONE', #266, #1878 ) ;
#1049 = ORIENTED_EDGE ( 'NONE', *, *, #678, .F. ) ;
#1050 = DIRECTION ( 'NONE',  ( -9.251858538542969855E-16, 1.000000000000000000, -6.982962677686266711E-15 ) ) ;
#1051 = EDGE_CURVE ( 'NONE', #811, #867, #1570, .T. ) ;
#1052 = CARTESIAN_POINT ( 'NONE',  ( -69.99999999999998579, 54.63495408493611905, 10.00000000000006395 ) ) ;
#1053 = ORIENTED_EDGE ( 'NONE', *, *, #1250, .T. ) ;
#1054 = LINE ( 'NONE', #610, #119 ) ;
#1055 = DIRECTION ( 'NONE',  ( 0.000000000000000000, 1.000000000000000000, -3.491481338843133355E-15 ) ) ;
#1056 = ORIENTED_EDGE ( 'NONE', *, *, #1406, .F. ) ;
#1057 = CARTESIAN_POINT ( 'NONE',  ( -69.99999999999998579, 54.63495408493619010, 20.00000000000006040 ) ) ;
#1058 = DIRECTION ( 'NONE',  ( 5.165008645341516594E-30, -7.888609052210118054E-31, 1.000000000000000000 ) ) ;
#1059 = DIRECTION ( 'NONE',  ( -0.000000000000000000, -1.000000000000000000, 3.491481338843133355E-15 ) ) ;
#1060 = ADVANCED_FACE ( 'NONE', ( #1280 ), #1398, .T. ) ;
#1061 = CIRCLE ( 'NONE', #1093, 4.500000000000003553 ) ;
#1062 = ORIENTED_EDGE ( 'NONE', *, *, #1685, .F. ) ;
#1063 = CARTESIAN_POINT ( 'NONE',  ( 70.00000000000004263, 54.63495408493615457, 10.00000000000003730 ) ) ;
#1064 = CARTESIAN_POINT ( 'NONE',  ( -89.50000000000001421, 70.00000000000007105, 50.36504591506376016 ) ) ;
#1065 = COLOUR_RGB ( '',0.7921568627450980005, 0.8196078431372548767, 0.9333333333333333481 ) ;
#1066 = EDGE_CURVE ( 'NONE', #1595, #1167, #339, .T. ) ;
#1067 = AXIS2_PLACEMENT_3D ( 'NONE', #1920, #1927, #1299 ) ;
#1068 = VERTEX_POINT ( 'NONE', #16 ) ;
#1069 = DIRECTION ( 'NONE',  ( -1.000000000000000000, 0.000000000000000000, -6.938893903907222461E-16 ) ) ;
#1070 = AXIS2_PLACEMENT_3D ( 'NONE', #1132, #1101, #1858 ) ;
#1071 = VECTOR ( 'NONE', #684, 1000.000000000000000 ) ;
#1072 = DIRECTION ( 'NONE',  ( -7.547568807758754966E-16, 3.491481338843132961E-15, 1.000000000000000000 ) ) ;
#1073 = ORIENTED_EDGE ( 'NONE', *, *, #700, .T. ) ;
#1074 = DIRECTION ( 'NONE',  ( -0.000000000000000000, -1.000000000000000000, 3.491481338843133355E-15 ) ) ;
#1075 = ORIENTED_EDGE ( 'NONE', *, *, #469, .T. ) ;
#1076 = ADVANCED_FACE ( 'NONE', ( #1690 ), #1110, .T. ) ;
#1077 = FILL_AREA_STYLE_COLOUR ( '', #1065 ) ;
#1078 = PLANE ( 'NONE',  #997 ) ;
#1079 = DIRECTION ( 'NONE',  ( -0.000000000000000000, 3.491481338843133355E-15, 1.000000000000000000 ) ) ;
#1080 = ORIENTED_EDGE ( 'NONE', *, *, #571, .T. ) ;
#1081 = CYLINDRICAL_SURFACE ( 'NONE', #1847, 2.500000000000009326 ) ;
#1082 = DIRECTION ( 'NONE',  ( 1.000000000000000000, 4.625929269271484928E-16, 0.000000000000000000 ) ) ;
#1083 = ORIENTED_EDGE ( 'NONE', *, *, #1283, .T. ) ;
#1084 = CARTESIAN_POINT ( 'NONE',  ( 69.99999999999994316, 70.00000000000015632, 70.36504591506370332 ) ) ;
#1085 = EDGE_CURVE ( 'NONE', #1558, #555, #1708, .T. ) ;
#1086 = LINE ( 'NONE', #792, #146 ) ;
#1087 = ORIENTED_EDGE ( 'NONE', *, *, #917, .T. ) ;
#1088 = FACE_BOUND ( 'NONE', #109, .T. ) ;
#1089 = ORIENTED_EDGE ( 'NONE', *, *, #1179, .T. ) ;
#1090 = LINE ( 'NONE', #464, #1528 ) ;
#1091 = CARTESIAN_POINT ( 'NONE',  ( -65.00000000000000000, 44.63495408493604799, -9.999999999999939604 ) ) ;
#1092 = VERTEX_POINT ( 'NONE', #314 ) ;
#1093 = AXIS2_PLACEMENT_3D ( 'NONE', #138, #910, #1233 ) ;
#1094 = CARTESIAN_POINT ( 'NONE',  ( -121.2012627116452705, 54.63495408493611905, 10.00000000000006395 ) ) ;
#1095 = AXIS2_PLACEMENT_3D ( 'NONE', #1094, #1812, #441 ) ;
#1096 = DIRECTION ( 'NONE',  ( 4.625929269271500705E-16, -3.491481338843132961E-15, -1.000000000000000000 ) ) ;
#1097 = ADVANCED_FACE ( 'NONE', ( #1886 ), #1244, .F. ) ;
#1098 = EDGE_CURVE ( 'NONE', #57, #242, #510, .T. ) ;
#1099 = DIRECTION ( 'NONE',  ( 0.000000000000000000, 0.000000000000000000, 1.000000000000000000 ) ) ;
#1100 = CYLINDRICAL_SURFACE ( 'NONE', #1627, 5.000000000000004441 ) ;
#1101 = DIRECTION ( 'NONE',  ( -1.000000000000000000, -0.000000000000000000, 0.000000000000000000 ) ) ;
#1102 = DIRECTION ( 'NONE',  ( 1.000000000000000000, 0.000000000000000000, 0.000000000000000000 ) ) ;
#1103 = ORIENTED_EDGE ( 'NONE', *, *, #1137, .T. ) ;
#1104 = CARTESIAN_POINT ( 'NONE',  ( 45.00000000000006395, 39.63495408493599115, -34.99999999999995026 ) ) ;
#1105 = CARTESIAN_POINT ( 'NONE',  ( 65.00000000000005684, 44.63495408493606931, -14.99999999999995737 ) ) ;
#1106 = VERTEX_POINT ( 'NONE', #983 ) ;
#1107 = FACE_BOUND ( 'NONE', #856, .T. ) ;
#1108 = EDGE_CURVE ( 'NONE', #788, #621, #1536, .T. ) ;
#1109 = DIRECTION ( 'NONE',  ( 0.000000000000000000, 1.000000000000000000, -3.491481338843133355E-15 ) ) ;
#1110 = CYLINDRICAL_SURFACE ( 'NONE', #340, 15.00000000000000000 ) ;
#1111 = ORIENTED_EDGE ( 'NONE', *, *, #1327, .F. ) ;
#1112 = DIRECTION ( 'NONE',  ( 1.000000000000000000, 4.625929269271484928E-16, -9.860761315262647568E-32 ) ) ;
#1113 = CARTESIAN_POINT ( 'NONE',  ( 69.99999999999998579, 65.00000000000002842, 34.99999999999999289 ) ) ;
#1114 = EDGE_LOOP ( 'NONE', ( #915, #901, #166, #534 ) ) ;
#1115 = DIRECTION ( 'NONE',  ( 1.000000000000000000, 0.000000000000000000, 0.000000000000000000 ) ) ;
#1116 = ORIENTED_EDGE ( 'NONE', *, *, #96, .T. ) ;
#1117 = LINE ( 'NONE', #411, #933 ) ;
#1118 = DIRECTION ( 'NONE',  ( 0.000000000000000000, 0.000000000000000000, -1.000000000000000000 ) ) ;
#1119 = ADVANCED_FACE ( 'NONE', ( #789 ), #191, .F. ) ;
#1120 = AXIS2_PLACEMENT_3D ( 'NONE', #492, #1386, #1099 ) ;
#1121 = ORIENTED_EDGE ( 'NONE', *, *, #1137, .F. ) ;
#1122 = LINE ( 'NONE', #831, #442 ) ;
#1123 = EDGE_CURVE ( 'NONE', #211, #555, #1579, .T. ) ;
#1124 = VECTOR ( 'NONE', #1649, 1000.000000000000000 ) ;
#1125 = MECHANICAL_DESIGN_GEOMETRIC_PRESENTATION_REPRESENTATION (  '', ( #1031 ), #772 ) ;
#1126 = LINE ( 'NONE', #1138, #1667 ) ;
#1127 = ORIENTED_EDGE ( 'NONE', *, *, #550, .F. ) ;
#1128 = DIRECTION ( 'NONE',  ( 1.000000000000000000, 0.000000000000000000, 0.000000000000000000 ) ) ;
#1129 = AXIS2_PLACEMENT_3D ( 'NONE', #1590, #1150, #1440 ) ;
#1130 = LINE ( 'NONE', #982, #770 ) ;
#1131 = VECTOR ( 'NONE', #765, 1000.000000000000000 ) ;
#1132 = CARTESIAN_POINT ( 'NONE',  ( -100.0000000000000000, 54.63495408493611905, 10.00000000000006395 ) ) ;
#1133 = LINE ( 'NONE', #1430, #1602 ) ;
#1134 = ADVANCED_FACE ( 'NONE', ( #796 ), #329, .T. ) ;
#1135 = EDGE_LOOP ( 'NONE', ( #1039, #1572, #475, #307 ) ) ;
#1136 = FACE_OUTER_BOUND ( 'NONE', #359, .T. ) ;
#1137 = EDGE_CURVE ( 'NONE', #615, #1326, #35, .T. ) ;
#1138 = CARTESIAN_POINT ( 'NONE',  ( -95.00000000000000000, 39.63495408493596273, -34.99999999999992184 ) ) ;
#1139 = CARTESIAN_POINT ( 'NONE',  ( -95.00000000000000000, 70.00000000000002842, 35.00000000000000000 ) ) ;
#1140 = CARTESIAN_POINT ( 'NONE',  ( 70.00000000000004263, 39.63495408493608352, -9.999999999999939604 ) ) ;
#1141 = PLANE ( 'NONE',  #575 ) ;
#1142 = CARTESIAN_POINT ( 'NONE',  ( -94.99999999999997158, 70.00000000000017053, 75.36504591506374595 ) ) ;
#1143 = ORIENTED_EDGE ( 'NONE', *, *, #917, .F. ) ;
#1144 = DIRECTION ( 'NONE',  ( -0.000000000000000000, 0.000000000000000000, -1.000000000000000000 ) ) ;
#1145 = ADVANCED_BREP_SHAPE_REPRESENTATION ( '\X2\00fc\X0\st ya\X2\011f\X0\ tank\X2\0131\X0\ braketi', ( #1215, #501, #77 ), #8 ) ;
#1146 = ADVANCED_FACE ( 'NONE', ( #1268 ), #200, .F. ) ;
#1147 = DIRECTION ( 'NONE',  ( -4.625929269271483942E-16, 1.000000000000000000, -3.491481338843133355E-15 ) ) ;
#1148 = DIRECTION ( 'NONE',  ( 4.625929269271500705E-16, -3.491481338843132961E-15, -1.000000000000000000 ) ) ;
#1149 = PLANE ( 'NONE',  #834 ) ;
#1150 = DIRECTION ( 'NONE',  ( 1.000000000000000000, 4.625929269271510566E-16, 7.547568807758739189E-16 ) ) ;
#1151 = DIRECTION ( 'NONE',  ( 0.000000000000000000, 1.000000000000000000, -3.491481338843133355E-15 ) ) ;
#1152 = VERTEX_POINT ( 'NONE', #839 ) ;
#1153 = CYLINDRICAL_SURFACE ( 'NONE', #604, 4.500000000000003553 ) ;
#1154 = AXIS2_PLACEMENT_3D ( 'NONE', #1021, #998, #1727 ) ;
#1155 = CARTESIAN_POINT ( 'NONE',  ( 94.99999999999992895, 70.00000000000018474, 75.36504591506374595 ) ) ;
#1156 = EDGE_LOOP ( 'NONE', ( #1313, #100, #585, #991 ) ) ;
#1157 = CIRCLE ( 'NONE', #276, 4.500000000000003553 ) ;
#1158 = DIRECTION ( 'NONE',  ( 1.000000000000000000, 0.000000000000000000, 0.000000000000000000 ) ) ;
#1159 = VECTOR ( 'NONE', #257, 1000.000000000000000 ) ;
#1160 = ORIENTED_EDGE ( 'NONE', *, *, #950, .T. ) ;
#1161 = ADVANCED_FACE ( 'NONE', ( #993 ), #221, .F. ) ;
#1162 = DIRECTION ( 'NONE',  ( 0.000000000000000000, 1.000000000000000000, -3.491481338843133355E-15 ) ) ;
#1163 = SURFACE_STYLE_FILL_AREA ( #231 ) ;
#1164 = CARTESIAN_POINT ( 'NONE',  ( 65.00000000000005684, 44.63495408493606931, -14.99999999999995737 ) ) ;
#1165 = AXIS2_PLACEMENT_3D ( 'NONE', #354, #1191, #1636 ) ;
#1166 = VECTOR ( 'NONE', #59, 1000.000000000000000 ) ;
#1167 = VERTEX_POINT ( 'NONE', #1896 ) ;
#1168 = CARTESIAN_POINT ( 'NONE',  ( -40.00000000000000000, 44.63495408493601246, -19.99999999999994671 ) ) ;
#1169 = FACE_BOUND ( 'NONE', #465, .T. ) ;
#1170 = EDGE_LOOP ( 'NONE', ( #1481, #1103, #1739, #37 ) ) ;
#1171 = CARTESIAN_POINT ( 'NONE',  ( -69.99999999999998579, 44.63495408493611905, 10.00000000000010658 ) ) ;
#1172 = ADVANCED_FACE ( 'NONE', ( #1745 ), #1141, .F. ) ;
#1173 = ORIENTED_EDGE ( 'NONE', *, *, #1888, .F. ) ;
#1174 = DIRECTION ( 'NONE',  ( -0.000000000000000000, -1.000000000000000000, 3.491481338843133355E-15 ) ) ;
#1175 = CARTESIAN_POINT ( 'NONE',  ( 95.00000000000005684, 44.63495408493602667, -29.99999999999992895 ) ) ;
#1176 = ORIENTED_EDGE ( 'NONE', *, *, #130, .F. ) ;
#1177 = DIRECTION ( 'NONE',  ( 1.000000000000000000, 0.000000000000000000, 6.938893903907222461E-16 ) ) ;
#1178 = ORIENTED_EDGE ( 'NONE', *, *, #47, .T. ) ;
#1179 = EDGE_CURVE ( 'NONE', #1326, #1702, #1309, .T. ) ;
#1180 = FACE_BOUND ( 'NONE', #629, .T. ) ;
#1181 = EDGE_CURVE ( 'NONE', #256, #1490, #1296, .T. ) ;
#1182 = CARTESIAN_POINT ( 'NONE',  ( -45.00000000000000711, 39.63495408493598404, -29.99999999999991473 ) ) ;
#1183 = AXIS2_PLACEMENT_3D ( 'NONE', #1234, #970, #1377 ) ;
#1184 = ORIENTED_EDGE ( 'NONE', *, *, #1891, .T. ) ;
#1185 = VERTEX_POINT ( 'NONE', #370 ) ;
#1186 = CLOSED_SHELL ( 'NONE', ( #1097, #660, #813, #194, #1958, #187, #222, #742, #914, #1831, #775, #1914, #4, #979, #887, #196, #1822, #1970, #1902, #235, #612, #1613, #764, #522, #206, #1512, #1762, #1797, #1839, #1172, #1441, #688, #1060, #632 ) ) ;
#1187 = DIRECTION ( 'NONE',  ( 0.000000000000000000, -1.000000000000000000, 3.469446951953614189E-15 ) ) ;
#1188 = VECTOR ( 'NONE', #1976, 1000.000000000000000 ) ;
#1189 = ORIENTED_EDGE ( 'NONE', *, *, #571, .F. ) ;
#1190 = AXIS2_PLACEMENT_3D ( 'NONE', #1063, #284, #1717 ) ;
#1191 = DIRECTION ( 'NONE',  ( -1.000000000000000000, -4.625929269271500705E-16, -4.625929269271484928E-16 ) ) ;
#1192 = CIRCLE ( 'NONE', #1006, 14.99999999999998579 ) ;
#1193 = FACE_BOUND ( 'NONE', #436, .T. ) ;
#1194 = VECTOR ( 'NONE', #528, 1000.000000000000000 ) ;
#1195 = EDGE_CURVE ( 'NONE', #525, #973, #1756, .T. ) ;
#1196 = ORIENTED_EDGE ( 'NONE', *, *, #725, .F. ) ;
#1197 = DIRECTION ( 'NONE',  ( -1.000000000000000000, -0.000000000000000000, 0.000000000000000000 ) ) ;
#1198 = VERTEX_POINT ( 'NONE', #1449 ) ;
#1199 = CARTESIAN_POINT ( 'NONE',  ( 45.00000000000006395, 44.63495408493599115, -34.99999999999996447 ) ) ;
#1200 = ORIENTED_EDGE ( 'NONE', *, *, #1041, .T. ) ;
#1201 = DIRECTION ( 'NONE',  ( 1.000000000000000000, 0.000000000000000000, 6.938893903907222461E-16 ) ) ;
#1202 = EDGE_LOOP ( 'NONE', ( #451, #1735, #363, #578 ) ) ;
#1203 = CARTESIAN_POINT ( 'NONE',  ( 99.99999999999998579, 55.00000000000005684, 35.00000000000004263 ) ) ;
#1204 = LINE ( 'NONE', #58, #372 ) ;
#1205 = EDGE_CURVE ( 'NONE', #906, #876, #1760, .T. ) ;
#1206 = VERTEX_POINT ( 'NONE', #1737 ) ;
#1207 = DIRECTION ( 'NONE',  ( 1.000000000000000000, 0.000000000000000000, 0.000000000000000000 ) ) ;
#1208 = ORIENTED_EDGE ( 'NONE', *, *, #865, .F. ) ;
#1209 = FACE_OUTER_BOUND ( 'NONE', #665, .T. ) ;
#1210 = CARTESIAN_POINT ( 'NONE',  ( 95.00000000000005684, 44.63495408493617589, 10.00000000000009237 ) ) ;
#1211 = ORIENTED_EDGE ( 'NONE', *, *, #925, .F. ) ;
#1212 = LINE ( 'NONE', #1084, #1222 ) ;
#1213 = DIRECTION ( 'NONE',  ( 0.000000000000000000, 1.000000000000000000, -6.982962677686266711E-15 ) ) ;
#1214 = ADVANCED_FACE ( 'NONE', ( #67 ), #1610, .F. ) ;
#1215 = MANIFOLD_SOLID_BREP ( 'Sketched Bend7', #1186 ) ;
#1216 = DIRECTION ( 'NONE',  ( 0.000000000000000000, -1.000000000000000000, 0.000000000000000000 ) ) ;
#1217 = EDGE_CURVE ( 'NONE', #1904, #976, #1470, .T. ) ;
#1218 = AXIS2_PLACEMENT_3D ( 'NONE', #1951, #517, #207 ) ;
#1219 = VERTEX_POINT ( 'NONE', #357 ) ;
#1220 = FACE_OUTER_BOUND ( 'NONE', #1510, .T. ) ;
#1221 = DIRECTION ( 'NONE',  ( 3.146791413315288450E-30, -6.883382752675970551E-15, -1.000000000000000000 ) ) ;
#1222 = VECTOR ( 'NONE', #302, 1000.000000000000000 ) ;
#1223 = EDGE_LOOP ( 'NONE', ( #1673, #769, #1200, #113 ) ) ;
#1224 = CARTESIAN_POINT ( 'NONE',  ( -74.99999999999998579, 70.00000000000014211, 70.36504591506374595 ) ) ;
#1225 = AXIS2_PLACEMENT_3D ( 'NONE', #457, #1792, #417 ) ;
#1226 = CIRCLE ( 'NONE', #55, 2.500000000000009326 ) ;
#1227 = DIRECTION ( 'NONE',  ( -0.000000000000000000, -1.000000000000000000, 3.491481338843133355E-15 ) ) ;
#1228 = ORIENTED_EDGE ( 'NONE', *, *, #700, .F. ) ;
#1229 = LINE ( 'NONE', #750, #1561 ) ;
#1230 = EDGE_CURVE ( 'NONE', #1942, #1581, #1374, .T. ) ;
#1231 = ORIENTED_EDGE ( 'NONE', *, *, #486, .F. ) ;
#1232 = DIRECTION ( 'NONE',  ( 0.000000000000000000, -1.000000000000000000, 0.000000000000000000 ) ) ;
#1233 = DIRECTION ( 'NONE',  ( -1.000000000000000000, 0.000000000000000000, 0.000000000000000000 ) ) ;
#1234 = CARTESIAN_POINT ( 'NONE',  ( -95.00000000000000000, 39.63495408493598404, -29.99999999999991473 ) ) ;
#1235 = CARTESIAN_POINT ( 'NONE',  ( -100.0000000000000000, 109.9999999999998721, 19.99999999999968381 ) ) ;
#1236 = CARTESIAN_POINT ( 'NONE',  ( 89.49999999999998579, 70.00000000000008527, 50.36504591506376016 ) ) ;
#1237 = EDGE_CURVE ( 'NONE', #272, #1420, #511, .T. ) ;
#1238 = ORIENTED_EDGE ( 'NONE', *, *, #271, .F. ) ;
#1239 = FACE_OUTER_BOUND ( 'NONE', #230, .T. ) ;
#1240 = EDGE_CURVE ( 'NONE', #926, #1411, #1869, .T. ) ;
#1241 = FACE_OUTER_BOUND ( 'NONE', #1437, .T. ) ;
#1242 = PRODUCT_DEFINITION_FORMATION_WITH_SPECIFIED_SOURCE ( 'ANY', '', #628, .NOT_KNOWN. ) ;
#1243 = ORIENTED_EDGE ( 'NONE', *, *, #853, .F. ) ;
#1244 = CYLINDRICAL_SURFACE ( 'NONE', #774, 4.500000000000003553 ) ;
#1245 = EDGE_LOOP ( 'NONE', ( #1964, #293, #178, #1663 ) ) ;
#1246 = VECTOR ( 'NONE', #1050, 1000.000000000000000 ) ;
#1247 = FACE_OUTER_BOUND ( 'NONE', #1114, .T. ) ;
#1248 = CARTESIAN_POINT ( 'NONE',  ( -95.00000000000000000, 44.63495408493596273, -34.99999999999995026 ) ) ;
#1249 = AXIS2_PLACEMENT_3D ( 'NONE', #1291, #695, #63 ) ;
#1250 = EDGE_CURVE ( 'NONE', #26, #143, #809, .T. ) ;
#1251 = CARTESIAN_POINT ( 'NONE',  ( -65.00000000000000000, 44.63495408493603378, -14.99999999999994316 ) ) ;
#1252 = CIRCLE ( 'NONE', #1225, 5.000000000000004441 ) ;
#1253 = LINE ( 'NONE', #1261, #172 ) ;
#1254 = AXIS2_PLACEMENT_3D ( 'NONE', #568, #1960, #1177 ) ;
#1255 = CARTESIAN_POINT ( 'NONE',  ( -100.0000000000000000, 54.63495408493619010, 19.99999999999968381 ) ) ;
#1256 = CARTESIAN_POINT ( 'NONE',  ( -69.99999999999998579, 54.63495408493619010, 20.00000000000033751 ) ) ;
#1257 = ORIENTED_EDGE ( 'NONE', *, *, #1217, .F. ) ;
#1258 = DIRECTION ( 'NONE',  ( 1.000000000000000000, 0.000000000000000000, 0.000000000000000000 ) ) ;
#1259 = DIRECTION ( 'NONE',  ( -1.000000000000000000, -9.251858538542969855E-16, 3.291463995441614257E-30 ) ) ;
#1260 = EDGE_CURVE ( 'NONE', #143, #381, #967, .T. ) ;
#1261 = CARTESIAN_POINT ( 'NONE',  ( -95.00000000000000000, 54.63495408493619010, 25.00000000000006395 ) ) ;
#1262 = EDGE_CURVE ( 'NONE', #973, #1414, #1434, .T. ) ;
#1263 = ORIENTED_EDGE ( 'NONE', *, *, #393, .F. ) ;
#1264 = CARTESIAN_POINT ( 'NONE',  ( -85.00000000000000000, 70.00000000000007105, 50.36504591506375306 ) ) ;
#1265 = ORIENTED_EDGE ( 'NONE', *, *, #1041, .F. ) ;
#1266 = DIRECTION ( 'NONE',  ( 4.625929269271484928E-16, -1.000000000000000000, 3.491481338843133355E-15 ) ) ;
#1267 = DIRECTION ( 'NONE',  ( -0.000000000000000000, -1.000000000000000000, 3.491481338843133355E-15 ) ) ;
#1268 = FACE_OUTER_BOUND ( 'NONE', #1975, .T. ) ;
#1269 = DIRECTION ( 'NONE',  ( 0.000000000000000000, 1.000000000000000000, -3.491481338843133355E-15 ) ) ;
#1270 = EDGE_CURVE ( 'NONE', #929, #919, #40, .T. ) ;
#1271 = VECTOR ( 'NONE', #1567, 1000.000000000000000 ) ;
#1272 = ORIENTED_EDGE ( 'NONE', *, *, #384, .T. ) ;
#1273 = PLANE ( 'NONE',  #1818 ) ;
#1274 = AXIS2_PLACEMENT_3D ( 'NONE', #84, #396, #406 ) ;
#1275 = CARTESIAN_POINT ( 'NONE',  ( -40.00000000000000711, 39.63495408493598404, -29.99999999999991473 ) ) ;
#1276 = EDGE_LOOP ( 'NONE', ( #1062, #669, #1001, #729 ) ) ;
#1277 = AXIS2_PLACEMENT_3D ( 'NONE', #174, #54, #334 ) ;
#1278 = DIRECTION ( 'NONE',  ( 0.000000000000000000, -3.491481338843133355E-15, -1.000000000000000000 ) ) ;
#1279 = VECTOR ( 'NONE', #1887, 1000.000000000000000 ) ;
#1280 = FACE_OUTER_BOUND ( 'NONE', #1474, .T. ) ;
#1281 = LINE ( 'NONE', #693, #1279 ) ;
#1282 = EDGE_LOOP ( 'NONE', ( #1693, #1053, #1184, #154 ) ) ;
#1283 = EDGE_CURVE ( 'NONE', #973, #1942, #1540, .T. ) ;
#1284 = CARTESIAN_POINT ( 'NONE',  ( -55.00000000000000711, 44.63495408493599115, -24.99999999999993960 ) ) ;
#1285 = DIRECTION ( 'NONE',  ( 1.000000000000000000, 0.000000000000000000, 0.000000000000000000 ) ) ;
#1286 = CARTESIAN_POINT ( 'NONE',  ( 52.50000000000005684, 39.63495408493603378, -24.99999999999994671 ) ) ;
#1287 = LINE ( 'NONE', #1895, #1464 ) ;
#1288 = CARTESIAN_POINT ( 'NONE',  ( 70.00000000000004263, 44.63495408493609062, -9.999999999999953815 ) ) ;
#1289 = CARTESIAN_POINT ( 'NONE',  ( 45.00000000000006395, 44.63495408493600536, -29.99999999999995737 ) ) ;
#1290 = EDGE_LOOP ( 'NONE', ( #215, #1127, #1656, #1919 ) ) ;
#1291 = CARTESIAN_POINT ( 'NONE',  ( 55.00000000000006395, 44.63495408493602667, -24.99999999999995381 ) ) ;
#1292 = ADVANCED_FACE ( 'NONE', ( #326 ), #1394, .F. ) ;
#1293 = EDGE_CURVE ( 'NONE', #722, #1106, #313, .T. ) ;
#1294 = DIRECTION ( 'NONE',  ( 0.000000000000000000, -3.491481338843133355E-15, -1.000000000000000000 ) ) ;
#1295 = CARTESIAN_POINT ( 'NONE',  ( 70.00000000000005684, -5.000000000000031974, 25.00000000000046541 ) ) ;
#1296 = LINE ( 'NONE', #1003, #1166 ) ;
#1297 = LINE ( 'NONE', #717, #1759 ) ;
#1298 = VERTEX_POINT ( 'NONE', #1275 ) ;
#1299 = DIRECTION ( 'NONE',  ( 0.000000000000000000, -1.000000000000000000, 3.469446951953616161E-15 ) ) ;
#1300 = AXIS2_PLACEMENT_3D ( 'NONE', #358, #75, #1618 ) ;
#1301 = CARTESIAN_POINT ( 'NONE',  ( 94.99999999999995737, 70.00000000000017053, 70.36504591506376016 ) ) ;
#1302 = VECTOR ( 'NONE', #268, 1000.000000000000000 ) ;
#1303 = EDGE_LOOP ( 'NONE', ( #733, #655, #1345, #69 ) ) ;
#1304 = EDGE_CURVE ( 'NONE', #1848, #811, #1881, .T. ) ;
#1305 = VECTOR ( 'NONE', #1425, 1000.000000000000000 ) ;
#1306 = CARTESIAN_POINT ( 'NONE',  ( 99.99999999999995737, 65.00000000000017053, 70.36504591506373174 ) ) ;
#1307 = AXIS2_PLACEMENT_3D ( 'NONE', #243, #1791, #1778 ) ;
#1308 = ORIENTED_EDGE ( 'NONE', *, *, #73, .T. ) ;
#1309 = LINE ( 'NONE', #1013, #1071 ) ;
#1310 = DIRECTION ( 'NONE',  ( -1.000000000000000000, 0.000000000000000000, 0.000000000000000000 ) ) ;
#1311 = VECTOR ( 'NONE', #728, 1000.000000000000000 ) ;
#1312 = VECTOR ( 'NONE', #1147, 1000.000000000000000 ) ;
#1313 = ORIENTED_EDGE ( 'NONE', *, *, #395, .F. ) ;
#1314 = CARTESIAN_POINT ( 'NONE',  ( -55.00000000000000711, 44.63495408493599115, -24.99999999999993960 ) ) ;
#1315 = ORIENTED_EDGE ( 'NONE', *, *, #356, .F. ) ;
#1316 = CARTESIAN_POINT ( 'NONE',  ( -95.00000000000000000, 70.00000000000014211, 70.36504591506376016 ) ) ;
#1317 = ORIENTED_EDGE ( 'NONE', *, *, #1772, .T. ) ;
#1318 = EDGE_CURVE ( 'NONE', #592, #397, #516, .T. ) ;
#1319 = EDGE_LOOP ( 'NONE', ( #1921, #448, #164, #844 ) ) ;
#1320 = DIRECTION ( 'NONE',  ( -1.000000000000000000, -4.625929269271500705E-16, -4.625929269271483942E-16 ) ) ;
#1321 = EDGE_CURVE ( 'NONE', #1619, #249, #1126, .T. ) ;
#1322 = VERTEX_POINT ( 'NONE', #491 ) ;
#1323 = CARTESIAN_POINT ( 'NONE',  ( 70.00000000000004263, 14.99999999999992717, 20.00000000000032330 ) ) ;
#1324 = FACE_OUTER_BOUND ( 'NONE', #1837, .T. ) ;
#1325 = EDGE_LOOP ( 'NONE', ( #589, #1824, #1023, #1978, #715, #760, #1451, #537, #328, #512 ) ) ;
#1326 = VERTEX_POINT ( 'NONE', #1113 ) ;
#1327 = EDGE_CURVE ( 'NONE', #459, #1971, #188, .T. ) ;
#1328 = DIRECTION ( 'NONE',  ( 4.625929269271483942E-16, -1.000000000000000000, 3.491481338843133355E-15 ) ) ;
#1329 = ORIENTED_EDGE ( 'NONE', *, *, #33, .F. ) ;
#1330 = CARTESIAN_POINT ( 'NONE',  ( -95.00000000000000000, 44.63495408493597694, -29.99999999999992895 ) ) ;
#1331 = EDGE_CURVE ( 'NONE', #49, #788, #1741, .T. ) ;
#1332 = PLANE ( 'NONE',  #640 ) ;
#1333 = ORIENTED_EDGE ( 'NONE', *, *, #1051, .F. ) ;
#1334 = CARTESIAN_POINT ( 'NONE',  ( -70.00000000000000000, 44.63495408493604799, -9.999999999999939604 ) ) ;
#1335 = ORIENTED_EDGE ( 'NONE', *, *, #1863, .F. ) ;
#1336 = DIRECTION ( 'NONE',  ( -1.217349807703022412E-15, 1.000000000000000000, -6.982962677686266711E-15 ) ) ;
#1337 = EDGE_LOOP ( 'NONE', ( #613, #92, #439, #662 ) ) ;
#1338 = CARTESIAN_POINT ( 'NONE',  ( 89.49999999999998579, 70.00000000000008527, 50.36504591506374595 ) ) ;
#1339 = VECTOR ( 'NONE', #387, 1000.000000000000000 ) ;
#1340 = ORIENTED_EDGE ( 'NONE', *, *, #999, .F. ) ;
#1341 = AXIS2_PLACEMENT_3D ( 'NONE', #1473, #386, #709 ) ;
#1342 = CARTESIAN_POINT ( 'NONE',  ( 57.50000000000007105, 39.63495408493603378, -24.99999999999994671 ) ) ;
#1343 =( GEOMETRIC_REPRESENTATION_CONTEXT ( 3 ) GLOBAL_UNCERTAINTY_ASSIGNED_CONTEXT ( ( #117 ) ) GLOBAL_UNIT_ASSIGNED_CONTEXT ( ( #988, #803, #814 ) ) REPRESENTATION_CONTEXT ( 'NONE', 'WORKASPACE' ) );
#1344 = EDGE_CURVE ( 'NONE', #258, #1411, #102, .T. ) ;
#1345 = ORIENTED_EDGE ( 'NONE', *, *, #1181, .T. ) ;
#1346 = LINE ( 'NONE', #1155, #1339 ) ;
#1347 = CIRCLE ( 'NONE', #1532, 10.00000000000000178 ) ;
#1348 = CARTESIAN_POINT ( 'NONE',  ( 70.00000000000000000, 54.63495408493624694, 25.00000000000004974 ) ) ;
#1349 = SHAPE_DEFINITION_REPRESENTATION ( #453, #1145 ) ;
#1350 = ORIENTED_EDGE ( 'NONE', *, *, #1018, .F. ) ;
#1351 = DIRECTION ( 'NONE',  ( 1.000000000000000000, 4.625929269271484928E-16, -7.006492321624085355E-46 ) ) ;
#1352 = ORIENTED_EDGE ( 'NONE', *, *, #1391, .F. ) ;
#1353 = LINE ( 'NONE', #1809, #708 ) ;
#1354 = VERTEX_POINT ( 'NONE', #611 ) ;
#1355 =( NAMED_UNIT ( * ) SI_UNIT ( $, .STERADIAN. ) SOLID_ANGLE_UNIT ( ) );
#1356 = EDGE_CURVE ( 'NONE', #175, #520, #1252, .T. ) ;
#1357 = PLANE ( 'NONE',  #1814 ) ;
#1358 = EDGE_CURVE ( 'NONE', #1683, #1635, #285, .T. ) ;
#1359 = LINE ( 'NONE', #1776, #217 ) ;
#1360 = EDGE_LOOP ( 'NONE', ( #1774, #1089, #1329, #162, #848, #580 ) ) ;
#1361 = DIRECTION ( 'NONE',  ( -4.625929269271483942E-16, 1.000000000000000000, -3.491481338843133355E-15 ) ) ;
#1362 = ORIENTED_EDGE ( 'NONE', *, *, #563, .F. ) ;
#1363 = DIRECTION ( 'NONE',  ( -1.000000000000000000, 0.000000000000000000, 0.000000000000000000 ) ) ;
#1364 = FACE_OUTER_BOUND ( 'NONE', #968, .T. ) ;
#1365 = AXIS2_PLACEMENT_3D ( 'NONE', #1679, #1227, #165 ) ;
#1366 = EDGE_CURVE ( 'NONE', #249, #258, #1820, .T. ) ;
#1367 = DIRECTION ( 'NONE',  ( 1.000000000000000000, 0.000000000000000000, 0.000000000000000000 ) ) ;
#1368 = AXIS2_PLACEMENT_3D ( 'NONE', #1835, #1109, #507 ) ;
#1369 = ORIENTED_EDGE ( 'NONE', *, *, #1402, .T. ) ;
#1370 = DIRECTION ( 'NONE',  ( -4.625929269271483942E-16, 1.000000000000000000, -3.491481338843133355E-15 ) ) ;
#1371 = AXIS2_PLACEMENT_3D ( 'NONE', #173, #1794, #1647 ) ;
#1372 = VECTOR ( 'NONE', #1865, 1000.000000000000000 ) ;
#1373 = ORIENTED_EDGE ( 'NONE', *, *, #96, .F. ) ;
#1374 = CIRCLE ( 'NONE', #1408, 5.000000000000004441 ) ;
#1375 = AXIS2_PLACEMENT_3D ( 'NONE', #1289, #201, #209 ) ;
#1376 = FACE_OUTER_BOUND ( 'NONE', #1303, .T. ) ;
#1377 = DIRECTION ( 'NONE',  ( -1.000000000000000000, 0.000000000000000000, -0.000000000000000000 ) ) ;
#1378 = ADVANCED_FACE ( 'NONE', ( #1963 ), #1332, .F. ) ;
#1379 = LINE ( 'NONE', #618, #1524 ) ;
#1380 = CARTESIAN_POINT ( 'NONE',  ( -40.00000000000000711, 44.63495408493597694, -29.99999999999992895 ) ) ;
#1381 = LINE ( 'NONE', #627, #87 ) ;
#1382 = EDGE_CURVE ( 'NONE', #926, #1490, #751, .T. ) ;
#1383 = ORIENTED_EDGE ( 'NONE', *, *, #725, .T. ) ;
#1384 = DIRECTION ( 'NONE',  ( -1.000000000000000000, -4.625929269271484928E-16, 7.006492321624085355E-46 ) ) ;
#1385 = DIRECTION ( 'NONE',  ( 1.000000000000000000, -7.839024317477753066E-31, -2.245185798436813022E-16 ) ) ;
#1386 = DIRECTION ( 'NONE',  ( -1.000000000000000000, 0.000000000000000000, 0.000000000000000000 ) ) ;
#1387 = ORIENTED_EDGE ( 'NONE', *, *, #309, .T. ) ;
#1388 = DIRECTION ( 'NONE',  ( 1.000000000000000000, 4.625929269271484928E-16, -9.860761315262649757E-32 ) ) ;
#1389 = LINE ( 'NONE', #1845, #476 ) ;
#1390 = ORIENTED_EDGE ( 'NONE', *, *, #989, .T. ) ;
#1391 = EDGE_CURVE ( 'NONE', #531, #876, #438, .T. ) ;
#1392 = DIRECTION ( 'NONE',  ( -4.625929269271483942E-16, 1.000000000000000000, -3.491481338843133355E-15 ) ) ;
#1393 = LINE ( 'NONE', #9, #1556 ) ;
#1394 = PLANE ( 'NONE',  #53 ) ;
#1395 = ORIENTED_EDGE ( 'NONE', *, *, #1935, .T. ) ;
#1396 = CARTESIAN_POINT ( 'NONE',  ( 69.99999999999998579, 54.99999999999992184, 20.00000000000004619 ) ) ;
#1397 = ORIENTED_EDGE ( 'NONE', *, *, #1250, .F. ) ;
#1398 = CYLINDRICAL_SURFACE ( 'NONE', #1468, 15.00000000000000000 ) ;
#1399 = CARTESIAN_POINT ( 'NONE',  ( 95.00000000000005684, -5.000000000000004441, 25.00000000000046541 ) ) ;
#1400 = VERTEX_POINT ( 'NONE', #1064 ) ;
#1401 = LINE ( 'NONE', #38, #804 ) ;
#1402 = EDGE_CURVE ( 'NONE', #1298, #922, #1381, .T. ) ;
#1403 = AXIS2_PLACEMENT_3D ( 'NONE', #1284, #193, #798 ) ;
#1404 = DIRECTION ( 'NONE',  ( -1.000000000000000000, -4.625929269271500705E-16, -4.625929269271483942E-16 ) ) ;
#1405 = AXIS2_PLACEMENT_3D ( 'NONE', #892, #1674, #738 ) ;
#1406 = EDGE_CURVE ( 'NONE', #291, #1414, #710, .T. ) ;
#1407 = DIRECTION ( 'NONE',  ( 0.000000000000000000, 1.000000000000000000, -3.491481338843133355E-15 ) ) ;
#1408 = AXIS2_PLACEMENT_3D ( 'NONE', #980, #1407, #1285 ) ;
#1409 = LINE ( 'NONE', #1139, #399 ) ;
#1410 = ORIENTED_EDGE ( 'NONE', *, *, #1742, .T. ) ;
#1411 = VERTEX_POINT ( 'NONE', #1682 ) ;
#1412 = DIRECTION ( 'NONE',  ( -0.000000000000000000, -1.000000000000000000, 3.491481338843133355E-15 ) ) ;
#1413 = DIRECTION ( 'NONE',  ( 4.625929269271499719E-16, -3.491481338843132961E-15, -1.000000000000000000 ) ) ;
#1414 = VERTEX_POINT ( 'NONE', #931 ) ;
#1415 = FACE_OUTER_BOUND ( 'NONE', #1360, .T. ) ;
#1416 = CARTESIAN_POINT ( 'NONE',  ( 70.00000000000004263, 44.63495408493609062, -9.999999999999953815 ) ) ;
#1417 = ADVANCED_FACE ( 'NONE', ( #1866 ), #654, .F. ) ;
#1418 = EDGE_CURVE ( 'NONE', #463, #615, #1192, .T. ) ;
#1419 = DIRECTION ( 'NONE',  ( -4.625929269271483942E-16, 1.000000000000000000, -3.491481338843133355E-15 ) ) ;
#1420 = VERTEX_POINT ( 'NONE', #153 ) ;
#1421 = ORIENTED_EDGE ( 'NONE', *, *, #622, .T. ) ;
#1422 = DIRECTION ( 'NONE',  ( -1.000000000000000000, 0.000000000000000000, -6.938893903907232322E-16 ) ) ;
#1423 = DIRECTION ( 'NONE',  ( -3.169074291946243126E-30, 6.982962677686266711E-15, 1.000000000000000000 ) ) ;
#1424 = EDGE_LOOP ( 'NONE', ( #1529, #90, #1538, #995 ) ) ;
#1425 = DIRECTION ( 'NONE',  ( -4.625929269271516482E-16, 1.000000000000000000, 3.491481338843134144E-15 ) ) ;
#1426 = PLANE ( 'NONE',  #1300 ) ;
#1427 = EDGE_CURVE ( 'NONE', #861, #1595, #1389, .T. ) ;
#1428 = PLANE ( 'NONE',  #1029 ) ;
#1429 = CARTESIAN_POINT ( 'NONE',  ( 45.00000000000006395, 44.63495408493599115, -34.99999999999996447 ) ) ;
#1430 = CARTESIAN_POINT ( 'NONE',  ( -75.00000000000001421, 70.00000000000017053, 75.36504591506374595 ) ) ;
#1431 = ORIENTED_EDGE ( 'NONE', *, *, #1575, .T. ) ;
#1432 = DIRECTION ( 'NONE',  ( -1.000000000000000000, -4.625929269271500705E-16, -4.625929269271483942E-16 ) ) ;
#1433 = CIRCLE ( 'NONE', #836, 10.00000000000000178 ) ;
#1434 = LINE ( 'NONE', #1251, #548 ) ;
#1435 = CIRCLE ( 'NONE', #407, 4.500000000000003553 ) ;
#1436 = FACE_OUTER_BOUND ( 'NONE', #494, .T. ) ;
#1437 = EDGE_LOOP ( 'NONE', ( #338, #1617, #819, #192 ) ) ;
#1438 = CARTESIAN_POINT ( 'NONE',  ( -100.0000000000000000, 54.99999999999990763, 20.00000000000006040 ) ) ;
#1439 = CIRCLE ( 'NONE', #1375, 4.999999999999997335 ) ;
#1440 = DIRECTION ( 'NONE',  ( -7.547568807758754966E-16, 3.491481338843132961E-15, 1.000000000000000000 ) ) ;
#1441 = ADVANCED_FACE ( 'NONE', ( #1555 ), #1537, .T. ) ;
#1442 = LINE ( 'NONE', #60, #779 ) ;
#1443 = ORIENTED_EDGE ( 'NONE', *, *, #1321, .F. ) ;
#1444 = DIRECTION ( 'NONE',  ( -1.000000000000000000, -9.251858538542969855E-16, 3.291463995441613556E-30 ) ) ;
#1445 = EDGE_CURVE ( 'NONE', #1219, #861, #1600, .T. ) ;
#1446 = UNCERTAINTY_MEASURE_WITH_UNIT (LENGTH_MEASURE( 1.000000000000000082E-05 ), #505, 'distance_accuracy_value', 'NONE');
#1447 = FACE_OUTER_BOUND ( 'NONE', #245, .T. ) ;
#1448 = CARTESIAN_POINT ( 'NONE',  ( 55.00000000000006395, 44.63495408493602667, -24.99999999999995381 ) ) ;
#1449 = CARTESIAN_POINT ( 'NONE',  ( 95.00000000000005684, 44.63495408493601246, -34.99999999999993605 ) ) ;
#1450 = PLANE ( 'NONE',  #846 ) ;
#1451 = ORIENTED_EDGE ( 'NONE', *, *, #1391, .T. ) ;
#1452 = DIRECTION ( 'NONE',  ( -1.000000000000000000, 0.000000000000000000, -6.938893903907222461E-16 ) ) ;
#1453 = ADVANCED_FACE ( 'NONE', ( #953 ), #1545, .T. ) ;
#1454 = EDGE_LOOP ( 'NONE', ( #1111, #955, #1492, #1648 ) ) ;
#1455 = CARTESIAN_POINT ( 'NONE',  ( -40.00000000000000000, 44.63495408493601246, -19.99999999999994671 ) ) ;
#1456 = PLANE ( 'NONE',  #698 ) ;
#1457 = ORIENTED_EDGE ( 'NONE', *, *, #1051, .T. ) ;
#1458 = SURFACE_STYLE_USAGE ( .BOTH. , #382 ) ;
#1459 = DIRECTION ( 'NONE',  ( 5.914207291956812871E-15, -1.000000000000000000, 0.000000000000000000 ) ) ;
#1460 = ORIENTED_EDGE ( 'NONE', *, *, #226, .F. ) ;
#1461 = CARTESIAN_POINT ( 'NONE',  ( 95.00000000000005684, -5.000000000000039080, 20.00000000000046185 ) ) ;
#1462 = DIRECTION ( 'NONE',  ( -0.000000000000000000, -1.000000000000000000, 3.391901413832837195E-15 ) ) ;
#1463 = EDGE_CURVE ( 'NONE', #1864, #1592, #1471, .T. ) ;
#1464 = VECTOR ( 'NONE', #1058, 1000.000000000000000 ) ;
#1465 = ORIENTED_EDGE ( 'NONE', *, *, #1544, .T. ) ;
#1466 = CIRCLE ( 'NONE', #1940, 4.500000000000003553 ) ;
#1467 = ADVANCED_FACE ( 'NONE', ( #642 ), #1527, .F. ) ;
#1468 = AXIS2_PLACEMENT_3D ( 'NONE', #27, #1701, #322 ) ;
#1469 = CARTESIAN_POINT ( 'NONE',  ( -57.50000000000001421, 44.63495408493599115, -24.99999999999993250 ) ) ;
#1470 = CIRCLE ( 'NONE', #1035, 2.500000000000009326 ) ;
#1471 = CIRCLE ( 'NONE', #412, 2.500000000000009326 ) ;
#1472 = ORIENTED_EDGE ( 'NONE', *, *, #127, .F. ) ;
#1473 = CARTESIAN_POINT ( 'NONE',  ( -95.00000000000000000, -5.000000000000087930, 20.00000000000047606 ) ) ;
#1474 = EDGE_LOOP ( 'NONE', ( #1808, #499, #107, #282 ) ) ;
#1475 = LINE ( 'NONE', #1608, #1967 ) ;
#1476 = VERTEX_POINT ( 'NONE', #1897 ) ;
#1477 = EDGE_CURVE ( 'NONE', #1354, #1525, #1226, .T. ) ;
#1478 = CARTESIAN_POINT ( 'NONE',  ( -121.2012627116452705, 54.63495408493611905, 10.00000000000006395 ) ) ;
#1479 = ORIENTED_EDGE ( 'NONE', *, *, #987, .T. ) ;
#1480 = CARTESIAN_POINT ( 'NONE',  ( -69.99999999999998579, 70.00000000000014211, 70.36504591506370332 ) ) ;
#1481 = ORIENTED_EDGE ( 'NONE', *, *, #1666, .F. ) ;
#1482 = DIRECTION ( 'NONE',  ( 0.000000000000000000, 1.000000000000000000, -3.491481338843133355E-15 ) ) ;
#1483 = ORIENTED_EDGE ( 'NONE', *, *, #22, .T. ) ;
#1484 = CARTESIAN_POINT ( 'NONE',  ( 70.00000000000004263, 14.99999999999992717, 20.00000000000032330 ) ) ;
#1485 = CARTESIAN_POINT ( 'NONE',  ( 95.00000000000005684, 39.63495408493607641, -14.99999999999993072 ) ) ;
#1486 = EDGE_CURVE ( 'NONE', #707, #1904, #1604, .T. ) ;
#1487 = ORIENTED_EDGE ( 'NONE', *, *, #1575, .F. ) ;
#1488 = DIRECTION ( 'NONE',  ( -4.625929269271483942E-16, 1.000000000000000000, -3.491481338843133355E-15 ) ) ;
#1489 = CARTESIAN_POINT ( 'NONE',  ( 40.00000000000004974, 44.63495408493604089, -19.99999999999997513 ) ) ;
#1490 = VERTEX_POINT ( 'NONE', #1171 ) ;
#1491 = CARTESIAN_POINT ( 'NONE',  ( 74.99999999999994316, 70.00000000000015632, 70.36504591506374595 ) ) ;
#1492 = ORIENTED_EDGE ( 'NONE', *, *, #1557, .T. ) ;
#1493 = LINE ( 'NONE', #584, #1594 ) ;
#1494 = ORIENTED_EDGE ( 'NONE', *, *, #1293, .F. ) ;
#1495 = VECTOR ( 'NONE', #886, 1000.000000000000000 ) ;
#1496 = DIRECTION ( 'NONE',  ( 4.625929269271483942E-16, -1.000000000000000000, 3.491481338843133355E-15 ) ) ;
#1497 = ORIENTED_EDGE ( 'NONE', *, *, #716, .T. ) ;
#1498 = EDGE_CURVE ( 'NONE', #861, #1848, #1015, .T. ) ;
#1499 = VECTOR ( 'NONE', #125, 1000.000000000000000 ) ;
#1500 = CARTESIAN_POINT ( 'NONE',  ( -55.00000000000000711, 44.63495408493599115, -24.99999999999993960 ) ) ;
#1501 = AXIS2_PLACEMENT_3D ( 'NONE', #1288, #1906, #859 ) ;
#1502 = ORIENTED_EDGE ( 'NONE', *, *, #1733, .T. ) ;
#1503 = EDGE_CURVE ( 'NONE', #1219, #961, #840, .T. ) ;
#1504 = CARTESIAN_POINT ( 'NONE',  ( 99.99999999999998579, 54.63495408493616878, 10.00000000000003730 ) ) ;
#1505 = VECTOR ( 'NONE', #1059, 1000.000000000000000 ) ;
#1506 = LINE ( 'NONE', #1248, #634 ) ;
#1507 = DIRECTION ( 'NONE',  ( 0.000000000000000000, 1.000000000000000000, -3.491481338843133355E-15 ) ) ;
#1508 = ORIENTED_EDGE ( 'NONE', *, *, #1733, .F. ) ;
#1509 = CARTESIAN_POINT ( 'NONE',  ( -65.00000000000000000, 39.63495408493603378, -14.99999999999993072 ) ) ;
#1510 = EDGE_LOOP ( 'NONE', ( #1787, #1775, #808, #749 ) ) ;
#1511 = FACE_OUTER_BOUND ( 'NONE', #686, .T. ) ;
#1512 = ADVANCED_FACE ( 'NONE', ( #1611 ), #1769, .T. ) ;
#1513 = CARTESIAN_POINT ( 'NONE',  ( -69.99999999999998579, 54.99999999999991473, 20.00000000000007461 ) ) ;
#1514 = CYLINDRICAL_SURFACE ( 'NONE', #878, 15.00000000000000000 ) ;
#1515 = ORIENTED_EDGE ( 'NONE', *, *, #593, .T. ) ;
#1516 = CARTESIAN_POINT ( 'NONE',  ( 100.0000000000000142, 54.63495408493616878, 10.00000000000004974 ) ) ;
#1517 = ORIENTED_EDGE ( 'NONE', *, *, #99, .F. ) ;
#1518 = CARTESIAN_POINT ( 'NONE',  ( -100.0000000000000000, 44.63495408493597694, -29.99999999999992895 ) ) ;
#1519 = DIRECTION ( 'NONE',  ( 0.000000000000000000, -1.000000000000000000, 0.000000000000000000 ) ) ;
#1520 = EDGE_CURVE ( 'NONE', #1022, #531, #1439, .T. ) ;
#1521 = VECTOR ( 'NONE', #1550, 1000.000000000000000 ) ;
#1522 = ADVANCED_FACE ( 'NONE', ( #1746 ), #870, .F. ) ;
#1523 = CARTESIAN_POINT ( 'NONE',  ( 55.00000000000006395, 39.63495408493603378, -24.99999999999993960 ) ) ;
#1524 = VECTOR ( 'NONE', #1857, 1000.000000000000000 ) ;
#1525 = VERTEX_POINT ( 'NONE', #1469 ) ;
#1526 = LINE ( 'NONE', #1665, #1499 ) ;
#1527 = CYLINDRICAL_SURFACE ( 'NONE', #974, 9.999999999999994671 ) ;
#1528 = VECTOR ( 'NONE', #456, 1000.000000000000000 ) ;
#1529 = ORIENTED_EDGE ( 'NONE', *, *, #247, .T. ) ;
#1530 = DIRECTION ( 'NONE',  ( -4.625929269271483942E-16, 1.000000000000000000, -3.491481338843133355E-15 ) ) ;
#1531 = VECTOR ( 'NONE', #739, 1000.000000000000000 ) ;
#1532 = AXIS2_PLACEMENT_3D ( 'NONE', #1052, #1788, #262 ) ;
#1533 = LINE ( 'NONE', #454, #1271 ) ;
#1534 = ADVANCED_FACE ( 'NONE', ( #1761 ), #1450, .T. ) ;
#1535 = ORIENTED_EDGE ( 'NONE', *, *, #1356, .F. ) ;
#1536 = LINE ( 'NONE', #159, #1033 ) ;
#1537 = PLANE ( 'NONE',  #909 ) ;
#1538 = ORIENTED_EDGE ( 'NONE', *, *, #157, .F. ) ;
#1539 = CARTESIAN_POINT ( 'NONE',  ( -75.00000000000001421, 70.00000000000017053, 75.36504591506374595 ) ) ;
#1540 = LINE ( 'NONE', #793, #216 ) ;
#1541 = CARTESIAN_POINT ( 'NONE',  ( -70.00000000000000000, 44.63495408493604799, -9.999999999999939604 ) ) ;
#1542 = EDGE_LOOP ( 'NONE', ( #1638, #227, #1802, #495, #1390, #959, #483, #1612, #1012, #1871 ) ) ;
#1543 = DIRECTION ( 'NONE',  ( 0.000000000000000000, 1.000000000000000000, -3.491481338843133355E-15 ) ) ;
#1544 = EDGE_CURVE ( 'NONE', #1942, #175, #1442, .T. ) ;
#1545 = PLANE ( 'NONE',  #1634 ) ;
#1546 = ORIENTED_EDGE ( 'NONE', *, *, #1721, .T. ) ;
#1547 = DIRECTION ( 'NONE',  ( -1.000000000000000000, -0.000000000000000000, -0.000000000000000000 ) ) ;
#1548 = FACE_BOUND ( 'NONE', #1020, .T. ) ;
#1549 = ORIENTED_EDGE ( 'NONE', *, *, #1874, .T. ) ;
#1550 = DIRECTION ( 'NONE',  ( -0.000000000000000000, 3.491481338843133355E-15, 1.000000000000000000 ) ) ;
#1551 = VECTOR ( 'NONE', #319, 1000.000000000000000 ) ;
#1552 = ORIENTED_EDGE ( 'NONE', *, *, #139, .F. ) ;
#1553 = EDGE_LOOP ( 'NONE', ( #1472, #972, #1624, #1443, #158, #1867, #1680, #1913, #587, #265 ) ) ;
#1554 = CARTESIAN_POINT ( 'NONE',  ( 65.00000000000004263, 44.63495408493608352, -9.999999999999953815 ) ) ;
#1555 = FACE_OUTER_BOUND ( 'NONE', #694, .T. ) ;
#1556 = VECTOR ( 'NONE', #633, 1000.000000000000000 ) ;
#1557 = EDGE_CURVE ( 'NONE', #26, #1828, #241, .T. ) ;
#1558 = VERTEX_POINT ( 'NONE', #91 ) ;
#1559 = VECTOR ( 'NONE', #864, 1000.000000000000000 ) ;
#1560 = DIRECTION ( 'NONE',  ( 0.000000000000000000, 3.491481338843133355E-15, 1.000000000000000000 ) ) ;
#1561 = VECTOR ( 'NONE', #264, 1000.000000000000000 ) ;
#1562 = EDGE_CURVE ( 'NONE', #1676, #272, #1281, .T. ) ;
#1563 = VECTOR ( 'NONE', #598, 1000.000000000000000 ) ;
#1564 = DIRECTION ( 'NONE',  ( -4.625929269271483942E-16, 1.000000000000000000, -3.491481338843133355E-15 ) ) ;
#1565 = AXIS2_PLACEMENT_3D ( 'NONE', #748, #1351, #1216 ) ;
#1566 = EDGE_LOOP ( 'NONE', ( #1231, #128, #1859, #1689 ) ) ;
#1567 = DIRECTION ( 'NONE',  ( -2.921639538487254754E-16, -3.491481338843133355E-15, -1.000000000000000000 ) ) ;
#1568 = ORIENTED_EDGE ( 'NONE', *, *, #1240, .F. ) ;
#1569 = ORIENTED_EDGE ( 'NONE', *, *, #283, .F. ) ;
#1570 = LINE ( 'NONE', #488, #279 ) ;
#1571 = DIRECTION ( 'NONE',  ( -5.551115123125788224E-15, 1.000000000000000000, 0.000000000000000000 ) ) ;
#1572 = ORIENTED_EDGE ( 'NONE', *, *, #890, .F. ) ;
#1573 = LINE ( 'NONE', #956, #1597 ) ;
#1574 = CYLINDRICAL_SURFACE ( 'NONE', #538, 5.000000000000004441 ) ;
#1575 = EDGE_CURVE ( 'NONE', #392, #722, #1297, .T. ) ;
#1576 = CARTESIAN_POINT ( 'NONE',  ( 65.00000000000004263, 39.63495408493608352, -9.999999999999939604 ) ) ;
#1577 = FACE_OUTER_BOUND ( 'NONE', #1946, .T. ) ;
#1578 = VERTEX_POINT ( 'NONE', #79 ) ;
#1579 = LINE ( 'NONE', #1844, #843 ) ;
#1580 = DIRECTION ( 'NONE',  ( -1.000000000000000000, 0.000000000000000000, -3.469446951953611231E-16 ) ) ;
#1581 = VERTEX_POINT ( 'NONE', #1924 ) ;
#1582 = CARTESIAN_POINT ( 'NONE',  ( 99.99999999999998579, 54.63495408493623984, 20.00000000000003197 ) ) ;
#1583 = CARTESIAN_POINT ( 'NONE',  ( 95.00000000000005684, 44.63495408493602667, -29.99999999999992895 ) ) ;
#1584 = DIRECTION ( 'NONE',  ( 4.625929269271483942E-16, -1.000000000000000000, 3.491481338843133355E-15 ) ) ;
#1585 = EDGE_CURVE ( 'NONE', #1848, #1167, #1133, .T. ) ;
#1586 = DIRECTION ( 'NONE',  ( 4.625929269271483942E-16, -1.000000000000000000, 3.491481338843133355E-15 ) ) ;
#1587 = ORIENTED_EDGE ( 'NONE', *, *, #71, .F. ) ;
#1588 = EDGE_CURVE ( 'NONE', #1828, #298, #746, .T. ) ;
#1589 = LINE ( 'NONE', #1784, #335 ) ;
#1590 = CARTESIAN_POINT ( 'NONE',  ( 70.00000000000000000, 69.99999999999982947, -24.63495408493626826 ) ) ;
#1591 = CARTESIAN_POINT ( 'NONE',  ( 121.2012627116452137, 55.00000000000006395, 35.00000000000004263 ) ) ;
#1592 = VERTEX_POINT ( 'NONE', #829 ) ;
#1593 = FACE_OUTER_BOUND ( 'NONE', #103, .T. ) ;
#1594 = VECTOR ( 'NONE', #220, 1000.000000000000000 ) ;
#1595 = VERTEX_POINT ( 'NONE', #1142 ) ;
#1596 = DIRECTION ( 'NONE',  ( -4.625929269271483942E-16, 1.000000000000000000, -3.491481338843133355E-15 ) ) ;
#1597 = VECTOR ( 'NONE', #1392, 1000.000000000000000 ) ;
#1598 = AXIS2_PLACEMENT_3D ( 'NONE', #1314, #93, #719 ) ;
#1599 = CARTESIAN_POINT ( 'NONE',  ( 70.00000000000001421, 54.99999999999997158, 25.00000000000004974 ) ) ;
#1600 = CIRCLE ( 'NONE', #122, 5.000000000000004441 ) ;
#1601 = LINE ( 'NONE', #1295, #1246 ) ;
#1602 = VECTOR ( 'NONE', #352, 1000.000000000000000 ) ;
#1603 = DIRECTION ( 'NONE',  ( -0.000000000000000000, -1.000000000000000000, 3.491481338843133355E-15 ) ) ;
#1604 = LINE ( 'NONE', #1907, #1037 ) ;
#1605 = EDGE_CURVE ( 'NONE', #569, #1578, #1738, .T. ) ;
#1606 = VERTEX_POINT ( 'NONE', #881 ) ;
#1607 = PLANE ( 'NONE',  #1341 ) ;
#1608 = CARTESIAN_POINT ( 'NONE',  ( -100.0000000000000000, 70.00000000000001421, 35.00000000000000000 ) ) ;
#1609 = ORIENTED_EDGE ( 'NONE', *, *, #939, .T. ) ;
#1610 = PLANE ( 'NONE',  #1501 ) ;
#1611 = FACE_OUTER_BOUND ( 'NONE', #2, .T. ) ;
#1612 = ORIENTED_EDGE ( 'NONE', *, *, #71, .T. ) ;
#1613 = ADVANCED_FACE ( 'NONE', ( #900 ), #1514, .T. ) ;
#1614 = CARTESIAN_POINT ( 'NONE',  ( -69.99999999999998579, 65.00000000000002842, 35.00000000000002132 ) ) ;
#1615 = ADVANCED_FACE ( 'NONE', ( #280 ), #108, .F. ) ;
#1616 = DIRECTION ( 'NONE',  ( 0.000000000000000000, 1.000000000000000000, -3.491481338843133355E-15 ) ) ;
#1617 = ORIENTED_EDGE ( 'NONE', *, *, #450, .T. ) ;
#1618 = DIRECTION ( 'NONE',  ( -0.000000000000000000, 3.491481338843133355E-15, 1.000000000000000000 ) ) ;
#1619 = VERTEX_POINT ( 'NONE', #1931 ) ;
#1620 = DIRECTION ( 'NONE',  ( 1.000000000000000000, 4.625929269271484928E-16, -9.860761315262649757E-32 ) ) ;
#1621 = ORIENTED_EDGE ( 'NONE', *, *, #1402, .F. ) ;
#1622 = FACE_OUTER_BOUND ( 'NONE', #1766, .T. ) ;
#1623 = AXIS2_PLACEMENT_3D ( 'NONE', #1523, #637, #1688 ) ;
#1624 = ORIENTED_EDGE ( 'NONE', *, *, #1366, .F. ) ;
#1625 = LINE ( 'NONE', #104, #118 ) ;
#1626 = EDGE_CURVE ( 'NONE', #898, #1476, #1953, .T. ) ;
#1627 = AXIS2_PLACEMENT_3D ( 'NONE', #817, #1267, #321 ) ;
#1628 = ORIENTED_EDGE ( 'NONE', *, *, #1445, .F. ) ;
#1629 = AXIS2_PLACEMENT_3D ( 'NONE', #1175, #1773, #877 ) ;
#1630 = AXIS2_PLACEMENT_3D ( 'NONE', #975, #943, #1118 ) ;
#1631 = ORIENTED_EDGE ( 'NONE', *, *, #1366, .T. ) ;
#1632 = CARTESIAN_POINT ( 'NONE',  ( 100.0000000000000568, 44.63495408493603378, -29.99999999999992895 ) ) ;
#1633 = VECTOR ( 'NONE', #23, 1000.000000000000000 ) ;
#1634 = AXIS2_PLACEMENT_3D ( 'NONE', #1399, #1423, #36 ) ;
#1635 = VERTEX_POINT ( 'NONE', #433 ) ;
#1636 = DIRECTION ( 'NONE',  ( 4.625929269271500705E-16, -3.491481338843132961E-15, -1.000000000000000000 ) ) ;
#1637 = CARTESIAN_POINT ( 'NONE',  ( 99.99999999999997158, 70.00000000000005684, 34.99999999999999289 ) ) ;
#1638 = ORIENTED_EDGE ( 'NONE', *, *, #1853, .T. ) ;
#1639 = DIRECTION ( 'NONE',  ( 4.625929269271483942E-16, -1.000000000000000000, 3.491481338843133355E-15 ) ) ;
#1640 = EDGE_CURVE ( 'NONE', #1581, #1298, #1359, .T. ) ;
#1641 = EDGE_LOOP ( 'NONE', ( #1783, #948, #1369, #651 ) ) ;
#1642 = LINE ( 'NONE', #889, #478 ) ;
#1643 = ORIENTED_EDGE ( 'NONE', *, *, #1179, .F. ) ;
#1644 = FACE_OUTER_BOUND ( 'NONE', #830, .T. ) ;
#1645 = DIRECTION ( 'NONE',  ( 1.000000000000000000, 4.625929269271508594E-16, 6.871115067708295977E-16 ) ) ;
#1646 = EDGE_LOOP ( 'NONE', ( #1568, #720, #1010, #1908 ) ) ;
#1647 = DIRECTION ( 'NONE',  ( 1.000000000000000000, 0.000000000000000000, 0.000000000000000000 ) ) ;
#1648 = ORIENTED_EDGE ( 'NONE', *, *, #330, .F. ) ;
#1649 = DIRECTION ( 'NONE',  ( -4.625929269271483942E-16, 1.000000000000000000, -3.491481338843133355E-15 ) ) ;
#1650 = EDGE_CURVE ( 'NONE', #876, #1971, #378, .T. ) ;
#1651 = VERTEX_POINT ( 'NONE', #446 ) ;
#1652 = DIRECTION ( 'NONE',  ( 1.000000000000000000, 4.625929269271500705E-16, 4.625929269271483942E-16 ) ) ;
#1653 = EDGE_CURVE ( 'NONE', #555, #1490, #1347, .T. ) ;
#1654 = ORIENTED_EDGE ( 'NONE', *, *, #1772, .F. ) ;
#1655 = DIRECTION ( 'NONE',  ( 0.000000000000000000, 1.000000000000000000, -3.491481338843133355E-15 ) ) ;
#1656 = ORIENTED_EDGE ( 'NONE', *, *, #1270, .T. ) ;
#1657 = CARTESIAN_POINT ( 'NONE',  ( -40.00000000000000000, 44.63495408493601246, -19.99999999999994671 ) ) ;
#1658 = FACE_OUTER_BOUND ( 'NONE', #80, .T. ) ;
#1659 = CLOSED_SHELL ( 'NONE', ( #1615, #62, #879, #88, #1292, #1453, #1119, #1417, #513, #1146, #1134, #1698, #320, #954, #493, #1925, #368, #1214, #1014, #978, #1522, #1076, #1916, #458, #1378, #1982, #341, #1161, #754, #763, #1534, #649, #261, #1467 ) ) ;
#1660 = VERTEX_POINT ( 'NONE', #1632 ) ;
#1661 = LINE ( 'NONE', #1485, #123 ) ;
#1662 = AXIS2_PLACEMENT_3D ( 'NONE', #820, #184, #1144 ) ;
#1663 = ORIENTED_EDGE ( 'NONE', *, *, #147, .F. ) ;
#1664 = AXIS2_PLACEMENT_3D ( 'NONE', #656, #1266, #1432 ) ;
#1665 = CARTESIAN_POINT ( 'NONE',  ( -65.00000000000000000, 44.63495408493603378, -14.99999999999994316 ) ) ;
#1666 = EDGE_CURVE ( 'NONE', #615, #1898, #735, .T. ) ;
#1667 = VECTOR ( 'NONE', #1892, 1000.000000000000000 ) ;
#1668 = VERTEX_POINT ( 'NONE', #1043 ) ;
#1669 = CYLINDRICAL_SURFACE ( 'NONE', #148, 5.000000000000004441 ) ;
#1670 = FACE_OUTER_BOUND ( 'NONE', #1337, .T. ) ;
#1671 = DIRECTION ( 'NONE',  ( 1.000000000000000000, 0.000000000000000000, 0.000000000000000000 ) ) ;
#1672 = LINE ( 'NONE', #579, #1505 ) ;
#1673 = ORIENTED_EDGE ( 'NONE', *, *, #1653, .T. ) ;
#1674 = DIRECTION ( 'NONE',  ( -4.625929269271483942E-16, 1.000000000000000000, -3.491481338843133355E-15 ) ) ;
#1675 = EDGE_CURVE ( 'NONE', #381, #124, #679, .T. ) ;
#1676 = VERTEX_POINT ( 'NONE', #594 ) ;
#1677 = EDGE_CURVE ( 'NONE', #487, #1092, #1642, .T. ) ;
#1678 = DIRECTION ( 'NONE',  ( -1.000000000000000000, 0.000000000000000000, 0.000000000000000000 ) ) ;
#1679 = CARTESIAN_POINT ( 'NONE',  ( -95.00000000000000000, 69.99999999999975842, -44.63495408493623984 ) ) ;
#1680 = ORIENTED_EDGE ( 'NONE', *, *, #1230, .F. ) ;
#1681 = DIRECTION ( 'NONE',  ( -1.000000000000000000, 0.000000000000000000, 0.000000000000000000 ) ) ;
#1682 = CARTESIAN_POINT ( 'NONE',  ( -100.0000000000000000, 39.63495408493611905, 10.00000000000009237 ) ) ;
#1683 = VERTEX_POINT ( 'NONE', #425 ) ;
#1684 = CARTESIAN_POINT ( 'NONE',  ( 40.00000000000006395, 44.63495408493600536, -29.99999999999995737 ) ) ;
#1685 = EDGE_CURVE ( 'NONE', #1206, #202, #1672, .T. ) ;
#1686 = CARTESIAN_POINT ( 'NONE',  ( -80.50000000000000000, 65.00000000000008527, 50.36504591506376016 ) ) ;
#1687 = EDGE_CURVE ( 'NONE', #459, #26, #1661, .T. ) ;
#1688 = DIRECTION ( 'NONE',  ( 1.000000000000000000, 0.000000000000000000, 0.000000000000000000 ) ) ;
#1689 = ORIENTED_EDGE ( 'NONE', *, *, #1237, .F. ) ;
#1690 = FACE_OUTER_BOUND ( 'NONE', #1934, .T. ) ;
#1691 = AXIS2_PLACEMENT_3D ( 'NONE', #1316, #1482, #1009 ) ;
#1692 = AXIS2_PLACEMENT_3D ( 'NONE', #545, #1174, #854 ) ;
#1693 = ORIENTED_EDGE ( 'NONE', *, *, #1557, .F. ) ;
#1694 =( NAMED_UNIT ( * ) PLANE_ANGLE_UNIT ( ) SI_UNIT ( $, .RADIAN. ) );
#1695 = MECHANICAL_DESIGN_GEOMETRIC_PRESENTATION_REPRESENTATION (  '', ( #605 ), #1343 ) ;
#1696 = AXIS2_PLACEMENT_3D ( 'NONE', #391, #46, #1310 ) ;
#1697 = CARTESIAN_POINT ( 'NONE',  ( -70.00000000000000000, 44.63495408493604799, -9.999999999999939604 ) ) ;
#1698 = ADVANCED_FACE ( 'NONE', ( #586 ), #1807, .F. ) ;
#1699 = CARTESIAN_POINT ( 'NONE',  ( 95.00000000000002842, 54.63495408493623273, 25.00000000000004974 ) ) ;
#1700 = DIRECTION ( 'NONE',  ( 4.625929269271500705E-16, -3.491481338843132961E-15, -1.000000000000000000 ) ) ;
#1701 = DIRECTION ( 'NONE',  ( -1.000000000000000000, -0.000000000000000000, -0.000000000000000000 ) ) ;
#1702 = VERTEX_POINT ( 'NONE', #270 ) ;
#1703 = CARTESIAN_POINT ( 'NONE',  ( -48.79873728835473656, 55.00000000000003553, 35.00000000000005684 ) ) ;
#1704 = DIRECTION ( 'NONE',  ( 4.625929269271484928E-16, -1.000000000000000000, 3.491481338843133355E-15 ) ) ;
#1705 = DIRECTION ( 'NONE',  ( 1.000000000000000000, 0.000000000000000000, 0.000000000000000000 ) ) ;
#1706 = DIRECTION ( 'NONE',  ( -6.938893903907241197E-16, -3.491481338843133355E-15, -1.000000000000000000 ) ) ;
#1707 = ORIENTED_EDGE ( 'NONE', *, *, #1427, .T. ) ;
#1708 = LINE ( 'NONE', #641, #1372 ) ;
#1709 = CARTESIAN_POINT ( 'NONE',  ( 65.00000000000005684, 44.63495408493606931, -14.99999999999995737 ) ) ;
#1710 = EDGE_CURVE ( 'NONE', #1948, #1326, #1726, .T. ) ;
#1711 = ORIENTED_EDGE ( 'NONE', *, *, #1855, .F. ) ;
#1712 = CARTESIAN_POINT ( 'NONE',  ( -45.00000000000000711, 44.63495408493596273, -34.99999999999995026 ) ) ;
#1713 = DIRECTION ( 'NONE',  ( 1.000000000000000000, 0.000000000000000000, 6.938893903907232322E-16 ) ) ;
#1714 = ORIENTED_EDGE ( 'NONE', *, *, #186, .F. ) ;
#1715 = LINE ( 'NONE', #1968, #1521 ) ;
#1716 = DIRECTION ( 'NONE',  ( 0.000000000000000000, -7.888609052210118054E-31, 1.000000000000000000 ) ) ;
#1717 = DIRECTION ( 'NONE',  ( 4.625929269271483942E-16, -1.000000000000000000, 3.491481338843133355E-15 ) ) ;
#1718 = DIRECTION ( 'NONE',  ( -0.000000000000000000, -1.000000000000000000, 3.491481338843133355E-15 ) ) ;
#1719 = CIRCLE ( 'NONE', #1368, 5.000000000000004441 ) ;
#1720 = ORIENTED_EDGE ( 'NONE', *, *, #1710, .F. ) ;
#1721 = EDGE_CURVE ( 'NONE', #1068, #1476, #713, .T. ) ;
#1722 = VECTOR ( 'NONE', #1879, 1000.000000000000000 ) ;
#1723 = DIRECTION ( 'NONE',  ( 1.000000000000000000, 2.188696369312147797E-29, 5.914207291956807349E-15 ) ) ;
#1724 = DIRECTION ( 'NONE',  ( 1.000000000000000000, 0.000000000000000000, 0.000000000000000000 ) ) ;
#1725 = AXIS2_PLACEMENT_3D ( 'NONE', #1576, #1584, #30 ) ;
#1726 = CIRCLE ( 'NONE', #1565, 10.00000000000000178 ) ;
#1727 = DIRECTION ( 'NONE',  ( 1.000000000000000000, 0.000000000000000000, 0.000000000000000000 ) ) ;
#1728 = CARTESIAN_POINT ( 'NONE',  ( -69.99999999999998579, 54.99999999999990763, 20.00000000000007461 ) ) ;
#1729 = DIRECTION ( 'NONE',  ( 0.000000000000000000, -3.700743415417188731E-15, -1.000000000000000000 ) ) ;
#1730 = CARTESIAN_POINT ( 'NONE',  ( -55.00000000000000711, 44.63495408493599115, -24.99999999999993960 ) ) ;
#1731 = ORIENTED_EDGE ( 'NONE', *, *, #498, .T. ) ;
#1732 = LINE ( 'NONE', #213, #1722 ) ;
#1733 = EDGE_CURVE ( 'NONE', #1400, #1206, #1823, .T. ) ;
#1734 = DIRECTION ( 'NONE',  ( 1.000000000000000000, 0.000000000000000000, 0.000000000000000000 ) ) ;
#1735 = ORIENTED_EDGE ( 'NONE', *, *, #1626, .T. ) ;
#1736 = DIRECTION ( 'NONE',  ( 1.000000000000000000, 1.217349807703022412E-15, -5.297625119713330180E-30 ) ) ;
#1737 = CARTESIAN_POINT ( 'NONE',  ( -80.50000000000000000, 70.00000000000007105, 50.36504591506376016 ) ) ;
#1738 = LINE ( 'NONE', #362, #577 ) ;
#1739 = ORIENTED_EDGE ( 'NONE', *, *, #366, .T. ) ;
#1740 = DIRECTION ( 'NONE',  ( -1.000000000000000000, 0.000000000000000000, -0.000000000000000000 ) ) ;
#1741 = LINE ( 'NONE', #921, #875 ) ;
#1742 = EDGE_CURVE ( 'NONE', #57, #211, #757, .T. ) ;
#1743 = DIRECTION ( 'NONE',  ( 0.000000000000000000, -1.000000000000000000, 3.491481338843133355E-15 ) ) ;
#1744 = DIRECTION ( 'NONE',  ( 0.000000000000000000, 6.883382752675970551E-15, 1.000000000000000000 ) ) ;
#1745 = FACE_OUTER_BOUND ( 'NONE', #252, .T. ) ;
#1746 = FACE_OUTER_BOUND ( 'NONE', #198, .T. ) ;
#1747 = AXIS2_PLACEMENT_3D ( 'NONE', #1903, #218, #835 ) ;
#1748 = ORIENTED_EDGE ( 'NONE', *, *, #799, .F. ) ;
#1749 = LINE ( 'NONE', #1168, #969 ) ;
#1750 = VECTOR ( 'NONE', #781, 1000.000000000000000 ) ;
#1751 = LINE ( 'NONE', #1026, #1559 ) ;
#1752 = CIRCLE ( 'NONE', #544, 15.00000000000000000 ) ;
#1753 = ORIENTED_EDGE ( 'NONE', *, *, #1331, .T. ) ;
#1754 = VECTOR ( 'NONE', #496, 1000.000000000000000 ) ;
#1755 = FACE_OUTER_BOUND ( 'NONE', #896, .T. ) ;
#1756 = CIRCLE ( 'NONE', #152, 5.000000000000004441 ) ;
#1757 = EDGE_CURVE ( 'NONE', #767, #1152, #1030, .T. ) ;
#1758 = ORIENTED_EDGE ( 'NONE', *, *, #1677, .F. ) ;
#1759 = VECTOR ( 'NONE', #1320, 1000.000000000000000 ) ;
#1760 = LINE ( 'NONE', #704, #250 ) ;
#1761 = FACE_OUTER_BOUND ( 'NONE', #1900, .T. ) ;
#1762 = ADVANCED_FACE ( 'NONE', ( #297, #617 ), #794, .F. ) ;
#1763 = ORIENTED_EDGE ( 'NONE', *, *, #1768, .F. ) ;
#1764 = CARTESIAN_POINT ( 'NONE',  ( 95.00000000000005684, 39.63495408493616878, 10.00000000000006395 ) ) ;
#1765 = DIRECTION ( 'NONE',  ( 4.625929269271483942E-16, -1.000000000000000000, 3.491481338843133355E-15 ) ) ;
#1766 = EDGE_LOOP ( 'NONE', ( #1483, #1410, #1032, #379 ) ) ;
#1767 = CARTESIAN_POINT ( 'NONE',  ( -70.00000000000000000, 14.99999999999990230, 20.00000000000035172 ) ) ;
#1768 = EDGE_CURVE ( 'NONE', #867, #1152, #1533, .T. ) ;
#1769 = CYLINDRICAL_SURFACE ( 'NONE', #1696, 5.000000000000004441 ) ;
#1770 = ORIENTED_EDGE ( 'NONE', *, *, #622, .F. ) ;
#1771 = DIRECTION ( 'NONE',  ( -1.000000000000000000, 0.000000000000000000, 0.000000000000000000 ) ) ;
#1772 = EDGE_CURVE ( 'NONE', #463, #1948, #1827, .T. ) ;
#1773 = DIRECTION ( 'NONE',  ( 4.625929269271484928E-16, -1.000000000000000000, 3.491481338843133355E-15 ) ) ;
#1774 = ORIENTED_EDGE ( 'NONE', *, *, #366, .F. ) ;
#1775 = ORIENTED_EDGE ( 'NONE', *, *, #853, .T. ) ;
#1776 = CARTESIAN_POINT ( 'NONE',  ( -40.00000000000000000, 39.63495408493598404, -29.99999999999991473 ) ) ;
#1777 = ORIENTED_EDGE ( 'NONE', *, *, #863, .F. ) ;
#1778 = DIRECTION ( 'NONE',  ( 0.000000000000000000, 0.000000000000000000, 1.000000000000000000 ) ) ;
#1779 = VECTOR ( 'NONE', #1419, 1000.000000000000000 ) ;
#1780 = EDGE_CURVE ( 'NONE', #1490, #291, #787, .T. ) ;
#1781 = CARTESIAN_POINT ( 'NONE',  ( 95.00000000000002842, 54.99999999999996447, 25.00000000000004974 ) ) ;
#1782 = CIRCLE ( 'NONE', #1218, 4.999999999999997335 ) ;
#1783 = ORIENTED_EDGE ( 'NONE', *, *, #790, .F. ) ;
#1784 = CARTESIAN_POINT ( 'NONE',  ( -69.99999999999998579, -5.000000000000060396, 25.00000000000047962 ) ) ;
#1785 = VECTOR ( 'NONE', #1936, 1000.000000000000000 ) ;
#1786 = CIRCLE ( 'NONE', #375, 4.500000000000003553 ) ;
#1787 = ORIENTED_EDGE ( 'NONE', *, *, #950, .F. ) ;
#1788 = DIRECTION ( 'NONE',  ( 1.000000000000000000, 0.000000000000000000, 0.000000000000000000 ) ) ;
#1789 = VECTOR ( 'NONE', #1151, 1000.000000000000000 ) ;
#1790 = ORIENTED_EDGE ( 'NONE', *, *, #1262, .F. ) ;
#1791 = DIRECTION ( 'NONE',  ( -1.000000000000000000, -0.000000000000000000, -0.000000000000000000 ) ) ;
#1792 = DIRECTION ( 'NONE',  ( 0.000000000000000000, 1.000000000000000000, -3.491481338843133355E-15 ) ) ;
#1793 = ORIENTED_EDGE ( 'NONE', *, *, #1066, .F. ) ;
#1794 = DIRECTION ( 'NONE',  ( 0.000000000000000000, 1.000000000000000000, -3.491481338843133355E-15 ) ) ;
#1795 = EDGE_CURVE ( 'NONE', #1152, #211, #734, .T. ) ;
#1796 = DIRECTION ( 'NONE',  ( -1.000000000000000000, 0.000000000000000000, 0.000000000000000000 ) ) ;
#1797 = ADVANCED_FACE ( 'NONE', ( #1241 ), #949, .F. ) ;
#1798 = ORIENTED_EDGE ( 'NONE', *, *, #903, .T. ) ;
#1799 = DIRECTION ( 'NONE',  ( 4.625929269271500705E-16, -3.491481338843132961E-15, -1.000000000000000000 ) ) ;
#1800 = ORIENTED_EDGE ( 'NONE', *, *, #395, .T. ) ;
#1801 = CARTESIAN_POINT ( 'NONE',  ( -100.0000000000000000, 44.63495408493611905, 10.00000000000010658 ) ) ;
#1802 = ORIENTED_EDGE ( 'NONE', *, *, #1780, .T. ) ;
#1803 = DIRECTION ( 'NONE',  ( 1.000000000000000000, 0.000000000000000000, 0.000000000000000000 ) ) ;
#1804 = CARTESIAN_POINT ( 'NONE',  ( -45.00000000000000711, 44.63495408493603378, -14.99999999999994316 ) ) ;
#1805 = ORIENTED_EDGE ( 'NONE', *, *, #469, .F. ) ;
#1806 = EDGE_CURVE ( 'NONE', #976, #1904, #1841, .T. ) ;
#1807 = PLANE ( 'NONE',  #643 ) ;
#1808 = ORIENTED_EDGE ( 'NONE', *, *, #1888, .T. ) ;
#1809 = CARTESIAN_POINT ( 'NONE',  ( 99.99999999999995737, 70.00000000000017053, 70.36504591506371753 ) ) ;
#1810 = CARTESIAN_POINT ( 'NONE',  ( -95.00000000000000000, 44.63495408493611905, 10.00000000000010658 ) ) ;
#1811 = ORIENTED_EDGE ( 'NONE', *, *, #1318, .F. ) ;
#1812 = DIRECTION ( 'NONE',  ( 1.000000000000000000, 0.000000000000000000, 0.000000000000000000 ) ) ;
#1813 = CARTESIAN_POINT ( 'NONE',  ( -69.99999999999998579, 54.63495408493611905, 10.00000000000006395 ) ) ;
#1814 = AXIS2_PLACEMENT_3D ( 'NONE', #1697, #145, #786 ) ;
#1815 = AXIS2_PLACEMENT_3D ( 'NONE', #1224, #452, #1949 ) ;
#1816 = CARTESIAN_POINT ( 'NONE',  ( -95.00000000000000000, 54.99999999999990763, 20.00000000000006040 ) ) ;
#1817 = EDGE_CURVE ( 'NONE', #1578, #1983, #502, .T. ) ;
#1818 = AXIS2_PLACEMENT_3D ( 'NONE', #1712, #1560, #1740 ) ;
#1819 = ORIENTED_EDGE ( 'NONE', *, *, #7, .F. ) ;
#1820 = CIRCLE ( 'NONE', #410, 5.000000000000004441 ) ;
#1821 = CYLINDRICAL_SURFACE ( 'NONE', #181, 4.999999999999997335 ) ;
#1822 = ADVANCED_FACE ( 'NONE', ( #650, #1107 ), #778, .T. ) ;
#1823 = CIRCLE ( 'NONE', #1974, 4.500000000000003553 ) ;
#1824 = ORIENTED_EDGE ( 'NONE', *, *, #1358, .T. ) ;
#1825 = CARTESIAN_POINT ( 'NONE',  ( -52.50000000000000000, 44.63495408493599115, -24.99999999999993960 ) ) ;
#1826 = UNCERTAINTY_MEASURE_WITH_UNIT (LENGTH_MEASURE( 1.000000000000000082E-05 ), #601, 'distance_accuracy_value', 'NONE');
#1827 = LINE ( 'NONE', #1396, #631 ) ;
#1828 = VERTEX_POINT ( 'NONE', #1979 ) ;
#1829 = CARTESIAN_POINT ( 'NONE',  ( 40.00000000000004974, 39.63495408493604089, -19.99999999999996092 ) ) ;
#1830 = ORIENTED_EDGE ( 'NONE', *, *, #170, .F. ) ;
#1831 = ADVANCED_FACE ( 'NONE', ( #1856 ), #189, .F. ) ;
#1832 = SURFACE_STYLE_FILL_AREA ( #317 ) ;
#1833 = DIRECTION ( 'NONE',  ( -1.000000000000000000, 0.000000000000000000, 0.000000000000000000 ) ) ;
#1834 = CARTESIAN_POINT ( 'NONE',  ( -40.00000000000000000, 44.63495408493601246, -19.99999999999994671 ) ) ;
#1835 = CARTESIAN_POINT ( 'NONE',  ( -74.99999999999998579, 70.00000000000014211, 70.36504591506374595 ) ) ;
#1836 = CARTESIAN_POINT ( 'NONE',  ( 55.00000000000006395, 44.63495408493602667, -24.99999999999995381 ) ) ;
#1837 = EDGE_LOOP ( 'NONE', ( #1748, #74, #1397, #699, #1143, #471, #1494, #1487, #1930, #1758 ) ) ;
#1838 = FACE_OUTER_BOUND ( 'NONE', #1223, .T. ) ;
#1839 = ADVANCED_FACE ( 'NONE', ( #1088, #485 ), #815, .T. ) ;
#1840 = DIRECTION ( 'NONE',  ( -1.000000000000000000, -4.625929269271484928E-16, 7.006492321624085355E-46 ) ) ;
#1841 = CIRCLE ( 'NONE', #1623, 2.500000000000009326 ) ;
#1842 = DIRECTION ( 'NONE',  ( -0.000000000000000000, -1.000000000000000000, 3.491481338843133355E-15 ) ) ;
#1843 = FACE_OUTER_BOUND ( 'NONE', #41, .T. ) ;
#1844 = CARTESIAN_POINT ( 'NONE',  ( -70.00000000000000000, 14.99999999999990230, 20.00000000000035172 ) ) ;
#1845 = CARTESIAN_POINT ( 'NONE',  ( -94.99999999999997158, 70.00000000000017053, 75.36504591506374595 ) ) ;
#1846 = CIRCLE ( 'NONE', #1691, 5.000000000000004441 ) ;
#1847 = AXIS2_PLACEMENT_3D ( 'NONE', #930, #427, #1681 ) ;
#1848 = VERTEX_POINT ( 'NONE', #473 ) ;
#1849 = LINE ( 'NONE', #977, #1912 ) ;
#1850 = AXIS2_PLACEMENT_3D ( 'NONE', #1554, #818, #810 ) ;
#1851 = AXIS2_PLACEMENT_3D ( 'NONE', #984, #519, #1580 ) ;
#1852 = DIRECTION ( 'NONE',  ( -0.000000000000000000, -1.000000000000000000, 3.491481338843133355E-15 ) ) ;
#1853 = EDGE_CURVE ( 'NONE', #1185, #926, #1715, .T. ) ;
#1854 = DIRECTION ( 'NONE',  ( 9.251858538542969855E-16, -1.000000000000000000, 6.982962677686266711E-15 ) ) ;
#1855 = EDGE_CURVE ( 'NONE', #124, #795, #940, .T. ) ;
#1856 = FACE_OUTER_BOUND ( 'NONE', #1641, .T. ) ;
#1857 = DIRECTION ( 'NONE',  ( 1.000000000000000000, 0.000000000000000000, 0.000000000000000000 ) ) ;
#1858 = DIRECTION ( 'NONE',  ( 0.000000000000000000, 1.000000000000000000, -3.469446951953613400E-15 ) ) ;
#1859 = ORIENTED_EDGE ( 'NONE', *, *, #647, .T. ) ;
#1860 = FACE_OUTER_BOUND ( 'NONE', #1290, .T. ) ;
#1861 = DIRECTION ( 'NONE',  ( -1.000000000000000000, 0.000000000000000000, -0.000000000000000000 ) ) ;
#1862 = DIRECTION ( 'NONE',  ( 2.909366461496775010E-32, 1.000000000000000000, -3.391901413832837195E-15 ) ) ;
#1863 = EDGE_CURVE ( 'NONE', #1668, #797, #1253, .T. ) ;
#1864 = VERTEX_POINT ( 'NONE', #960 ) ;
#1865 = DIRECTION ( 'NONE',  ( 1.000000000000000000, 0.000000000000000000, 0.000000000000000000 ) ) ;
#1866 = FACE_OUTER_BOUND ( 'NONE', #1454, .T. ) ;
#1867 = ORIENTED_EDGE ( 'NONE', *, *, #1640, .F. ) ;
#1868 = CARTESIAN_POINT ( 'NONE',  ( 52.50000000000005684, 44.63495408493602667, -24.99999999999995381 ) ) ;
#1869 = LINE ( 'NONE', #11, #1633 ) ;
#1870 = VECTOR ( 'NONE', #990, 1000.000000000000000 ) ;
#1871 = ORIENTED_EDGE ( 'NONE', *, *, #99, .T. ) ;
#1872 = CARTESIAN_POINT ( 'NONE',  ( 65.00000000000005684, 39.63495408493606220, -14.99999999999994316 ) ) ;
#1873 = CARTESIAN_POINT ( 'NONE',  ( 69.99999999999997158, 70.00000000000002842, 34.99999999999998579 ) ) ;
#1874 = EDGE_CURVE ( 'NONE', #599, #1068, #176, .T. ) ;
#1875 = DIRECTION ( 'NONE',  ( 1.000000000000000000, 0.000000000000000000, 0.000000000000000000 ) ) ;
#1876 = VECTOR ( 'NONE', #34, 1000.000000000000000 ) ;
#1877 = ORIENTED_EDGE ( 'NONE', *, *, #647, .F. ) ;
#1878 = VECTOR ( 'NONE', #1984, 1000.000000000000000 ) ;
#1879 = DIRECTION ( 'NONE',  ( -0.000000000000000000, -1.000000000000000000, 3.491481338843133355E-15 ) ) ;
#1880 = AXIS2_PLACEMENT_3D ( 'NONE', #1516, #768, #1370 ) ;
#1881 = CIRCLE ( 'NONE', #1277, 5.000000000000004441 ) ;
#1882 = CARTESIAN_POINT ( 'NONE',  ( 94.99999999999995737, 70.00000000000017053, 70.36504591506376016 ) ) ;
#1883 = VECTOR ( 'NONE', #68, 1000.000000000000000 ) ;
#1884 = PLANE ( 'NONE',  #928 ) ;
#1885 = FACE_OUTER_BOUND ( 'NONE', #373, .T. ) ;
#1886 = FACE_OUTER_BOUND ( 'NONE', #816, .T. ) ;
#1887 = DIRECTION ( 'NONE',  ( 1.000000000000000000, 4.625929269271508594E-16, 6.871115067708295977E-16 ) ) ;
#1888 = EDGE_CURVE ( 'NONE', #242, #1152, #1409, .T. ) ;
#1889 = ORIENTED_EDGE ( 'NONE', *, *, #137, .T. ) ;
#1890 = CARTESIAN_POINT ( 'NONE',  ( 99.99999999999997158, 55.00000000000006395, 35.00000000000004263 ) ) ;
#1891 = EDGE_CURVE ( 'NONE', #143, #298, #229, .T. ) ;
#1892 = DIRECTION ( 'NONE',  ( -1.000000000000000000, 0.000000000000000000, -0.000000000000000000 ) ) ;
#1893 = CARTESIAN_POINT ( 'NONE',  ( -65.00000000000000000, 44.63495408493603378, -14.99999999999994316 ) ) ;
#1894 = ORIENTED_EDGE ( 'NONE', *, *, #1217, .T. ) ;
#1895 = CARTESIAN_POINT ( 'NONE',  ( 69.99999999999998579, 54.63495408493622563, 20.00000000000032330 ) ) ;
#1896 = CARTESIAN_POINT ( 'NONE',  ( -75.00000000000001421, 70.00000000000017053, 75.36504591506374595 ) ) ;
#1897 = CARTESIAN_POINT ( 'NONE',  ( 89.49999999999998579, 65.00000000000009948, 50.36504591506376016 ) ) ;
#1898 = VERTEX_POINT ( 'NONE', #56 ) ;
#1899 = CARTESIAN_POINT ( 'NONE',  ( 100.0000000000000000, 54.99999999999993605, 20.00000000000004619 ) ) ;
#1900 = EDGE_LOOP ( 'NONE', ( #1317, #233, #1121, #690 ) ) ;
#1901 = DIRECTION ( 'NONE',  ( 4.625929269271483942E-16, -1.000000000000000000, 3.491481338843133355E-15 ) ) ;
#1902 = ADVANCED_FACE ( 'NONE', ( #701 ), #689, .F. ) ;
#1903 = CARTESIAN_POINT ( 'NONE',  ( 84.99999999999997158, 70.00000000000008527, 50.36504591506374595 ) ) ;
#1904 = VERTEX_POINT ( 'NONE', #1286 ) ;
#1905 = LINE ( 'NONE', #1438, #504 ) ;
#1906 = DIRECTION ( 'NONE',  ( 1.000000000000000000, 4.625929269271510566E-16, 7.547568807758739189E-16 ) ) ;
#1907 = CARTESIAN_POINT ( 'NONE',  ( 52.50000000000005684, 44.63495408493602667, -24.99999999999995381 ) ) ;
#1908 = ORIENTED_EDGE ( 'NONE', *, *, #1344, .T. ) ;
#1909 = LINE ( 'NONE', #1017, #937 ) ;
#1910 = AXIS2_PLACEMENT_3D ( 'NONE', #52, #1704, #1404 ) ;
#1911 = PLANE ( 'NONE',  #1274 ) ;
#1912 = VECTOR ( 'NONE', #480, 1000.000000000000000 ) ;
#1913 = ORIENTED_EDGE ( 'NONE', *, *, #1283, .F. ) ;
#1914 = ADVANCED_FACE ( 'NONE', ( #1447 ), #1456, .F. ) ;
#1915 = EDGE_LOOP ( 'NONE', ( #747, #1176, #224, #1350 ) ) ;
#1916 = ADVANCED_FACE ( 'NONE', ( #682 ), #524, .F. ) ;
#1917 = DIRECTION ( 'NONE',  ( -4.625929269271483942E-16, 1.000000000000000000, -3.491481338843133355E-15 ) ) ;
#1918 = DIRECTION ( 'NONE',  ( -1.000000000000000000, -4.625929269271484928E-16, 7.006492321624085355E-46 ) ) ;
#1919 = ORIENTED_EDGE ( 'NONE', *, *, #826, .F. ) ;
#1920 = CARTESIAN_POINT ( 'NONE',  ( 100.0000000000000142, 54.63495408493616878, 10.00000000000004974 ) ) ;
#1921 = ORIENTED_EDGE ( 'NONE', *, *, #346, .F. ) ;
#1922 = CARTESIAN_POINT ( 'NONE',  ( 100.0000000000000426, 39.63495408493616878, 10.00000000000006395 ) ) ;
#1923 = ORIENTED_EDGE ( 'NONE', *, *, #1562, .T. ) ;
#1924 = CARTESIAN_POINT ( 'NONE',  ( -40.00000000000000000, 39.63495408493601957, -19.99999999999993605 ) ) ;
#1925 = ADVANCED_FACE ( 'NONE', ( #1577 ), #1011, .F. ) ;
#1926 = ORIENTED_EDGE ( 'NONE', *, *, #1240, .T. ) ;
#1927 = DIRECTION ( 'NONE',  ( 1.000000000000000000, 4.625929269271500705E-16, 4.625929269271483942E-16 ) ) ;
#1928 = EDGE_LOOP ( 'NONE', ( #1508, #1315 ) ) ;
#1929 = CARTESIAN_POINT ( 'NONE',  ( -95.00000000000000000, 44.63495408493596273, -34.99999999999995026 ) ) ;
#1930 = ORIENTED_EDGE ( 'NONE', *, *, #403, .F. ) ;
#1931 = CARTESIAN_POINT ( 'NONE',  ( -45.00000000000000711, 39.63495408493596273, -34.99999999999992184 ) ) ;
#1932 = ORIENTED_EDGE ( 'NONE', *, *, #111, .T. ) ;
#1933 = DIRECTION ( 'NONE',  ( -1.000000000000000000, 0.000000000000000000, -0.000000000000000000 ) ) ;
#1934 = EDGE_LOOP ( 'NONE', ( #1189, #1711, #652, #415 ) ) ;
#1935 = EDGE_CURVE ( 'NONE', #1592, #1864, #667, .T. ) ;
#1936 = DIRECTION ( 'NONE',  ( 0.000000000000000000, 1.000000000000000000, -3.491481338843133355E-15 ) ) ;
#1937 = AXIS2_PLACEMENT_3D ( 'NONE', #318, #1852, #1678 ) ;
#1938 = ORIENTED_EDGE ( 'NONE', *, *, #346, .T. ) ;
#1939 = DIRECTION ( 'NONE',  ( -7.547568807758754966E-16, 3.491481338843132961E-15, 1.000000000000000000 ) ) ;
#1940 = AXIS2_PLACEMENT_3D ( 'NONE', #753, #1530, #1363 ) ;
#1941 = CIRCLE ( 'NONE', #1067, 9.999999999999994671 ) ;
#1942 = VERTEX_POINT ( 'NONE', #239 ) ;
#1943 = CARTESIAN_POINT ( 'NONE',  ( 70.00000000000000000, 69.99999999999982947, -24.63495408493626826 ) ) ;
#1944 = PRESENTATION_LAYER_ASSIGNMENT (  '', '', ( #605 ) ) ;
#1945 = VECTOR ( 'NONE', #1328, 1000.000000000000000 ) ;
#1946 = EDGE_LOOP ( 'NONE', ( #1042, #912, #1800, #1238 ) ) ;
#1947 = DIRECTION ( 'NONE',  ( -1.000000000000000000, 0.000000000000000000, 0.000000000000000000 ) ) ;
#1948 = VERTEX_POINT ( 'NONE', #1599 ) ;
#1949 = DIRECTION ( 'NONE',  ( -1.000000000000000000, 0.000000000000000000, 0.000000000000000000 ) ) ;
#1950 = EDGE_CURVE ( 'NONE', #392, #1198, #847, .T. ) ;
#1951 = CARTESIAN_POINT ( 'NONE',  ( -45.00000000000000711, 44.63495408493597694, -29.99999999999992895 ) ) ;
#1952 = ORIENTED_EDGE ( 'NONE', *, *, #1321, .T. ) ;
#1953 = LINE ( 'NONE', #1338, #1945 ) ;
#1954 = ORIENTED_EDGE ( 'NONE', *, *, #963, .F. ) ;
#1955 = DIRECTION ( 'NONE',  ( 1.000000000000000000, 0.000000000000000000, 0.000000000000000000 ) ) ;
#1956 = ORIENTED_EDGE ( 'NONE', *, *, #593, .F. ) ;
#1957 = LINE ( 'NONE', #1518, #1188 ) ;
#1958 = ADVANCED_FACE ( 'NONE', ( #1436 ), #1884, .F. ) ;
#1959 = PRODUCT_DEFINITION_CONTEXT ( 'detailed design', #554, 'design' ) ;
#1960 = DIRECTION ( 'NONE',  ( -4.625929269271483942E-16, 1.000000000000000000, -3.491481338843133355E-15 ) ) ;
#1961 = ORIENTED_EDGE ( 'NONE', *, *, #1108, .F. ) ;
#1962 = CARTESIAN_POINT ( 'NONE',  ( -69.99999999999998579, 54.99999999999997158, 25.00000000000006040 ) ) ;
#1963 = FACE_OUTER_BOUND ( 'NONE', #1319, .T. ) ;
#1964 = ORIENTED_EDGE ( 'NONE', *, *, #1293, .T. ) ;
#1965 = CARTESIAN_POINT ( 'NONE',  ( 69.99999999999992895, 70.00000000000002842, 35.00000000000004263 ) ) ;
#1966 = CARTESIAN_POINT ( 'NONE',  ( -99.99999999999998579, 70.00000000000002842, 35.00000000000000000 ) ) ;
#1967 = VECTOR ( 'NONE', #1462, 1000.000000000000000 ) ;
#1968 = CARTESIAN_POINT ( 'NONE',  ( -100.0000000000000000, 44.63495408493638195, 85.00000000000002842 ) ) ;
#1969 = AXIS2_PLACEMENT_3D ( 'NONE', #782, #1361, #1201 ) ;
#1970 = ADVANCED_FACE ( 'NONE', ( #824 ), #1426, .F. ) ;
#1971 = VERTEX_POINT ( 'NONE', #349 ) ;
#1972 = DIRECTION ( 'NONE',  ( -1.000000000000000000, 0.000000000000000000, 0.000000000000000000 ) ) ;
#1973 = CARTESIAN_POINT ( 'NONE',  ( -100.0000000000000000, 39.63495408493598404, -29.99999999999991473 ) ) ;
#1974 = AXIS2_PLACEMENT_3D ( 'NONE', #918, #1507, #1207 ) ;
#1975 = EDGE_LOOP ( 'NONE', ( #1208, #1479, #837, #1352 ) ) ;
#1976 = DIRECTION ( 'NONE',  ( 0.000000000000000000, 1.000000000000000000, -3.491481338843133355E-15 ) ) ;
#1977 = FACE_OUTER_BOUND ( 'NONE', #1424, .T. ) ;
#1978 = ORIENTED_EDGE ( 'NONE', *, *, #780, .T. ) ;
#1979 = CARTESIAN_POINT ( 'NONE',  ( 65.00000000000005684, 44.63495408493606931, -14.99999999999995737 ) ) ;
#1980 = EDGE_LOOP ( 'NONE', ( #741, #880, #1549, #12 ) ) ;
#1981 = PLANE ( 'NONE',  #1880 ) ;
#1982 = ADVANCED_FACE ( 'NONE', ( #1755 ), #32, .T. ) ;
#1983 = VERTEX_POINT ( 'NONE', #1306 ) ;
#1984 = DIRECTION ( 'NONE',  ( -0.000000000000000000, 3.491481338843133355E-15, 1.000000000000000000 ) ) ;
ENDSEC;
END-ISO-10303-21;
