ISO-10303-21;
HEADER;
FILE_DESCRIPTION (( 'STEP AP214' ),
    '1' );
FILE_NAME ('ahsap.STEP',
    '2026-08-09T16:19:05',
    ( '' ),
    ( '' ),
    'SwSTEP 2.0',
    'SolidWorks 2025',
    '' );
FILE_SCHEMA (( 'AUTOMOTIVE_DESIGN' ));
ENDSEC;

DATA;
#2 = CARTESIAN_POINT ( 'NONE',  ( 319.9621816951220126, -9.254253514047739770, 38.00000000000000000 ) ) ;
#1 = CARTESIAN_POINT ( 'NONE',  ( -75.44972570198939366, 39.46957522061840251, 12.66657089502520073 ) ) ;
#3 = UNCERTAINTY_MEASURE_WITH_UNIT (LENGTH_MEASURE( 1.000000000000000082E-05 ), #643, 'distance_accuracy_value', 'NONE');
#4 = CARTESIAN_POINT ( 'NONE',  ( -25.24052323523389774, 39.64739571285399933, 33.00000000000000000 ) ) ;
#5 = CARTESIAN_POINT ( 'NONE',  ( 311.7841545766380023, -4.977771460157300432, 109.0000000000000000 ) ) ;
#6 = CARTESIAN_POINT ( 'NONE',  ( -81.60626821783870355, -32.84034421413040405, 38.00000000000000000 ) ) ;
#7 = CARTESIAN_POINT ( 'NONE',  ( 333.6887493081159732, -16.57476115749149770, 50.66663158234050712 ) ) ;
#8 = CARTESIAN_POINT ( 'NONE',  ( -195.5819524338120061, -36.37139302466620450, 38.00000000000000000 ) ) ;
#9 = ORIENTED_EDGE ( 'NONE', *, *, #1570, .F. ) ;
#10 = CARTESIAN_POINT ( 'NONE',  ( -160.8864272524779722, -36.52242808471019941, 38.00000000000000000 ) ) ;
#11 = FACE_OUTER_BOUND ( 'NONE', #1376, .T. ) ;
#13 = CARTESIAN_POINT ( 'NONE',  ( 327.8517506766029896, -10.02567370352809917, 76.00000000000000000 ) ) ;
#12 = CARTESIAN_POINT ( 'NONE',  ( -245.3476789622850163, -23.29183830534600119, 66.00000000000000000 ) ) ;
#14 = CARTESIAN_POINT ( 'NONE',  ( -159.6835579430999985, -36.98418847957560018, 66.00000000000000000 ) ) ;
#15 = CARTESIAN_POINT ( 'NONE',  ( -231.2660739448669744, 1.265029417239080134, 58.33329824900779670 ) ) ;
#16 = ORIENTED_EDGE ( 'NONE', *, *, #2921, .F. ) ;
#17 = EDGE_CURVE ( 'NONE', #5541, #2451, #3862, .T. ) ;
#19 = CARTESIAN_POINT ( 'NONE',  ( -130.4780285957830017, 32.07061021971750137, 76.00000000000490274 ) ) ;
#18 = CARTESIAN_POINT ( 'NONE',  ( -90.77690168957640537, -33.55582686792150326, 66.00000000000000000 ) ) ;
#20 = CARTESIAN_POINT ( 'NONE',  ( -141.5501895463860080, 31.24087158261559694, 38.00000000000299849 ) ) ;
#21 = CARTESIAN_POINT ( 'NONE',  ( -77.60931397468820592, 38.28120427937950154, 58.33329824900509664 ) ) ;
#22 = ORIENTED_EDGE ( 'NONE', *, *, #5322, .F. ) ;
#23 = ORIENTED_EDGE ( 'NONE', *, *, #652, .F. ) ;
#24 = CARTESIAN_POINT ( 'NONE',  ( -228.1595097044170188, -33.36631167664229025, 66.00000000000000000 ) ) ;
#25 = ORIENTED_EDGE ( 'NONE', *, *, #1343, .T. ) ;
#26 = CARTESIAN_POINT ( 'NONE',  ( -241.7919714370810027, -28.76178562847669795, 38.00000000000000000 ) ) ;
#27 = CARTESIAN_POINT ( 'NONE',  ( 339.0627535574249691, -13.12808670928120058, 109.0000000000000000 ) ) ;
#28 = CARTESIAN_POINT ( 'NONE',  ( -130.9745032972550121, -35.57448428653869854, 43.00000000000000000 ) ) ;
#29 =( NAMED_UNIT ( * ) PLANE_ANGLE_UNIT ( ) SI_UNIT ( $, .RADIAN. ) );
#30 = CARTESIAN_POINT ( 'NONE',  ( 167.0345635427960076, -22.10414720465399796, 12.66657089502520073 ) ) ;
#31 = EDGE_CURVE ( 'NONE', #191, #5295, #1954, .T. ) ;
#32 = CARTESIAN_POINT ( 'NONE',  ( -213.4023682138309823, -35.77173553668789907, 66.00000000000000000 ) ) ;
#33 = EDGE_LOOP ( 'NONE', ( #4946, #2990, #3690, #2505 ) ) ;
#34 = CARTESIAN_POINT ( 'NONE',  ( -119.2344021108360010, -35.61274415321620523, 97.99992777755049644 ) ) ;
#35 = CARTESIAN_POINT ( 'NONE',  ( 105.0330945671319824, 30.64671288892250089, 58.33329824900719984 ) ) ;
#36 = B_SPLINE_CURVE_WITH_KNOTS ( 'NONE', 3,
 ( #680, #303, #3941, #1132 ),
 .UNSPECIFIED., .F., .F.,
 ( 4, 4 ),
 ( 0.000000000000000000, 0.01691886720496220062 ),
 .UNSPECIFIED. ) ;
#38 = CARTESIAN_POINT ( 'NONE',  ( 102.9794698554750028, 30.99260327318080144, 109.0000000000000000 ) ) ;
#37 = CARTESIAN_POINT ( 'NONE',  ( 33.15873628472129298, 37.41256501965720105, 2.842170943040400239E-13 ) ) ;
#39 = CARTESIAN_POINT ( 'NONE',  ( 202.9733264712209859, 16.07989273844399847, 66.00000000000000000 ) ) ;
#40 = CARTESIAN_POINT ( 'NONE',  ( -236.2618231917680021, -1.299937543313699928, 50.66663158234089792 ) ) ;
#41 = ADVANCED_FACE ( 'NONE', ( #953 ), #4706, .T. ) ;
#42 = ORIENTED_EDGE ( 'NONE', *, *, #2356, .T. ) ;
#43 = CARTESIAN_POINT ( 'NONE',  ( 216.0887761141750047, 13.84373266412720049, 66.00000000000000000 ) ) ;
#45 = DIRECTION ( 'NONE',  ( 0.000000000000000000, 0.000000000000000000, -1.000000000000000000 ) ) ;
#44 = CARTESIAN_POINT ( 'NONE',  ( -190.3558592240050018, 19.55750452826610086, 43.00000000000079581 ) ) ;
#46 = CARTESIAN_POINT ( 'NONE',  ( 302.4098830344499902, -4.112806708950380141, 66.00000000000000000 ) ) ;
#47 = CARTESIAN_POINT ( 'NONE',  ( -223.4157543028040038, 6.869410843261920974, 38.00000000000000000 ) ) ;
#48 = B_SPLINE_CURVE_WITH_KNOTS ( 'NONE', 3,
 ( #1543, #1099, #2798, #4581, #5492, #4172 ),
 .UNSPECIFIED., .F., .F.,
 ( 4, 2, 4 ),
 ( -5.915247418698579729, -2.957623709349289864, 0.000000000000000000 ),
 .UNSPECIFIED. ) ;
#49 = CARTESIAN_POINT ( 'NONE',  ( -122.2784398143370055, 35.44862450529129916, 2.842170943040640557E-13 ) ) ;
#50 = VERTEX_POINT ( 'NONE', #1872 ) ;
#51 = EDGE_CURVE ( 'NONE', #4019, #4293, #3306, .T. ) ;
#52 = ORIENTED_EDGE ( 'NONE', *, *, #2206, .F. ) ;
#53 = CARTESIAN_POINT ( 'NONE',  ( -219.8881861698590114, -34.84177944574000207, 50.66663158234080555 ) ) ;
#54 = B_SPLINE_CURVE_WITH_KNOTS ( 'NONE', 3,
 ( #2413, #5561, #5089, #2864, #5465, #4995 ),
 .UNSPECIFIED., .F., .F.,
 ( 4, 2, 4 ),
 ( -6.077264863738180090, -3.038632431869090045, 0.000000000000000000 ),
 .UNSPECIFIED. ) ;
#55 = CARTESIAN_POINT ( 'NONE',  ( 291.6777582214409676, -1.330709221207320159, 76.00000000000000000 ) ) ;
#56 = CARTESIAN_POINT ( 'NONE',  ( -226.7678894328319927, 5.046781885366780074, 38.00000000000000000 ) ) ;
#57 = CARTESIAN_POINT ( 'NONE',  ( -129.8730997743720081, 31.11686559316769873, 109.0000000000069917 ) ) ;
#58 = VERTEX_POINT ( 'NONE', #3683 ) ;
#59 = CARTESIAN_POINT ( 'NONE',  ( 45.57935299744290347, 36.26366790385089445, 66.00000000000000000 ) ) ;
#60 = CARTESIAN_POINT ( 'NONE',  ( 309.8201436491539766, -13.80134076879819993, 109.0000000000000000 ) ) ;
#61 = CARTESIAN_POINT ( 'NONE',  ( 280.5804785114200399, -14.65007533596710054, 109.0000000000000000 ) ) ;
#62 = CARTESIAN_POINT ( 'NONE',  ( -233.2307128762369928, -32.32556392303020232, 66.00000000000000000 ) ) ;
#63 = CARTESIAN_POINT ( 'NONE',  ( -199.0330087225869988, 14.99859685194980052, 76.00000000000000000 ) ) ;
#64 = CARTESIAN_POINT ( 'NONE',  ( 312.8456841105669923, -16.04152506433390002, 66.00000000000000000 ) ) ;
#66 = CARTESIAN_POINT ( 'NONE',  ( 47.18771486212400390, -26.41772864179730007, 43.00000000000000000 ) ) ;
#65 = CARTESIAN_POINT ( 'NONE',  ( 104.3101863013669970, 30.76811546359280314, 76.00000000000000000 ) ) ;
#67 = CARTESIAN_POINT ( 'NONE',  ( 216.0887761141750047, 13.84373266412720049, 66.00000000000000000 ) ) ;
#68 = CARTESIAN_POINT ( 'NONE',  ( -242.5635409282319870, -6.697699545419560252, 50.66663158234069897 ) ) ;
#69 = ORIENTED_EDGE ( 'NONE', *, *, #5571, .T. ) ;
#70 = VERTEX_POINT ( 'NONE', #4619 ) ;
#72 = CARTESIAN_POINT ( 'NONE',  ( -178.2083720886080016, 19.95013040198129772, 109.0000000000000000 ) ) ;
#71 = CARTESIAN_POINT ( 'NONE',  ( -171.9466823239829978, -36.07752711771519927, 12.66657089502520073 ) ) ;
#73 = EDGE_CURVE ( 'NONE', #4565, #2703, #2296, .T. ) ;
#74 = FACE_OUTER_BOUND ( 'NONE', #1499, .T. ) ;
#75 = ORIENTED_EDGE ( 'NONE', *, *, #5384, .T. ) ;
#76 = ORIENTED_EDGE ( 'NONE', *, *, #5701, .T. ) ;
#77 = CARTESIAN_POINT ( 'NONE',  ( -238.0344924969139981, -30.37022920286220184, 50.66663158234050712 ) ) ;
#78 = CARTESIAN_POINT ( 'NONE',  ( 2.734822583399939902E-47, 4.863206306857669858, 33.00000000000000000 ) ) ;
#79 = ADVANCED_FACE ( 'NONE', ( #163 ), #3360, .T. ) ;
#81 = CARTESIAN_POINT ( 'NONE',  ( -71.58841951019219607, -32.32421283883560648, 43.00000000000000000 ) ) ;
#80 = CARTESIAN_POINT ( 'NONE',  ( -102.0715817415049855, 37.23426598393820086, 25.33323756169180285 ) ) ;
#82 = CARTESIAN_POINT ( 'NONE',  ( -202.4327053915509680, 12.16150838396919909, 109.0000000000000000 ) ) ;
#83 = LINE ( 'NONE', #615, #3248 ) ;
#84 = B_SPLINE_SURFACE_WITH_KNOTS ( 'NONE', 3, 3, ( 
 ( #2208, #3133, #3574, #4937 ),
 ( #5751, #433, #2697, #4858 ),
 ( #1818, #3627, #848, #2748 ),
 ( #5808, #2236, #2722, #1788 ) ),
 .UNSPECIFIED., .F., .F., .F.,
 ( 4, 4 ),
 ( 4, 4 ),
 ( 0.000000000000000000, 1.000000000000000000 ),
 ( 0.000000000000000000, 0.01691886720496220062 ),
 .UNSPECIFIED. ) ;
#85 = VECTOR ( 'NONE', #2376, 1000.000000000000000 ) ;
#86 = ORIENTED_EDGE ( 'NONE', *, *, #1319, .F. ) ;
#87 = CARTESIAN_POINT ( 'NONE',  ( 284.2765614456999401, -17.44017678721110087, 50.66663158242480591 ) ) ;
#88 = CARTESIAN_POINT ( 'NONE',  ( 85.00567356334200042, 32.55419634808180263, 66.00000000000000000 ) ) ;
#89 = ADVANCED_FACE ( 'NONE', ( #4356 ), #4284, .T. ) ;
#90 = CARTESIAN_POINT ( 'NONE',  ( 126.8287009086740085, -23.25947866167540212, 25.33323756169180285 ) ) ;
#91 = CARTESIAN_POINT ( 'NONE',  ( -11.87834346999619939, -28.97777850856179782, 86.99992777755048223 ) ) ;
#92 = CARTESIAN_POINT ( 'NONE',  ( 144.1623327563510202, 25.41177725544590160, 66.00000000000000000 ) ) ;
#93 = CARTESIAN_POINT ( 'NONE',  ( -189.5191798266789931, 18.28312183494549714, 75.99999999999809575 ) ) ;
#94 = CARTESIAN_POINT ( 'NONE',  ( 341.6146303093409529, -14.99023033130409921, 76.00000000000000000 ) ) ;
#95 = AXIS2_PLACEMENT_3D ( 'NONE', #377, #5415, #2698 ) ;
#97 = CARTESIAN_POINT ( 'NONE',  ( 27.34282573694310159, -27.09902093287089997, 66.00000000000000000 ) ) ;
#96 = CARTESIAN_POINT ( 'NONE',  ( -157.8389804986309741, -37.67537143576090131, 109.0000000000000000 ) ) ;
#98 = FACE_OUTER_BOUND ( 'NONE', #5565, .T. ) ;
#99 = CARTESIAN_POINT ( 'NONE',  ( -162.5210994669299964, -35.88100768754109993, 2.842170943040400239E-13 ) ) ;
#100 = ORIENTED_EDGE ( 'NONE', *, *, #3738, .T. ) ;
#101 = ORIENTED_EDGE ( 'NONE', *, *, #270, .T. ) ;
#103 = CARTESIAN_POINT ( 'NONE',  ( -169.5699807654540052, 23.27254575210320198, 86.99992777755389284 ) ) ;
#102 = CARTESIAN_POINT ( 'NONE',  ( -111.3350086043089959, -34.44415708512530472, 38.00000000000000000 ) ) ;
#104 = CARTESIAN_POINT ( 'NONE',  ( 47.08297834804610460, -26.21110914292989946, 58.33329824900710037 ) ) ;
#105 = B_SPLINE_CURVE_WITH_KNOTS ( 'NONE', 3,
 ( #4814, #1605, #1634, #5738 ),
 .UNSPECIFIED., .F., .F.,
 ( 4, 4 ),
 ( 0.000000000000000000, 0.01691886720496519822 ),
 .UNSPECIFIED. ) ;
#106 = DIRECTION ( 'NONE',  ( 1.000000000000000000, 0.000000000000000000, 0.000000000000000000 ) ) ;
#107 = EDGE_CURVE ( 'NONE', #1342, #5613, #4350, .T. ) ;
#108 = VERTEX_POINT ( 'NONE', #659 ) ;
#109 = EDGE_LOOP ( 'NONE', ( #4361, #5395, #824, #775 ) ) ;
#110 = CARTESIAN_POINT ( 'NONE',  ( -219.0221710441969947, -35.24182434221170013, 66.00000000000000000 ) ) ;
#111 = VERTEX_POINT ( 'NONE', #5716 ) ;
#112 = CARTESIAN_POINT ( 'NONE',  ( 200.1706356942910077, 17.17977246559620141, 109.0000000000000000 ) ) ;
#114 = CARTESIAN_POINT ( 'NONE',  ( 123.9896968445110019, 28.16244980468140113, 76.00000000000000000 ) ) ;
#113 = CARTESIAN_POINT ( 'NONE',  ( 27.29772240064969679, -26.87722483167310017, 86.99992777755048223 ) ) ;
#115 = CARTESIAN_POINT ( 'NONE',  ( -236.6143546509250086, -6.212072865822509726, 109.0000000000000000 ) ) ;
#116 = CARTESIAN_POINT ( 'NONE',  ( -80.80015555383678816, 38.49962406567270534, 38.00000000000069633 ) ) ;
#117 = ORIENTED_EDGE ( 'NONE', *, *, #1203, .F. ) ;
#118 = CARTESIAN_POINT ( 'NONE',  ( 165.4285372395349896, -20.69318864107759737, 58.33329824900719984 ) ) ;
#119 = CARTESIAN_POINT ( 'NONE',  ( 342.8457270942749915, -13.06369866143150027, 109.0000000000000000 ) ) ;
#120 = CARTESIAN_POINT ( 'NONE',  ( 167.4789018916779924, -22.50098890562140141, 2.842170943040400239E-13 ) ) ;
#121 = CARTESIAN_POINT ( 'NONE',  ( 155.2153034047580036, 23.70974339240259710, 43.00000000000000000 ) ) ;
#122 = CARTESIAN_POINT ( 'NONE',  ( -71.09101817519429289, -32.40747347892539665, 66.00000000000000000 ) ) ;
#123 = CARTESIAN_POINT ( 'NONE',  ( -188.9985495914200158, 18.43440145196050040, 75.99999999999809575 ) ) ;
#124 = CARTESIAN_POINT ( 'NONE',  ( 291.6777582214409676, -1.330709221207320159, 76.00000000000000000 ) ) ;
#125 = CARTESIAN_POINT ( 'NONE',  ( -188.7298935885090145, -37.37870717402389431, 76.00000000000000000 ) ) ;
#126 = CARTESIAN_POINT ( 'NONE',  ( -246.1702336082969964, -25.40068005632039672, 12.66657089502520073 ) ) ;
#127 = CARTESIAN_POINT ( 'NONE',  ( -141.0649188746679954, -35.84971980480619891, 38.00000000000000000 ) ) ;
#128 = EDGE_CURVE ( 'NONE', #2451, #108, #2816, .T. ) ;
#129 = ORIENTED_EDGE ( 'NONE', *, *, #4943, .F. ) ;
#130 = ORIENTED_EDGE ( 'NONE', *, *, #652, .T. ) ;
#132 = CARTESIAN_POINT ( 'NONE',  ( -188.6097895464289991, 17.54081132971860058, 97.99992777754781059 ) ) ;
#131 = FACE_OUTER_BOUND ( 'NONE', #669, .T. ) ;
#133 = CARTESIAN_POINT ( 'NONE',  ( -150.4610537164570019, -36.37787596995870132, 50.66663158234050712 ) ) ;
#134 = CARTESIAN_POINT ( 'NONE',  ( -71.09101817519429289, -32.40747347892539665, 66.00000000000000000 ) ) ;
#135 = VECTOR ( 'NONE', #2546, 1000.000000000000000 ) ;
#136 = B_SPLINE_SURFACE_WITH_KNOTS ( 'NONE', 3, 3, ( 
 ( #4294, #4764, #1194, #3065 ),
 ( #2948, #4849, #3883, #5653 ),
 ( #251, #5184, #3914, #4818 ),
 ( #3480, #5266, #5683, #4735 ) ),
 .UNSPECIFIED., .F., .F., .F.,
 ( 4, 4 ),
 ( 4, 4 ),
 ( 0.000000000000000000, 1.000000000000000000 ),
 ( 0.000000000000000000, 0.01691886720496220062 ),
 .UNSPECIFIED. ) ;
#137 = EDGE_LOOP ( 'NONE', ( #2947, #3642, #3854, #4471 ) ) ;
#138 = ORIENTED_EDGE ( 'NONE', *, *, #51, .F. ) ;
#139 = CARTESIAN_POINT ( 'NONE',  ( 38.30812224394379939, -27.23082563750680052, 10.99992948232529955 ) ) ;
#140 = ORIENTED_EDGE ( 'NONE', *, *, #3196, .T. ) ;
#141 = CARTESIAN_POINT ( 'NONE',  ( -158.3104360921859950, -37.50133681313490541, 97.99992777755049644 ) ) ;
#143 = CARTESIAN_POINT ( 'NONE',  ( 154.9851964016380066, -20.61452388447089845, 76.00000000000000000 ) ) ;
#142 = CARTESIAN_POINT ( 'NONE',  ( 7.681267618332340064, -28.01251148578910133, 76.00000000000000000 ) ) ;
#144 = CARTESIAN_POINT ( 'NONE',  ( -219.8118325211500235, 4.320045238414870425, 109.0000000000000000 ) ) ;
#145 = CARTESIAN_POINT ( 'NONE',  ( 1.571083077991580090, 38.74000779309990605, 50.66663158234050712 ) ) ;
#146 = VERTEX_POINT ( 'NONE', #5186 ) ;
#147 = CARTESIAN_POINT ( 'NONE',  ( 340.9542403258500372, -13.09589268535630069, 109.0000000000000000 ) ) ;
#148 = PRESENTATION_STYLE_ASSIGNMENT (( #4545 ) ) ;
#149 = CARTESIAN_POINT ( 'NONE',  ( -241.0692255638489883, -28.82455156030599852, 76.00000000000000000 ) ) ;
#150 = CARTESIAN_POINT ( 'NONE',  ( 114.5797085738060019, 29.37753974150939840, 66.00000000000000000 ) ) ;
#151 = ADVANCED_FACE ( 'NONE', ( #1197 ), #630, .F. ) ;
#152 = EDGE_CURVE ( 'NONE', #1326, #2214, #4911, .T. ) ;
#153 = CARTESIAN_POINT ( 'NONE',  ( -237.3922745709359674, -4.188414593081789761, 76.00000000000000000 ) ) ;
#154 = CARTESIAN_POINT ( 'NONE',  ( -132.5211003221410238, -35.04100728085020222, 2.842170943040400239E-13 ) ) ;
#155 = CARTESIAN_POINT ( 'NONE',  ( -120.3057178477869940, -35.27835680151589770, 66.00000000000000000 ) ) ;
#156 = CARTESIAN_POINT ( 'NONE',  ( -49.74716959645310510, 39.34665596955819922, 38.00000000000279954 ) ) ;
#158 = DIRECTION ( 'NONE',  ( 0.000000000000000000, 0.000000000000000000, 1.000000000000000000 ) ) ;
#157 = CARTESIAN_POINT ( 'NONE',  ( -197.9875741653650039, -37.26984435831739972, 86.99992777755048223 ) ) ;
#159 = CARTESIAN_POINT ( 'NONE',  ( -191.3467608317889699, 20.09368088177840050, 25.33323756168990215 ) ) ;
#160 = FACE_OUTER_BOUND ( 'NONE', #137, .T. ) ;
#161 = ORIENTED_EDGE ( 'NONE', *, *, #4264, .F. ) ;
#162 = CARTESIAN_POINT ( 'NONE',  ( -100.8402179556290008, -34.07044365504229688, 58.33329824900710037 ) ) ;
#163 = FACE_OUTER_BOUND ( 'NONE', #1408, .T. ) ;
#165 = CARTESIAN_POINT ( 'NONE',  ( -189.0647074640479843, 17.91073069291980246, 86.99992777754849271 ) ) ;
#164 = CARTESIAN_POINT ( 'NONE',  ( 197.9834800889139785, 16.64722169273229824, 43.00000000000000000 ) ) ;
#166 = CARTESIAN_POINT ( 'NONE',  ( -160.6715279777779983, -36.60556141936040575, 43.00000000000000000 ) ) ;
#167 = EDGE_CURVE ( 'NONE', #602, #1850, #3098, .T. ) ;
#168 = CARTESIAN_POINT ( 'NONE',  ( -100.8402179556290008, -34.07044365504240346, 58.33329824900719984 ) ) ;
#169 = CARTESIAN_POINT ( 'NONE',  ( 312.8456841105669923, -16.04152506433390002, 66.00000000000000000 ) ) ;
#170 = CARTESIAN_POINT ( 'NONE',  ( -212.8499669412269952, -36.02091775892120040, 76.00000000000000000 ) ) ;
#172 = CARTESIAN_POINT ( 'NONE',  ( 176.0549973835849755, -21.00246690112029668, 38.00000000000000000 ) ) ;
#171 = CARTESIAN_POINT ( 'NONE',  ( 7.737734335578929645, -27.84256259257510280, 97.99992777755049644 ) ) ;
#173 = ADVANCED_FACE ( 'NONE', ( #3425 ), #647, .T. ) ;
#174 = CARTESIAN_POINT ( 'NONE',  ( -100.5712753914639990, 35.20591586082760216, 109.0000000000000000 ) ) ;
#175 = CARTESIAN_POINT ( 'NONE',  ( -71.80586262590091451, 39.15210362443050229, 38.00000000000069633 ) ) ;
#176 = B_SPLINE_CURVE_WITH_KNOTS ( 'NONE', 3,
 ( #1648, #4745, #3188, #5442, #1846, #4529 ),
 .UNSPECIFIED., .F., .F.,
 ( 4, 2, 4 ),
 ( -0.5732547829941090356, -0.2866273914970540182, 0.000000000000000000 ),
 .UNSPECIFIED. ) ;
#177 = ORIENTED_EDGE ( 'NONE', *, *, #4470, .F. ) ;
#178 = CARTESIAN_POINT ( 'NONE',  ( 185.4608017426790241, -20.25812054477079727, 50.66663158234050712 ) ) ;
#179 = CARTESIAN_POINT ( 'NONE',  ( 3.990759916528109574, 38.79798955718899123, 33.00000000000000000 ) ) ;
#180 = LINE ( 'NONE', #1593, #5391 ) ;
#181 = CARTESIAN_POINT ( 'NONE',  ( 222.1061676593240009, -16.63998209042600251, 109.0000000000000000 ) ) ;
#182 = CARTESIAN_POINT ( 'NONE',  ( 317.7984598317459586, -7.814760413017459051, 66.00000000000000000 ) ) ;
#183 = CARTESIAN_POINT ( 'NONE',  ( -215.8799340992100042, 8.229002948636500392, 76.00000000000000000 ) ) ;
#184 = PLANE ( 'NONE',  #2300 ) ;
#185 = DIRECTION ( 'NONE',  ( 0.000000000000000000, 0.000000000000000000, 1.000000000000000000 ) ) ;
#186 = CARTESIAN_POINT ( 'NONE',  ( 2.291061012394719931, 39.29549575904830050, 2.842170943040400239E-13 ) ) ;
#187 = B_SPLINE_SURFACE_WITH_KNOTS ( 'NONE', 3, 3, ( 
 ( #913, #3557, #2733, #3530 ),
 ( #4512, #2281, #3087, #2643 ),
 ( #4457, #1303, #4924, #2219 ),
 ( #4049, #4483, #4897, #27 ) ),
 .UNSPECIFIED., .F., .F., .F.,
 ( 4, 4 ),
 ( 4, 4 ),
 ( 0.000000000000000000, 1.000000000000000000 ),
 ( 0.03383747857135580017, 0.04852974931344310183 ),
 .UNSPECIFIED. ) ;
#188 = CARTESIAN_POINT ( 'NONE',  ( 326.9975299664230306, -9.439165591826609969, 86.99992777755048223 ) ) ;
#189 = CARTESIAN_POINT ( 'NONE',  ( -151.1818189551259763, 29.42879819081770165, 37.99999999999860023 ) ) ;
#190 = CARTESIAN_POINT ( 'NONE',  ( 37.18657487332869493, -26.60362480684730002, 66.00000000000000000 ) ) ;
#191 = VERTEX_POINT ( 'NONE', #867 ) ;
#192 = CARTESIAN_POINT ( 'NONE',  ( -201.7213499178800191, -37.60315574656809900, 109.0000000000000000 ) ) ;
#193 = CARTESIAN_POINT ( 'NONE',  ( -31.46477833454880368, -30.14563745836330000, 86.99992777755048223 ) ) ;
#195 = CARTESIAN_POINT ( 'NONE',  ( -179.4818486384010043, 21.02969913383989820, 75.99999999999890576 ) ) ;
#194 = CARTESIAN_POINT ( 'NONE',  ( -35.79910586932209782, -30.45363917575199864, 22.00019657480070023 ) ) ;
#196 = CARTESIAN_POINT ( 'NONE',  ( 328.6284722090210266, -10.56002735241890100, 66.00000000000000000 ) ) ;
#197 = B_SPLINE_CURVE_WITH_KNOTS ( 'NONE', 3,
 ( #1442, #3376, #2399, #2367, #172, #4601 ),
 .UNSPECIFIED., .F., .F.,
 ( 4, 2, 4 ),
 ( -5.949555015861809792, -2.974777507930910669, -8.881784197001252323E-16 ),
 .UNSPECIFIED. ) ;
#198 = EDGE_CURVE ( 'NONE', #2568, #4045, #5198, .T. ) ;
#199 = ORIENTED_EDGE ( 'NONE', *, *, #1203, .T. ) ;
#200 = CARTESIAN_POINT ( 'NONE',  ( 314.4617560430439767, -17.25686306905389955, 43.00000000000000000 ) ) ;
#201 = B_SPLINE_CURVE_WITH_KNOTS ( 'NONE', 3,
 ( #2098, #1278, #3116, #3996, #1691, #831 ),
 .UNSPECIFIED., .F., .F.,
 ( 4, 2, 4 ),
 ( -0.5763258962632289428, -0.2881629481316109742, 0.000000000000000000 ),
 .UNSPECIFIED. ) ;
#202 = FACE_OUTER_BOUND ( 'NONE', #3186, .T. ) ;
#204 = CARTESIAN_POINT ( 'NONE',  ( 163.3487179307990118, 22.95111848685850120, 76.00000000000000000 ) ) ;
#203 = CARTESIAN_POINT ( 'NONE',  ( -122.5211006072109967, -34.56100499780320234, 2.842170943040400239E-13 ) ) ;
#205 = CARTESIAN_POINT ( 'NONE',  ( -87.28297481237959232, 36.84582068772890295, 86.99992777754789586 ) ) ;
#206 = CARTESIAN_POINT ( 'NONE',  ( -38.71782300843720037, 39.44393143728640183, 38.00000000000360245 ) ) ;
#207 = ORIENTED_EDGE ( 'NONE', *, *, #4095, .T. ) ;
#208 = CARTESIAN_POINT ( 'NONE',  ( -52.09142134870479879, -31.26539407026249862, 25.33323756169180285 ) ) ;
#209 = CARTESIAN_POINT ( 'NONE',  ( 2.854702931068070271, 37.98304402989830209, 109.0000000000000000 ) ) ;
#210 = CARTESIAN_POINT ( 'NONE',  ( -231.3911772936129978, -33.34299560273039731, 109.0000000000000000 ) ) ;
#211 = CARTESIAN_POINT ( 'NONE',  ( 314.8128693973440022, -17.52264409292549985, 38.00000000000000000 ) ) ;
#212 = CARTESIAN_POINT ( 'NONE',  ( -200.2789987393089746, -36.27737447699849582, 43.00000000000000000 ) ) ;
#213 = CARTESIAN_POINT ( 'NONE',  ( 165.9682363630559792, -21.16473870129550150, 43.00000000000000000 ) ) ;
#214 = CARTESIAN_POINT ( 'NONE',  ( -81.91074965282270171, -32.77534822278739313, 25.33323756169180285 ) ) ;
#215 = CARTESIAN_POINT ( 'NONE',  ( -12.23851173522569979, -29.21708128770110235, 38.00000000000000000 ) ) ;
#216 = CARTESIAN_POINT ( 'NONE',  ( -49.78574110170530531, 40.04997074911300103, 2.842170943040610265E-13 ) ) ;
#217 = CARTESIAN_POINT ( 'NONE',  ( -171.7820627304489847, 25.26336706187959535, 25.33323756168979912 ) ) ;
#218 = CARTESIAN_POINT ( 'NONE',  ( 285.0777628330660036, -18.05592335419770222, 38.00000000000000000 ) ) ;
#219 = VECTOR ( 'NONE', #5088, 1000.000000000000000 ) ;
#220 = ORIENTED_EDGE ( 'NONE', *, *, #4696, .T. ) ;
#221 = CARTESIAN_POINT ( 'NONE',  ( -70.40056977955630657, -32.51894935936340403, 97.99992777755049644 ) ) ;
#223 = CARTESIAN_POINT ( 'NONE',  ( -242.3210159106740207, -27.42634140250879682, 76.00000000000000000 ) ) ;
#222 = CARTESIAN_POINT ( 'NONE',  ( -227.6246608924639929, 4.256485848376510894, 43.00000000000049738 ) ) ;
#224 = CYLINDRICAL_SURFACE ( 'NONE', #846, 20.00000000000000000 ) ;
#225 = EDGE_CURVE ( 'NONE', #864, #2977, #2604, .T. ) ;
#226 = ORIENTED_EDGE ( 'NONE', *, *, #1588, .F. ) ;
#227 = CARTESIAN_POINT ( 'NONE',  ( 106.0928226508909944, -23.13589416258879794, 66.00000000000000000 ) ) ;
#229 = CARTESIAN_POINT ( 'NONE',  ( 215.3907231170069849, 14.12725965600209932, 76.00000000000000000 ) ) ;
#228 = CARTESIAN_POINT ( 'NONE',  ( -71.75971047052159690, 38.34941081366979887, 75.99999999999781153 ) ) ;
#230 = CARTESIAN_POINT ( 'NONE',  ( -246.7753275690929797, -11.21361012858620043, 25.33323756169160035 ) ) ;
#231 = CARTESIAN_POINT ( 'NONE',  ( -38.45511011861020023, 38.44040122386940084, 97.99992777752780171 ) ) ;
#232 = EDGE_CURVE ( 'NONE', #3545, #5238, #4704, .T. ) ;
#233 = CARTESIAN_POINT ( 'NONE',  ( -12.84879121127640111, 39.61564058589910076, 43.00000000000000000 ) ) ;
#234 = EDGE_LOOP ( 'NONE', ( #5038, #879, #5477, #4089 ) ) ;
#235 = CARTESIAN_POINT ( 'NONE',  ( -52.30602048598630205, -31.25366346481549940, 12.66657089502520073 ) ) ;
#236 = FILL_AREA_STYLE_COLOUR ( '', #565 ) ;
#237 = CARTESIAN_POINT ( 'NONE',  ( -234.6208823522430293, -31.94756256557219842, 86.99992777755048223 ) ) ;
#238 =( LENGTH_UNIT ( ) NAMED_UNIT ( * ) SI_UNIT ( .MILLI., .METRE. ) );
#239 = CARTESIAN_POINT ( 'NONE',  ( -207.3819762689860227, 16.00504445186770042, 2.842170943040460318E-13 ) ) ;
#240 = CARTESIAN_POINT ( 'NONE',  ( 297.4789053630469766, -4.820988548351610170, 2.842170943040400239E-13 ) ) ;
#241 = FACE_OUTER_BOUND ( 'NONE', #4690, .T. ) ;
#242 = CARTESIAN_POINT ( 'NONE',  ( -217.0516204169649939, -34.08789487412609986, 2.842170943040380044E-13 ) ) ;
#243 = CARTESIAN_POINT ( 'NONE',  ( 163.3487179307990118, 22.95111848685850120, 76.00000000000000000 ) ) ;
#244 = CARTESIAN_POINT ( 'NONE',  ( -21.60276046320759846, 39.60688613996219942, 38.00000000000309797 ) ) ;
#245 = B_SPLINE_CURVE_WITH_KNOTS ( 'NONE', 3,
 ( #2912, #5554, #1450, #3267 ),
 .UNSPECIFIED., .F., .F.,
 ( 4, 4 ),
 ( 0.01914501489605319878, 0.02938523722594670040 ),
 .UNSPECIFIED. ) ;
#246 = CARTESIAN_POINT ( 'NONE',  ( 331.7906059023780472, -15.16576510523150034, 76.00000000000000000 ) ) ;
#247 = CARTESIAN_POINT ( 'NONE',  ( -131.7613755066890064, 33.49274772697109626, 25.33323756169589913 ) ) ;
#248 = CARTESIAN_POINT ( 'NONE',  ( -11.95886750566949885, -29.03166728018869946, 76.00000000000000000 ) ) ;
#249 = CARTESIAN_POINT ( 'NONE',  ( -12.27552567448430132, -29.24136643113419964, 33.00000000000000000 ) ) ;
#250 = ORIENTED_EDGE ( 'NONE', *, *, #984, .T. ) ;
#251 = CARTESIAN_POINT ( 'NONE',  ( 267.4788990409759890, -20.26100217567660167, 2.842170943040400239E-13 ) ) ;
#252 = VERTEX_POINT ( 'NONE', #4135 ) ;
#253 = FACE_OUTER_BOUND ( 'NONE', #1225, .T. ) ;
#254 = CARTESIAN_POINT ( 'NONE',  ( 95.95894762763289521, 31.48461200967050289, 38.00000000000000000 ) ) ;
#256 = CARTESIAN_POINT ( 'NONE',  ( -235.5442611458310012, -5.370062009409060089, 109.0000000000000000 ) ) ;
#255 = CARTESIAN_POINT ( 'NONE',  ( -244.5947570017509918, -9.578387926685900666, 43.00000000000000000 ) ) ;
#257 = CARTESIAN_POINT ( 'NONE',  ( -141.4105342227740039, 31.09429714707189873, 43.00000000000079581 ) ) ;
#258 = CARTESIAN_POINT ( 'NONE',  ( 165.3961295151399895, 22.25080122774319946, 38.00000000000000000 ) ) ;
#259 = EDGE_CURVE ( 'NONE', #3019, #1971, #2316, .T. ) ;
#261 = CARTESIAN_POINT ( 'NONE',  ( 3.834976014370460096, 38.68933228835469862, 43.00000000000000000 ) ) ;
#260 = CARTESIAN_POINT ( 'NONE',  ( -13.71159378937789874, 39.18098743753869684, 75.99999999999590727 ) ) ;
#262 = CARTESIAN_POINT ( 'NONE',  ( -13.39694315052709861, 38.89252417082330027, 97.99992777754459894 ) ) ;
#263 = CARTESIAN_POINT ( 'NONE',  ( -60.71683508849329769, 38.99926805231289251, 50.66663158234030107 ) ) ;
#264 = ORIENTED_EDGE ( 'NONE', *, *, #1830, .F. ) ;
#265 = CARTESIAN_POINT ( 'NONE',  ( 353.2997279817799949, -19.38098124309850334, 2.842170943040400239E-13 ) ) ;
#266 = CARTESIAN_POINT ( 'NONE',  ( -233.3523574475340183, -32.39907049388050098, 76.00000000000000000 ) ) ;
#267 = CARTESIAN_POINT ( 'NONE',  ( -237.2294550251889973, 1.894439107060319927, 2.842170943040370451E-13 ) ) ;
#268 = CARTESIAN_POINT ( 'NONE',  ( 295.5347942368940153, -3.643410641418630025, 25.33323756169180285 ) ) ;
#269 = CARTESIAN_POINT ( 'NONE',  ( -194.1545476311910079, -36.98483356227180252, 66.00000000000000000 ) ) ;
#270 = EDGE_CURVE ( 'NONE', #864, #413, #2029, .T. ) ;
#271 = CARTESIAN_POINT ( 'NONE',  ( -227.6114565707759994, -32.44139898392599974, 2.842170943040390646E-13 ) ) ;
#272 = CARTESIAN_POINT ( 'NONE',  ( 0.000000000000000000, 3.036752289871450176E-20, 2.642330798607870547E-13 ) ) ;
#273 = B_SPLINE_CURVE_WITH_KNOTS ( 'NONE', 3,
 ( #1100, #1988, #5178, #4204 ),
 .UNSPECIFIED., .F., .F.,
 ( 4, 4 ),
 ( 0.000000000000000000, 0.01691886720496220062 ),
 .UNSPECIFIED. ) ;
#274 = CARTESIAN_POINT ( 'NONE',  ( -29.67233328032970263, 40.13042930426309596, 2.842170943040650150E-13 ) ) ;
#275 = CARTESIAN_POINT ( 'NONE',  ( -158.7822079603290035, -37.32516926646949429, 86.99992777755048223 ) ) ;
#276 = CARTESIAN_POINT ( 'NONE',  ( -132.0015424286609971, 33.45530073750960298, 25.33323756169589913 ) ) ;
#277 = CARTESIAN_POINT ( 'NONE',  ( -12.03217334799050064, -29.08060556476289804, 66.00000000000000000 ) ) ;
#278 = CARTESIAN_POINT ( 'NONE',  ( -71.58841951019219607, -32.32421283883560648, 43.00000000000000000 ) ) ;
#279 = VERTEX_POINT ( 'NONE', #4440 ) ;
#280 = CARTESIAN_POINT ( 'NONE',  ( 65.78985213263040066, 34.41571343023489504, 50.66663158234050712 ) ) ;
#281 = ORIENTED_EDGE ( 'NONE', *, *, #375, .T. ) ;
#282 = CARTESIAN_POINT ( 'NONE',  ( -100.0165118242140068, -34.29194905576310504, 86.99992777755048223 ) ) ;
#283 = CARTESIAN_POINT ( 'NONE',  ( 219.5822401046350194, 13.99252600371120003, 109.0000000000000000 ) ) ;
#285 = CARTESIAN_POINT ( 'NONE',  ( -237.3922745709359674, -4.188414593081789761, 76.00000000000000000 ) ) ;
#284 = CARTESIAN_POINT ( 'NONE',  ( -247.5355972587049962, -18.14657420988270076, 43.00000000000000000 ) ) ;
#286 = CARTESIAN_POINT ( 'NONE',  ( -130.9264158838510070, 32.56377346211780122, 58.33329824900869909 ) ) ;
#287 = B_SPLINE_SURFACE_WITH_KNOTS ( 'NONE', 3, 3, ( 
 ( #1067, #4637, #2467, #181 ),
 ( #3791, #4168, #1038, #2825 ),
 ( #4199, #5586, #1538, #5145 ),
 ( #2345, #1095, #2911, #61 ) ),
 .UNSPECIFIED., .F., .F., .F.,
 ( 4, 4 ),
 ( 4, 4 ),
 ( 0.000000000000000000, 1.000000000000000000 ),
 ( 0.03383747857135580017, 0.04852974931344310183 ),
 .UNSPECIFIED. ) ;
#289 = CARTESIAN_POINT ( 'NONE',  ( -46.40418053904383555, 7.460028719772110684, -5.000000000000054179 ) ) ;
#288 = CARTESIAN_POINT ( 'NONE',  ( -74.95587017920850315, 38.32009436836300864, 65.99999999999860734 ) ) ;
#290 = CARTESIAN_POINT ( 'NONE',  ( -235.1624907799350126, 0.4827740435141820163, 38.00000000000000000 ) ) ;
#291 = ADVANCED_FACE ( 'NONE', ( #5744 ), #5731, .T. ) ;
#292 = CARTESIAN_POINT ( 'NONE',  ( -29.89921522201919757, 39.44938012008240236, 43.00000000000309797 ) ) ;
#293 = ORIENTED_EDGE ( 'NONE', *, *, #4876, .F. ) ;
#294 = CARTESIAN_POINT ( 'NONE',  ( 317.4789191474720269, -9.781007354982101276, 2.842170943040400239E-13 ) ) ;
#295 = CARTESIAN_POINT ( 'NONE',  ( -216.7588159692570002, -36.13129588797630021, 97.99992777755080908 ) ) ;
#296 = CARTESIAN_POINT ( 'NONE',  ( 165.6984943372900148, -20.92844290557099995, 50.66663158242680254 ) ) ;
#297 = FACE_OUTER_BOUND ( 'NONE', #1377, .T. ) ;
#298 = CARTESIAN_POINT ( 'NONE',  ( 226.2331702587520113, -19.92301927725780075, 25.33323756170860008 ) ) ;
#299 = CARTESIAN_POINT ( 'NONE',  ( -244.9139954993449919, -26.83206514220769989, 12.66657089502520073 ) ) ;
#300 = CARTESIAN_POINT ( 'NONE',  ( -191.2562138896079773, -36.31025962460769563, 25.33323756166650043 ) ) ;
#301 = CARTESIAN_POINT ( 'NONE',  ( -72.55682414055129925, 39.67744844002550053, 12.66657089502520073 ) ) ;
#302 = CARTESIAN_POINT ( 'NONE',  ( 3.483921291269429954, 38.44106233144690066, 66.00000000000000000 ) ) ;
#303 = CARTESIAN_POINT ( 'NONE',  ( -102.1554251318219997, -33.70564861295599712, 12.66657089502520073 ) ) ;
#304 = CARTESIAN_POINT ( 'NONE',  ( 163.6408163467429802, -19.15628624342690145, 109.0000000000000000 ) ) ;
#305 = AXIS2_PLACEMENT_3D ( 'NONE', #2422, #5537, #106 ) ;
#306 = VERTEX_POINT ( 'NONE', #4033 ) ;
#307 = CARTESIAN_POINT ( 'NONE',  ( 165.3961295151399895, 22.25080122774319946, 38.00000000000000000 ) ) ;
#308 = VERTEX_POINT ( 'NONE', #1287 ) ;
#309 = CARTESIAN_POINT ( 'NONE',  ( 280.0570888054290322, 1.917494200850999864, 97.99992777755049644 ) ) ;
#310 = CARTESIAN_POINT ( 'NONE',  ( -31.59760373537019618, -30.16870983334809608, 76.00000000000000000 ) ) ;
#312 = CARTESIAN_POINT ( 'NONE',  ( -243.6778909564010007, -18.82599565718799894, 109.0000000000000000 ) ) ;
#311 = CARTESIAN_POINT ( 'NONE',  ( -101.8456638001860028, 36.92446594947289640, 38.00000000000000000 ) ) ;
#313 = CARTESIAN_POINT ( 'NONE',  ( -130.9695706602200005, 32.31095455319360354, 66.00000000000169109 ) ) ;
#314 = ORIENTED_EDGE ( 'NONE', *, *, #3866, .F. ) ;
#315 = B_SPLINE_CURVE_WITH_KNOTS ( 'NONE', 3,
 ( #5563, #190, #1991, #1549, #3367, #5155 ),
 .UNSPECIFIED., .F., .F.,
 ( 4, 2, 4 ),
 ( -5.913724434389839857, -2.956862238383290542, -8.881784197001252323E-16 ),
 .UNSPECIFIED. ) ;
#317 = CARTESIAN_POINT ( 'NONE',  ( 39.16307117056499720, 36.74699969190029947, 43.00000000000000000 ) ) ;
#316 = CARTESIAN_POINT ( 'NONE',  ( -80.18413038340840160, 37.67432414282480124, 75.99999999999680256 ) ) ;
#318 = CARTESIAN_POINT ( 'NONE',  ( -244.2412546157389670, -3.368793309997119678, 2.842170943040380044E-13 ) ) ;
#319 = CARTESIAN_POINT ( 'NONE',  ( -72.03609205828809081, 39.04386140357869550, 42.99999999999910472 ) ) ;
#320 = EDGE_LOOP ( 'NONE', ( #4158, #5517, #5800, #3166 ) ) ;
#321 = B_SPLINE_CURVE_WITH_KNOTS ( 'NONE', 3,
 ( #3629, #4971, #5810, #3135, #4475, #3311 ),
 .UNSPECIFIED., .F., .F.,
 ( 4, 2, 4 ),
 ( -2.928353029313699896, -1.464176514656849948, 0.000000000000000000 ),
 .UNSPECIFIED. ) ;
#322 = CARTESIAN_POINT ( 'NONE',  ( 105.4173468802759999, -22.43691141882259998, 97.99992777755049644 ) ) ;
#323 = DIRECTION ( 'NONE',  ( 1.000000000000000000, 0.000000000000000000, 0.000000000000000000 ) ) ;
#324 = CARTESIAN_POINT ( 'NONE',  ( -235.1951377692819847, -31.77680114127170441, 97.99992777755061013 ) ) ;
#325 = CARTESIAN_POINT ( 'NONE',  ( 317.4789191474720269, -9.781007354982101276, 2.842170943040400239E-13 ) ) ;
#326 = CARTESIAN_POINT ( 'NONE',  ( 266.5180799229880222, 2.522271794836419723, 12.66657089502520073 ) ) ;
#327 = CARTESIAN_POINT ( 'NONE',  ( 329.2240780929419657, -10.97059043160290059, 58.33329824900719984 ) ) ;
#328 = CARTESIAN_POINT ( 'NONE',  ( -236.3654789141539823, -30.91494591540120140, 25.33323756169170338 ) ) ;
#329 = CARTESIAN_POINT ( 'NONE',  ( -190.6243407169090176, -36.57988127934979161, 38.00000000000000000 ) ) ;
#330 = CARTESIAN_POINT ( 'NONE',  ( -60.77651573436050114, 39.24937170561509703, 38.00000000000079581 ) ) ;
#331 = CARTESIAN_POINT ( 'NONE',  ( 344.8936791652490115, -15.98001525880600049, 58.33329824900719984 ) ) ;
#332 = CARTESIAN_POINT ( 'NONE',  ( 222.6465009356520000, 12.72565262696880062, 66.00000000000000000 ) ) ;
#334 = B_SPLINE_CURVE_WITH_KNOTS ( 'NONE', 3,
 ( #64, #4465, #5827, #1807, #2289, #4931 ),
 .UNSPECIFIED., .F., .F.,
 ( 4, 2, 4 ),
 ( -2.954714362858210208, -1.477357181429109989, 4.440892098500626162E-16 ),
 .UNSPECIFIED. ) ;
#333 = CARTESIAN_POINT ( 'NONE',  ( 4.440892098500630106E-15, -4.440892098500630106E-15, 33.00000000000000000 ) ) ;
#335 = EDGE_CURVE ( 'NONE', #3369, #4936, #5468, .T. ) ;
#336 = ORIENTED_EDGE ( 'NONE', *, *, #2676, .T. ) ;
#337 = CARTESIAN_POINT ( 'NONE',  ( 65.29251328039249813, 34.40893212596640183, 66.00000000000000000 ) ) ;
#338 = VERTEX_POINT ( 'NONE', #4852 ) ;
#339 = CARTESIAN_POINT ( 'NONE',  ( 339.0627535574249691, -13.12808670928120058, 109.0000000000000000 ) ) ;
#340 = CARTESIAN_POINT ( 'NONE',  ( 281.7093772737819677, 0.9761707184835600737, 76.00000000000000000 ) ) ;
#342 = CARTESIAN_POINT ( 'NONE',  ( -239.2955709295130191, -6.553639173513469807, 86.99992777755048223 ) ) ;
#341 = CARTESIAN_POINT ( 'NONE',  ( -214.0807547789590046, 9.557070016687360337, 66.00000000000150635 ) ) ;
#343 = CARTESIAN_POINT ( 'NONE',  ( -150.3283962562559850, 28.58113102936369643, 66.00000000000000000 ) ) ;
#344 = EDGE_LOOP ( 'NONE', ( #3551, #76, #4436, #4165 ) ) ;
#345 = EDGE_CURVE ( 'NONE', #2687, #864, #681, .T. ) ;
#346 = EDGE_CURVE ( 'NONE', #70, #2183, #4185, .T. ) ;
#348 = CARTESIAN_POINT ( 'NONE',  ( -190.3749390316949928, -36.68613637220089885, 43.00000000000000000 ) ) ;
#347 = CARTESIAN_POINT ( 'NONE',  ( 274.5974898718749841, 1.424018014577379976, 38.00000000000000000 ) ) ;
#349 = CARTESIAN_POINT ( 'NONE',  ( -21.75628098975200331, 39.31176184011179942, 58.33329824900790328 ) ) ;
#350 = ORIENTED_EDGE ( 'NONE', *, *, #5322, .T. ) ;
#351 = EDGE_LOOP ( 'NONE', ( #3787, #4624, #3989, #1617 ) ) ;
#352 = CARTESIAN_POINT ( 'NONE',  ( 231.8518861346730091, -16.30833096468289867, 109.0000000000000000 ) ) ;
#353 = EDGE_CURVE ( 'NONE', #50, #2562, #5615, .T. ) ;
#354 = CARTESIAN_POINT ( 'NONE',  ( -160.6715279777779983, -36.60556141936040575, 43.00000000000000000 ) ) ;
#355 = CARTESIAN_POINT ( 'NONE',  ( -120.3057178477869940, -35.27835680151589770, 66.00000000000000000 ) ) ;
#356 = CARTESIAN_POINT ( 'NONE',  ( 224.9854165534520121, -18.91747582316510190, 50.66663158234050712 ) ) ;
#357 = B_SPLINE_SURFACE_WITH_KNOTS ( 'NONE', 3, 3, ( 
 ( #1044, #3209, #5120, #4144 ),
 ( #1926, #506, #5436, #4175 ),
 ( #3711, #5526, #1485, #97 ),
 ( #66, #5494, #3678, #3301 ) ),
 .UNSPECIFIED., .F., .F., .F.,
 ( 4, 4 ),
 ( 4, 4 ),
 ( 0.000000000000000000, 1.000000000000000000 ),
 ( 0.01914501489605319878, 0.02938523722594680102 ),
 .UNSPECIFIED. ) ;
#358 = CARTESIAN_POINT ( 'NONE',  ( -239.5548959075729840, -29.60263932475730186, 25.33323756169180285 ) ) ;
#359 = CARTESIAN_POINT ( 'NONE',  ( 165.1247130217440144, 22.34360301264559823, 43.00000000000000000 ) ) ;
#360 = CARTESIAN_POINT ( 'NONE',  ( -12.27552567448430132, -29.24136643113419964, 33.00000000000000000 ) ) ;
#361 = CARTESIAN_POINT ( 'NONE',  ( -223.4157543028040038, 6.869410843261910316, 38.00000000000000000 ) ) ;
#362 = CARTESIAN_POINT ( 'NONE',  ( -38.15744350796979489, 39.36460192310119766, 43.00000000000380140 ) ) ;
#363 = CARTESIAN_POINT ( 'NONE',  ( 310.7691484288269521, -5.398240660987659645, 86.99992777755048223 ) ) ;
#364 = EDGE_LOOP ( 'NONE', ( #4155, #2696, #3721, #5420 ) ) ;
#365 = CARTESIAN_POINT ( 'NONE',  ( -130.4780285957830017, 32.07061021971750137, 76.00000000000490274 ) ) ;
#366 = ORIENTED_EDGE ( 'NONE', *, *, #259, .F. ) ;
#367 = CARTESIAN_POINT ( 'NONE',  ( 344.5489918338470261, -17.16779448846450151, 38.00000000000000000 ) ) ;
#368 = CARTESIAN_POINT ( 'NONE',  ( 317.7984598317459586, -7.814760413017469709, 66.00000000000000000 ) ) ;
#370 = CARTESIAN_POINT ( 'NONE',  ( 66.04187857447779209, 34.41917054546869537, 43.00000000000000000 ) ) ;
#369 = CARTESIAN_POINT ( 'NONE',  ( -199.4733526909469958, 15.34512172483989900, 66.00000000000339639 ) ) ;
#371 = CARTESIAN_POINT ( 'NONE',  ( -195.8126053137959843, 17.73371517587450086, 43.00000000000110134 ) ) ;
#372 = CARTESIAN_POINT ( 'NONE',  ( -38.62470525820489797, 38.62031332328209743, 86.99992777753469397 ) ) ;
#373 = VERTEX_POINT ( 'NONE', #1982 ) ;
#374 = DIRECTION ( 'NONE',  ( 1.000000000000000000, 0.000000000000000000, 0.000000000000000000 ) ) ;
#375 = EDGE_CURVE ( 'NONE', #4873, #50, #4560, .T. ) ;
#377 = CARTESIAN_POINT ( 'NONE',  ( 0.000000000000000000, 3.036752289871450176E-20, 2.642330798607870547E-13 ) ) ;
#376 = CARTESIAN_POINT ( 'NONE',  ( -12.81899264280809980, 39.29770355165710782, 66.00000000000000000 ) ) ;
#378 =( NAMED_UNIT ( * ) PLANE_ANGLE_UNIT ( ) SI_UNIT ( $, .RADIAN. ) );
#379 = CARTESIAN_POINT ( 'NONE',  ( 286.5088837407739675, -1.779183528442609852, 12.66657089502520073 ) ) ;
#380 = ADVANCED_FACE ( 'NONE', ( #5143 ), #4831, .T. ) ;
#381 = ORIENTED_EDGE ( 'NONE', *, *, #3912, .F. ) ;
#382 = ORIENTED_EDGE ( 'NONE', *, *, #3073, .T. ) ;
#383 = ORIENTED_EDGE ( 'NONE', *, *, #3310, .T. ) ;
#384 = CIRCLE ( 'NONE', #3131, 20.00000000000000000 ) ;
#385 = CARTESIAN_POINT ( 'NONE',  ( 314.5408168333349863, -7.847095108888790804, 38.00000000000000000 ) ) ;
#386 = CARTESIAN_POINT ( 'NONE',  ( -243.0891613677069927, -23.31249951572819867, 109.0000000000000000 ) ) ;
#387 = CARTESIAN_POINT ( 'NONE',  ( -202.8904413385060082, -37.10124627876039938, 86.99992777755048223 ) ) ;
#388 = CARTESIAN_POINT ( 'NONE',  ( 287.4788984708349631, -2.340979145036359732, 2.842170943040400239E-13 ) ) ;
#389 = CARTESIAN_POINT ( 'NONE',  ( 3.990759916528109574, 38.79798955718899123, 33.00000000000000000 ) ) ;
#390 = CARTESIAN_POINT ( 'NONE',  ( 105.6682553198260024, 30.54044529118739959, 43.00000000000000000 ) ) ;
#391 = CARTESIAN_POINT ( 'NONE',  ( 345.4890720553850088, -16.42208560042869792, 50.66663158234050712 ) ) ;
#392 = CARTESIAN_POINT ( 'NONE',  ( -222.3255948815839815, 9.859108401221149620, 2.842170943040370451E-13 ) ) ;
#393 = CARTESIAN_POINT ( 'NONE',  ( 313.9233281190320213, -16.84976586039380209, 50.66663158234050712 ) ) ;
#394 = CARTESIAN_POINT ( 'NONE',  ( 66.60167315768960350, -24.95505820556429910, 76.00000000000000000 ) ) ;
#395 = VERTEX_POINT ( 'NONE', #1477 ) ;
#396 = CARTESIAN_POINT ( 'NONE',  ( -129.3953650348759936, -36.10254261020050137, 86.99992777755048223 ) ) ;
#397 = VERTEX_POINT ( 'NONE', #1565 ) ;
#398 = CARTESIAN_POINT ( 'NONE',  ( 164.7090123206110377, 22.48574631041229921, 50.66663158234050712 ) ) ;
#399 = CARTESIAN_POINT ( 'NONE',  ( -190.6243407169090176, -36.57988127934979161, 38.00000000000000000 ) ) ;
#401 = CARTESIAN_POINT ( 'NONE',  ( 325.2907286243460021, -8.278780406733650565, 109.0000000000000000 ) ) ;
#400 = CARTESIAN_POINT ( 'NONE',  ( -130.9695706602200005, 32.31095455319360354, 66.00000000000160583 ) ) ;
#402 = CARTESIAN_POINT ( 'NONE',  ( -233.6382606259240049, -0.5419140062339099506, 66.00000000000000000 ) ) ;
#403 = CARTESIAN_POINT ( 'NONE',  ( -49.67470156091690825, 38.45270424503199536, 86.99992777753809037 ) ) ;
#404 = ORIENTED_EDGE ( 'NONE', *, *, #1154, .T. ) ;
#405 = CARTESIAN_POINT ( 'NONE',  ( 227.4789001812560230, 10.73901488381169855, 2.842170943040400239E-13 ) ) ;
#407 = CARTESIAN_POINT ( 'NONE',  ( -129.6380644293730029, 31.15666277901230075, 109.0000000000069917 ) ) ;
#406 = FACE_OUTER_BOUND ( 'NONE', #4573, .T. ) ;
#408 = CARTESIAN_POINT ( 'NONE',  ( -161.4150437566119933, 27.49194037035389826, 37.99999999999769784 ) ) ;
#409 = B_SPLINE_CURVE_WITH_KNOTS ( 'NONE', 3,
 ( #3585, #1799, #470, #5401 ),
 .UNSPECIFIED., .F., .F.,
 ( 4, 4 ),
 ( -3.300454915348499885, 0.000000000000000000 ),
 .UNSPECIFIED. ) ;
#410 = CARTESIAN_POINT ( 'NONE',  ( -77.53047461468959511, 38.11484771974039631, 65.99999999999808153 ) ) ;
#411 = EDGE_CURVE ( 'NONE', #2687, #3112, #5516, .T. ) ;
#412 = B_SPLINE_CURVE_WITH_KNOTS ( 'NONE', 3,
 ( #1750, #4815, #1719, #4321, #3970, #304 ),
 .UNSPECIFIED., .F., .F.,
 ( 4, 2, 4 ),
 ( -5.851947616558069498, -2.925973808279040078, 0.000000000000000000 ),
 .UNSPECIFIED. ) ;
#413 = VERTEX_POINT ( 'NONE', #4692 ) ;
#414 = EDGE_LOOP ( 'NONE', ( #1495, #2135, #5720, #3169 ) ) ;
#415 = CARTESIAN_POINT ( 'NONE',  ( 314.5408168333349863, -7.847095108888790804, 38.00000000000000000 ) ) ;
#416 = CARTESIAN_POINT ( 'NONE',  ( -241.1179783887420172, -12.66146709229979805, 109.0000000000000000 ) ) ;
#417 = CARTESIAN_POINT ( 'NONE',  ( 7.581585373031880515, -28.30646712984880153, 38.00000000000000000 ) ) ;
#418 = CARTESIAN_POINT ( 'NONE',  ( -12.14491114835210084, -29.15547357293469943, 50.66663158234050712 ) ) ;
#419 = CARTESIAN_POINT ( 'NONE',  ( -155.7220238643569985, -36.43371523055679972, 43.00000000000000000 ) ) ;
#420 = CARTESIAN_POINT ( 'NONE',  ( 203.9861283713790385, 15.68341677920470012, 50.66663158234050712 ) ) ;
#421 = CARTESIAN_POINT ( 'NONE',  ( -224.6997339583390101, 7.797275087969319785, 12.66657089502520073 ) ) ;
#422 = CARTESIAN_POINT ( 'NONE',  ( 185.9658692041919892, -20.68594062192349980, 38.00000000000000000 ) ) ;
#423 = VECTOR ( 'NONE', #3286, 1000.000000000000000 ) ;
#424 = CARTESIAN_POINT ( 'NONE',  ( -204.0072273835959891, -36.61363016730380338, 66.00000000000000000 ) ) ;
#425 = ORIENTED_EDGE ( 'NONE', *, *, #938, .T. ) ;
#426 = CARTESIAN_POINT ( 'NONE',  ( 178.2487300853260024, 20.05701155957819992, 43.00000000000000000 ) ) ;
#427 = CARTESIAN_POINT ( 'NONE',  ( 145.3058937877709980, 25.07588377215950004, 43.00000000000000000 ) ) ;
#428 = CARTESIAN_POINT ( 'NONE',  ( 289.7115590616249960, -17.72006930777049760, 43.00000000000000000 ) ) ;
#430 = CARTESIAN_POINT ( 'NONE',  ( 105.8819437403970056, -22.91677482271290245, 76.00000000000000000 ) ) ;
#429 = CARTESIAN_POINT ( 'NONE',  ( -236.1416770797609956, -2.420698807384249918, 66.00000000000000000 ) ) ;
#431 = CARTESIAN_POINT ( 'NONE',  ( -220.3647029430100019, 7.723999147787510289, 50.66663158234120345 ) ) ;
#432 = ORIENTED_EDGE ( 'NONE', *, *, #2879, .F. ) ;
#434 = CARTESIAN_POINT ( 'NONE',  ( -139.8695495947139875, 29.49788750457979702, 97.99992777755700502 ) ) ;
#433 = CARTESIAN_POINT ( 'NONE',  ( 7.513631863226669871, -28.50272182092209761, 12.66657089502520073 ) ) ;
#435 = CARTESIAN_POINT ( 'NONE',  ( -131.6804837971319841, 33.09772958989400138, 38.00000000000409983 ) ) ;
#436 = CARTESIAN_POINT ( 'NONE',  ( 309.8201436491539766, -13.80134076879819993, 109.0000000000000000 ) ) ;
#437 = CARTESIAN_POINT ( 'NONE',  ( -234.5954027071030055, -31.65647364250679630, 43.00000000000000000 ) ) ;
#438 = EDGE_LOOP ( 'NONE', ( #5247, #2112, #2105, #5413 ) ) ;
#439 = B_SPLINE_SURFACE_WITH_KNOTS ( 'NONE', 3, 3, ( 
 ( #4759, #2502, #5180, #3333 ),
 ( #5678, #3825, #1990, #3879 ),
 ( #2865, #1633, #1075, #2019 ),
 ( #1604, #2919, #247, #3448 ),
 ( #712, #2894, #276, #1131 ),
 ( #5207, #626, #2441, #4237 ),
 ( #1548, #4647, #5594, #189 ),
 ( #598, #5625, #3366, #4702 ),
 ( #654, #1575, #4261, #3419 ),
 ( #2473, #1516, #217, #4208 ),
 ( #1045, #4290, #2414, #2047 ),
 ( #2531, #2073, #159, #1962 ),
 ( #3771, #5562, #5708, #1661 ),
 ( #3090, #4900, #5737, #4402 ),
 ( #5262, #3533, #3998, #2646 ),
 ( #861, #3476, #4870, #2684 ),
 ( #4432, #2586, #1219, #3032 ),
 ( #2132, #4375, #5292, #1250 ),
 ( #2617, #1748, #3560, #4813 ),
 ( #392, #770, #1694, #4460 ),
 ( #3968, #3507, #2193, #801 ),
 ( #3059, #421, #2308, #361 ),
 ( #2162, #5763, #4101, #56 ),
 ( #2848, #4660, #1977, #5578 ),
 ( #1531, #3350, #5137, #1678 ),
 ( #5251, #2116, #4364, #290 ),
 ( #3404, #2488, #1621, #4332 ),
 ( #1236, #3926, #5194, #5723 ),
 ( #4306, #2090, #3894, #5220 ),
 ( #318, #790, #1206, #3492 ),
 ( #5609, #1115, #2986, #1175 ),
 ( #3018, #5278, #2002, #1146 ),
 ( #2959, #4778, #698, #2603 ),
 ( #4391, #3377, #230, #5636 ),
 ( #1587, #2518, #2211, #3210 ),
 ( #537, #5024, #4964, #4584 ),
 ( #5466, #3647, #5527, #1396 ),
 ( #3302, #923, #3679, #949 ),
 ( #2770, #1901, #5090, #1810 ),
 ( #2745, #126, #2801, #4555 ) ),
 .UNSPECIFIED., .F., .F., .F.,
 ( 4, 2, 2, 2, 2, 2, 2, 2, 2, 2, 2, 1, 1, 2, 2, 2, 2, 1, 2, 1, 1, 1, 4 ),
 ( 4, 4 ),
 ( 0.000000000000000000, 0.1721706041361550088, 0.1763986021091860090, 0.3474469217356310202, 0.3528075162814829913, 0.5264932845370959846, 0.5312657425481809303, 0.6174882294058039456, 0.6225547861247570092, 0.7099229914535269970, 0.7172221709873769502, 0.7616161395551189761, 0.7838131238389889344, 0.8060101081228600028, 0.8173921396771449688, 0.8496037871077261050, 0.8818730310768320146, 0.8966480425460809922, 0.9114230540153299698, 0.9335672905114970055, 0.9557115270076649294, 0.9778557635038329643, 1.000000000000000000 ),
 ( 0.000000000000000000, 0.01691886720496220062 ),
 .UNSPECIFIED. ) ;
#441 = CARTESIAN_POINT ( 'NONE',  ( -243.3757944482109963, -27.63670415838559791, 38.00000000000000000 ) ) ;
#440 = CARTESIAN_POINT ( 'NONE',  ( -77.81574862051850516, 38.72509573611019817, 38.00000000000069633 ) ) ;
#442 = CARTESIAN_POINT ( 'NONE',  ( 4.311879989416179448, 39.01991414634569821, 12.66657089502520073 ) ) ;
#443 = CARTESIAN_POINT ( 'NONE',  ( 289.1942927049140621, -1.641652666509189729, 43.00000000000000000 ) ) ;
#444 = CARTESIAN_POINT ( 'NONE',  ( -241.0759604155820170, -28.82166313880209785, 2.842170943040400239E-13 ) ) ;
#445 = CARTESIAN_POINT ( 'NONE',  ( 224.6775128991359907, 11.88906851495219996, 38.00000000000000000 ) ) ;
#446 = CARTESIAN_POINT ( 'NONE',  ( 27.32140288307200038, -26.99335568408640285, 76.00000000000000000 ) ) ;
#447 = CARTESIAN_POINT ( 'NONE',  ( 161.5993891527759843, 23.54999114722049924, 109.0000000000000000 ) ) ;
#448 = CARTESIAN_POINT ( 'NONE',  ( 166.7787560830109896, 21.77819091445099886, 12.66657089502520073 ) ) ;
#449 = EDGE_CURVE ( 'NONE', #4293, #3605, #2493, .T. ) ;
#450 = EDGE_LOOP ( 'NONE', ( #1467, #42, #1793, #4352 ) ) ;
#451 = CARTESIAN_POINT ( 'NONE',  ( -20.00000000000000000, 6.686871917819468317E-13, 76.00000000000000000 ) ) ;
#452 = CARTESIAN_POINT ( 'NONE',  ( 336.6487157097790259, -13.40876721498320023, 43.00000000000000000 ) ) ;
#454 = CARTESIAN_POINT ( 'NONE',  ( 224.3127681920570069, 12.03913208407500157, 43.00000000000000000 ) ) ;
#453 = CARTESIAN_POINT ( 'NONE',  ( -190.1891567800499843, 18.53413060708099991, 66.00000000000130740 ) ) ;
#455 = CARTESIAN_POINT ( 'NONE',  ( -160.6715279777779983, -36.60556141936040575, 43.00000000000000000 ) ) ;
#456 = CARTESIAN_POINT ( 'NONE',  ( -223.1622315360739890, 6.687206989697889625, 43.00000000000069633 ) ) ;
#457 = EDGE_LOOP ( 'NONE', ( #3915, #3080, #4018, #693 ) ) ;
#459 = LINE ( 'NONE', #4474, #2938 ) ;
#458 = CARTESIAN_POINT ( 'NONE',  ( 234.6615082936839940, 9.796058414877220955, 38.00000000000000000 ) ) ;
#460 = CARTESIAN_POINT ( 'NONE',  ( 220.7827360648190052, 11.94432538597560089, 2.842170943040400239E-13 ) ) ;
#461 = B_SPLINE_CURVE_WITH_KNOTS ( 'NONE', 3,
 ( #4031, #2259, #4056, #10 ),
 .UNSPECIFIED., .F., .F.,
 ( 4, 4 ),
 ( 0.000000000000000000, 0.01691886720496220062 ),
 .UNSPECIFIED. ) ;
#462 = CARTESIAN_POINT ( 'NONE',  ( -247.3912879083299856, -20.95995970615100035, 38.00000000000000000 ) ) ;
#463 = CARTESIAN_POINT ( 'NONE',  ( 107.2138434086299981, -24.31666062978680287, 12.66657089502520073 ) ) ;
#464 = ORIENTED_EDGE ( 'NONE', *, *, #2898, .F. ) ;
#465 = VERTEX_POINT ( 'NONE', #3291 ) ;
#466 = CARTESIAN_POINT ( 'NONE',  ( -225.1395010116989965, -33.63268765723530151, 43.00000000000000000 ) ) ;
#467 = VERTEX_POINT ( 'NONE', #4166 ) ;
#468 = CARTESIAN_POINT ( 'NONE',  ( 299.1337955627229803, -2.084011954777449827, 109.0000000000000000 ) ) ;
#469 = EDGE_CURVE ( 'NONE', #1938, #4423, #1009, .T. ) ;
#470 = CARTESIAN_POINT ( 'NONE',  ( -24.70695436520330190, 39.98338090824239544, 10.99676718574820100 ) ) ;
#471 = CARTESIAN_POINT ( 'NONE',  ( 94.86225370481689367, 31.62682845913960250, 66.00000000000000000 ) ) ;
#472 = CARTESIAN_POINT ( 'NONE',  ( 127.1540834533520012, -23.57915615474249549, 12.66657089502520073 ) ) ;
#473 = CARTESIAN_POINT ( 'NONE',  ( 344.1631462475469334, -16.87923769908469751, 43.00000000000000000 ) ) ;
#474 = FACE_OUTER_BOUND ( 'NONE', #3606, .T. ) ;
#475 = ORIENTED_EDGE ( 'NONE', *, *, #628, .F. ) ;
#476 = CARTESIAN_POINT ( 'NONE',  ( 204.8301897201390034, 15.35353414482349876, 38.00000000000000000 ) ) ;
#477 = CARTESIAN_POINT ( 'NONE',  ( 337.0387330774459542, -13.68660835851540014, 38.00000000000000000 ) ) ;
#479 = CARTESIAN_POINT ( 'NONE',  ( 285.4537560343759992, -14.50861957477230213, 109.0000000000000000 ) ) ;
#478 = DIRECTION ( 'NONE',  ( -0.9841832993422044984, 0.1771531351568260693, 0.000000000000000000 ) ) ;
#480 = CARTESIAN_POINT ( 'NONE',  ( 18.06563215270729827, 37.95550827300309749, 38.00000000000000000 ) ) ;
#481 = CARTESIAN_POINT ( 'NONE',  ( -209.8620024233979962, 11.77044873065640118, 58.33329824901070282 ) ) ;
#482 = ADVANCED_FACE ( 'NONE', ( #617 ), #3487, .T. ) ;
#483 = PRODUCT ( 'ahsap', 'ahsap', '', ( #3266 ) ) ;
#484 = ORIENTED_EDGE ( 'NONE', *, *, #3738, .F. ) ;
#485 = CARTESIAN_POINT ( 'NONE',  ( 331.5500562723590292, -10.19051015128060023, 97.99992777755049644 ) ) ;
#487 = CARTESIAN_POINT ( 'NONE',  ( 144.8285817696029767, -20.77160915360189719, 86.99992777755048223 ) ) ;
#486 = CARTESIAN_POINT ( 'NONE',  ( 44.40161003317140143, 36.08945450826849566, 109.0000000000000000 ) ) ;
#488 = CARTESIAN_POINT ( 'NONE',  ( -220.4360245218450132, 8.465318479300560028, 37.99999999999950262 ) ) ;
#489 = CARTESIAN_POINT ( 'NONE',  ( 67.04187621410929410, -25.57463891121309985, 38.00000000000000000 ) ) ;
#490 = VERTEX_POINT ( 'NONE', #3439 ) ;
#491 = ORIENTED_EDGE ( 'NONE', *, *, #5167, .F. ) ;
#492 = CARTESIAN_POINT ( 'NONE',  ( -213.4023682138309823, -35.77173553668789907, 66.00000000000000000 ) ) ;
#494 = CARTESIAN_POINT ( 'NONE',  ( -225.4268269713659834, -33.49572540289410227, 38.00000000000000000 ) ) ;
#493 = CARTESIAN_POINT ( 'NONE',  ( -72.34849402762569071, 39.13827690801469572, 38.00000000000079581 ) ) ;
#495 = CARTESIAN_POINT ( 'NONE',  ( -187.6385768010580080, 17.32613961177139927, 108.9999999999970015 ) ) ;
#496 = VECTOR ( 'NONE', #4550, 1000.000000000000000 ) ;
#497 = EDGE_LOOP ( 'NONE', ( #2197, #16, #336, #5419 ) ) ;
#498 = CARTESIAN_POINT ( 'NONE',  ( -31.81118470111800178, -30.20545336767860078, 58.33329824900719984 ) ) ;
#499 = CARTESIAN_POINT ( 'NONE',  ( 335.5850079209399723, -17.99861935979170013, 25.33323756169180285 ) ) ;
#500 = CARTESIAN_POINT ( 'NONE',  ( 45.30124593464310578, 36.22278765255860122, 76.00000000000000000 ) ) ;
#501 = CARTESIAN_POINT ( 'NONE',  ( 46.96153786633590244, -25.97419989698989795, 76.00000000000000000 ) ) ;
#502 = CARTESIAN_POINT ( 'NONE',  ( 199.8884334200550370, 15.88327138792660165, 12.66657089502520073 ) ) ;
#503 = EDGE_CURVE ( 'NONE', #252, #1650, #3698, .T. ) ;
#504 = CARTESIAN_POINT ( 'NONE',  ( -159.8580311190549992, 26.36961807866060070, 76.00000000000490274 ) ) ;
#505 = DIRECTION ( 'NONE',  ( -2.559780429436040183E-30, 7.202571872255701478E-15, 1.000000000000000000 ) ) ;
#506 = CARTESIAN_POINT ( 'NONE',  ( 7.615206509244860200, -28.20840764985229754, 50.66663158234050712 ) ) ;
#507 = CARTESIAN_POINT ( 'NONE',  ( 262.5239948566399448, 4.605773382177829944, 66.00000000000000000 ) ) ;
#508 = CARTESIAN_POINT ( 'NONE',  ( -227.6246614773740191, 4.256531256442370292, 43.00000000000049738 ) ) ;
#509 = ORIENTED_EDGE ( 'NONE', *, *, #375, .F. ) ;
#510 = ORIENTED_EDGE ( 'NONE', *, *, #3171, .F. ) ;
#512 = CARTESIAN_POINT ( 'NONE',  ( -202.9334702078749899, 12.54056893587360122, 97.99992777755160489 ) ) ;
#511 = CARTESIAN_POINT ( 'NONE',  ( -192.5211039946819938, -35.76098917357380458, 2.842170943040400239E-13 ) ) ;
#513 = CARTESIAN_POINT ( 'NONE',  ( 287.4495271214630066, -0.6188263574008250334, 66.00000000000000000 ) ) ;
#514 = CARTESIAN_POINT ( 'NONE',  ( -247.0482703006899783, -22.36391806759390022, 38.00000000000000000 ) ) ;
#515 = ORIENTED_EDGE ( 'NONE', *, *, #2328, .F. ) ;
#516 = EDGE_CURVE ( 'NONE', #4071, #3921, #1297, .T. ) ;
#517 = ORIENTED_EDGE ( 'NONE', *, *, #993, .T. ) ;
#518 = CARTESIAN_POINT ( 'NONE',  ( 328.3968679815259861, -9.037921382909088308, 109.0000000000000000 ) ) ;
#519 = CARTESIAN_POINT ( 'NONE',  ( -235.2783917835269847, -31.62452590621009918, 76.00000000000000000 ) ) ;
#521 = CARTESIAN_POINT ( 'NONE',  ( 46.73458390038520349, 36.43201916379119609, 25.33323756169180285 ) ) ;
#520 = CARTESIAN_POINT ( 'NONE',  ( -101.7902015938989990, -33.80849940080649674, 25.33323756169180285 ) ) ;
#522 = CARTESIAN_POINT ( 'NONE',  ( -221.9965394129470155, 3.100674565668930072, 109.0000000000000000 ) ) ;
#523 = CARTESIAN_POINT ( 'NONE',  ( -225.6534037493670155, -34.54889056007329629, 109.0000000000000000 ) ) ;
#524 = B_SPLINE_CURVE_WITH_KNOTS ( 'NONE', 3,
 ( #4109, #1357, #4927, #2223, #5824, #4871 ),
 .UNSPECIFIED., .F., .F.,
 ( 4, 2, 4 ),
 ( -2.014742562890119881, -1.007371281445059941, 0.000000000000000000 ),
 .UNSPECIFIED. ) ;
#525 = VERTEX_POINT ( 'NONE', #5199 ) ;
#526 = CARTESIAN_POINT ( 'NONE',  ( 205.2231091480649923, -19.58779818396800110, 50.66663158234050712 ) ) ;
#527 = CARTESIAN_POINT ( 'NONE',  ( 283.7913514668859989, -17.06943905786290117, 58.33329824904929950 ) ) ;
#528 = CARTESIAN_POINT ( 'NONE',  ( 309.0828397670960044, -4.317569670842040352, 109.0000000000000000 ) ) ;
#529 = CARTESIAN_POINT ( 'NONE',  ( 31.05484390023060115, 36.85733391963960059, 86.99992777755048223 ) ) ;
#530 = CARTESIAN_POINT ( 'NONE',  ( -239.0669464073299935, -29.83543974089140249, 109.0000000000000000 ) ) ;
#531 = CARTESIAN_POINT ( 'NONE',  ( 304.9011672092509571, -17.70040384668289946, 38.00000000000000000 ) ) ;
#532 = CARTESIAN_POINT ( 'NONE',  ( -245.3709613564140000, -17.78467310626639986, 76.00000000000000000 ) ) ;
#533 = CARTESIAN_POINT ( 'NONE',  ( -220.3213620895279803, -34.63963722879139340, 43.00000000000000000 ) ) ;
#534 = B_SPLINE_CURVE_WITH_KNOTS ( 'NONE', 3,
 ( #5298, #5655, #5326, #5715, #718, #339 ),
 .UNSPECIFIED., .F., .F.,
 ( 4, 2, 4 ),
 ( -0.5675282182652229279, -0.2837641091326149612, 0.000000000000000000 ),
 .UNSPECIFIED. ) ;
#536 = CARTESIAN_POINT ( 'NONE',  ( 165.1583650697820076, -20.45897590780719710, 66.00000000000000000 ) ) ;
#535 = CARTESIAN_POINT ( 'NONE',  ( -187.0865948020030203, -38.05614562639460274, 109.0000000000000000 ) ) ;
#537 = CARTESIAN_POINT ( 'NONE',  ( -250.2196449571530366, -15.05263837766599977, 2.842170943040390646E-13 ) ) ;
#538 = CARTESIAN_POINT ( 'NONE',  ( -243.5947381047900251, -26.64365535005550001, 58.33329824900719984 ) ) ;
#539 = EDGE_CURVE ( 'NONE', #3536, #1431, #2358, .T. ) ;
#540 = EDGE_LOOP ( 'NONE', ( #1767, #3249, #3220, #5652 ) ) ;
#541 = ORIENTED_EDGE ( 'NONE', *, *, #4097, .F. ) ;
#543 = CARTESIAN_POINT ( 'NONE',  ( -218.5438625929380123, 7.094271065781759589, 76.00000000000000000 ) ) ;
#542 = CARTESIAN_POINT ( 'NONE',  ( -131.1541646857620265, -35.51336566485430524, 38.00000000000000000 ) ) ;
#544 = CARTESIAN_POINT ( 'NONE',  ( 184.8487059047820082, -19.74393653149359906, 66.00000000000000000 ) ) ;
#545 = CARTESIAN_POINT ( 'NONE',  ( 309.0828397670960044, -4.317569670842040352, 109.0000000000000000 ) ) ;
#546 = ORIENTED_EDGE ( 'NONE', *, *, #5776, .F. ) ;
#547 = ADVANCED_FACE ( 'NONE', ( #5641 ), #1261, .T. ) ;
#548 = VERTEX_POINT ( 'NONE', #4395 ) ;
#549 = CARTESIAN_POINT ( 'NONE',  ( -209.9522360750449934, -35.63286501492390101, 43.00000000000000000 ) ) ;
#550 = B_SPLINE_CURVE_WITH_KNOTS ( 'NONE', 3,
 ( #5375, #2285, #4487, #447 ),
 .UNSPECIFIED., .F., .F.,
 ( 4, 4 ),
 ( 0.03383747857135580017, 0.04852974931344310183 ),
 .UNSPECIFIED. ) ;
#551 = CARTESIAN_POINT ( 'NONE',  ( 20.00000000000000355, -4.440892098500630106E-15, 66.00000000000000000 ) ) ;
#553 = CARTESIAN_POINT ( 'NONE',  ( 378.1487052401259348, 0.000000000000000000, 109.0000000000000000 ) ) ;
#552 = CARTESIAN_POINT ( 'NONE',  ( -131.6093688024490120, -35.35822612544360055, 25.33323756169180285 ) ) ;
#554 = CARTESIAN_POINT ( 'NONE',  ( -232.6915329494960076, -3.124063072394700047, 109.0000000000000000 ) ) ;
#555 = CARTESIAN_POINT ( 'NONE',  ( -12.52954795902900109, 39.66707027478229719, 38.00000000000319744 ) ) ;
#556 = B_SPLINE_SURFACE_WITH_KNOTS ( 'NONE', 3, 3, ( 
 ( #3700, #2791, #118, #1949 ),
 ( #3353, #178, #5048, #3788 ),
 ( #4574, #526, #2821, #5110 ),
 ( #1891, #3732, #4691, #2311 ) ),
 .UNSPECIFIED., .F., .F., .F.,
 ( 4, 4 ),
 ( 4, 4 ),
 ( 0.000000000000000000, 1.000000000000000000 ),
 ( 0.01914501489605319878, 0.02938523722594680102 ),
 .UNSPECIFIED. ) ;
#557 = ORIENTED_EDGE ( 'NONE', *, *, #761, .F. ) ;
#558 = CARTESIAN_POINT ( 'NONE',  ( 344.5672585793809617, -14.31336901666380079, 86.99992777755048223 ) ) ;
#559 = CARTESIAN_POINT ( 'NONE',  ( 347.4788967604150116, -19.38098124309850334, 2.842170943040400239E-13 ) ) ;
#560 = EDGE_CURVE ( 'NONE', #2007, #2773, #4310, .T. ) ;
#561 = CARTESIAN_POINT ( 'NONE',  ( 224.3127681920570069, 12.03913208407500157, 43.00000000000000000 ) ) ;
#562 = CARTESIAN_POINT ( 'NONE',  ( 302.4098830344499902, -4.112806708950380141, 66.00000000000000000 ) ) ;
#563 = CARTESIAN_POINT ( 'NONE',  ( -242.5210502734589966, -27.20290976656189841, 76.00000000000000000 ) ) ;
#564 = CARTESIAN_POINT ( 'NONE',  ( -229.5008218477039748, -32.72109941584530191, 43.00000000000000000 ) ) ;
#565 = COLOUR_RGB ( '',0.7921568627450980005, 0.8196078431372548767, 0.9333333333333333481 ) ;
#566 = CARTESIAN_POINT ( 'NONE',  ( 314.8128693973440022, -17.52264409292549985, 38.00000000000000000 ) ) ;
#567 = CARTESIAN_POINT ( 'NONE',  ( 222.6465009356520000, 12.72565262696880062, 66.00000000000000000 ) ) ;
#568 = CARTESIAN_POINT ( 'NONE',  ( -243.3945120588930138, -26.86856117019580026, 58.33329824900719984 ) ) ;
#569 = ORIENTED_EDGE ( 'NONE', *, *, #4747, .T. ) ;
#570 = ORIENTED_EDGE ( 'NONE', *, *, #2483, .F. ) ;
#572 = CARTESIAN_POINT ( 'NONE',  ( -203.7016700434089955, 12.81864051767389867, 86.99992777755129225 ) ) ;
#571 = CARTESIAN_POINT ( 'NONE',  ( -101.4254305635829922, -33.90955279526070143, 38.00000000000000000 ) ) ;
#573 = CARTESIAN_POINT ( 'NONE',  ( 28.43920069672999773, 37.41940490883210657, 33.00000000000000000 ) ) ;
#574 = CARTESIAN_POINT ( 'NONE',  ( -71.97102368228449620, -32.25877263377780224, 25.33323756169170338 ) ) ;
#575 = ORIENTED_EDGE ( 'NONE', *, *, #4029, .T. ) ;
#576 = ORIENTED_EDGE ( 'NONE', *, *, #4386, .T. ) ;
#577 = CARTESIAN_POINT ( 'NONE',  ( 125.7163162045540048, 27.75404853330459787, 38.00000000000000000 ) ) ;
#578 = CARTESIAN_POINT ( 'NONE',  ( 224.2293875747839991, -18.31385777886640298, 66.00000000000000000 ) ) ;
#580 = CARTESIAN_POINT ( 'NONE',  ( 87.47890417223879922, 32.33901713897289909, 2.842170943040400239E-13 ) ) ;
#579 = CARTESIAN_POINT ( 'NONE',  ( -121.2445866450359944, -34.97876137498980142, 38.00000000000000000 ) ) ;
#581 = STYLED_ITEM ( 'NONE', ( #5200 ), #1738 ) ;
#582 = ADVANCED_FACE ( 'NONE', ( #2154 ), #2582, .T. ) ;
#583 = CARTESIAN_POINT ( 'NONE',  ( -129.6380644293730029, 31.15666277901230075, 109.0000000000069917 ) ) ;
#584 = EDGE_CURVE ( 'NONE', #2484, #3524, #3258, .T. ) ;
#585 = CARTESIAN_POINT ( 'NONE',  ( 1.677646759383210062, 38.82352164934919614, 43.00000000000000000 ) ) ;
#586 = ORIENTED_EDGE ( 'NONE', *, *, #469, .F. ) ;
#587 = CARTESIAN_POINT ( 'NONE',  ( 353.2997279817799949, -19.38098124309850334, 2.842170943040400239E-13 ) ) ;
#588 = CARTESIAN_POINT ( 'NONE',  ( 146.3234404804520068, -22.13047514227780255, 38.00000000000000000 ) ) ;
#589 = CARTESIAN_POINT ( 'NONE',  ( 226.8563514902999998, -20.43007631094850041, 12.66657089502520073 ) ) ;
#590 = CARTESIAN_POINT ( 'NONE',  ( 329.2240780929419657, -10.97059043160290059, 58.33329824900719984 ) ) ;
#591 = CARTESIAN_POINT ( 'NONE',  ( -204.4672438855780001, 13.09046222488569988, 76.00000000000000000 ) ) ;
#592 = EDGE_CURVE ( 'NONE', #2977, #5541, #2313, .T. ) ;
#593 = CARTESIAN_POINT ( 'NONE',  ( -238.4945904373470000, -30.13833025946900079, 43.00000000000000000 ) ) ;
#594 = CARTESIAN_POINT ( 'NONE',  ( -71.97102368228449620, -32.25877263377780224, 25.33323756169180285 ) ) ;
#595 = CARTESIAN_POINT ( 'NONE',  ( -6.571048251071720081, 39.83608222594009618, 2.842170943040600168E-13 ) ) ;
#597 = CARTESIAN_POINT ( 'NONE',  ( -12.23851173522569979, -29.21708128770110235, 38.00000000000000000 ) ) ;
#596 = CARTESIAN_POINT ( 'NONE',  ( 47.47890531251950108, -27.00097262845480017, 2.842170943040400239E-13 ) ) ;
#598 = CARTESIAN_POINT ( 'NONE',  ( -162.3684660879409876, 28.76678487370529780, 2.842170943040230097E-13 ) ) ;
#599 = CARTESIAN_POINT ( 'NONE',  ( -245.7783581727040030, -14.26959261284729941, 58.33329824900729932 ) ) ;
#600 = LINE ( 'NONE', #2475, #1263 ) ;
#601 = B_SPLINE_CURVE_WITH_KNOTS ( 'NONE', 3,
 ( #5099, #1053, #5572, #3834, #4244, #5632 ),
 .UNSPECIFIED., .F., .F.,
 ( 4, 2, 4 ),
 ( -5.926051376669479787, -2.963025688334739893, 0.000000000000000000 ),
 .UNSPECIFIED. ) ;
#602 = VERTEX_POINT ( 'NONE', #5341 ) ;
#603 = CARTESIAN_POINT ( 'NONE',  ( 217.7074335322010086, 13.18736427386450138, 43.00000000000000000 ) ) ;
#605 = CARTESIAN_POINT ( 'NONE',  ( -211.3996903409280037, 8.910708877834881747, 97.99992777755120699 ) ) ;
#604 = CARTESIAN_POINT ( 'NONE',  ( -131.7914777784939702, 32.91177505765949718, 43.00000000000099476 ) ) ;
#606 = CARTESIAN_POINT ( 'NONE',  ( 227.4789001812560230, 10.73901488381169855, 2.842170943040400239E-13 ) ) ;
#607 = CARTESIAN_POINT ( 'NONE',  ( -81.11783843254380599, -32.94360748476899658, 58.33329824900719984 ) ) ;
#608 = B_SPLINE_SURFACE_WITH_KNOTS ( 'NONE', 3, 3, ( 
 ( #3151, #396, #3205, #2198 ),
 ( #2167, #1335, #34, #1361 ),
 ( #892, #4960, #2767, #3565 ),
 ( #4464, #2652, #3121, #5378 ) ),
 .UNSPECIFIED., .F., .F., .F.,
 ( 4, 4 ),
 ( 4, 4 ),
 ( 0.000000000000000000, 1.000000000000000000 ),
 ( 0.03383747857135580017, 0.04852974931344310183 ),
 .UNSPECIFIED. ) ;
#609 = CARTESIAN_POINT ( 'NONE',  ( 106.9386976853189992, 30.32859936315319871, 12.66657089502520073 ) ) ;
#610 = CARTESIAN_POINT ( 'NONE',  ( -218.4575152540339786, -35.50099388299560133, 76.00000000000000000 ) ) ;
#612 = CARTESIAN_POINT ( 'NONE',  ( 282.6725401511230302, -16.22029076952539839, 76.00000000000000000 ) ) ;
#611 = CARTESIAN_POINT ( 'NONE',  ( -112.5211008922809981, -34.08100271475620247, 2.842170943040400239E-13 ) ) ;
#613 = CARTESIAN_POINT ( 'NONE',  ( -233.0481562005549847, -3.404773157549370044, 109.0000000000000000 ) ) ;
#614 = B_SPLINE_CURVE_WITH_KNOTS ( 'NONE', 3,
 ( #5236, #1192, #4348, #5710 ),
 .UNSPECIFIED., .F., .F.,
 ( 4, 4 ),
 ( 0.03383747857135619569, 0.04852974931344310183 ),
 .UNSPECIFIED. ) ;
#615 = CARTESIAN_POINT ( 'NONE',  ( 20.00000000000000355, -4.440892098500630106E-15, 33.00000000000000000 ) ) ;
#616 = ORIENTED_EDGE ( 'NONE', *, *, #2796, .T. ) ;
#617 = FACE_OUTER_BOUND ( 'NONE', #3451, .T. ) ;
#618 = FILL_AREA_STYLE_COLOUR ( '', #1340 ) ;
#619 = CARTESIAN_POINT ( 'NONE',  ( 115.5776649368119990, 29.17430491143039717, 43.00000000000000000 ) ) ;
#620 = CARTESIAN_POINT ( 'NONE',  ( 318.9825400656069974, -8.600249795203650294, 50.66663158234050712 ) ) ;
#621 = CARTESIAN_POINT ( 'NONE',  ( -244.7403944410100110, -23.61988300495800175, 76.00000000000000000 ) ) ;
#622 = CARTESIAN_POINT ( 'NONE',  ( 17.32337542014359855, 37.63015099686419518, 76.00000000000000000 ) ) ;
#623 = CARTESIAN_POINT ( 'NONE',  ( 349.4191738342030362, -19.38098124309850334, 2.842170943040400239E-13 ) ) ;
#624 = CARTESIAN_POINT ( 'NONE',  ( 4.518398229124839460, 39.15962800498620311, 2.842170943040400239E-13 ) ) ;
#625 = CARTESIAN_POINT ( 'NONE',  ( 222.1061676593240009, -16.63998209042600251, 109.0000000000000000 ) ) ;
#626 = CARTESIAN_POINT ( 'NONE',  ( -142.2568652639210143, 31.98655634131110403, 12.66657089502520073 ) ) ;
#627 = CARTESIAN_POINT ( 'NONE',  ( -243.1287925175850262, -26.88673649729069837, 66.00000000000000000 ) ) ;
#628 = EDGE_CURVE ( 'NONE', #1239, #937, #759, .T. ) ;
#629 = EDGE_LOOP ( 'NONE', ( #9, #5141, #4566, #1223, #4773, #1564, #5351, #3479 ) ) ;
#630 = PLANE ( 'NONE',  #2976 ) ;
#632 = CARTESIAN_POINT ( 'NONE',  ( -179.0578267361619851, 20.66750666773970124, 86.99992777754928852 ) ) ;
#631 = CARTESIAN_POINT ( 'NONE',  ( -220.1851479162799876, 8.278729373463379559, 43.00000000000079581 ) ) ;
#633 = CARTESIAN_POINT ( 'NONE',  ( 204.8301897201390034, 15.35353414482349876, 38.00000000000000000 ) ) ;
#634 = CARTESIAN_POINT ( 'NONE',  ( 294.5679291220610025, -3.061693093294650225, 38.00000000000000000 ) ) ;
#635 = CARTESIAN_POINT ( 'NONE',  ( 106.4045330010399937, 30.41748711019399920, 25.33323756169180285 ) ) ;
#636 = CARTESIAN_POINT ( 'NONE',  ( -227.5765082697519972, -33.64407913551700346, 76.00000000000000000 ) ) ;
#638 = CARTESIAN_POINT ( 'NONE',  ( 312.1425570884530316, -15.51683465308649978, 76.00000000000000000 ) ) ;
#637 = CARTESIAN_POINT ( 'NONE',  ( -149.4328294794069905, -36.75519176029879986, 76.00000000000000000 ) ) ;
#639 = CARTESIAN_POINT ( 'NONE',  ( -21.96182582274040129, 38.89939587705019619, 86.99992777754559370 ) ) ;
#640 = CARTESIAN_POINT ( 'NONE',  ( -49.74716959645310510, 39.34665596955819922, 38.00000000000270006 ) ) ;
#641 = ORIENTED_EDGE ( 'NONE', *, *, #1739, .F. ) ;
#642 = CARTESIAN_POINT ( 'NONE',  ( 325.1455455832959842, -9.345472936371558959, 76.00000000000000000 ) ) ;
#643 =( LENGTH_UNIT ( ) NAMED_UNIT ( * ) SI_UNIT ( .MILLI., .METRE. ) );
#644 = CARTESIAN_POINT ( 'NONE',  ( 105.6682553198260024, 30.54044529118739959, 43.00000000000000000 ) ) ;
#645 = CARTESIAN_POINT ( 'NONE',  ( 313.5638353233770204, -7.208775283395640443, 50.66663158234050712 ) ) ;
#646 = AXIS2_PLACEMENT_3D ( 'NONE', #1221, #3034, #3061 ) ;
#647 = B_SPLINE_SURFACE_WITH_KNOTS ( 'NONE', 3, 3, ( 
 ( #1167, #2979, #4326, #283 ),
 ( #3886, #3010, #4794, #748 ),
 ( #2564, #2170, #3975, #4008 ),
 ( #1227, #810, #5828, #1337 ) ),
 .UNSPECIFIED., .F., .F., .F.,
 ( 4, 4 ),
 ( 4, 4 ),
 ( 0.000000000000000000, 1.000000000000000000 ),
 ( 0.03383747857135580017, 0.04852974931344319898 ),
 .UNSPECIFIED. ) ;
#648 = CARTESIAN_POINT ( 'NONE',  ( 225.3630834619139875, -19.22141320142250009, 43.00000000000000000 ) ) ;
#649 = CARTESIAN_POINT ( 'NONE',  ( 346.3803055188540156, -14.93367880710250084, 76.00000000000000000 ) ) ;
#650 = CARTESIAN_POINT ( 'NONE',  ( -92.52110145417231024, -33.12099832052189896, 2.842170943040400239E-13 ) ) ;
#651 = CARTESIAN_POINT ( 'NONE',  ( -49.76266848452569747, 39.57959073310910014, 25.33323756169450292 ) ) ;
#652 = EDGE_CURVE ( 'NONE', #1351, #5295, #2896, .T. ) ;
#653 = CARTESIAN_POINT ( 'NONE',  ( -75.56328843724209321, 39.74606574071160026, 2.842170943040450221E-13 ) ) ;
#654 = CARTESIAN_POINT ( 'NONE',  ( -162.6712513894400161, 28.69996623536149727, 2.842170943040230097E-13 ) ) ;
#655 = CARTESIAN_POINT ( 'NONE',  ( 286.6792071659889984, -19.29440501066970270, 12.66657089502520073 ) ) ;
#656 = AXIS2_PLACEMENT_3D ( 'NONE', #3089, #769, #1693 ) ;
#657 = EDGE_LOOP ( 'NONE', ( #3829, #2672, #25, #730 ) ) ;
#658 = CARTESIAN_POINT ( 'NONE',  ( 216.3469727029110174, 14.52373374735869938, 109.0000000000000000 ) ) ;
#659 = CARTESIAN_POINT ( 'NONE',  ( 312.8456841105669923, -16.04152506433390002, 66.00000000000000000 ) ) ;
#661 = CARTESIAN_POINT ( 'NONE',  ( -241.1841633887530065, -27.89331799578869919, 97.99992777755049644 ) ) ;
#660 = CARTESIAN_POINT ( 'NONE',  ( -244.2141375918759820, -8.823344544069149364, 43.00000000000000000 ) ) ;
#662 = EDGE_CURVE ( 'NONE', #5784, #3739, #2600, .T. ) ;
#663 = CARTESIAN_POINT ( 'NONE',  ( 331.7417272399579815, -11.34919691313789869, 66.00000000000000000 ) ) ;
#664 = CARTESIAN_POINT ( 'NONE',  ( 202.6177172217969940, -17.47875014142629979, 109.0000000000000000 ) ) ;
#665 = CARTESIAN_POINT ( 'NONE',  ( 104.3101863013669970, 30.76811546359280314, 76.00000000000000000 ) ) ;
#667 = CARTESIAN_POINT ( 'NONE',  ( -185.4243705227089833, -36.67270721339409789, 43.00000000000000000 ) ) ;
#666 = CARTESIAN_POINT ( 'NONE',  ( -71.49153488699670334, 38.35309245147220025, 75.99999999999781153 ) ) ;
#668 = CARTESIAN_POINT ( 'NONE',  ( -13.49931123146149936, 38.74997343388680093, 108.9999999999940030 ) ) ;
#669 = EDGE_LOOP ( 'NONE', ( #517, #5725, #5223, #3111 ) ) ;
#670 = CARTESIAN_POINT ( 'NONE',  ( -12.52109297705949942, -29.40099839825409944, 2.842170943040400239E-13 ) ) ;
#671 = CARTESIAN_POINT ( 'NONE',  ( 66.98413612641620318, -25.49272899184290253, 43.00000000000000000 ) ) ;
#672 = APPLICATION_PROTOCOL_DEFINITION ( 'draft international standard', 'automotive_design', 1998, #2242 ) ;
#673 = CARTESIAN_POINT ( 'NONE',  ( 163.3487179307990118, 22.95111848685850120, 76.00000000000000000 ) ) ;
#674 = CARTESIAN_POINT ( 'NONE',  ( 226.8563514902999998, -20.43007631094819843, 12.66657089503359934 ) ) ;
#675 = CARTESIAN_POINT ( 'NONE',  ( -212.2863820711459937, -34.56448114053070242, 2.842170943040400239E-13 ) ) ;
#676 = CARTESIAN_POINT ( 'NONE',  ( -72.52109126663849281, -32.16099358256839480, 2.842170943040400239E-13 ) ) ;
#677 = CARTESIAN_POINT ( 'NONE',  ( -12.65654529068759970, 40.19849804223260037, 2.842170943040650150E-13 ) ) ;
#678 = CARTESIAN_POINT ( 'NONE',  ( 281.2783506473840021, -15.16978326448440129, 97.99992777755049644 ) ) ;
#679 = CARTESIAN_POINT ( 'NONE',  ( -202.8904413385060082, -37.10124627876039938, 86.99992777755048223 ) ) ;
#680 = CARTESIAN_POINT ( 'NONE',  ( -102.5211011773509995, -33.60100043170930206, 2.842170943040400239E-13 ) ) ;
#681 = B_SPLINE_CURVE_WITH_KNOTS ( 'NONE', 3,
 ( #4878, #2201, #1094, #4634, #5079, #2822 ),
 .UNSPECIFIED., .F., .F.,
 ( 4, 2, 4 ),
 ( -5.941513836184450170, -2.970756918092230414, 8.881784197001252323E-16 ),
 .UNSPECIFIED. ) ;
#682 = CARTESIAN_POINT ( 'NONE',  ( 20.00000000000000355, -4.440892098500630106E-15, 38.00000000000000000 ) ) ;
#683 = B_SPLINE_CURVE_WITH_KNOTS ( 'NONE', 3,
 ( #1418, #887, #4484, #444, #3612, #3231, #5014, #2344, #1447, #1507, #2465, #1064, #4255, #5520 ),
 .UNSPECIFIED., .F., .F.,
 ( 4, 2, 2, 2, 2, 2, 4 ),
 ( 0.000000000000000000, 0.1385760392095659876, 0.2369790615009839951, 0.2918638265003040133, 0.6183552821918879561, 0.6525474623266860341, 1.000000000000000000 ),
 .UNSPECIFIED. ) ;
#684 = EDGE_CURVE ( 'NONE', #2962, #338, #5555, .T. ) ;
#685 = EDGE_LOOP ( 'NONE', ( #2443, #4020, #3252, #207 ) ) ;
#686 = CARTESIAN_POINT ( 'NONE',  ( 105.0330945671319824, 30.64671288892250089, 58.33329824900719984 ) ) ;
#687 = EDGE_LOOP ( 'NONE', ( #5807, #3816, #220, #4126 ) ) ;
#688 = CARTESIAN_POINT ( 'NONE',  ( 241.8550988260659835, 9.006861609915141287, 76.00000000000000000 ) ) ;
#690 = CARTESIAN_POINT ( 'NONE',  ( -234.5058392977570065, -1.939873848468400164, 76.00000000000000000 ) ) ;
#689 = CARTESIAN_POINT ( 'NONE',  ( -234.3183205590839862, 0.6103182884388360652, 43.00000000000000000 ) ) ;
#691 = CARTESIAN_POINT ( 'NONE',  ( 4.440892098500630106E-15, -4.440892098500630106E-15, 33.00000000000000000 ) ) ;
#692 = EDGE_CURVE ( 'NONE', #1650, #5367, #4216, .T. ) ;
#693 = ORIENTED_EDGE ( 'NONE', *, *, #3689, .T. ) ;
#694 = CARTESIAN_POINT ( 'NONE',  ( 164.0296026098540096, -19.48673802870440142, 97.99992777755049644 ) ) ;
#696 = CARTESIAN_POINT ( 'NONE',  ( 164.8058469338860164, -20.15407369682240102, 76.00000000000000000 ) ) ;
#695 = CARTESIAN_POINT ( 'NONE',  ( -101.1656038481440021, 36.00021402217180366, 76.00000000000000000 ) ) ;
#697 = AXIS2_PLACEMENT_3D ( 'NONE', #1209, #4366, #323 ) ;
#698 = CARTESIAN_POINT ( 'NONE',  ( -246.0074707309190103, -9.698654290807020573, 25.33323756169160035 ) ) ;
#699 = CARTESIAN_POINT ( 'NONE',  ( -38.60482693647350061, 38.80460025355159814, 75.99999999998421174 ) ) ;
#700 = CARTESIAN_POINT ( 'NONE',  ( -60.75302834826959497, 39.15059757415389896, 43.00000000000000000 ) ) ;
#701 = EDGE_CURVE ( 'NONE', #1664, #4128, #3942, .T. ) ;
#702 = ORIENTED_EDGE ( 'NONE', *, *, #3200, .F. ) ;
#703 = CARTESIAN_POINT ( 'NONE',  ( 241.5976046100229837, -15.97667983893969890, 109.0000000000000000 ) ) ;
#704 = B_SPLINE_SURFACE_WITH_KNOTS ( 'NONE', 3, 3, ( 
 ( #1884, #5042, #4600, #3726 ),
 ( #637, #3694, #1942, #3783 ),
 ( #4249, #3756, #1029, #4160 ),
 ( #964, #2337, #3318, #1529 ) ),
 .UNSPECIFIED., .F., .F., .F.,
 ( 4, 4 ),
 ( 4, 4 ),
 ( 0.000000000000000000, 1.000000000000000000 ),
 ( 0.03383747857135580017, 0.04852974931344310183 ),
 .UNSPECIFIED. ) ;
#705 = CARTESIAN_POINT ( 'NONE',  ( -233.9635385682349806, -32.26747462465559835, 97.99992777755061013 ) ) ;
#706 = CARTESIAN_POINT ( 'NONE',  ( 174.4564713332810015, 21.42658492001239878, 109.0000000000000000 ) ) ;
#707 = CARTESIAN_POINT ( 'NONE',  ( -204.8229663216019958, -36.25452402082160575, 50.66663158234050712 ) ) ;
#708 = CARTESIAN_POINT ( 'NONE',  ( 0.000000000000000000, -3.601282899375759661E-14, -5.000000000000000000 ) ) ;
#709 = CARTESIAN_POINT ( 'NONE',  ( 347.4788967604150116, -19.38098124309850334, 2.842170943040400239E-13 ) ) ;
#710 = CARTESIAN_POINT ( 'NONE',  ( -38.27379643415459753, 39.87843970471019617, 12.66657089502520073 ) ) ;
#711 = CARTESIAN_POINT ( 'NONE',  ( -102.5211011773509995, 37.85900033031940382, 2.842170943040400239E-13 ) ) ;
#712 = CARTESIAN_POINT ( 'NONE',  ( -132.6414238409269899, 34.17713916935659313, 2.842170943040710229E-13 ) ) ;
#713 = CARTESIAN_POINT ( 'NONE',  ( 306.6203710948400385, -19.01554992030839841, 12.66657089502520073 ) ) ;
#714 = DIRECTION ( 'NONE',  ( 1.000000000000000000, 0.000000000000000000, 0.000000000000000000 ) ) ;
#715 = ORIENTED_EDGE ( 'NONE', *, *, #3281, .T. ) ;
#716 = CARTESIAN_POINT ( 'NONE',  ( -46.40418053904385687, 7.460028719772268779, 32.99999999999994316 ) ) ;
#717 = VERTEX_POINT ( 'NONE', #935 ) ;
#718 = CARTESIAN_POINT ( 'NONE',  ( 340.0084969416379863, -13.11198969731880126, 109.0000000000000000 ) ) ;
#719 = ADVANCED_FACE ( 'NONE', ( #4894 ), #829, .T. ) ;
#720 = CARTESIAN_POINT ( 'NONE',  ( 115.9370797207060093, -22.68974112012520195, 66.00000000000000000 ) ) ;
#722 = CARTESIAN_POINT ( 'NONE',  ( -232.6915329494960076, -3.124063072394700047, 109.0000000000000000 ) ) ;
#721 = CARTESIAN_POINT ( 'NONE',  ( -238.8741601505350047, -2.706459863238890318, 43.00000000000000000 ) ) ;
#723 = CARTESIAN_POINT ( 'NONE',  ( -179.8671944097880271, 21.35964645716869725, 66.00000000000100897 ) ) ;
#724 = B_SPLINE_CURVE_WITH_KNOTS ( 'NONE', 3,
 ( #1302, #5790, #5286, #3471, #2095, #3114 ),
 .UNSPECIFIED., .F., .F.,
 ( 4, 2, 4 ),
 ( -5.897245825035810185, -2.948622912517900208, 0.000000000000000000 ),
 .UNSPECIFIED. ) ;
#725 = EDGE_LOOP ( 'NONE', ( #100, #835, #2144, #2371 ) ) ;
#727 = CARTESIAN_POINT ( 'NONE',  ( -100.5712753914639990, 35.20591586082760216, 109.0000000000000000 ) ) ;
#726 = CARTESIAN_POINT ( 'NONE',  ( -7.501313497281599574, 38.88906715182750418, 75.99999999999670308 ) ) ;
#728 = CARTESIAN_POINT ( 'NONE',  ( -71.90894337895529986, 38.72009640791799967, 58.33329824900580007 ) ) ;
#729 = EDGE_CURVE ( 'NONE', #4030, #3304, #754, .T. ) ;
#730 = ORIENTED_EDGE ( 'NONE', *, *, #684, .T. ) ;
#731 = CARTESIAN_POINT ( 'NONE',  ( 105.8819437403970056, -22.91677482271290245, 76.00000000000000000 ) ) ;
#732 = CARTESIAN_POINT ( 'NONE',  ( 351.3132219585219786, -17.87667170652460058, 25.33323756169180285 ) ) ;
#733 = CARTESIAN_POINT ( 'NONE',  ( 299.1337955627229803, -2.084011954777449827, 109.0000000000000000 ) ) ;
#734 = CARTESIAN_POINT ( 'NONE',  ( 227.4789001812560230, 10.73901488381169855, 2.842170943040400239E-13 ) ) ;
#735 = EDGE_CURVE ( 'NONE', #2386, #1880, #1816, .T. ) ;
#736 = CARTESIAN_POINT ( 'NONE',  ( 335.8364143357050580, -13.19881597323559852, 43.00000000000000000 ) ) ;
#737 = CARTESIAN_POINT ( 'NONE',  ( -237.8730898633940001, -30.15436233195890026, 2.842170943040400239E-13 ) ) ;
#738 = CARTESIAN_POINT ( 'NONE',  ( -192.5211039946819938, -35.76098917357380458, 2.842170943040400239E-13 ) ) ;
#739 = CARTESIAN_POINT ( 'NONE',  ( -75.21739569233039902, 38.92146117573489761, 38.00000000000079581 ) ) ;
#740 = CARTESIAN_POINT ( 'NONE',  ( -167.5881852664219878, -37.80229616597210196, 109.0000000000000000 ) ) ;
#741 = CARTESIAN_POINT ( 'NONE',  ( -77.76519697631320582, 38.61572863914150844, 42.99999999999860023 ) ) ;
#742 = CARTESIAN_POINT ( 'NONE',  ( 86.40532324490959581, -24.12667232823390151, 66.00000000000000000 ) ) ;
#743 = ORIENTED_EDGE ( 'NONE', *, *, #5458, .F. ) ;
#744 = CARTESIAN_POINT ( 'NONE',  ( 27.37713116030329985, 37.47929227635670202, 33.00000000000000000 ) ) ;
#745 = ORIENTED_EDGE ( 'NONE', *, *, #3355, .F. ) ;
#746 = B_SPLINE_CURVE_WITH_KNOTS ( 'NONE', 3,
 ( #884, #5400, #2758, #2641 ),
 .UNSPECIFIED., .F., .F.,
 ( 4, 4 ),
 ( 0.03383747857135580017, 0.04852974931344310183 ),
 .UNSPECIFIED. ) ;
#747 = FACE_OUTER_BOUND ( 'NONE', #4977, .T. ) ;
#748 = CARTESIAN_POINT ( 'NONE',  ( 213.1117053011870155, 15.05494149100620049, 109.0000000000000000 ) ) ;
#750 = CARTESIAN_POINT ( 'NONE',  ( -241.1181464600410038, -12.66127952098930187, 109.0000000000000000 ) ) ;
#749 = CARTESIAN_POINT ( 'NONE',  ( -102.5211011773509995, 37.85900033031940382, 2.842170943040400239E-13 ) ) ;
#751 = CARTESIAN_POINT ( 'NONE',  ( -161.2494475330269950, 27.33421850138620002, 42.99999999999930367 ) ) ;
#752 = ORIENTED_EDGE ( 'NONE', *, *, #2766, .F. ) ;
#753 = B_SPLINE_SURFACE_WITH_KNOTS ( 'NONE', 3, 3, ( 
 ( #4192, #5512, #3254, #2426 ),
 ( #142, #4221, #171, #5451 ),
 ( #4628, #113, #1501, #1058 ),
 ( #2453, #1913, #1975, #5009 ) ),
 .UNSPECIFIED., .F., .F., .F.,
 ( 4, 4 ),
 ( 4, 4 ),
 ( 0.000000000000000000, 1.000000000000000000 ),
 ( 0.03383747857135580017, 0.04852974931344310183 ),
 .UNSPECIFIED. ) ;
#754 = B_SPLINE_CURVE_WITH_KNOTS ( 'NONE', 3,
 ( #2878, #3757, #4161, #1885, #2338, #1914 ),
 .UNSPECIFIED., .F., .F.,
 ( 4, 2, 4 ),
 ( -5.945406189377670181, -2.972703073386949946, 0.000000000000000000 ),
 .UNSPECIFIED. ) ;
#756 = PLANE ( 'NONE',  #1924 ) ;
#755 = CARTESIAN_POINT ( 'NONE',  ( 287.4788984708349631, -19.92099996041150334, 2.842170943040400239E-13 ) ) ;
#757 = CARTESIAN_POINT ( 'NONE',  ( -13.00688879220170158, 39.41253731826780182, 58.33329824900729932 ) ) ;
#758 = ORIENTED_EDGE ( 'NONE', *, *, #1085, .T. ) ;
#759 = B_SPLINE_CURVE_WITH_KNOTS ( 'NONE', 3,
 ( #3991, #1327, #5399, #1299, #3141, #3636 ),
 .UNSPECIFIED., .F., .F.,
 ( 4, 2, 4 ),
 ( -1.475510173771299893, -0.7377550868856449506, 0.000000000000000000 ),
 .UNSPECIFIED. ) ;
#760 = CARTESIAN_POINT ( 'NONE',  ( 343.8141926008399878, -15.44523281199239939, 38.00000000000000000 ) ) ;
#761 = EDGE_CURVE ( 'NONE', #1795, #4266, #3932, .T. ) ;
#762 = EDGE_CURVE ( 'NONE', #2379, #2781, #2001, .T. ) ;
#763 = CARTESIAN_POINT ( 'NONE',  ( -225.3411029447370026, 8.266987183583028198, 2.842170943040370451E-13 ) ) ;
#764 = DIRECTION ( 'NONE',  ( -0.9705973571093169383, 0.2407088913447299749, 0.000000000000000000 ) ) ;
#765 = DIRECTION ( 'NONE',  ( 1.000000000000000000, 0.000000000000000000, 0.000000000000000000 ) ) ;
#766 = CARTESIAN_POINT ( 'NONE',  ( -199.4801256727959924, -36.62656639630040445, 58.33329824900719984 ) ) ;
#767 = CARTESIAN_POINT ( 'NONE',  ( -210.2235133347560065, -35.51008776063800099, 38.00000000000000000 ) ) ;
#768 = CARTESIAN_POINT ( 'NONE',  ( -129.0011664725799960, -36.23150307977359574, 97.99992777755049644 ) ) ;
#769 = DIRECTION ( 'NONE',  ( -1.540743955509790051E-33, 7.202571872255701478E-15, 1.000000000000000000 ) ) ;
#770 = CARTESIAN_POINT ( 'NONE',  ( -221.6961755400529910, 9.390712232319559760, 12.66657089502520073 ) ) ;
#771 = CARTESIAN_POINT ( 'NONE',  ( -38.72880011006930090, 39.35896733535410164, 43.00000000000380140 ) ) ;
#772 = DIRECTION ( 'NONE',  ( 0.9992009701778946651, 0.03996775194521119678, 0.000000000000000000 ) ) ;
#773 = AXIS2_PLACEMENT_3D ( 'NONE', #1244, #5228, #765 ) ;
#774 = EDGE_CURVE ( 'NONE', #3423, #467, #197, .T. ) ;
#775 = ORIENTED_EDGE ( 'NONE', *, *, #3889, .T. ) ;
#776 = CARTESIAN_POINT ( 'NONE',  ( 28.43920069672999773, 37.41940490883210657, 33.00000000000000000 ) ) ;
#777 = ORIENTED_EDGE ( 'NONE', *, *, #1615, .T. ) ;
#778 = CARTESIAN_POINT ( 'NONE',  ( 261.7822380499239898, 4.991516164199349959, 76.00000000000000000 ) ) ;
#779 = CARTESIAN_POINT ( 'NONE',  ( 328.6284722090210266, -10.56002735241890100, 66.00000000000000000 ) ) ;
#781 = CARTESIAN_POINT ( 'NONE',  ( -242.4042264657569774, -11.89499553686970046, 86.99992777755048223 ) ) ;
#780 = CARTESIAN_POINT ( 'NONE',  ( -234.1814722302510177, -0.8987738436547009213, 66.00000000000000000 ) ) ;
#782 = CARTESIAN_POINT ( 'NONE',  ( -190.5651393969599781, 19.14477157224360226, 50.66663158234130293 ) ) ;
#783 = AXIS2_PLACEMENT_3D ( 'NONE', #1667, #4767, #3539 ) ;
#784 = EDGE_CURVE ( 'NONE', #1165, #397, #4223, .T. ) ;
#785 = ORIENTED_EDGE ( 'NONE', *, *, #1017, .T. ) ;
#786 = CARTESIAN_POINT ( 'NONE',  ( 45.57935299744290347, 36.26366790385089445, 66.00000000000000000 ) ) ;
#788 = CARTESIAN_POINT ( 'NONE',  ( 10.90059504560939985, 38.30086576906380458, 43.00000000000000000 ) ) ;
#787 = CARTESIAN_POINT ( 'NONE',  ( -13.18313022765240028, 39.18021489440640437, 75.99999999999590727 ) ) ;
#789 = AXIS2_PLACEMENT_3D ( 'NONE', #876, #45, #3076 ) ;
#790 = CARTESIAN_POINT ( 'NONE',  ( -243.5217137826849978, -3.841918862332220019, 12.66657089502520073 ) ) ;
#791 = ORIENTED_EDGE ( 'NONE', *, *, #5757, .T. ) ;
#792 = ORIENTED_EDGE ( 'NONE', *, *, #2676, .F. ) ;
#793 = CARTESIAN_POINT ( 'NONE',  ( 337.2139761991330147, -14.17799805628749965, 25.33323756169180285 ) ) ;
#794 = CARTESIAN_POINT ( 'NONE',  ( -248.1938392821259924, -23.56285020849970024, 2.842170943040400239E-13 ) ) ;
#795 = CARTESIAN_POINT ( 'NONE',  ( 309.8201436491539766, -13.80134076879819993, 109.0000000000000000 ) ) ;
#796 = CARTESIAN_POINT ( 'NONE',  ( 263.6137223441880337, -17.23828417126420121, 66.00000000000000000 ) ) ;
#797 = FACE_OUTER_BOUND ( 'NONE', #3481, .T. ) ;
#798 = CARTESIAN_POINT ( 'NONE',  ( -244.6302965544059873, -26.21862348749579752, 38.00000000000000000 ) ) ;
#799 = CARTESIAN_POINT ( 'NONE',  ( -129.3953650348759936, -36.10254261020050137, 86.99992777755048223 ) ) ;
#800 = CARTESIAN_POINT ( 'NONE',  ( -96.47064019008460889, -33.64225065261689451, 38.00000000000000000 ) ) ;
#801 = CARTESIAN_POINT ( 'NONE',  ( -220.8135750080699893, 8.284177578647730300, 38.00000000000000000 ) ) ;
#802 = CARTESIAN_POINT ( 'NONE',  ( 46.96153786633590244, -25.97419989698989795, 76.00000000000000000 ) ) ;
#803 = CARTESIAN_POINT ( 'NONE',  ( 311.6145201167590244, -5.944469100589079957, 76.00000000000000000 ) ) ;
#804 = ADVANCED_FACE ( 'NONE', ( #5075, #5166 ), #4193, .F. ) ;
#805 = EDGE_LOOP ( 'NONE', ( #3802, #1823 ) ) ;
#806 = CARTESIAN_POINT ( 'NONE',  ( 85.56971026213679465, 32.50471061307710130, 50.66663158234050712 ) ) ;
#807 = ORIENTED_EDGE ( 'NONE', *, *, #4313, .T. ) ;
#808 = B_SPLINE_CURVE_WITH_KNOTS ( 'NONE', 3,
 ( #4231, #150, #5587, #92, #5619, #5490 ),
 .UNSPECIFIED., .F., .F.,
 ( 4, 2, 4 ),
 ( -5.969451986980129909, -2.984725993490060070, -8.881784197001252323E-16 ),
 .UNSPECIFIED. ) ;
#809 = DIRECTION ( 'NONE',  ( 0.000000000000000000, 0.000000000000000000, 1.000000000000000000 ) ) ;
#810 = CARTESIAN_POINT ( 'NONE',  ( 201.5952335372800235, 16.62002027857770159, 86.99992777755048223 ) ) ;
#812 = CARTESIAN_POINT ( 'NONE',  ( 85.85506694715169829, 32.47980791832809899, 43.00000000000000000 ) ) ;
#811 = CARTESIAN_POINT ( 'NONE',  ( -244.2078447993700081, -25.40610402324870165, 66.00000000000000000 ) ) ;
#813 = CARTESIAN_POINT ( 'NONE',  ( -205.7038688251990095, 14.36509017665099996, 43.00000000000260059 ) ) ;
#814 = ADVANCED_FACE ( 'NONE', ( #1030 ), #5309, .T. ) ;
#815 = CARTESIAN_POINT ( 'NONE',  ( -77.19834488349650314, 37.42359028719180714, 97.99992777754630424 ) ) ;
#816 = B_SPLINE_CURVE_WITH_KNOTS ( 'NONE', 3,
 ( #2926, #5503, #5161, #4215 ),
 .UNSPECIFIED., .F., .F.,
 ( 4, 4 ),
 ( 0.01914501489622059960, 0.02938523722594670040 ),
 .UNSPECIFIED. ) ;
#817 = ORIENTED_EDGE ( 'NONE', *, *, #3922, .F. ) ;
#819 = CARTESIAN_POINT ( 'NONE',  ( -120.5485569834840049, 33.40174290514369915, 76.00000000000359535 ) ) ;
#818 = CARTESIAN_POINT ( 'NONE',  ( 223.1987611180190072, 12.49784416731809955, 58.33329824900719984 ) ) ;
#820 = B_SPLINE_CURVE_WITH_KNOTS ( 'NONE', 3,
 ( #2024, #5063, #2477, #5532, #658, #5095 ),
 .UNSPECIFIED., .F., .F.,
 ( 4, 2, 4 ),
 ( -1.967152576168119893, -0.9835762880840529521, 0.000000000000000000 ),
 .UNSPECIFIED. ) ;
#821 = SURFACE_STYLE_USAGE ( .BOTH. , #2148 ) ;
#822 = CARTESIAN_POINT ( 'NONE',  ( 47.22177916346469573, -26.48523883372009990, 38.00000000000000000 ) ) ;
#823 = EDGE_LOOP ( 'NONE', ( #2637, #4507, #1360, #3105, #5339, #2062, #4003, #1285, #5712, #3928, #484, #4604, #1890, #2057, #264, #5597, #2721, #4633, #874, #3191, #5628, #1698, #3315, #23, #4920, #2166 ) ) ;
#824 = ORIENTED_EDGE ( 'NONE', *, *, #3460, .T. ) ;
#825 = B_SPLINE_CURVE_WITH_KNOTS ( 'NONE', 3,
 ( #2768, #4113, #4057, #866, #3620, #3153 ),
 .UNSPECIFIED., .F., .F.,
 ( 4, 2, 4 ),
 ( -5.945406018962580141, -2.972703009481290071, 0.000000000000000000 ),
 .UNSPECIFIED. ) ;
#826 = CARTESIAN_POINT ( 'NONE',  ( -12.23851173522569979, -29.21708128770110235, 38.00000000000000000 ) ) ;
#827 = CARTESIAN_POINT ( 'NONE',  ( 4.518398229124839460, 39.15962800498620311, 2.842170943040400239E-13 ) ) ;
#828 = CARTESIAN_POINT ( 'NONE',  ( 285.5430793393029489, -1.221854508596349920, 25.33323756169170338 ) ) ;
#829 = B_SPLINE_SURFACE_WITH_KNOTS ( 'NONE', 3, 3, ( 
 ( #2757, #3170, #911, #4539 ),
 ( #2675, #2307, #5369, #468 ),
 ( #55, #1855, #3663, #3225 ),
 ( #1742, #2786, #2186, #1059 ) ),
 .UNSPECIFIED., .F., .F., .F.,
 ( 4, 4 ),
 ( 4, 4 ),
 ( 0.000000000000000000, 1.000000000000000000 ),
 ( 0.03383747857135580017, 0.04852974931344310183 ),
 .UNSPECIFIED. ) ;
#830 = CARTESIAN_POINT ( 'NONE',  ( -31.90409047090150096, -30.22112766626840141, 50.66663158234050712 ) ) ;
#831 = CARTESIAN_POINT ( 'NONE',  ( 349.9262753426310155, -16.84054785855909842, 43.00000000000000000 ) ) ;
#832 = CARTESIAN_POINT ( 'NONE',  ( 311.3689600949909959, -14.94091810471359949, 86.99992777755048223 ) ) ;
#833 = LINE ( 'NONE', #5320, #1597 ) ;
#834 = CARTESIAN_POINT ( 'NONE',  ( 96.24907294790040169, -23.63128324541129999, 66.00000000000000000 ) ) ;
#835 = ORIENTED_EDGE ( 'NONE', *, *, #5567, .F. ) ;
#836 = CARTESIAN_POINT ( 'NONE',  ( -72.52109126663849281, -32.16099358256839480, 2.842170943040400239E-13 ) ) ;
#837 = ORIENTED_EDGE ( 'NONE', *, *, #5588, .T. ) ;
#838 = EDGE_CURVE ( 'NONE', #5755, #5784, #1541, .T. ) ;
#839 = CARTESIAN_POINT ( 'NONE',  ( 343.5433736685180293, -15.37493960232879964, 38.00000000000000000 ) ) ;
#840 = CARTESIAN_POINT ( 'NONE',  ( -201.8602295261189852, -35.57848226630829913, 12.66657089502520073 ) ) ;
#842 = CARTESIAN_POINT ( 'NONE',  ( -13.49931123146149936, 38.74997343388680093, 108.9999999999940030 ) ) ;
#841 = CARTESIAN_POINT ( 'NONE',  ( -218.6595106699259929, 7.615129662998190163, 66.00000000000119371 ) ) ;
#843 = CARTESIAN_POINT ( 'NONE',  ( -226.4254445098850113, 3.420737922119639673, 66.00000000000090949 ) ) ;
#844 = ADVANCED_FACE ( 'NONE', ( #998 ), #756, .F. ) ;
#845 = CARTESIAN_POINT ( 'NONE',  ( -13.76095920065290024, 38.75348449354090263, 108.9999999999940030 ) ) ;
#846 = AXIS2_PLACEMENT_3D ( 'NONE', #691, #3342, #2028 ) ;
#847 = ORIENTED_EDGE ( 'NONE', *, *, #4227, .F. ) ;
#849 = CARTESIAN_POINT ( 'NONE',  ( 164.8058469338860164, -20.15407369682240102, 76.00000000000000000 ) ) ;
#848 = CARTESIAN_POINT ( 'NONE',  ( 27.42793349663060098, -27.53045822559370137, 25.33323756169180285 ) ) ;
#850 = CARTESIAN_POINT ( 'NONE',  ( -220.0502860025080167, 8.626930581144970134, 38.00000000000000000 ) ) ;
#851 = CARTESIAN_POINT ( 'NONE',  ( -31.99717226640910184, -30.23658443191979828, 43.00000000000000000 ) ) ;
#852 = ORIENTED_EDGE ( 'NONE', *, *, #539, .F. ) ;
#853 = ORIENTED_EDGE ( 'NONE', *, *, #762, .F. ) ;
#854 = STYLED_ITEM ( 'NONE', ( #148 ), #1672 ) ;
#855 = CARTESIAN_POINT ( 'NONE',  ( 317.2514992642290395, -8.550674311468270616, 38.00000000000000000 ) ) ;
#856 = CARTESIAN_POINT ( 'NONE',  ( -241.0388509721989863, -27.66111937831849943, 109.0000000000000000 ) ) ;
#857 = CARTESIAN_POINT ( 'NONE',  ( 244.7491315175360000, -18.42504281118180032, 50.66663158234050712 ) ) ;
#858 = CARTESIAN_POINT ( 'NONE',  ( -12.03217334799050064, -29.08060556476289804, 66.00000000000000000 ) ) ;
#859 = CARTESIAN_POINT ( 'NONE',  ( -189.9925556071020196, -36.84879375946849933, 50.66663158232040587 ) ) ;
#860 = CARTESIAN_POINT ( 'NONE',  ( 353.2997279817799949, -19.38098124309850334, 2.842170943040400239E-13 ) ) ;
#861 = CARTESIAN_POINT ( 'NONE',  ( -207.3819762689860227, 16.00504445186770042, 2.842170943040460318E-13 ) ) ;
#862 = CARTESIAN_POINT ( 'NONE',  ( 323.2495912321090259, -16.29558641986509926, 58.33329824900719984 ) ) ;
#863 = CARTESIAN_POINT ( 'NONE',  ( 312.9732854329330394, -6.824496885644669497, 58.33329824900719984 ) ) ;
#864 = VERTEX_POINT ( 'NONE', #3924 ) ;
#865 = FACE_OUTER_BOUND ( 'NONE', #657, .T. ) ;
#866 = CARTESIAN_POINT ( 'NONE',  ( 86.78055739070849484, -24.56772934188860091, 43.00000000000000000 ) ) ;
#867 = CARTESIAN_POINT ( 'NONE',  ( -246.9403988094919953, -24.98531528662650203, 2.842170943040400239E-13 ) ) ;
#869 = CARTESIAN_POINT ( 'NONE',  ( -13.23798478029599934, 38.73771822215230287, 108.9999999999940030 ) ) ;
#868 = CARTESIAN_POINT ( 'NONE',  ( -224.2104747342449969, 4.637561711346900317, 66.00000000000090949 ) ) ;
#870 =( GEOMETRIC_REPRESENTATION_CONTEXT ( 3 ) GLOBAL_UNCERTAINTY_ASSIGNED_CONTEXT ( ( #3 ) ) GLOBAL_UNIT_ASSIGNED_CONTEXT ( ( #643, #378, #3077 ) ) REPRESENTATION_CONTEXT ( 'NONE', 'WORKASPACE' ) );
#871 = CARTESIAN_POINT ( 'NONE',  ( -219.2292024401999981, 7.362092193951499830, 66.00000000000130740 ) ) ;
#872 = CARTESIAN_POINT ( 'NONE',  ( 312.3834536431089646, -6.442126943316750065, 66.00000000000000000 ) ) ;
#873 = B_SPLINE_CURVE_WITH_KNOTS ( 'NONE', 3,
 ( #749, #2565, #4357, #311 ),
 .UNSPECIFIED., .F., .F.,
 ( 4, 4 ),
 ( 0.000000000000000000, 0.01691886720496220062 ),
 .UNSPECIFIED. ) ;
#874 = ORIENTED_EDGE ( 'NONE', *, *, #3227, .F. ) ;
#876 = CARTESIAN_POINT ( 'NONE',  ( -9.860761315262649319E-31, 7.850803340758710273E-13, 109.0000000000000000 ) ) ;
#875 = CARTESIAN_POINT ( 'NONE',  ( 46.73301167223579711, -25.53421164279099997, 109.0000000000000000 ) ) ;
#877 = CARTESIAN_POINT ( 'NONE',  ( -244.1228451800329822, -7.886736337189540258, 38.00000000000000000 ) ) ;
#878 = CARTESIAN_POINT ( 'NONE',  ( 284.5814852664230443, -0.6689920854975829334, 38.00000000000000000 ) ) ;
#879 = ORIENTED_EDGE ( 'NONE', *, *, #5690, .F. ) ;
#880 = ORIENTED_EDGE ( 'NONE', *, *, #3667, .F. ) ;
#882 = CARTESIAN_POINT ( 'NONE',  ( -235.6120187717289980, -31.28906830770229774, 38.00000000000000000 ) ) ;
#881 = CARTESIAN_POINT ( 'NONE',  ( -78.19439756946491116, 39.56188771755359568, 2.842170943040450221E-13 ) ) ;
#883 = EDGE_CURVE ( 'NONE', #2151, #2514, #3167, .T. ) ;
#884 = CARTESIAN_POINT ( 'NONE',  ( 341.6146303093409529, -14.99023033130409921, 76.00000000000000000 ) ) ;
#885 = UNCERTAINTY_MEASURE_WITH_UNIT (LENGTH_MEASURE( 1.000000000000000082E-05 ), #2634, 'distance_accuracy_value', 'NONE');
#886 = CARTESIAN_POINT ( 'NONE',  ( 304.1707790706309993, -5.213638348545470258, 43.00000000000000000 ) ) ;
#887 = CARTESIAN_POINT ( 'NONE',  ( -245.6833418461840211, -26.42338564806940227, 2.842170943040400239E-13 ) ) ;
#888 = CARTESIAN_POINT ( 'NONE',  ( 107.2138434086299981, -24.31666062978680287, 12.66657089502520073 ) ) ;
#889 = CARTESIAN_POINT ( 'NONE',  ( 0.000000000000000000, -3.601282899375759661E-14, -5.000000000000000000 ) ) ;
#890 = CARTESIAN_POINT ( 'NONE',  ( 105.8819437403970056, -22.91677482271290245, 76.00000000000000000 ) ) ;
#891 = ORIENTED_EDGE ( 'NONE', *, *, #3669, .T. ) ;
#892 = CARTESIAN_POINT ( 'NONE',  ( -110.1516264120669888, -34.79549014797139961, 76.00000000000000000 ) ) ;
#893 = CARTESIAN_POINT ( 'NONE',  ( 333.9218222480699865, -12.87758934144060063, 38.00000000000000000 ) ) ;
#894 = CARTESIAN_POINT ( 'NONE',  ( -200.5395641507139999, -36.16290476998260317, 38.00000000000000000 ) ) ;
#895 = B_SPLINE_CURVE_WITH_KNOTS ( 'NONE', 3,
 ( #3902, #2678, #3665, #3085 ),
 .UNSPECIFIED., .F., .F.,
 ( 4, 4 ),
 ( 0.000000000000000000, 0.01691886720481769815 ),
 .UNSPECIFIED. ) ;
#897 = CARTESIAN_POINT ( 'NONE',  ( 326.9975299664230306, -9.439165591826609969, 86.99992777755048223 ) ) ;
#896 = CARTESIAN_POINT ( 'NONE',  ( -194.8312528116279907, 16.93965233724810204, 66.00000000000160583 ) ) ;
#898 = CARTESIAN_POINT ( 'NONE',  ( -237.7181413528149960, -2.424986600459150043, 50.66663158234080555 ) ) ;
#899 = EDGE_CURVE ( 'NONE', #5696, #2168, #2517, .T. ) ;
#900 = ORIENTED_EDGE ( 'NONE', *, *, #346, .T. ) ;
#902 = CARTESIAN_POINT ( 'NONE',  ( -110.4072948464660016, 34.14365777534830215, 97.99992777755049644 ) ) ;
#901 = CARTESIAN_POINT ( 'NONE',  ( 283.0409956895319965, 0.2151951781005159992, 58.33329824900719984 ) ) ;
#903 = CARTESIAN_POINT ( 'NONE',  ( 213.1983540841690115, 13.50190482798770120, 12.66657089502520073 ) ) ;
#904 = CARTESIAN_POINT ( 'NONE',  ( -131.4410943179060212, 33.13553903344820384, 38.00000000000409983 ) ) ;
#905 = FACE_OUTER_BOUND ( 'NONE', #5485, .T. ) ;
#906 = ORIENTED_EDGE ( 'NONE', *, *, #2036, .T. ) ;
#907 = EDGE_LOOP ( 'NONE', ( #4857, #3660, #383, #3722 ) ) ;
#908 = CARTESIAN_POINT ( 'NONE',  ( -219.4551227795500097, -35.04250856070579800, 58.33329824900770433 ) ) ;
#909 = EDGE_LOOP ( 'NONE', ( #2199, #5543, #1779, #4037, #3406, #4817 ) ) ;
#911 = CARTESIAN_POINT ( 'NONE',  ( 309.9252549789389946, -4.855940851071979480, 97.99992777755049644 ) ) ;
#910 = CARTESIAN_POINT ( 'NONE',  ( -81.02095419096940532, 39.36402648162039952, 2.842170943040460318E-13 ) ) ;
#912 = CARTESIAN_POINT ( 'NONE',  ( -242.1491454430469901, -25.88906482414849819, 109.0000000000000000 ) ) ;
#913 = CARTESIAN_POINT ( 'NONE',  ( 312.1425570884530316, -15.51683465308649978, 76.00000000000000000 ) ) ;
#914 = CARTESIAN_POINT ( 'NONE',  ( -191.9648465072949932, -37.90514899978579422, 109.0000000000000000 ) ) ;
#915 = CARTESIAN_POINT ( 'NONE',  ( 30.55264099913690146, 36.72065101547840271, 109.0000000000000000 ) ) ;
#916 = CARTESIAN_POINT ( 'NONE',  ( 167.4789018916779924, -22.50098890562140141, 2.842170943040400239E-13 ) ) ;
#917 = CARTESIAN_POINT ( 'NONE',  ( 179.2816287312020052, 19.68467637591299990, 25.33323756169170338 ) ) ;
#918 = VERTEX_POINT ( 'NONE', #3491 ) ;
#919 = CARTESIAN_POINT ( 'NONE',  ( 176.9138302979940249, 20.53858797819480131, 66.00000000000000000 ) ) ;
#920 = CARTESIAN_POINT ( 'NONE',  ( 125.1360497012989867, 27.89105396741689802, 50.66663158234050712 ) ) ;
#922 = CARTESIAN_POINT ( 'NONE',  ( -241.6526632369099730, -27.77223794064579820, 86.99992777755048223 ) ) ;
#921 = CARTESIAN_POINT ( 'NONE',  ( -187.0865948020030203, -38.05614562639460274, 109.0000000000000000 ) ) ;
#923 = CARTESIAN_POINT ( 'NONE',  ( -247.4228252759700126, -23.98484484028739772, 12.66657089502509947 ) ) ;
#924 = CARTESIAN_POINT ( 'NONE',  ( -227.2250613571380313, 3.976491838743059670, 50.66663158234100450 ) ) ;
#925 = VERTEX_POINT ( 'NONE', #1205 ) ;
#927 = CARTESIAN_POINT ( 'NONE',  ( -160.1547305347830275, 26.30044065919630114, 76.00000000000490274 ) ) ;
#926 = CARTESIAN_POINT ( 'NONE',  ( 16.70367196510249741, 37.35184752268840214, 109.0000000000000000 ) ) ;
#928 = CARTESIAN_POINT ( 'NONE',  ( 165.1583650697820076, -20.45897590780719710, 66.00000000000000000 ) ) ;
#929 = CARTESIAN_POINT ( 'NONE',  ( -221.1810081118580058, 8.084409586576430939, 38.00000000000000000 ) ) ;
#930 = CARTESIAN_POINT ( 'NONE',  ( 87.27380108819529880, -25.15386714294710302, 12.66657089502520073 ) ) ;
#931 = ORIENTED_EDGE ( 'NONE', *, *, #2187, .F. ) ;
#932 = ORIENTED_EDGE ( 'NONE', *, *, #4808, .T. ) ;
#933 = CARTESIAN_POINT ( 'NONE',  ( -229.0536219539720264, -32.93764048882390227, 50.66663158234059949 ) ) ;
#935 = CARTESIAN_POINT ( 'NONE',  ( -71.69668576978880026, -32.30573986235639694, 38.00000000000000000 ) ) ;
#934 = CARTESIAN_POINT ( 'NONE',  ( -88.44826659380710510, 38.84410913191479864, 2.842170943040450221E-13 ) ) ;
#936 = CARTESIAN_POINT ( 'NONE',  ( -241.4849377594260034, -13.40899436159319968, 109.0000000000000000 ) ) ;
#937 = VERTEX_POINT ( 'NONE', #4363 ) ;
#938 = EDGE_CURVE ( 'NONE', #5750, #1255, #3656, .T. ) ;
#939 = CARTESIAN_POINT ( 'NONE',  ( -12.47648255537879969, 39.73342080827460876, 33.00000000000280664 ) ) ;
#940 = CARTESIAN_POINT ( 'NONE',  ( 326.5616393569510478, -18.79652180626779767, 12.66657089502520073 ) ) ;
#941 = CARTESIAN_POINT ( 'NONE',  ( 314.5408168333349863, -7.847095108888790804, 38.00000000000000000 ) ) ;
#942 = CARTESIAN_POINT ( 'NONE',  ( 324.3622194445450191, -17.13098794573089734, 43.00000000000000000 ) ) ;
#943 = CARTESIAN_POINT ( 'NONE',  ( 204.8301897201390034, 15.35353414482349876, 38.00000000000000000 ) ) ;
#944 = ORIENTED_EDGE ( 'NONE', *, *, #5383, .F. ) ;
#945 = CARTESIAN_POINT ( 'NONE',  ( -130.2400347265109986, 32.10251538352560630, 76.00000000000480327 ) ) ;
#946 = CARTESIAN_POINT ( 'NONE',  ( 125.4870745537989762, 27.80816453167350133, 43.00000000000000000 ) ) ;
#948 = FACE_OUTER_BOUND ( 'NONE', #4763, .T. ) ;
#947 = FACE_OUTER_BOUND ( 'NONE', #5303, .T. ) ;
#949 = CARTESIAN_POINT ( 'NONE',  ( -245.8811220803580113, -24.81599013188129987, 38.00000000000000000 ) ) ;
#950 = CARTESIAN_POINT ( 'NONE',  ( -236.6838432049000289, -1.018432149439679968, 43.00000000000000000 ) ) ;
#951 = EDGE_CURVE ( 'NONE', #4179, #3971, #5274, .T. ) ;
#952 = ORIENTED_EDGE ( 'NONE', *, *, #1615, .F. ) ;
#953 = FACE_OUTER_BOUND ( 'NONE', #33, .T. ) ;
#955 = CARTESIAN_POINT ( 'NONE',  ( -188.8063744840110019, 17.99093798170780190, 86.99992777754849271 ) ) ;
#954 = CARTESIAN_POINT ( 'NONE',  ( 331.7900381573820141, -12.75512926899130051, 25.33323756151200001 ) ) ;
#956 = CARTESIAN_POINT ( 'NONE',  ( 218.0617385061370044, 13.04389039157599939, 38.00000000000000000 ) ) ;
#957 = CARTESIAN_POINT ( 'NONE',  ( -230.1200121063940287, 3.224353069148119921, 38.00000000000000000 ) ) ;
#958 = EDGE_CURVE ( 'NONE', #4905, #467, #1264, .T. ) ;
#959 = CARTESIAN_POINT ( 'NONE',  ( 282.4627418171340310, 0.5458337597823590404, 66.00000000000000000 ) ) ;
#960 = ORIENTED_EDGE ( 'NONE', *, *, #107, .T. ) ;
#961 = ORIENTED_EDGE ( 'NONE', *, *, #1065, .F. ) ;
#962 = CARTESIAN_POINT ( 'NONE',  ( -236.7929348546520032, -30.87553660339619910, 50.66663158234050712 ) ) ;
#963 = CARTESIAN_POINT ( 'NONE',  ( -217.5372742355139906, -35.60830717484070362, 76.00000000000000000 ) ) ;
#965 = CARTESIAN_POINT ( 'NONE',  ( -214.9498113490099911, -35.06569917043229623, 38.00000000000000000 ) ) ;
#964 = CARTESIAN_POINT ( 'NONE',  ( -129.7898962321000056, -35.97183768936680082, 76.00000000000000000 ) ) ;
#966 = CARTESIAN_POINT ( 'NONE',  ( -202.1632827752470121, 12.25607806533260025, 109.0000000000000000 ) ) ;
#967 = B_SPLINE_CURVE_WITH_KNOTS ( 'NONE', 3,
 ( #3702, #3668, #5457, #4050 ),
 .UNSPECIFIED., .F., .F.,
 ( 4, 4 ),
 ( 0.000000000000000000, 0.01691886720507520050 ),
 .UNSPECIFIED. ) ;
#968 = CARTESIAN_POINT ( 'NONE',  ( -94.51528743564389856, -34.14021958139510105, 109.0000000000000000 ) ) ;
#969 = AXIS2_PLACEMENT_3D ( 'NONE', #3149, #4002, #3563 ) ;
#970 = ORIENTED_EDGE ( 'NONE', *, *, #5394, .F. ) ;
#971 = EDGE_CURVE ( 'NONE', #2933, #4019, #3017, .T. ) ;
#972 = CARTESIAN_POINT ( 'NONE',  ( -244.3263968978370144, -26.37899576333400375, 43.00000000000000000 ) ) ;
#973 = CARTESIAN_POINT ( 'NONE',  ( 17.11295316705979985, 37.53672633105040291, 86.99992777755048223 ) ) ;
#974 = FACE_OUTER_BOUND ( 'NONE', #2077, .T. ) ;
#975 = CARTESIAN_POINT ( 'NONE',  ( -219.4768263384140141, -35.14850809192950010, 66.00000000000000000 ) ) ;
#976 = CARTESIAN_POINT ( 'NONE',  ( -236.3099581503769855, -3.345091043669019992, 76.00000000000000000 ) ) ;
#977 = DIRECTION ( 'NONE',  ( 0.000000000000000000, 0.000000000000000000, -1.000000000000000000 ) ) ;
#978 = AXIS2_PLACEMENT_3D ( 'NONE', #553, #4130, #1473 ) ;
#979 = B_SPLINE_SURFACE_WITH_KNOTS ( 'NONE', 3, 3, ( 
 ( #325, #1628, #2965, #2496 ),
 ( #2525, #4312, #1212, #1243 ),
 ( #240, #1596, #268, #4368 ),
 ( #1687, #3025, #3872, #3442 ) ),
 .UNSPECIFIED., .F., .F., .F.,
 ( 4, 4 ),
 ( 4, 4 ),
 ( 0.000000000000000000, 1.000000000000000000 ),
 ( 0.000000000000000000, 0.01691886720496220062 ),
 .UNSPECIFIED. ) ;
#981 = CARTESIAN_POINT ( 'NONE',  ( -12.27552567448430132, -29.24136643113419964, 33.00000000000000000 ) ) ;
#980 = CARTESIAN_POINT ( 'NONE',  ( -20.00000000000000000, 6.686871917819468317E-13, 109.0000000000000000 ) ) ;
#982 = CARTESIAN_POINT ( 'NONE',  ( -180.4738020137229739, -36.65927805458739641, 43.00000000000000000 ) ) ;
#983 = CARTESIAN_POINT ( 'NONE',  ( -245.2848684871039779, -12.11738125924579990, 50.66663158234059949 ) ) ;
#984 = EDGE_CURVE ( 'NONE', #3952, #5397, #3148, .T. ) ;
#985 = CARTESIAN_POINT ( 'NONE',  ( -93.95136781093769685, 36.03319732875580428, 97.99992777755049644 ) ) ;
#986 = ORIENTED_EDGE ( 'NONE', *, *, #5383, .T. ) ;
#987 = CARTESIAN_POINT ( 'NONE',  ( 343.5714599026400151, -16.43725880602709921, 50.66663158257150457 ) ) ;
#989 = CARTESIAN_POINT ( 'NONE',  ( -217.0212024346459998, 7.742861655657410580, 76.00000000000000000 ) ) ;
#988 = CARTESIAN_POINT ( 'NONE',  ( -141.4105342227740039, 31.09429714707189873, 43.00000000000079581 ) ) ;
#990 = CARTESIAN_POINT ( 'NONE',  ( 205.6758889452769949, 15.02312860612439849, 25.33323756169180285 ) ) ;
#991 = CARTESIAN_POINT ( 'NONE',  ( -11.71840122920390037, -28.86943549061249925, 109.0000000000000000 ) ) ;
#992 = EDGE_LOOP ( 'NONE', ( #4334, #5313, #425, #4149 ) ) ;
#993 = EDGE_CURVE ( 'NONE', #5069, #146, #5250, .T. ) ;
#994 = ORIENTED_EDGE ( 'NONE', *, *, #3911, .T. ) ;
#995 = CARTESIAN_POINT ( 'NONE',  ( 293.6557801362169471, -16.86117710262790226, 58.33329824900719984 ) ) ;
#996 = CARTESIAN_POINT ( 'NONE',  ( 234.0754712671350148, -18.04496437696590050, 66.00000000000000000 ) ) ;
#998 = FACE_OUTER_BOUND ( 'NONE', #5094, .T. ) ;
#997 = CYLINDRICAL_SURFACE ( 'NONE', #5454, 46.99999999999999289 ) ;
#999 = CARTESIAN_POINT ( 'NONE',  ( -216.8985693780710164, 5.922188826071260515, 109.0000000000000000 ) ) ;
#1000 = CARTESIAN_POINT ( 'NONE',  ( -89.64499867813970013, -33.82329107864439521, 109.0000000000000000 ) ) ;
#1001 = ORIENTED_EDGE ( 'NONE', *, *, #2710, .T. ) ;
#1002 = CARTESIAN_POINT ( 'NONE',  ( 343.5209003931460074, -14.96760972162340053, 76.00000000000000000 ) ) ;
#1003 = CARTESIAN_POINT ( 'NONE',  ( 345.5263769767989857, -17.89959175033650141, 25.33323756169180285 ) ) ;
#1004 = CARTESIAN_POINT ( 'NONE',  ( 166.5896380998970301, -21.71014862955249924, 25.33323756169180285 ) ) ;
#1005 = CARTESIAN_POINT ( 'NONE',  ( -11.79818804450769854, -28.92370124536969911, 97.99992777755049644 ) ) ;
#1006 = B_SPLINE_CURVE_WITH_KNOTS ( 'NONE', 3,
 ( #3317, #5104, #1057, #4657, #5479, #519, #2845, #1087, #2425, #2336, #636, #5511, #5040, #610, #1882, #963, #170, #5575, #1028 ),
 .UNSPECIFIED., .F., .F.,
 ( 4, 3, 3, 3, 3, 3, 4 ),
 ( -1.825451793667600020, -1.572487914333150050, -1.392857940788960081, -1.292668448075929843, -0.6966740346665829531, -0.6342578581101110391, 0.000000000000000000 ),
 .UNSPECIFIED. ) ;
#1007 = CARTESIAN_POINT ( 'NONE',  ( 293.6018064043420281, -2.480978205126969982, 50.66663158234050712 ) ) ;
#1008 = CARTESIAN_POINT ( 'NONE',  ( -219.2800431128650018, 6.712334016118729707, 76.00000000000000000 ) ) ;
#1009 = B_SPLINE_CURVE_WITH_KNOTS ( 'NONE', 3,
 ( #1036, #642, #5584, #2884, #3733, #4665 ),
 .UNSPECIFIED., .F., .F.,
 ( 4, 2, 4 ),
 ( -1.674227843707629892, -0.8371139218538170557, 0.000000000000000000 ),
 .UNSPECIFIED. ) ;
#1010 = CARTESIAN_POINT ( 'NONE',  ( 301.6461391690999676, -3.637589160898199836, 76.00000000000000000 ) ) ;
#1012 = CARTESIAN_POINT ( 'NONE',  ( -105.2420589570590010, -34.50140326262260260, 76.00000000000000000 ) ) ;
#1011 = CARTESIAN_POINT ( 'NONE',  ( -202.8904413385060082, -37.10124627876039938, 86.99992777755048223 ) ) ;
#1013 = CARTESIAN_POINT ( 'NONE',  ( 242.5852478961460008, 8.665713004573289524, 66.00000000000000000 ) ) ;
#1014 = CARTESIAN_POINT ( 'NONE',  ( -243.6314741351339705, -11.15336179162689945, 66.00000000000000000 ) ) ;
#1015 = ORIENTED_EDGE ( 'NONE', *, *, #4838, .T. ) ;
#1016 = FACE_OUTER_BOUND ( 'NONE', #4354, .T. ) ;
#1017 = EDGE_CURVE ( 'NONE', #5407, #2007, #1073, .T. ) ;
#1018 = VERTEX_POINT ( 'NONE', #5192 ) ;
#1020 = CARTESIAN_POINT ( 'NONE',  ( -188.3522574945770032, 17.62125520601100348, 97.99992777754771112 ) ) ;
#1019 = CARTESIAN_POINT ( 'NONE',  ( -191.1399134242209925, 19.31996536375610063, 43.00000000000089528 ) ) ;
#1021 = EDGE_CURVE ( 'NONE', #111, #5696, #5132, .T. ) ;
#1022 = CARTESIAN_POINT ( 'NONE',  ( 28.30891971927350070, 37.51842002876459503, 22.00241429194960219 ) ) ;
#1023 = DIRECTION ( 'NONE',  ( 0.000000000000000000, 0.000000000000000000, 1.000000000000000000 ) ) ;
#1024 = VERTEX_POINT ( 'NONE', #727 ) ;
#1025 = VERTEX_POINT ( 'NONE', #2958 ) ;
#1026 = CARTESIAN_POINT ( 'NONE',  ( 106.5769786550009997, -23.64272969193419982, 43.00000000000000000 ) ) ;
#1027 = ORIENTED_EDGE ( 'NONE', *, *, #5450, .T. ) ;
#1028 = CARTESIAN_POINT ( 'NONE',  ( -203.4753839402839901, -36.84622095264809616, 76.00000000000000000 ) ) ;
#1030 = FACE_OUTER_BOUND ( 'NONE', #457, .T. ) ;
#1029 = CARTESIAN_POINT ( 'NONE',  ( -138.7709230124489750, -36.65478099089400388, 97.99992777755049644 ) ) ;
#1031 = CARTESIAN_POINT ( 'NONE',  ( -129.4020649284809963, 31.18953940202950292, 109.0000000000069917 ) ) ;
#1032 = CARTESIAN_POINT ( 'NONE',  ( -60.77651573436050114, 39.24937170561509703, 38.00000000000069633 ) ) ;
#1033 = B_SPLINE_SURFACE_WITH_KNOTS ( 'NONE', 3, 3, ( 
 ( #2580, #356, #3086, #3053 ),
 ( #2997, #857, #1186, #1714 ),
 ( #3934, #5729, #5344, #796 ),
 ( #1688, #4428, #3903, #2127 ) ),
 .UNSPECIFIED., .F., .F., .F.,
 ( 4, 4 ),
 ( 4, 4 ),
 ( 0.000000000000000000, 1.000000000000000000 ),
 ( 0.01914501489605319878, 0.02938523722594680102 ),
 .UNSPECIFIED. ) ;
#1034 = B_SPLINE_CURVE_WITH_KNOTS ( 'NONE', 3,
 ( #5285, #2094, #4725, #2041, #3052, #3847 ),
 .UNSPECIFIED., .F., .F.,
 ( 4, 2, 4 ),
 ( -6.008943300910310370, -3.004471650455149856, 0.000000000000000000 ),
 .UNSPECIFIED. ) ;
#1035 = ORIENTED_EDGE ( 'NONE', *, *, #3866, .T. ) ;
#1036 = CARTESIAN_POINT ( 'NONE',  ( 327.8517506766029896, -10.02567370352809917, 76.00000000000000000 ) ) ;
#1037 = CARTESIAN_POINT ( 'NONE',  ( -190.3749390316949928, -36.68613637220089885, 43.00000000000000000 ) ) ;
#1038 = CARTESIAN_POINT ( 'NONE',  ( 242.1927418248909873, -16.43284509304939789, 97.99992777755049644 ) ) ;
#1039 = CARTESIAN_POINT ( 'NONE',  ( -207.5211035670760111, -35.04100728085020222, 2.842170943040400239E-13 ) ) ;
#1040 = CARTESIAN_POINT ( 'NONE',  ( -218.1624727362259932, 7.256727455535170179, 76.00000000000000000 ) ) ;
#1041 = CARTESIAN_POINT ( 'NONE',  ( 342.5677653512440202, -14.97892002646369924, 76.00000000000000000 ) ) ;
#1042 = FACE_OUTER_BOUND ( 'NONE', #3394, .T. ) ;
#1043 = CARTESIAN_POINT ( 'NONE',  ( -32.05790308007999556, -30.24663414591960020, 38.00000000000000000 ) ) ;
#1044 = CARTESIAN_POINT ( 'NONE',  ( -12.20154864451760091, -29.19277022846199898, 43.00000000000000000 ) ) ;
#1045 = CARTESIAN_POINT ( 'NONE',  ( -182.4040366629780294, 23.56938693498129922, 2.842170943040290177E-13 ) ) ;
#1046 = CARTESIAN_POINT ( 'NONE',  ( -246.8632261235969736, -21.56468087856610083, 50.66663158234050712 ) ) ;
#1047 = CARTESIAN_POINT ( 'NONE',  ( -12.03217334799050064, -29.08060556476289804, 66.00000000000000000 ) ) ;
#1048 = ORIENTED_EDGE ( 'NONE', *, *, #2328, .T. ) ;
#1049 = CARTESIAN_POINT ( 'NONE',  ( 332.7758898460199930, -13.44727140498719997, 12.66657089502520073 ) ) ;
#1050 = CARTESIAN_POINT ( 'NONE',  ( 340.8395439327060217, -13.29013690268409853, 76.00000000000000000 ) ) ;
#1052 = CARTESIAN_POINT ( 'NONE',  ( -216.8985693780710164, 5.922188826071260515, 109.0000000000000000 ) ) ;
#1051 = CARTESIAN_POINT ( 'NONE',  ( -161.4308985900579785, -36.31144968095429704, 25.33323756169180285 ) ) ;
#1053 = CARTESIAN_POINT ( 'NONE',  ( 94.47536290691280669, 31.67722749508709867, 76.00000000000000000 ) ) ;
#1054 = CARTESIAN_POINT ( 'NONE',  ( -90.97903149989357985, -33.50702572858509853, 58.33329824900719984 ) ) ;
#1055 = VERTEX_POINT ( 'NONE', #2060 ) ;
#1056 = CARTESIAN_POINT ( 'NONE',  ( 107.4789036020980006, 30.23900894496309988, 2.842170943040400239E-13 ) ) ;
#1057 = CARTESIAN_POINT ( 'NONE',  ( -239.4927327368730232, -29.93039937375450066, 76.00000000000000000 ) ) ;
#1059 = CARTESIAN_POINT ( 'NONE',  ( 279.2357071539789786, 2.383103477351720123, 109.0000000000000000 ) ) ;
#1058 = CARTESIAN_POINT ( 'NONE',  ( 27.24920793022649690, -26.64595289353190211, 109.0000000000000000 ) ) ;
#1060 = AXIS2_PLACEMENT_3D ( 'NONE', #1525, #4654, #3312 ) ;
#1061 = CARTESIAN_POINT ( 'NONE',  ( -139.5600407705830150, 29.18296141186710102, 109.0000000000069917 ) ) ;
#1062 = ORIENTED_EDGE ( 'NONE', *, *, #1210, .T. ) ;
#1063 = CARTESIAN_POINT ( 'NONE',  ( 47.47890531251950108, 36.53903352699269647, 2.842170943040400239E-13 ) ) ;
#1064 = CARTESIAN_POINT ( 'NONE',  ( -217.0516204169649939, -34.08789487412609986, 2.842170943040380044E-13 ) ) ;
#1065 = EDGE_CURVE ( 'NONE', #397, #4914, #1235, .T. ) ;
#1066 = CARTESIAN_POINT ( 'NONE',  ( 106.4157951339930008, -23.47312059509529902, 50.66663158234050712 ) ) ;
#1067 = CARTESIAN_POINT ( 'NONE',  ( 223.7360459048140058, -17.92192644873379948, 76.00000000000000000 ) ) ;
#1068 = CARTESIAN_POINT ( 'NONE',  ( 349.9262753426310155, -16.84054785855909842, 43.00000000000000000 ) ) ;
#1069 = CARTESIAN_POINT ( 'NONE',  ( -245.4369033800020077, -20.84075644294189900, 76.00000000000000000 ) ) ;
#1070 = CARTESIAN_POINT ( 'NONE',  ( -225.1395010116989965, -33.63268765723530151, 43.00000000000000000 ) ) ;
#1071 = CARTESIAN_POINT ( 'NONE',  ( -184.3040994530069838, -37.13939412972580101, 66.00000000000000000 ) ) ;
#1072 = CARTESIAN_POINT ( 'NONE',  ( -6.893776988452100518, 39.51708236522399886, 25.33323756169450292 ) ) ;
#1073 = CIRCLE ( 'NONE', #4369, 20.00000000000000000 ) ;
#1074 = CARTESIAN_POINT ( 'NONE',  ( 83.45351658137350626, 32.69155368487670188, 109.0000000000000000 ) ) ;
#1075 = CARTESIAN_POINT ( 'NONE',  ( -121.7040716086819998, 34.76016741111740060, 25.33323756169500030 ) ) ;
#1076 = CARTESIAN_POINT ( 'NONE',  ( -244.1774538588049950, -25.72292064517900201, 66.00000000000000000 ) ) ;
#1077 = ORIENTED_EDGE ( 'NONE', *, *, #4990, .T. ) ;
#1078 = CARTESIAN_POINT ( 'NONE',  ( -101.0607594602100079, -34.01022534913770556, 50.66663158234050712 ) ) ;
#1079 = CARTESIAN_POINT ( 'NONE',  ( 342.9794987465710392, -15.99745287528110005, 58.33329824912260619 ) ) ;
#1081 = CARTESIAN_POINT ( 'NONE',  ( -230.3196352210539999, 0.6249033726617060358, 76.00000000000000000 ) ) ;
#1080 = CARTESIAN_POINT ( 'NONE',  ( -210.5814858459430070, 12.31705622117490151, 43.00000000000229505 ) ) ;
#1082 = CARTESIAN_POINT ( 'NONE',  ( -140.5800564403569695, -36.02294536555379523, 50.66663158234050712 ) ) ;
#1083 = CARTESIAN_POINT ( 'NONE',  ( -91.38378770271999940, -33.40763684069140282, 43.00000000000000000 ) ) ;
#1084 = B_SPLINE_SURFACE_WITH_KNOTS ( 'NONE', 3, 3, ( 
 ( #5317, #5760, #5345, #1354 ),
 ( #3174, #1328, #1715, #3965 ),
 ( #1744, #830, #498, #3144 ),
 ( #4866, #418, #4429, #858 ) ),
 .UNSPECIFIED., .F., .F., .F.,
 ( 4, 4 ),
 ( 4, 4 ),
 ( 0.000000000000000000, 1.000000000000000000 ),
 ( 0.01914501489605319878, 0.02938523722594680102 ),
 .UNSPECIFIED. ) ;
#1085 = EDGE_CURVE ( 'NONE', #373, #2451, #176, .T. ) ;
#1086 = FACE_OUTER_BOUND ( 'NONE', #2402, .T. ) ;
#1087 = CARTESIAN_POINT ( 'NONE',  ( -233.3523574475340183, -32.39907049388050098, 76.00000000000000000 ) ) ;
#1089 = CARTESIAN_POINT ( 'NONE',  ( -101.2814667333239953, -33.94934859846649289, 43.00000000000000000 ) ) ;
#1088 = CARTESIAN_POINT ( 'NONE',  ( -102.1554251318219997, -33.70564861295599712, 12.66657089502520073 ) ) ;
#1090 = CARTESIAN_POINT ( 'NONE',  ( 1.228220658836779888, 38.46614878616919952, 76.00000000000000000 ) ) ;
#1091 = CARTESIAN_POINT ( 'NONE',  ( -80.41410145222619121, 38.52872853331209768, 38.00000000000069633 ) ) ;
#1092 = ADVANCED_FACE ( 'NONE', ( #3983 ), #2150, .T. ) ;
#1093 = ORIENTED_EDGE ( 'NONE', *, *, #5394, .T. ) ;
#1094 = CARTESIAN_POINT ( 'NONE',  ( 245.1625621963899846, -18.75184565278630089, 43.00000000000000000 ) ) ;
#1095 = CARTESIAN_POINT ( 'NONE',  ( 281.9757045272859841, -15.69318840900379897, 86.99992777755048223 ) ) ;
#1096 = CARTESIAN_POINT ( 'NONE',  ( 324.4012448078360080, -9.991724307011660144, 50.66663158234050712 ) ) ;
#1097 = EDGE_CURVE ( 'NONE', #925, #4271, #1828, .T. ) ;
#1098 = CARTESIAN_POINT ( 'NONE',  ( -245.5477667444870065, -19.27342322349259618, 76.00000000000000000 ) ) ;
#1099 = CARTESIAN_POINT ( 'NONE',  ( -21.87531415252440326, -29.63508355045659926, 66.00000000000000000 ) ) ;
#1100 = CARTESIAN_POINT ( 'NONE',  ( -132.5211003221410238, -35.04100728085020222, 2.842170943040400239E-13 ) ) ;
#1101 = CARTESIAN_POINT ( 'NONE',  ( -49.77552563536519870, 39.81402894866170072, 12.66657089502520073 ) ) ;
#1102 = DIRECTION ( 'NONE',  ( 0.9993880615336717677, 0.03497860008590469166, 0.000000000000000000 ) ) ;
#1103 = CARTESIAN_POINT ( 'NONE',  ( -206.9704499085819975, -36.95909585828280086, 97.99992777755049644 ) ) ;
#1104 = CARTESIAN_POINT ( 'NONE',  ( 200.1706356942910077, 17.17977246559620141, 109.0000000000000000 ) ) ;
#1105 = ORIENTED_EDGE ( 'NONE', *, *, #5788, .T. ) ;
#1106 = CARTESIAN_POINT ( 'NONE',  ( 45.30124593464310578, 36.22278765255860122, 76.00000000000000000 ) ) ;
#1107 = CARTESIAN_POINT ( 'NONE',  ( 145.4698509301520062, -21.35128199273439620, 66.00000000000000000 ) ) ;
#1109 = CARTESIAN_POINT ( 'NONE',  ( -243.1467447818669996, -13.39559144688949921, 86.99992777755059592 ) ) ;
#1108 = CARTESIAN_POINT ( 'NONE',  ( -236.6838432049000289, -1.018432149439679968, 43.00000000000000000 ) ) ;
#1110 = CARTESIAN_POINT ( 'NONE',  ( 47.13544182443879293, -26.31427580368769625, 50.66663158234050712 ) ) ;
#1111 = B_SPLINE_CURVE_WITH_KNOTS ( 'NONE', 3,
 ( #3967, #5762, #3058, #445 ),
 .UNSPECIFIED., .F., .F.,
 ( 4, 4 ),
 ( 0.000000000000000000, 0.01691886720496220062 ),
 .UNSPECIFIED. ) ;
#1112 = CARTESIAN_POINT ( 'NONE',  ( 106.2544097992900021, -23.30417541864679620, 58.33329824900719984 ) ) ;
#1114 = CARTESIAN_POINT ( 'NONE',  ( 302.3192181093429554, -15.75132002523280050, 76.00000000000000000 ) ) ;
#1113 = CARTESIAN_POINT ( 'NONE',  ( -87.43222711755289822, 37.09591116154769708, 75.99999999999749889 ) ) ;
#1115 = CARTESIAN_POINT ( 'NONE',  ( -244.7427033702159918, -5.305829200883869667, 12.66657089502520073 ) ) ;
#1116 = CARTESIAN_POINT ( 'NONE',  ( -71.93323111749428733, 38.10605740968869526, 86.99992777754819429 ) ) ;
#1117 = CARTESIAN_POINT ( 'NONE',  ( -71.97285771689949740, 38.88168730524180461, 50.66663158233960473 ) ) ;
#1118 = ORIENTED_EDGE ( 'NONE', *, *, #4525, .T. ) ;
#1119 = CARTESIAN_POINT ( 'NONE',  ( -32.21181901512510848, -30.27201550674709907, 25.33323756169180285 ) ) ;
#1120 = CARTESIAN_POINT ( 'NONE',  ( 47.03032443294619469, -26.10822865952409799, 66.00000000000000000 ) ) ;
#1121 = EDGE_CURVE ( 'NONE', #2379, #3605, #1609, .T. ) ;
#1122 = CARTESIAN_POINT ( 'NONE',  ( -222.6122765037879958, -34.82131592090059513, 86.99992777755059592 ) ) ;
#1123 = CARTESIAN_POINT ( 'NONE',  ( 283.0409956895319965, 0.2151951781005169984, 58.33329824900719984 ) ) ;
#1124 = AXIS2_PLACEMENT_3D ( 'NONE', #2160, #5289, #1716 ) ;
#1125 = CARTESIAN_POINT ( 'NONE',  ( 343.4228790885500189, -15.15964941039579905, 43.00000000000000000 ) ) ;
#1126 = CARTESIAN_POINT ( 'NONE',  ( -241.0759604155820170, -28.82166313880209785, 2.842170943040400239E-13 ) ) ;
#1127 = CARTESIAN_POINT ( 'NONE',  ( 346.5030119523210033, -18.63732066854780456, 12.66657089502520073 ) ) ;
#1128 = CARTESIAN_POINT ( 'NONE',  ( -131.1541646857620265, -35.51336566485430524, 38.00000000000000000 ) ) ;
#1129 = EDGE_CURVE ( 'NONE', #4905, #2841, #459, .T. ) ;
#1130 = CARTESIAN_POINT ( 'NONE',  ( -72.38362832213279319, 39.95957402089209864, 2.842170943040450221E-13 ) ) ;
#1131 = CARTESIAN_POINT ( 'NONE',  ( -131.6804837971319841, 33.09772958989400138, 38.00000000000419931 ) ) ;
#1132 = CARTESIAN_POINT ( 'NONE',  ( -101.4254305635829922, -33.90955279526070143, 38.00000000000000000 ) ) ;
#1133 = EDGE_LOOP ( 'NONE', ( #199, #4096, #2152, #1470 ) ) ;
#1134 = CARTESIAN_POINT ( 'NONE',  ( 282.6725401511230302, -16.22029076952539839, 76.00000000000000000 ) ) ;
#1135 = VECTOR ( 'NONE', #1102, 1000.000000000000227 ) ;
#1136 = ORIENTED_EDGE ( 'NONE', *, *, #3814, .T. ) ;
#1137 = CARTESIAN_POINT ( 'NONE',  ( -204.4150325850949912, -36.43473623345709456, 58.33329824900899752 ) ) ;
#1139 = CARTESIAN_POINT ( 'NONE',  ( -239.2159696874429926, -8.786037062065709335, 109.0000000000000000 ) ) ;
#1138 = CARTESIAN_POINT ( 'NONE',  ( -244.5268090127810012, -26.15280773818419746, 43.00000000000000000 ) ) ;
#1140 = CARTESIAN_POINT ( 'NONE',  ( -101.3450151537270045, 36.24244132597059576, 66.00000000000000000 ) ) ;
#1141 = ADVANCED_FACE ( 'NONE', ( #4015 ), #1681, .T. ) ;
#1142 = ORIENTED_EDGE ( 'NONE', *, *, #5092, .T. ) ;
#1143 = CARTESIAN_POINT ( 'NONE',  ( 302.9990859833410468, -16.26118249871030130, 66.00000000000000000 ) ) ;
#1145 = CARTESIAN_POINT ( 'NONE',  ( 0.000000000000000000, 3.036752289871450176E-20, 2.642330798607870547E-13 ) ) ;
#1144 = CARTESIAN_POINT ( 'NONE',  ( -80.48762242292109192, 37.87922319246109737, 65.99999999999779732 ) ) ;
#1146 = CARTESIAN_POINT ( 'NONE',  ( -244.5041706562840034, -8.642680453619810521, 38.00000000000000000 ) ) ;
#1147 = CARTESIAN_POINT ( 'NONE',  ( -71.57125903583128945, 37.89005149004769635, 97.99992777754729900 ) ) ;
#1148 = CARTESIAN_POINT ( 'NONE',  ( -38.39705035783190112, 38.97490246849960016, 66.00000000000589750 ) ) ;
#1149 = ORIENTED_EDGE ( 'NONE', *, *, #3466, .T. ) ;
#1150 = CARTESIAN_POINT ( 'NONE',  ( 162.1780582760140135, 23.35180605703369849, 97.99992777755049644 ) ) ;
#1151 = CARTESIAN_POINT ( 'NONE',  ( -217.9985437269579904, -35.56770290839649817, 76.00000000000000000 ) ) ;
#1152 = B_SPLINE_CURVE_WITH_KNOTS ( 'NONE', 3,
 ( #1370, #2268, #5334, #18, #5779, #2667 ),
 .UNSPECIFIED., .F., .F.,
 ( 4, 2, 4 ),
 ( -2.957902228224539964, -1.478950991332580012, 4.440892098500626162E-16 ),
 .UNSPECIFIED. ) ;
#1153 = CARTESIAN_POINT ( 'NONE',  ( 193.9191465808110024, 18.27826507827439784, 109.0000000000000000 ) ) ;
#1154 = EDGE_CURVE ( 'NONE', #1024, #1640, #4957, .T. ) ;
#1155 = CARTESIAN_POINT ( 'NONE',  ( 334.0434783976580206, -11.93266082211959933, 66.00000000000000000 ) ) ;
#1156 = CARTESIAN_POINT ( 'NONE',  ( 167.4789018916779924, 21.53902318867449850, 2.842170943040400239E-13 ) ) ;
#1157 = CARTESIAN_POINT ( 'NONE',  ( -81.60626736772019285, -32.84034417332450317, 38.00000000000000000 ) ) ;
#1158 = CARTESIAN_POINT ( 'NONE',  ( -12.79636922664879961, 40.02728359013819670, 12.66657089502520073 ) ) ;
#1159 = CARTESIAN_POINT ( 'NONE',  ( 312.1425570884530316, -15.51683465308649978, 76.00000000000000000 ) ) ;
#1160 = CARTESIAN_POINT ( 'NONE',  ( -212.2424077772180055, -36.29416062243529950, 86.99992777755059592 ) ) ;
#1161 = CARTESIAN_POINT ( 'NONE',  ( -72.03609205828809081, 39.04386140357869550, 42.99999999999910472 ) ) ;
#1162 = B_SPLINE_CURVE_WITH_KNOTS ( 'NONE', 3,
 ( #3534, #2712, #2685, #4901, #1776, #3589 ),
 .UNSPECIFIED., .F., .F.,
 ( 4, 2, 4 ),
 ( -5.856156682370880162, -2.928078341185440081, 0.000000000000000000 ),
 .UNSPECIFIED. ) ;
#1163 = ORIENTED_EDGE ( 'NONE', *, *, #2701, .T. ) ;
#1164 = CARTESIAN_POINT ( 'NONE',  ( 223.7360459048140058, -17.92192644873379948, 76.00000000000000000 ) ) ;
#1165 = VERTEX_POINT ( 'NONE', #430 ) ;
#1166 = CARTESIAN_POINT ( 'NONE',  ( -70.63764806365409754, -32.48135535796640028, 86.99992777755048223 ) ) ;
#1167 = CARTESIAN_POINT ( 'NONE',  ( 221.9279596022070109, 13.02220705563090064, 76.00000000000000000 ) ) ;
#1169 = CARTESIAN_POINT ( 'NONE',  ( -233.9013004389850039, -2.337690009399560065, 86.99992777755048223 ) ) ;
#1168 = CARTESIAN_POINT ( 'NONE',  ( -225.3934465067239898, 5.471869123070129959, 43.00000000000059686 ) ) ;
#1170 = CARTESIAN_POINT ( 'NONE',  ( -189.9322144300730031, 18.62238578122050114, 66.00000000000140687 ) ) ;
#1171 = B_SPLINE_CURVE_WITH_KNOTS ( 'NONE', 3,
 ( #4347, #5679, #2946, #277 ),
 .UNSPECIFIED., .F., .F.,
 ( 4, 4 ),
 ( 0.01914501489605329940, 0.02938523722594670040 ),
 .UNSPECIFIED. ) ;
#1173 = CARTESIAN_POINT ( 'NONE',  ( 46.22869020180389299, 36.35853317260939832, 43.00000000000000000 ) ) ;
#1172 = CARTESIAN_POINT ( 'NONE',  ( -72.11318980778629850, 38.54671605571860482, 65.99999999999860734 ) ) ;
#1174 = VECTOR ( 'NONE', #2835, 999.9999999999998863 ) ;
#1175 = CARTESIAN_POINT ( 'NONE',  ( -243.2900143663049732, -6.235722720660759499, 38.00000000000000000 ) ) ;
#1176 = CARTESIAN_POINT ( 'NONE',  ( -49.69274875904129374, 38.65237252294969750, 75.99999999998760813 ) ) ;
#1177 = ADVANCED_FACE ( 'NONE', ( #4522 ), #3819, .T. ) ;
#1178 = CARTESIAN_POINT ( 'NONE',  ( -7.202975999916120031, 39.20164435772529288, 50.66663158234050712 ) ) ;
#1179 = ORIENTED_EDGE ( 'NONE', *, *, #1121, .T. ) ;
#1180 = B_SPLINE_CURVE_WITH_KNOTS ( 'NONE', 3,
 ( #389, #4543, #2708, #939, #5820, #5791, #3611, #2190, #1277, #4 ),
 .UNSPECIFIED., .F., .F.,
 ( 4, 3, 3, 4 ),
 ( -3.589935332257919942, -2.821134978686850037, -2.783681719337580240, -2.226029108334009798 ),
 .UNSPECIFIED. ) ;
#1181 = CARTESIAN_POINT ( 'NONE',  ( 162.7611678686880055, 23.15218183691310117, 86.99992777755048223 ) ) ;
#1182 = B_SPLINE_SURFACE_WITH_KNOTS ( 'NONE', 3, 3, ( 
 ( #4078, #30, #4988, #3091 ),
 ( #4433, #5794, #3561, #422 ),
 ( #5348, #3736, #3326, #3671 ),
 ( #1861, #589, #3357, #4609 ) ),
 .UNSPECIFIED., .F., .F., .F.,
 ( 4, 4 ),
 ( 4, 4 ),
 ( 0.000000000000000000, 1.000000000000000000 ),
 ( 0.000000000000000000, 0.01691886720496220062 ),
 .UNSPECIFIED. ) ;
#1183 = B_SPLINE_CURVE_WITH_KNOTS ( 'NONE', 3,
 ( #4846, #4377, #2619, #5321 ),
 .UNSPECIFIED., .F., .F.,
 ( 4, 4 ),
 ( 0.01914501489589119990, 0.02938523722594670040 ),
 .UNSPECIFIED. ) ;
#1184 = CARTESIAN_POINT ( 'NONE',  ( -235.8548071602490097, -31.45350734256550140, 86.99992777755048223 ) ) ;
#1185 = LINE ( 'NONE', #2996, #3810 ) ;
#1186 = CARTESIAN_POINT ( 'NONE',  ( 244.3354624385679870, -18.09978458527480072, 58.33329824900719984 ) ) ;
#1187 = CARTESIAN_POINT ( 'NONE',  ( -240.0976898632350185, -29.62532596227319814, 66.00000000000000000 ) ) ;
#1188 = DIRECTION ( 'NONE',  ( 4.050364095603070109E-62, 7.202571872255701478E-15, 1.000000000000000000 ) ) ;
#1189 = CARTESIAN_POINT ( 'NONE',  ( -100.6198422195810025, -34.13000351618050132, 66.00000000000000000 ) ) ;
#1190 = CARTESIAN_POINT ( 'NONE',  ( -81.21640174706729454, 39.35034502152520020, 2.842170943040460318E-13 ) ) ;
#1191 = CARTESIAN_POINT ( 'NONE',  ( 107.4789036020980006, -24.60098992234909687, 2.842170943040400239E-13 ) ) ;
#1192 = CARTESIAN_POINT ( 'NONE',  ( 221.1395435163729815, 13.34777054342719893, 86.99992777755109330 ) ) ;
#1193 = ORIENTED_EDGE ( 'NONE', *, *, #1708, .F. ) ;
#1194 = CARTESIAN_POINT ( 'NONE',  ( 226.2331702587530060, -19.92301927725850064, 25.33323756169180285 ) ) ;
#1195 = ORIENTED_EDGE ( 'NONE', *, *, #4444, .F. ) ;
#1196 = CARTESIAN_POINT ( 'NONE',  ( 219.5822401046350194, 13.99252600371120003, 109.0000000000000000 ) ) ;
#1197 = FACE_OUTER_BOUND ( 'NONE', #2085, .T. ) ;
#1199 = CARTESIAN_POINT ( 'NONE',  ( -228.5506539547509988, -0.5576147154627739688, 109.0000000000000000 ) ) ;
#1198 = DIRECTION ( 'NONE',  ( 1.000000000000000000, 0.000000000000000000, 0.000000000000000000 ) ) ;
#1200 = CARTESIAN_POINT ( 'NONE',  ( -151.0295903597789788, 29.27681188763099840, 43.00000000000000000 ) ) ;
#1201 = EDGE_CURVE ( 'NONE', #4936, #4780, #2579, .T. ) ;
#1202 = ORIENTED_EDGE ( 'NONE', *, *, #938, .F. ) ;
#1203 = EDGE_CURVE ( 'NONE', #3432, #3536, #4632, .T. ) ;
#1205 = CARTESIAN_POINT ( 'NONE',  ( 20.00000000000000000, 7.850803340758710273E-13, 109.0000000000000000 ) ) ;
#1204 = CARTESIAN_POINT ( 'NONE',  ( 285.8788286200599487, -18.67271280859360161, 25.33323756178950248 ) ) ;
#1206 = CARTESIAN_POINT ( 'NONE',  ( -242.8019294463620099, -4.310841147166559750, 25.33323756169160035 ) ) ;
#1207 = ORIENTED_EDGE ( 'NONE', *, *, #4945, .F. ) ;
#1208 = CARTESIAN_POINT ( 'NONE',  ( 200.1706356942910077, 17.17977246559620141, 109.0000000000000000 ) ) ;
#1209 = CARTESIAN_POINT ( 'NONE',  ( 4.440892098500630106E-15, -4.440892098500630106E-15, 33.00000000000000000 ) ) ;
#1210 = EDGE_CURVE ( 'NONE', #5393, #3952, #2246, .T. ) ;
#1211 = CARTESIAN_POINT ( 'NONE',  ( -212.5967940552670257, 13.86762799136780089, 2.842170943040440123E-13 ) ) ;
#1212 = CARTESIAN_POINT ( 'NONE',  ( 305.5265091344840016, -6.064966774240909686, 25.33323756169180285 ) ) ;
#1213 = PLANE ( 'NONE',  #773 ) ;
#1214 = CARTESIAN_POINT ( 'NONE',  ( 225.6093564866160079, -19.41983550513660006, 38.00000000000000000 ) ) ;
#1215 = CARTESIAN_POINT ( 'NONE',  ( -215.6500915258419866, -34.74352525613549858, 25.33323756169160035 ) ) ;
#1216 = CARTESIAN_POINT ( 'NONE',  ( 348.3955527392240015, -17.14497420002539840, 38.00000000000000000 ) ) ;
#1217 = B_SPLINE_CURVE_WITH_KNOTS ( 'NONE', 3,
 ( #5390, #3577, #3189, #4093, #3109, #514, #462, #3163, #5365, #1294, #1736, #1323, #5417, #3655, #3630, #4941, #5443, #5003, #877, #4889, #3548, #3217, #2725, #2750, #1404, #1372, #4016, #3137, #1346, #4502, #4972, #957, #4563, #1848, #2239, #47, #929, #4530, #488, #850, #2778, #2669, #2299, #4917, #1765, #4041, #2331, #2271, #4449, #5781, #5337, #3603, #5811, #4066, #5836, #408, #2210, #2699, #4477, #20, #1790, #435, #904, #1821, #2359, #4682, #1876 ),
 .UNSPECIFIED., .F., .F.,
 ( 4, 3, 3, 3, 3, 3, 3, 3, 3, 3, 3, 3, 3, 3, 3, 3, 3, 3, 3, 3, 3, 3, 4 ),
 ( -14.89007124134649906, -14.56034198233339971, -14.23061272332019911, -13.90088346430699850, -13.57115420529390093, -13.35115323192509962, -13.13115225855619883, -12.65066091695179828, -12.17102719190940086, -12.00154793119479990, -11.67103325386490020, -11.34051857653500051, -10.67948922187530059, -10.57080391861289925, -9.269885117038880296, -9.194443726545349804, -7.910584754629280013, -7.839522514847890200, -5.253329051913810943, -5.173509417230100382, -2.626587752279720078, -2.563632561253019304, 0.000000000000000000 ),
 .UNSPECIFIED. ) ;
#1218 = CARTESIAN_POINT ( 'NONE',  ( 340.5691723223459348, -13.22217938636790002, 76.00000000000000000 ) ) ;
#1219 = CARTESIAN_POINT ( 'NONE',  ( -206.5068443151720032, 14.99248140565210008, 25.33323756169259866 ) ) ;
#1220 = CARTESIAN_POINT ( 'NONE',  ( -12.58219552440530187, 39.60083860316900228, 43.00000000000000000 ) ) ;
#1221 = CARTESIAN_POINT ( 'NONE',  ( -9.860761315262649319E-31, 7.850803340758710273E-13, 109.0000000000000000 ) ) ;
#1222 = EDGE_CURVE ( 'NONE', #4045, #2521, #4837, .T. ) ;
#1223 = ORIENTED_EDGE ( 'NONE', *, *, #2989, .F. ) ;
#1224 = CARTESIAN_POINT ( 'NONE',  ( 65.54006370126859338, 34.41230062373409737, 58.33329824900719984 ) ) ;
#1225 = EDGE_LOOP ( 'NONE', ( #2023, #3047, #4883, #5604 ) ) ;
#1226 = CARTESIAN_POINT ( 'NONE',  ( -99.70087338734600735, -34.37522630010139579, 97.99992777755049644 ) ) ;
#1227 = CARTESIAN_POINT ( 'NONE',  ( 202.3162501466050003, 16.33736485674460326, 76.00000000000000000 ) ) ;
#1229 = CARTESIAN_POINT ( 'NONE',  ( -234.1180259537330244, -4.246903413013380479, 109.0000000000000000 ) ) ;
#1228 = CARTESIAN_POINT ( 'NONE',  ( -159.8896442205499966, 26.73900206547419955, 65.99999999999889155 ) ) ;
#1230 = CARTESIAN_POINT ( 'NONE',  ( -190.8812775781149753, 19.40776510942149713, 43.00000000000079581 ) ) ;
#1231 = ORIENTED_EDGE ( 'NONE', *, *, #4531, .F. ) ;
#1232 = CARTESIAN_POINT ( 'NONE',  ( 161.5993891527759843, 23.54999114722049924, 109.0000000000000000 ) ) ;
#1234 = CARTESIAN_POINT ( 'NONE',  ( 167.0345635427960076, -22.10414720465399796, 12.66657089502520073 ) ) ;
#1233 = CARTESIAN_POINT ( 'NONE',  ( -13.44745433208390217, 39.18498283724169795, 75.99999999999590727 ) ) ;
#1235 = B_SPLINE_CURVE_WITH_KNOTS ( 'NONE', 3,
 ( #696, #4331, #2088, #5694 ),
 .UNSPECIFIED., .F., .F.,
 ( 4, 4 ),
 ( 0.03383747857135580017, 0.04852974931344310183 ),
 .UNSPECIFIED. ) ;
#1236 = CARTESIAN_POINT ( 'NONE',  ( -239.7909537912480005, 0.01300731135223820098, 2.842170943040370451E-13 ) ) ;
#1237 = CARTESIAN_POINT ( 'NONE',  ( -72.11318980778629850, 38.54671605571860482, 65.99999999999869260 ) ) ;
#1238 = ORIENTED_EDGE ( 'NONE', *, *, #198, .F. ) ;
#1239 = VERTEX_POINT ( 'NONE', #1867 ) ;
#1240 = CARTESIAN_POINT ( 'NONE',  ( 85.88142428543500273, -23.51803604154369864, 97.99992777755049644 ) ) ;
#1241 = CARTESIAN_POINT ( 'NONE',  ( 332.7758898460199930, -13.44727140498719997, 12.66657089502520073 ) ) ;
#1242 = CARTESIAN_POINT ( 'NONE',  ( -225.6534037493670155, -34.54889056007329629, 109.0000000000000000 ) ) ;
#1243 = CARTESIAN_POINT ( 'NONE',  ( 304.5543729776979944, -5.454394101091719627, 38.00000000000000000 ) ) ;
#1244 = CARTESIAN_POINT ( 'NONE',  ( -276.8414816927599986, 0.000000000000000000, 43.00000000000000000 ) ) ;
#1245 = CARTESIAN_POINT ( 'NONE',  ( 341.3611914737620054, -12.20640420342440002, 109.0000000000000000 ) ) ;
#1246 = ADVANCED_FACE ( 'NONE', ( #1457 ), #357, .T. ) ;
#1247 = CARTESIAN_POINT ( 'NONE',  ( -243.3253505843109963, -27.97004318967110237, 12.66657089502520073 ) ) ;
#1248 = CARTESIAN_POINT ( 'NONE',  ( -121.0768244426109987, -35.03277239051470104, 43.00000000000000000 ) ) ;
#1249 = CARTESIAN_POINT ( 'NONE',  ( 106.6820703153990024, -23.75343906619930223, 38.00000000000000000 ) ) ;
#1250 = CARTESIAN_POINT ( 'NONE',  ( -210.8160197694950000, 12.49593580612880039, 38.00000000000059686 ) ) ;
#1251 = CARTESIAN_POINT ( 'NONE',  ( 316.5909530592659848, -18.87612237512780311, 12.66657089502520073 ) ) ;
#1252 = CARTESIAN_POINT ( 'NONE',  ( 106.0928226508909944, -23.13589416258879794, 66.00000000000000000 ) ) ;
#1253 = EDGE_LOOP ( 'NONE', ( #3352, #3381, #1939, #2416 ) ) ;
#1254 = FACE_OUTER_BOUND ( 'NONE', #109, .T. ) ;
#1255 = VERTEX_POINT ( 'NONE', #4554 ) ;
#1256 = CARTESIAN_POINT ( 'NONE',  ( -99.38557619144690136, -34.45714811028860680, 109.0000000000000000 ) ) ;
#1257 = CARTESIAN_POINT ( 'NONE',  ( 44.40161003317140143, 36.08945450826849566, 109.0000000000000000 ) ) ;
#1259 = CARTESIAN_POINT ( 'NONE',  ( -86.98160821056009695, 36.34945993065749548, 108.9999999999960067 ) ) ;
#1258 = CARTESIAN_POINT ( 'NONE',  ( -131.2059069412279939, 32.26542023740159948, 66.00000000000150635 ) ) ;
#1260 = CARTESIAN_POINT ( 'NONE',  ( -170.5994691142190050, 24.19274210678269910, 58.33329824900629745 ) ) ;
#1261 = B_SPLINE_SURFACE_WITH_KNOTS ( 'NONE', 3, 3, ( 
 ( #265, #1684, #732, #1626 ),
 ( #2963, #2523, #3082, #760 ),
 ( #4864, #1592, #793, #5727 ),
 ( #2575, #1241, #4426, #3845 ) ),
 .UNSPECIFIED., .F., .F., .F.,
 ( 4, 4 ),
 ( 4, 4 ),
 ( 0.000000000000000000, 1.000000000000000000 ),
 ( 0.000000000000000000, 0.01691886720496220062 ),
 .UNSPECIFIED. ) ;
#1262 = B_SPLINE_CURVE_WITH_KNOTS ( 'NONE', 3,
 ( #59, #1893, #5050, #88, #471, #4136 ),
 .UNSPECIFIED., .F., .F.,
 ( 4, 2, 4 ),
 ( -5.940066159836299597, -2.970033079918149799, 0.000000000000000000 ),
 .UNSPECIFIED. ) ;
#1263 = VECTOR ( 'NONE', #5564, 1000.000000000000000 ) ;
#1264 = B_SPLINE_CURVE_WITH_KNOTS ( 'NONE', 3,
 ( #3955, #1234, #1620, #4305 ),
 .UNSPECIFIED., .F., .F.,
 ( 4, 4 ),
 ( 0.000000000000000000, 0.01691886720496220062 ),
 .UNSPECIFIED. ) ;
#1265 = CARTESIAN_POINT ( 'NONE',  ( 102.9794698554750028, 30.99260327318080144, 109.0000000000000000 ) ) ;
#1267 = CARTESIAN_POINT ( 'NONE',  ( 95.44252301888049317, -22.75489342028290096, 109.0000000000000000 ) ) ;
#1266 = CARTESIAN_POINT ( 'NONE',  ( 224.3127681920570069, 12.03913208407500157, 43.00000000000000000 ) ) ;
#1268 =( NAMED_UNIT ( * ) PLANE_ANGLE_UNIT ( ) SI_UNIT ( $, .RADIAN. ) );
#1269 = CARTESIAN_POINT ( 'NONE',  ( -61.69060769924640653, -31.80230573710660025, 43.00000000000000000 ) ) ;
#1270 = ORIENTED_EDGE ( 'NONE', *, *, #5253, .F. ) ;
#1271 = ORIENTED_EDGE ( 'NONE', *, *, #3498, .F. ) ;
#1272 = CARTESIAN_POINT ( 'NONE',  ( 261.0890415607210571, -15.31337758745340061, 109.0000000000000000 ) ) ;
#1273 = CARTESIAN_POINT ( 'NONE',  ( -150.9756730635730264, -36.18607394475819206, 38.00000000000000000 ) ) ;
#1274 = CARTESIAN_POINT ( 'NONE',  ( -125.2271867548389821, -35.56544512284970239, 66.00000000000000000 ) ) ;
#1275 = ADVANCED_FACE ( 'NONE', ( #948 ), #4583, .F. ) ;
#1276 = CARTESIAN_POINT ( 'NONE',  ( 64.61850921986349761, 34.39978588065459775, 86.99992777755048223 ) ) ;
#1277 = CARTESIAN_POINT ( 'NONE',  ( -21.25353029941640060, 39.68248695316520269, 33.00000000000270006 ) ) ;
#1278 = CARTESIAN_POINT ( 'NONE',  ( 345.1236677633940531, -16.87278939233049968, 43.00000000000000000 ) ) ;
#1279 = CARTESIAN_POINT ( 'NONE',  ( 203.4783157909569979, 15.88210480753819986, 58.33329824900719984 ) ) ;
#1280 = CYLINDRICAL_SURFACE ( 'NONE', #5748, 47.00000000000000000 ) ;
#1281 = CARTESIAN_POINT ( 'NONE',  ( 309.9252549789389946, -4.855940851071979480, 97.99992777755049644 ) ) ;
#1282 = EDGE_CURVE ( 'NONE', #1992, #1971, #54, .T. ) ;
#1283 = ORIENTED_EDGE ( 'NONE', *, *, #107, .F. ) ;
#1284 = CARTESIAN_POINT ( 'NONE',  ( -140.4869244089219933, 30.13318065133040236, 76.00000000000449063 ) ) ;
#1285 = ORIENTED_EDGE ( 'NONE', *, *, #774, .F. ) ;
#1286 = CARTESIAN_POINT ( 'NONE',  ( -100.3324915020509991, -34.20731637727369900, 76.00000000000000000 ) ) ;
#1287 = CARTESIAN_POINT ( 'NONE',  ( 107.4789036020980006, -24.60098992234909687, 2.842170943040400239E-13 ) ) ;
#1289 = CARTESIAN_POINT ( 'NONE',  ( -38.28456109939150309, 38.26232645542179966, 108.9999999999770068 ) ) ;
#1288 = CARTESIAN_POINT ( 'NONE',  ( -219.2269071070110158, 7.357361768406899927, 66.00000000000119371 ) ) ;
#1290 = CARTESIAN_POINT ( 'NONE',  ( -180.1625307248699812, 21.61307419047220080, 58.33329824900800276 ) ) ;
#1291 = CARTESIAN_POINT ( 'NONE',  ( -74.65050415430829389, 37.63889049880930315, 97.99992777754721374 ) ) ;
#1293 = CARTESIAN_POINT ( 'NONE',  ( -120.0446220057479962, 32.81791701938020367, 97.99992777755579709 ) ) ;
#1292 = CARTESIAN_POINT ( 'NONE',  ( 3.334440162893899995, 38.33383266901689979, 76.00000000000000000 ) ) ;
#1294 = CARTESIAN_POINT ( 'NONE',  ( -247.6494851951719909, -16.47324405736009822, 38.00000000000000000 ) ) ;
#1295 = CARTESIAN_POINT ( 'NONE',  ( -80.48762242292109192, 37.87922319246109737, 65.99999999999789679 ) ) ;
#1296 = EDGE_LOOP ( 'NONE', ( #69, #1490, #4627, #2258 ) ) ;
#1297 = B_SPLINE_CURVE_WITH_KNOTS ( 'NONE', 3,
 ( #2607, #2992, #3525, #5282, #4781, #5225 ),
 .UNSPECIFIED., .F., .F.,
 ( 4, 2, 4 ),
 ( -1.679535246134189919, -0.8397676230670999553, 0.000000000000000000 ),
 .UNSPECIFIED. ) ;
#1298 = VERTEX_POINT ( 'NONE', #3238 ) ;
#1299 = CARTESIAN_POINT ( 'NONE',  ( -193.6450570391010046, -37.20121176689859510, 76.00000000000000000 ) ) ;
#1300 = CARTESIAN_POINT ( 'NONE',  ( -241.8517290588100082, -14.15670920219699802, 109.0000000000000000 ) ) ;
#1301 = B_SPLINE_CURVE_WITH_KNOTS ( 'NONE', 3,
 ( #249, #1460, #3335, #4178, #3801, #1550 ),
 .UNSPECIFIED., .F., .F.,
 ( 4, 2, 4 ),
 ( -5.959199373005060529, -2.979599665151219767, -0.8757445895531175140 ),
 .UNSPECIFIED. ) ;
#1302 = CARTESIAN_POINT ( 'NONE',  ( 164.8058469338860164, -20.15407369682240102, 76.00000000000000000 ) ) ;
#1303 = CARTESIAN_POINT ( 'NONE',  ( 330.9660336549220006, -14.55700114375200016, 86.99992777755048223 ) ) ;
#1304 = CARTESIAN_POINT ( 'NONE',  ( 105.0330945671279892, 30.64671288892319723, 58.33329824911070460 ) ) ;
#1305 = EDGE_CURVE ( 'NONE', #2007, #5407, #384, .T. ) ;
#1306 = CARTESIAN_POINT ( 'NONE',  ( -101.4254305635829922, -33.90955279526070143, 38.00000000000000000 ) ) ;
#1307 = B_SPLINE_CURVE_WITH_KNOTS ( 'NONE', 3,
 ( #4230, #5052, #1509, #1984 ),
 .UNSPECIFIED., .F., .F.,
 ( 4, 4 ),
 ( 0.000000000000000000, 0.01691886720512260009 ),
 .UNSPECIFIED. ) ;
#1308 = LINE ( 'NONE', #3177, #4143 ) ;
#1309 = CARTESIAN_POINT ( 'NONE',  ( -240.0976898632350185, -29.62532596227319814, 66.00000000000000000 ) ) ;
#1310 = ORIENTED_EDGE ( 'NONE', *, *, #5424, .F. ) ;
#1311 = CARTESIAN_POINT ( 'NONE',  ( 203.9861283713790385, 15.68341677920470012, 50.66663158234040054 ) ) ;
#1312 = ORIENTED_EDGE ( 'NONE', *, *, #3814, .F. ) ;
#1313 = CARTESIAN_POINT ( 'NONE',  ( 3.334440162893899995, 38.33383266901689979, 76.00000000000000000 ) ) ;
#1314 = CARTESIAN_POINT ( 'NONE',  ( 309.5117166467599645, -17.34950431679729732, 43.00000000000000000 ) ) ;
#1316 = CARTESIAN_POINT ( 'NONE',  ( -93.77644177024680516, 35.77768775269299795, 109.0000000000000000 ) ) ;
#1315 = CARTESIAN_POINT ( 'NONE',  ( -242.8796907584350322, -9.648612456533349757, 66.00000000000000000 ) ) ;
#1317 = CARTESIAN_POINT ( 'NONE',  ( -244.9753764116250068, -10.33343130930260045, 43.00000000000000000 ) ) ;
#1318 = ORIENTED_EDGE ( 'NONE', *, *, #2145, .T. ) ;
#1319 = EDGE_CURVE ( 'NONE', #4479, #2275, #2176, .T. ) ;
#1321 = CARTESIAN_POINT ( 'NONE',  ( -140.4869244089219933, 30.13318065133040236, 76.00000000000449063 ) ) ;
#1320 = CARTESIAN_POINT ( 'NONE',  ( 37.47712551615420296, 36.40505276187340655, 109.0000000000000000 ) ) ;
#1322 = CARTESIAN_POINT ( 'NONE',  ( 161.5993891527759843, 23.54999114722049924, 109.0000000000000000 ) ) ;
#1323 = CARTESIAN_POINT ( 'NONE',  ( -246.9851798123250148, -13.55249495828430106, 38.00000000000000000 ) ) ;
#1324 = CARTESIAN_POINT ( 'NONE',  ( -12.20154864451760091, -29.19277022846199898, 43.00000000000000000 ) ) ;
#1325 = ORIENTED_EDGE ( 'NONE', *, *, #5342, .T. ) ;
#1326 = VERTEX_POINT ( 'NONE', #5059 ) ;
#1327 = CARTESIAN_POINT ( 'NONE',  ( -201.0178022149880235, -36.93496865621069958, 76.00000000000000000 ) ) ;
#1328 = CARTESIAN_POINT ( 'NONE',  ( -51.66326979345100057, -31.28678175960210339, 50.66663158234050712 ) ) ;
#1329 = DIRECTION ( 'NONE',  ( 1.000000000000000000, 0.000000000000000000, 0.000000000000000000 ) ) ;
#1330 = CARTESIAN_POINT ( 'NONE',  ( 202.9733264712209859, 16.07989273844399847, 66.00000000000000000 ) ) ;
#1331 = CARTESIAN_POINT ( 'NONE',  ( 332.5400698897299776, -15.72038829266250026, 66.00000000000000000 ) ) ;
#1332 = EDGE_CURVE ( 'NONE', #58, #4181, #3797, .T. ) ;
#1333 = CARTESIAN_POINT ( 'NONE',  ( -242.9286416877170041, -27.11100188604229899, 66.00000000000000000 ) ) ;
#1334 = ORIENTED_EDGE ( 'NONE', *, *, #5182, .F. ) ;
#1335 = CARTESIAN_POINT ( 'NONE',  ( -119.6024139646559945, -35.49901142538799803, 86.99992777755048223 ) ) ;
#1336 = CARTESIAN_POINT ( 'NONE',  ( 105.6682553198260024, 30.54044529118739959, 43.00000000000000000 ) ) ;
#1337 = CARTESIAN_POINT ( 'NONE',  ( 200.1706356942910077, 17.17977246559620141, 109.0000000000000000 ) ) ;
#1339 = CARTESIAN_POINT ( 'NONE',  ( 2.854702931068080041, 37.98304402989830209, 109.0000000000000000 ) ) ;
#1338 = CARTESIAN_POINT ( 'NONE',  ( -226.4254437658949826, 3.420692758403889755, 66.00000000000081002 ) ) ;
#1340 = COLOUR_RGB ( '',0.7921568627450980005, 0.8196078431372548767, 0.9333333333333333481 ) ;
#1341 = CARTESIAN_POINT ( 'NONE',  ( -220.3756835195379722, 8.192993690317200262, 43.00000000000079581 ) ) ;
#1342 = VERTEX_POINT ( 'NONE', #536 ) ;
#1343 = EDGE_CURVE ( 'NONE', #2909, #2962, #5131, .T. ) ;
#1345 = CARTESIAN_POINT ( 'NONE',  ( 144.4921840333280159, -20.47012915874379857, 97.99992777755049644 ) ) ;
#1344 = CARTESIAN_POINT ( 'NONE',  ( 263.0935841656950060, 4.309411507839699951, 58.33329824900719984 ) ) ;
#1346 = CARTESIAN_POINT ( 'NONE',  ( -233.4721391412149956, 1.401762450961310025, 38.00000000000000000 ) ) ;
#1347 = CARTESIAN_POINT ( 'NONE',  ( -87.67127229264428934, 37.49846487166929876, 58.33329824900530269 ) ) ;
#1348 = ORIENTED_EDGE ( 'NONE', *, *, #5788, .F. ) ;
#1349 = VERTEX_POINT ( 'NONE', #566 ) ;
#1350 = CARTESIAN_POINT ( 'NONE',  ( -224.2585313139740322, -34.05064432173569600, 58.33329824900759775 ) ) ;
#1351 = VERTEX_POINT ( 'NONE', #1961 ) ;
#1352 = CARTESIAN_POINT ( 'NONE',  ( 325.3835465569080156, -10.66141191920669939, 38.00000000000000000 ) ) ;
#1353 = CARTESIAN_POINT ( 'NONE',  ( -160.3420509925570059, -36.73280657436379926, 50.66663158235660092 ) ) ;
#1354 = CARTESIAN_POINT ( 'NONE',  ( -71.09101817519429289, -32.40747347892539665, 66.00000000000000000 ) ) ;
#1355 = CARTESIAN_POINT ( 'NONE',  ( -243.3945120588920190, -26.86856117019630119, 58.33329824902270389 ) ) ;
#1356 = FACE_OUTER_BOUND ( 'NONE', #5332, .T. ) ;
#1357 = CARTESIAN_POINT ( 'NONE',  ( 208.1380769166389939, 14.77612320651159905, 38.00000000000000000 ) ) ;
#1358 = CARTESIAN_POINT ( 'NONE',  ( 280.5804785114200399, -14.65007533596710054, 109.0000000000000000 ) ) ;
#1359 = CARTESIAN_POINT ( 'NONE',  ( -232.5009038864560011, -32.47534042398010001, 66.00000000000000000 ) ) ;
#1360 = ORIENTED_EDGE ( 'NONE', *, *, #1533, .F. ) ;
#1361 = CARTESIAN_POINT ( 'NONE',  ( -118.8667257606240071, -35.72486210215349445, 109.0000000000000000 ) ) ;
#1362 = CARTESIAN_POINT ( 'NONE',  ( 163.8840822113800186, 22.76793559807019918, 66.00000000000000000 ) ) ;
#1363 = DIRECTION ( 'NONE',  ( 1.000000000000000000, 0.000000000000000000, 0.000000000000000000 ) ) ;
#1364 = CARTESIAN_POINT ( 'NONE',  ( 321.5880694538909665, -8.092190614880298227, 86.99992777755048223 ) ) ;
#1365 = CARTESIAN_POINT ( 'NONE',  ( 209.5310512926980095, 14.96181270128560037, 66.00000000000000000 ) ) ;
#1366 = CARTESIAN_POINT ( 'NONE',  ( -235.0191303366359818, -0.3398127857808420083, 50.66663158234089792 ) ) ;
#1367 = CARTESIAN_POINT ( 'NONE',  ( 4.440892098500630106E-15, -4.440892098500630106E-15, 33.00000000000000000 ) ) ;
#1368 = B_SPLINE_CURVE_WITH_KNOTS ( 'NONE', 3,
 ( #1191, #2972, #2133, #2163 ),
 .UNSPECIFIED., .F., .F.,
 ( 4, 4 ),
 ( 0.000000000000000000, 0.01691886720496220062 ),
 .UNSPECIFIED. ) ;
#1369 = EDGE_LOOP ( 'NONE', ( #2277, #1947, #3468, #1077 ) ) ;
#1371 = CARTESIAN_POINT ( 'NONE',  ( -158.7628535046160039, 25.34930561897600043, 109.0000000000069917 ) ) ;
#1370 = CARTESIAN_POINT ( 'NONE',  ( -71.09101817519429289, -32.40747347892539665, 66.00000000000000000 ) ) ;
#1372 = CARTESIAN_POINT ( 'NONE',  ( -235.7108022381920023, 0.1259612884891299911, 38.00000000000000000 ) ) ;
#1373 = B_SPLINE_CURVE_WITH_KNOTS ( 'NONE', 3,
 ( #1556, #1110, #104, #4711 ),
 .UNSPECIFIED., .F., .F.,
 ( 4, 4 ),
 ( 0.01914501489605329940, 0.02938523722594670040 ),
 .UNSPECIFIED. ) ;
#1374 = CARTESIAN_POINT ( 'NONE',  ( -94.57685699697930204, 36.96344369039220368, 58.33329824900719984 ) ) ;
#1375 = ADVANCED_FACE ( 'NONE', ( #2382 ), #4414, .T. ) ;
#1376 = EDGE_LOOP ( 'NONE', ( #3959, #4534, #1136, #314 ) ) ;
#1377 = EDGE_LOOP ( 'NONE', ( #5078, #101, #5814, #1905 ) ) ;
#1378 = CARTESIAN_POINT ( 'NONE',  ( -208.7048184690249855, -36.19271415541039971, 66.00000000000000000 ) ) ;
#1379 = B_SPLINE_SURFACE_WITH_KNOTS ( 'NONE', 3, 3, ( 
 ( #709, #1127, #5558, #5591 ),
 ( #623, #2941, #3416, #3851 ),
 ( #3795, #2861, #4316, #2438 ),
 ( #1601, #4643, #2070, #2016 ) ),
 .UNSPECIFIED., .F., .F., .F.,
 ( 4, 4 ),
 ( 4, 4 ),
 ( 0.000000000000000000, 1.000000000000000000 ),
 ( 0.000000000000000000, 0.01691886720496220062 ),
 .UNSPECIFIED. ) ;
#1381 = CARTESIAN_POINT ( 'NONE',  ( -99.38557619144690136, -34.45714811028860680, 109.0000000000000000 ) ) ;
#1380 = CARTESIAN_POINT ( 'NONE',  ( -80.80015555383678816, 38.49962406567270534, 38.00000000000079581 ) ) ;
#1382 = EDGE_CURVE ( 'NONE', #1880, #3096, #5695, .T. ) ;
#1383 = CARTESIAN_POINT ( 'NONE',  ( -240.9844094392909994, -28.11492043045290146, 97.99992777755049644 ) ) ;
#1384 = CARTESIAN_POINT ( 'NONE',  ( 325.6436388650820390, -18.09764696924689886, 25.33323756169180285 ) ) ;
#1385 = ADVANCED_BREP_SHAPE_REPRESENTATION ( 'ahsap', ( #1672, #1729, #1738, #5740 ), #1489 ) ;
#1386 = EDGE_CURVE ( 'NONE', #2883, #1938, #4005, .T. ) ;
#1387 = CARTESIAN_POINT ( 'NONE',  ( 166.1441255629790135, -21.31899318031699764, 38.00000000000000000 ) ) ;
#1388 = CARTESIAN_POINT ( 'NONE',  ( 124.6698889743869927, -21.18478193166320267, 109.0000000000000000 ) ) ;
#1389 = B_SPLINE_CURVE_WITH_KNOTS ( 'NONE', 3,
 ( #3824, #188, #1574, #2440 ),
 .UNSPECIFIED., .F., .F.,
 ( 4, 4 ),
 ( 0.03383747857135580017, 0.04852974931344310183 ),
 .UNSPECIFIED. ) ;
#1390 = CARTESIAN_POINT ( 'NONE',  ( 105.6498530310060033, -22.67615976779979903, 86.99992777755048223 ) ) ;
#1391 = ORIENTED_EDGE ( 'NONE', *, *, #2571, .T. ) ;
#1392 = LINE ( 'NONE', #836, #1539 ) ;
#1393 = CARTESIAN_POINT ( 'NONE',  ( 165.1247130217440144, 22.34360301264559823, 43.00000000000000000 ) ) ;
#1395 = DIRECTION ( 'NONE',  ( 1.000000000000000000, 0.000000000000000000, 0.000000000000000000 ) ) ;
#1394 = CARTESIAN_POINT ( 'NONE',  ( 47.47890531251950108, 36.53903352699269647, 2.842170943040400239E-13 ) ) ;
#1396 = CARTESIAN_POINT ( 'NONE',  ( -247.6318444108569850, -21.13788203545009736, 38.00000000000000000 ) ) ;
#1397 = EDGE_CURVE ( 'NONE', #308, #4905, #2100, .T. ) ;
#1398 = CARTESIAN_POINT ( 'NONE',  ( -219.6134947250199900, 8.086255705846149056, 50.66663158234120345 ) ) ;
#1399 = ORIENTED_EDGE ( 'NONE', *, *, #5581, .T. ) ;
#1400 = CARTESIAN_POINT ( 'NONE',  ( 204.4967642124879887, 15.48382865344350101, 43.00000000000000000 ) ) ;
#1402 = CARTESIAN_POINT ( 'NONE',  ( -202.6988040231170203, 12.05747409284989935, 109.0000000000000000 ) ) ;
#1401 = CARTESIAN_POINT ( 'NONE',  ( -190.8812775781149753, 19.40776510942149713, 43.00000000000079581 ) ) ;
#1403 = CARTESIAN_POINT ( 'NONE',  ( 226.5364722874169843, 11.12518244139450196, 12.66657089502520073 ) ) ;
#1404 = CARTESIAN_POINT ( 'NONE',  ( -236.2276853022349883, -0.2717368424788780268, 38.00000000000000000 ) ) ;
#1405 = AXIS2_PLACEMENT_3D ( 'NONE', #3263, #2282, #1329 ) ;
#1406 = CARTESIAN_POINT ( 'NONE',  ( 284.2021305830089659, -0.4509907724970960152, 43.00000000000000000 ) ) ;
#1407 = ORIENTED_EDGE ( 'NONE', *, *, #4829, .T. ) ;
#1408 = EDGE_LOOP ( 'NONE', ( #1720, #2897, #4802, #2491 ) ) ;
#1409 = CARTESIAN_POINT ( 'NONE',  ( 294.6615984579090082, -17.62742806002719931, 43.00000000000000000 ) ) ;
#1410 = CARTESIAN_POINT ( 'NONE',  ( 193.9191465808110024, 18.27826507827439784, 109.0000000000000000 ) ) ;
#1412 = CARTESIAN_POINT ( 'NONE',  ( 163.8840822113800186, 22.76793559807019918, 66.00000000000000000 ) ) ;
#1411 = CARTESIAN_POINT ( 'NONE',  ( -121.6696463995990030, -34.84165055056460147, 25.33323756169180285 ) ) ;
#1413 = CARTESIAN_POINT ( 'NONE',  ( -7.501313497281589804, 38.88906715182750418, 75.99999999999670308 ) ) ;
#1414 = CARTESIAN_POINT ( 'NONE',  ( 207.3904078319449980, 14.35494639030339847, 2.842170943040400239E-13 ) ) ;
#1415 = PRESENTATION_LAYER_ASSIGNMENT (  '', '', ( #854 ) ) ;
#1416 = ORIENTED_EDGE ( 'NONE', *, *, #5450, .F. ) ;
#1417 = CARTESIAN_POINT ( 'NONE',  ( 46.80957909575219134, -25.68028528698580004, 97.99992777755049644 ) ) ;
#1418 = CARTESIAN_POINT ( 'NONE',  ( -246.9403988094919953, -24.98531528662650203, 2.842170943040400239E-13 ) ) ;
#1419 = EDGE_CURVE ( 'NONE', #5798, #490, #2955, .T. ) ;
#1420 = CARTESIAN_POINT ( 'NONE',  ( 127.4789030319579979, -23.90098958343980229, 2.842170943040400239E-13 ) ) ;
#1421 = FACE_OUTER_BOUND ( 'NONE', #5714, .T. ) ;
#1422 = CARTESIAN_POINT ( 'NONE',  ( 199.0890654416879784, 16.20379114074420102, 25.33323756169170338 ) ) ;
#1423 = EDGE_CURVE ( 'NONE', #111, #2362, #3313, .T. ) ;
#1424 = CARTESIAN_POINT ( 'NONE',  ( -233.0936566252509863, -0.9046996402120840441, 76.00000000000000000 ) ) ;
#1425 = FACE_OUTER_BOUND ( 'NONE', #4387, .T. ) ;
#1427 = CARTESIAN_POINT ( 'NONE',  ( 46.22869020180389299, 36.35853317260939832, 43.00000000000000000 ) ) ;
#1426 = CARTESIAN_POINT ( 'NONE',  ( -191.9648465072949932, -37.90514899978579422, 109.0000000000000000 ) ) ;
#1428 = CARTESIAN_POINT ( 'NONE',  ( 219.3676385249130192, 13.28469264554799878, 66.00000000000000000 ) ) ;
#1429 = CARTESIAN_POINT ( 'NONE',  ( -243.0032596903230058, -6.418226455744219905, 43.00000000000000000 ) ) ;
#1430 = B_SPLINE_SURFACE_WITH_KNOTS ( 'NONE', 3, 3, ( 
 ( #5622, #3389, #4729, #2499 ),
 ( #4287, #2528, #2409, #155 ),
 ( #1958, #2130, #3531, #3088 ),
 ( #4458, #3937, #4430, #1189 ) ),
 .UNSPECIFIED., .F., .F., .F.,
 ( 4, 4 ),
 ( 4, 4 ),
 ( 0.000000000000000000, 1.000000000000000000 ),
 ( 0.01914501489605319878, 0.02938523722594680102 ),
 .UNSPECIFIED. ) ;
#1431 = VERTEX_POINT ( 'NONE', #625 ) ;
#1432 = CARTESIAN_POINT ( 'NONE',  ( -102.5211011773509995, -33.60100043170930206, 2.842170943040400239E-13 ) ) ;
#1434 = CARTESIAN_POINT ( 'NONE',  ( -211.9280892401899905, 9.297675499258540199, 86.99992777755097961 ) ) ;
#1433 = CARTESIAN_POINT ( 'NONE',  ( 165.1247130217440144, 22.34360301264559823, 43.00000000000000000 ) ) ;
#1435 = B_SPLINE_CURVE_WITH_KNOTS ( 'NONE', 3,
 ( #4063, #458, #4473, #5414, #347, #5834 ),
 .UNSPECIFIED., .F., .F.,
 ( 4, 2, 4 ),
 ( -6.120613360951050019, -3.060306680475529895, 0.000000000000000000 ),
 .UNSPECIFIED. ) ;
#1436 = CARTESIAN_POINT ( 'NONE',  ( -72.52109126663849281, -32.16099358256839480, 2.842170943040400239E-13 ) ) ;
#1437 = VERTEX_POINT ( 'NONE', #2046 ) ;
#1438 = ORIENTED_EDGE ( 'NONE', *, *, #3958, .F. ) ;
#1439 = CARTESIAN_POINT ( 'NONE',  ( -214.2496054229699780, -35.38707195387399906, 50.66663158234069897 ) ) ;
#1440 = CARTESIAN_POINT ( 'NONE',  ( 221.9279596022070109, 13.02220705563090064, 76.00000000000000000 ) ) ;
#1442 = CARTESIAN_POINT ( 'NONE',  ( 225.6093564866160079, -19.41983550513660006, 38.00000000000000000 ) ) ;
#1441 = CARTESIAN_POINT ( 'NONE',  ( -102.2967275338939999, 37.54577744422039842, 12.66657089502520073 ) ) ;
#1443 = CARTESIAN_POINT ( 'NONE',  ( -159.3479675915999962, 25.19815725084849944, 109.0000000000069917 ) ) ;
#1444 = CARTESIAN_POINT ( 'NONE',  ( 3.912629219315450158, 38.74360684570649482, 38.00000000000000000 ) ) ;
#1445 = VERTEX_POINT ( 'NONE', #4701 ) ;
#1446 = CARTESIAN_POINT ( 'NONE',  ( -12.42641042882340052, -29.33994264674939956, 12.66657089502520073 ) ) ;
#1447 = CARTESIAN_POINT ( 'NONE',  ( -227.6114565707759994, -32.44139898392599974, 2.842170943040390646E-13 ) ) ;
#1448 = CARTESIAN_POINT ( 'NONE',  ( -157.8389804986309741, -37.67537143576090131, 109.0000000000000000 ) ) ;
#1449 = CARTESIAN_POINT ( 'NONE',  ( 0.000000000000000000, 0.000000000000000000, 0.000000000000000000 ) ) ;
#1450 = CARTESIAN_POINT ( 'NONE',  ( 106.2544097992900021, -23.30417541864679620, 58.33329824900710037 ) ) ;
#1451 = EDGE_CURVE ( 'NONE', #1938, #279, #1389, .T. ) ;
#1452 = CARTESIAN_POINT ( 'NONE',  ( -169.9651467998110093, 23.62504593569629918, 76.00000000000339639 ) ) ;
#1453 = CARTESIAN_POINT ( 'NONE',  ( 311.6145201167590244, -5.944469100589079957, 76.00000000000000000 ) ) ;
#1454 = CARTESIAN_POINT ( 'NONE',  ( 4.440892098500630106E-15, -4.440892098500630106E-15, 66.00000000000000000 ) ) ;
#1455 = VECTOR ( 'NONE', #2910, 1000.000000000000000 ) ;
#1456 = B_SPLINE_SURFACE_WITH_KNOTS ( 'NONE', 3, 3, ( 
 ( #3754, #5102, #2903, #258 ),
 ( #5133, #4683, #1583, #1972 ),
 ( #2485, #3374, #5163, #577 ),
 ( #1056, #609, #635, #2423 ) ),
 .UNSPECIFIED., .F., .F., .F.,
 ( 4, 4 ),
 ( 4, 4 ),
 ( 0.000000000000000000, 1.000000000000000000 ),
 ( 0.000000000000000000, 0.01691886720496220062 ),
 .UNSPECIFIED. ) ;
#1457 = FACE_OUTER_BOUND ( 'NONE', #687, .T. ) ;
#1458 = CARTESIAN_POINT ( 'NONE',  ( -180.1090540689199884, -36.81013136443380063, 50.66663158234050712 ) ) ;
#1459 = CARTESIAN_POINT ( 'NONE',  ( -244.3825839016060115, -12.65887572515440063, 66.00000000000000000 ) ) ;
#1460 = CARTESIAN_POINT ( 'NONE',  ( -2.353639735607269579, -28.79327707403599845, 33.00000000000000000 ) ) ;
#1461 = ORIENTED_EDGE ( 'NONE', *, *, #5361, .T. ) ;
#1462 = B_SPLINE_CURVE_WITH_KNOTS ( 'NONE', 3,
 ( #4355, #3514, #3916, #367 ),
 .UNSPECIFIED., .F., .F.,
 ( 4, 4 ),
 ( 0.000000000000000000, 0.01691886720480259912 ),
 .UNSPECIFIED. ) ;
#1464 = CARTESIAN_POINT ( 'NONE',  ( -217.2679278169869974, 5.739914705507690229, 109.0000000000000000 ) ) ;
#1463 = CARTESIAN_POINT ( 'NONE',  ( -111.5291776599229934, 35.54336686600790074, 43.00000000000000000 ) ) ;
#1465 = CARTESIAN_POINT ( 'NONE',  ( -140.8735115240959885, -35.91817666414599586, 43.00000000000000000 ) ) ;
#1466 = CARTESIAN_POINT ( 'NONE',  ( -71.69668576978880026, -32.30573986235639694, 38.00000000000000000 ) ) ;
#1467 = ORIENTED_EDGE ( 'NONE', *, *, #4774, .T. ) ;
#1468 = ORIENTED_EDGE ( 'NONE', *, *, #5157, .F. ) ;
#1469 = CARTESIAN_POINT ( 'NONE',  ( 165.4285372395349896, -20.69318864107759737, 58.33329824900719984 ) ) ;
#1470 = ORIENTED_EDGE ( 'NONE', *, *, #1646, .T. ) ;
#1471 = CARTESIAN_POINT ( 'NONE',  ( 219.5822401046350194, 13.99252600371120003, 109.0000000000000000 ) ) ;
#1473 = DIRECTION ( 'NONE',  ( 0.000000000000000000, -1.000000000000000000, 0.000000000000000000 ) ) ;
#1472 = CARTESIAN_POINT ( 'NONE',  ( 314.4617560430439767, -17.25686306905389955, 43.00000000000000000 ) ) ;
#1474 = CARTESIAN_POINT ( 'NONE',  ( -192.9932319960989844, 15.47490636073830039, 108.9999999999979963 ) ) ;
#1475 = CARTESIAN_POINT ( 'NONE',  ( -72.07723566443090135, 39.14971037893720052, 38.00000000000069633 ) ) ;
#1476 = ORIENTED_EDGE ( 'NONE', *, *, #692, .T. ) ;
#1477 = CARTESIAN_POINT ( 'NONE',  ( 223.7360459048140058, -17.92192644873379948, 76.00000000000000000 ) ) ;
#1478 = CARTESIAN_POINT ( 'NONE',  ( -138.3511938630180111, -36.79760321064429718, 109.0000000000000000 ) ) ;
#1479 =( NAMED_UNIT ( * ) SI_UNIT ( $, .STERADIAN. ) SOLID_ANGLE_UNIT ( ) );
#1480 = CARTESIAN_POINT ( 'NONE',  ( 275.1663617753240487, -18.28324204602079917, 38.00000000000000000 ) ) ;
#1481 = CARTESIAN_POINT ( 'NONE',  ( -234.8666759758660021, -2.220901184817500429, 76.00000000000000000 ) ) ;
#1482 = CARTESIAN_POINT ( 'NONE',  ( 347.3334405607569693, -14.92236850226220035, 76.00000000000000000 ) ) ;
#1483 = CARTESIAN_POINT ( 'NONE',  ( -92.18556211247179988, -33.20727386886819943, 12.66657089502520073 ) ) ;
#1485 = CARTESIAN_POINT ( 'NONE',  ( 27.35916855865519892, -27.18010118474599679, 58.33329824900719984 ) ) ;
#1484 = CARTESIAN_POINT ( 'NONE',  ( -188.1818398190840185, -37.60704051743149989, 86.99992777755048223 ) ) ;
#1486 = CARTESIAN_POINT ( 'NONE',  ( 3.912629219315450158, 38.74360684570649482, 38.00000000000000000 ) ) ;
#1487 = CARTESIAN_POINT ( 'NONE',  ( -247.6391738405449985, -16.56660888014329913, 43.00000000000000000 ) ) ;
#1488 = VERTEX_POINT ( 'NONE', #3799 ) ;
#1489 =( GEOMETRIC_REPRESENTATION_CONTEXT ( 3 ) GLOBAL_UNCERTAINTY_ASSIGNED_CONTEXT ( ( #4896 ) ) GLOBAL_UNIT_ASSIGNED_CONTEXT ( ( #238, #3764, #1479 ) ) REPRESENTATION_CONTEXT ( 'NONE', 'WORKASPACE' ) );
#1490 = ORIENTED_EDGE ( 'NONE', *, *, #1451, .F. ) ;
#1492 = CARTESIAN_POINT ( 'NONE',  ( -219.8118325211500235, 4.320045238414870425, 109.0000000000000000 ) ) ;
#1491 = CARTESIAN_POINT ( 'NONE',  ( -106.3802195839460012, -34.17685494019299597, 38.00000000000000000 ) ) ;
#1493 = CARTESIAN_POINT ( 'NONE',  ( 20.00000000000000000, 5.473954622914330284E-13, 76.00000000000000000 ) ) ;
#1494 = CARTESIAN_POINT ( 'NONE',  ( 281.7093772737819677, 0.9761707184835600737, 76.00000000000000000 ) ) ;
#1495 = ORIENTED_EDGE ( 'NONE', *, *, #4097, .T. ) ;
#1496 = ADVANCED_FACE ( 'NONE', ( #1547 ), #1552, .T. ) ;
#1497 = EDGE_LOOP ( 'NONE', ( #1416, #3280, #1193, #464, #541, #5531, #1904, #3094, #5422, #5210, #1310, #2334, #3042, #2671, #752, #22, #4424, #5123, #2310, #515, #3066, #5156, #2730, #3005, #5013, #944 ) ) ;
#1498 = CARTESIAN_POINT ( 'NONE',  ( 145.9375946028599742, -21.77666880208090205, 50.66663158234050712 ) ) ;
#1499 = EDGE_LOOP ( 'NONE', ( #5265, #2119, #5109, #2804 ) ) ;
#1500 = B_SPLINE_CURVE_WITH_KNOTS ( 'NONE', 3,
 ( #4248, #4190, #141, #4159 ),
 .UNSPECIFIED., .F., .F.,
 ( 4, 4 ),
 ( 0.03383747857135580017, 0.04852974931344310183 ),
 .UNSPECIFIED. ) ;
#1502 = CARTESIAN_POINT ( 'NONE',  ( 105.8819437403970056, -22.91677482271290245, 76.00000000000000000 ) ) ;
#1501 = CARTESIAN_POINT ( 'NONE',  ( 27.27365727562999709, -26.76142390879140365, 97.99992777755049644 ) ) ;
#1503 = CARTESIAN_POINT ( 'NONE',  ( -235.5442611458310012, -5.370062009409060089, 109.0000000000000000 ) ) ;
#1504 = B_SPLINE_SURFACE_WITH_KNOTS ( 'NONE', 3, 3, ( 
 ( #2104, #4353, #686, #4379 ),
 ( #3422, #806, #1639, #5211 ),
 ( #2536, #280, #1224, #337 ),
 ( #3945, #2078, #1699, #4406 ) ),
 .UNSPECIFIED., .F., .F., .F.,
 ( 4, 4 ),
 ( 4, 4 ),
 ( 0.000000000000000000, 1.000000000000000000 ),
 ( 0.01914501489605319878, 0.02938523722594680102 ),
 .UNSPECIFIED. ) ;
#1505 = ORIENTED_EDGE ( 'NONE', *, *, #270, .F. ) ;
#1506 = CARTESIAN_POINT ( 'NONE',  ( 224.9854165534509889, -18.91747582316460097, 50.66663158235500219 ) ) ;
#1507 = CARTESIAN_POINT ( 'NONE',  ( -222.7521233531560085, -33.49105230196599337, 2.842170943040380044E-13 ) ) ;
#1508 = CARTESIAN_POINT ( 'NONE',  ( 66.89555959429009135, -25.36722406749020209, 50.66663158234050712 ) ) ;
#1509 = CARTESIAN_POINT ( 'NONE',  ( 106.4045330010289945, 30.41748711019570095, 25.33323756193200182 ) ) ;
#1510 = CARTESIAN_POINT ( 'NONE',  ( 330.4160865803889919, -11.79785251406909907, 43.00000000000000000 ) ) ;
#1511 = CARTESIAN_POINT ( 'NONE',  ( -242.2994029030859906, -10.00461302867880065, 76.00000000000000000 ) ) ;
#1512 = DIRECTION ( 'NONE',  ( 0.000000000000000000, -1.000000000000000000, 0.000000000000000000 ) ) ;
#1513 = CARTESIAN_POINT ( 'NONE',  ( 202.3162501466050003, 16.33736485674460326, 76.00000000000000000 ) ) ;
#1514 = CARTESIAN_POINT ( 'NONE',  ( -21.40443132532459813, 39.97698785313620107, 12.66657089502520073 ) ) ;
#1515 = CARTESIAN_POINT ( 'NONE',  ( -124.8803287770920036, -35.67775080401789722, 76.00000000000000000 ) ) ;
#1516 = CARTESIAN_POINT ( 'NONE',  ( -172.2351509759380122, 25.67807213693370016, 12.66657089502520073 ) ) ;
#1517 = CARTESIAN_POINT ( 'NONE',  ( 201.5952335372800235, 16.62002027857770159, 86.99992777755069540 ) ) ;
#1518 = EDGE_CURVE ( 'NONE', #5162, #5548, #1111, .T. ) ;
#1519 = CARTESIAN_POINT ( 'NONE',  ( 3.716274385945030012, 38.60619459871120540, 50.66663158223510521 ) ) ;
#1520 = ORIENTED_EDGE ( 'NONE', *, *, #5588, .F. ) ;
#1521 = CARTESIAN_POINT ( 'NONE',  ( 330.6933582434289747, -9.599183985364179605, 109.0000000000000000 ) ) ;
#1523 = CARTESIAN_POINT ( 'NONE',  ( -168.7781667485700154, 22.57416993874659994, 109.0000000000050022 ) ) ;
#1522 = CARTESIAN_POINT ( 'NONE',  ( -205.7038688251990095, 14.36509017665099996, 43.00000000000260059 ) ) ;
#1524 = FACE_OUTER_BOUND ( 'NONE', #3856, .T. ) ;
#1525 = CARTESIAN_POINT ( 'NONE',  ( 4.440892098500630106E-15, -4.440892098500630106E-15, 38.00000000000000000 ) ) ;
#1526 = PRODUCT_DEFINITION ( 'UNKNOWN', '', #2249, #3610 ) ;
#1527 = ORIENTED_EDGE ( 'NONE', *, *, #5310, .F. ) ;
#1528 = CARTESIAN_POINT ( 'NONE',  ( -242.9286416877170041, -27.11100188604229899, 66.00000000000000000 ) ) ;
#1530 = CARTESIAN_POINT ( 'NONE',  ( 125.5232448048929967, -21.99587444741609943, 76.00000000000000000 ) ) ;
#1529 = CARTESIAN_POINT ( 'NONE',  ( -128.6073005452119844, -36.35871909808599867, 109.0000000000000000 ) ) ;
#1531 = CARTESIAN_POINT ( 'NONE',  ( -235.5187252251050154, 2.811399741606460445, 2.842170943040370451E-13 ) ) ;
#1532 = CARTESIAN_POINT ( 'NONE',  ( -188.1544275383620004, 17.17336182836159963, 108.9999999999970015 ) ) ;
#1533 = EDGE_CURVE ( 'NONE', #717, #4588, #5623, .T. ) ;
#1534 = CARTESIAN_POINT ( 'NONE',  ( -229.9572551548099852, -33.69569840980030051, 109.0000000000000000 ) ) ;
#1535 = ORIENTED_EDGE ( 'NONE', *, *, #1948, .F. ) ;
#1536 = CARTESIAN_POINT ( 'NONE',  ( -71.69668576978880026, -32.30573986235639694, 38.00000000000000000 ) ) ;
#1537 = DIRECTION ( 'NONE',  ( 0.9999280028840082934, 0.01199954367461170471, 0.000000000000000000 ) ) ;
#1538 = CARTESIAN_POINT ( 'NONE',  ( 261.7355462361379637, -15.80131417876690136, 97.99992777755049644 ) ) ;
#1539 = VECTOR ( 'NONE', #5408, 1000.000000000000000 ) ;
#1540 = CARTESIAN_POINT ( 'NONE',  ( 292.4363124257919822, -1.783486474584009995, 66.00000000000000000 ) ) ;
#1541 = B_SPLINE_CURVE_WITH_KNOTS ( 'NONE', 3,
 ( #1089, #4250, #3812, #5607, #1560, #81 ),
 .UNSPECIFIED., .F., .F.,
 ( 4, 2, 4 ),
 ( -2.973748677397519913, -1.486874465483219998, 0.000000000000000000 ),
 .UNSPECIFIED. ) ;
#1542 = LINE ( 'NONE', #5491, #496 ) ;
#1543 = CARTESIAN_POINT ( 'NONE',  ( -12.03217334799050064, -29.08060556476289804, 66.00000000000000000 ) ) ;
#1544 = CARTESIAN_POINT ( 'NONE',  ( -102.1554251318219997, -33.70564861295599712, 12.66657089502520073 ) ) ;
#1545 = CARTESIAN_POINT ( 'NONE',  ( -21.29974915427629867, 40.16391657411010385, 2.842170943040629955E-13 ) ) ;
#1546 = VECTOR ( 'NONE', #4800, 1000.000000000000227 ) ;
#1547 = FACE_OUTER_BOUND ( 'NONE', #1133, .T. ) ;
#1548 = CARTESIAN_POINT ( 'NONE',  ( -152.3363639409739960, 30.59262742414729885, 2.842170943040300274E-13 ) ) ;
#1549 = CARTESIAN_POINT ( 'NONE',  ( 7.655326053399019948, -28.08981325591669886, 66.00000000000000000 ) ) ;
#1550 = CARTESIAN_POINT ( 'NONE',  ( 38.50726075541989246, -26.94792884646389908, 33.00000000000000000 ) ) ;
#1551 = EDGE_LOOP ( 'NONE', ( #1027, #2638, #791, #1271 ) ) ;
#1552 = B_SPLINE_SURFACE_WITH_KNOTS ( 'NONE', 3, 3, ( 
 ( #5153, #3391, #678, #4289 ),
 ( #3852, #5649, #1603, #4844 ),
 ( #4869, #4374, #2585, #5403 ),
 ( #5347, #832, #5823, #2616 ) ),
 .UNSPECIFIED., .F., .F., .F.,
 ( 4, 4 ),
 ( 4, 4 ),
 ( 0.000000000000000000, 1.000000000000000000 ),
 ( 0.03383747857135580017, 0.04852974931344310183 ),
 .UNSPECIFIED. ) ;
#1553 = CARTESIAN_POINT ( 'NONE',  ( -11.71840122920390037, -28.86943549061249925, 109.0000000000000000 ) ) ;
#1555 = CARTESIAN_POINT ( 'NONE',  ( -242.2308306538110116, -26.74341225324329940, 97.99992777755049644 ) ) ;
#1554 = CARTESIAN_POINT ( 'NONE',  ( -232.0870890790320118, 1.825673890923390053, 43.00000000000000000 ) ) ;
#1556 = CARTESIAN_POINT ( 'NONE',  ( 47.18771486212400390, -26.41772864179730007, 43.00000000000000000 ) ) ;
#1557 = CARTESIAN_POINT ( 'NONE',  ( 38.50726075541989246, -26.94792884646389908, 33.00000000000000000 ) ) ;
#1558 = ADVANCED_FACE ( 'NONE', ( #1356 ), #2636, .T. ) ;
#1560 = CARTESIAN_POINT ( 'NONE',  ( -76.53726113603070758, -32.59506882186970245, 43.00000000000000000 ) ) ;
#1559 = CARTESIAN_POINT ( 'NONE',  ( 314.1551033144419875, -7.594962136569659350, 43.00000000000000000 ) ) ;
#1561 = EDGE_CURVE ( 'NONE', #1437, #2168, #1889, .T. ) ;
#1562 = CARTESIAN_POINT ( 'NONE',  ( -74.54324416061670888, 37.40686943230659978, 108.9999999999970015 ) ) ;
#1563 = CARTESIAN_POINT ( 'NONE',  ( -77.76519697631320582, 38.61572863914150844, 42.99999999999860023 ) ) ;
#1564 = ORIENTED_EDGE ( 'NONE', *, *, #1599, .F. ) ;
#1565 = CARTESIAN_POINT ( 'NONE',  ( 164.8058469338860164, -20.15407369682240102, 76.00000000000000000 ) ) ;
#1566 =( NAMED_UNIT ( * ) SI_UNIT ( $, .STERADIAN. ) SOLID_ANGLE_UNIT ( ) );
#1567 = CARTESIAN_POINT ( 'NONE',  ( -233.2570302685560080, 4.023834589005799600, 2.842170943040370451E-13 ) ) ;
#1568 = CARTESIAN_POINT ( 'NONE',  ( 323.2134660203829526, -9.187393882718179583, 66.00000000000000000 ) ) ;
#1569 = CARTESIAN_POINT ( 'NONE',  ( -243.8604304622659811, -26.62455912929299728, 50.66663158234050712 ) ) ;
#1570 = EDGE_CURVE ( 'NONE', #3229, #58, #5336, .T. ) ;
#1571 = CARTESIAN_POINT ( 'NONE',  ( -225.4268269713659834, -33.49572540289410227, 38.00000000000000000 ) ) ;
#1572 = CARTESIAN_POINT ( 'NONE',  ( -164.6076662450819867, -37.01522960960569719, 66.00000000000000000 ) ) ;
#1574 = CARTESIAN_POINT ( 'NONE',  ( 326.1438559490039779, -8.856867826228478791, 97.99992777755049644 ) ) ;
#1573 = CARTESIAN_POINT ( 'NONE',  ( 32.52637492897229521, 37.24842625138939667, 25.33323756169180285 ) ) ;
#1575 = CARTESIAN_POINT ( 'NONE',  ( -162.2532030813380004, 28.29453764575599806, 12.66657089502520073 ) ) ;
#1576 = CARTESIAN_POINT ( 'NONE',  ( -152.0055308903310163, -35.79868636485720401, 12.66657089502520073 ) ) ;
#1577 = CARTESIAN_POINT ( 'NONE',  ( 166.7787560830140023, 21.77819091445000055, 12.66657089496979971 ) ) ;
#1578 = ORIENTED_EDGE ( 'NONE', *, *, #4131, .T. ) ;
#1579 = CARTESIAN_POINT ( 'NONE',  ( 337.4636663345210081, -15.64010409974470051, 66.00000000000000000 ) ) ;
#1581 = CARTESIAN_POINT ( 'NONE',  ( -243.7941100039600144, -13.01020541168520062, 76.00000000000000000 ) ) ;
#1580 = CARTESIAN_POINT ( 'NONE',  ( -247.4320206768660171, -19.72653953962210238, 43.00000000000000000 ) ) ;
#1582 = CARTESIAN_POINT ( 'NONE',  ( -160.0127276476650025, -36.85901559443529862, 58.33329824900719984 ) ) ;
#1583 = CARTESIAN_POINT ( 'NONE',  ( 146.1911767497900030, 24.81612921060279930, 25.33323756169180285 ) ) ;
#1585 = CARTESIAN_POINT ( 'NONE',  ( -160.8864272524779722, -36.52242808471019941, 38.00000000000000000 ) ) ;
#1584 = CARTESIAN_POINT ( 'NONE',  ( -94.29891545984470724, 36.54806246632579558, 76.00000000000000000 ) ) ;
#1586 = B_SPLINE_CURVE_WITH_KNOTS ( 'NONE', 3,
 ( #1472, #5105, #2877, #5576 ),
 .UNSPECIFIED., .F., .F.,
 ( 4, 4 ),
 ( 0.01914501489615079780, 0.02938523722594670040 ),
 .UNSPECIFIED. ) ;
#1587 = CARTESIAN_POINT ( 'NONE',  ( -249.2402042120949943, -12.19360834871319987, 2.842170943040390646E-13 ) ) ;
#1588 = EDGE_CURVE ( 'NONE', #2753, #4128, #3590, .T. ) ;
#1589 = CARTESIAN_POINT ( 'NONE',  ( -49.65466223805589863, 38.25416983655129854, 97.99992777753270445 ) ) ;
#1590 = CARTESIAN_POINT ( 'NONE',  ( 1.362454000156039902, 38.57399976118939833, 66.00000000000000000 ) ) ;
#1591 = ORIENTED_EDGE ( 'NONE', *, *, #225, .T. ) ;
#1592 = CARTESIAN_POINT ( 'NONE',  ( 338.2019893046539778, -14.88597509917370054, 12.66657089502520073 ) ) ;
#1593 = CARTESIAN_POINT ( 'NONE',  ( 287.4788984708349631, -19.92099996041150334, 2.842170943040400239E-13 ) ) ;
#1594 = CARTESIAN_POINT ( 'NONE',  ( -232.6984564516760088, -32.71681367543340002, 86.99992777755048223 ) ) ;
#1595 = CARTESIAN_POINT ( 'NONE',  ( -222.3255948815839815, 9.859108401221149620, 2.842170943040370451E-13 ) ) ;
#1596 = CARTESIAN_POINT ( 'NONE',  ( 296.5051196505559687, -4.229842459770949858, 12.66657089502520073 ) ) ;
#1597 = VECTOR ( 'NONE', #4546, 1000.000000000000227 ) ;
#1598 = CARTESIAN_POINT ( 'NONE',  ( 330.4160865803889919, -11.79785251406909907, 43.00000000000000000 ) ) ;
#1599 = EDGE_CURVE ( 'NONE', #2781, #4518, #4434, .T. ) ;
#1600 = CARTESIAN_POINT ( 'NONE',  ( -240.3153263682710019, -29.21423457866279705, 12.66657089502520073 ) ) ;
#1601 = CARTESIAN_POINT ( 'NONE',  ( 353.2997279817799949, -19.38098124309850334, 2.842170943040400239E-13 ) ) ;
#1602 = FACE_OUTER_BOUND ( 'NONE', #909, .T. ) ;
#1603 = CARTESIAN_POINT ( 'NONE',  ( 291.0505078588870447, -14.90288444630649956, 97.99992777755049644 ) ) ;
#1604 = CARTESIAN_POINT ( 'NONE',  ( -132.3997010185850058, 34.21384869039300014, 2.842170943040710229E-13 ) ) ;
#1605 = CARTESIAN_POINT ( 'NONE',  ( -206.8461101314120185, -35.34907560478769994, 12.66657089502739986 ) ) ;
#1606 = B_SPLINE_SURFACE_WITH_KNOTS ( 'NONE', 3, 3, ( 
 ( #166, #4184, #1582, #4622 ),
 ( #2901, #133, #4741, #3399 ),
 ( #1465, #1082, #4270, #1908 ),
 ( #3776, #1969, #5602, #2838 ) ),
 .UNSPECIFIED., .F., .F., .F.,
 ( 4, 4 ),
 ( 4, 4 ),
 ( 0.000000000000000000, 1.000000000000000000 ),
 ( 0.01914501489605319878, 0.02938523722594680102 ),
 .UNSPECIFIED. ) ;
#1607 = VERTEX_POINT ( 'NONE', #3146 ) ;
#1608 = FACE_OUTER_BOUND ( 'NONE', #2782, .T. ) ;
#1609 = CIRCLE ( 'NONE', #95, 47.00000000000000000 ) ;
#1610 = EDGE_LOOP ( 'NONE', ( #1163, #2653, #5047, #3980 ) ) ;
#1611 = CARTESIAN_POINT ( 'NONE',  ( -178.9046944266930268, -37.30142771460420192, 76.00000000000000000 ) ) ;
#1612 = CARTESIAN_POINT ( 'NONE',  ( 46.98537161585549882, -2.819751975452820414, 2.842170943040400239E-13 ) ) ;
#1614 = CARTESIAN_POINT ( 'NONE',  ( -245.6586301089719768, -17.70609000404330047, 76.00000000000000000 ) ) ;
#1613 = CARTESIAN_POINT ( 'NONE',  ( -234.8903790600510035, 0.2987170447688169417, 43.00000000000000000 ) ) ;
#1615 = EDGE_CURVE ( 'NONE', #2562, #252, #4926, .T. ) ;
#1616 = CARTESIAN_POINT ( 'NONE',  ( -189.9883619446460159, 18.96255819875729998, 58.33329824900850014 ) ) ;
#1617 = ORIENTED_EDGE ( 'NONE', *, *, #4525, .F. ) ;
#1618 = CARTESIAN_POINT ( 'NONE',  ( 103.8620583927880006, 30.84347462550629970, 86.99992777755048223 ) ) ;
#1620 = CARTESIAN_POINT ( 'NONE',  ( 166.5896380998970301, -21.71014862955249924, 25.33323756169170338 ) ) ;
#1619 = CARTESIAN_POINT ( 'NONE',  ( 165.1247130217440144, 22.34360301264559823, 43.00000000000000000 ) ) ;
#1621 = CARTESIAN_POINT ( 'NONE',  ( -236.4024210522830174, 0.5924924428195410542, 25.33323756169140140 ) ) ;
#1622 = CARTESIAN_POINT ( 'NONE',  ( -38.47104959534169666, 38.25859146713609960, 108.9999999999770068 ) ) ;
#1623 = CARTESIAN_POINT ( 'NONE',  ( -13.27266245403420086, 39.41798247096669883, 58.33329824900729932 ) ) ;
#1624 = ORIENTED_EDGE ( 'NONE', *, *, #1382, .T. ) ;
#1625 = CARTESIAN_POINT ( 'NONE',  ( 195.9367251339940026, 17.46839275282630055, 76.00000000000000000 ) ) ;
#1626 = CARTESIAN_POINT ( 'NONE',  ( 350.3188331919120060, -17.13356405580580244, 38.00000000000000000 ) ) ;
#1627 = CARTESIAN_POINT ( 'NONE',  ( -192.3874730293410096, 20.97368314653040144, 2.842170943040260389E-13 ) ) ;
#1628 = CARTESIAN_POINT ( 'NONE',  ( 316.4975914701209945, -9.131160322427628984, 12.66657089502520073 ) ) ;
#1629 = CARTESIAN_POINT ( 'NONE',  ( -241.4893748413670096, -28.91699450253180359, 43.00000000000000000 ) ) ;
#1630 = CARTESIAN_POINT ( 'NONE',  ( -234.8921481851120063, -31.50983022329769412, 38.00000000000000000 ) ) ;
#1631 = CARTESIAN_POINT ( 'NONE',  ( 104.7188338462919859, 30.69946057019729935, 66.00000000000000000 ) ) ;
#1632 = CARTESIAN_POINT ( 'NONE',  ( 17.51573185999390248, 37.71526418891490096, 66.00000000000000000 ) ) ;
#1633 = CARTESIAN_POINT ( 'NONE',  ( -121.9916330297079980, 35.10336947327900248, 12.66657089502520073 ) ) ;
#1634 = CARTESIAN_POINT ( 'NONE',  ( -206.1714675649260187, -35.65354534960400201, 25.33323756169630059 ) ) ;
#1635 = CARTESIAN_POINT ( 'NONE',  ( 47.30800773097520562, -26.65636890435609985, 25.33323756169170338 ) ) ;
#1636 = EDGE_CURVE ( 'NONE', #5508, #1827, #4103, .T. ) ;
#1637 = ADVANCED_FACE ( 'NONE', ( #2222 ), #1728, .T. ) ;
#1638 = ORIENTED_EDGE ( 'NONE', *, *, #3740, .F. ) ;
#1639 = CARTESIAN_POINT ( 'NONE',  ( 85.28657913420029502, 32.52950675632830269, 58.33329824900719984 ) ) ;
#1640 = VERTEX_POINT ( 'NONE', #1860 ) ;
#1641 = CARTESIAN_POINT ( 'NONE',  ( -164.1668956839689884, -37.18550852547460295, 76.00000000000000000 ) ) ;
#1642 = CARTESIAN_POINT ( 'NONE',  ( -11.79818804450769854, -28.92370124536969911, 97.99992777755049644 ) ) ;
#1644 = CARTESIAN_POINT ( 'NONE',  ( -243.5691032919970098, -26.04346969009170110, 76.00000000000000000 ) ) ;
#1643 = CARTESIAN_POINT ( 'NONE',  ( 347.3334405607569693, -14.92236850226220035, 76.00000000000000000 ) ) ;
#1645 = CARTESIAN_POINT ( 'NONE',  ( -121.3019084328939954, 34.28446146455210197, 43.00000000000079581 ) ) ;
#1646 = EDGE_CURVE ( 'NONE', #1880, #3432, #4940, .T. ) ;
#1648 = CARTESIAN_POINT ( 'NONE',  ( 348.1195062678770000, -15.50075036847029963, 66.00000000000000000 ) ) ;
#1647 = CARTESIAN_POINT ( 'NONE',  ( 164.2954687171620094, 22.62719050555170242, 58.33329824889130322 ) ) ;
#1649 = CARTESIAN_POINT ( 'NONE',  ( -72.24301715145479363, 38.86982796620450387, 50.66663158233960473 ) ) ;
#1650 = VERTEX_POINT ( 'NONE', #941 ) ;
#1651 = CARTESIAN_POINT ( 'NONE',  ( 104.3101863013669970, 30.76811546359280314, 76.00000000000000000 ) ) ;
#1652 = B_SPLINE_SURFACE_WITH_KNOTS ( 'NONE', 3, 3, ( 
 ( #624, #2017, #4235, #5592 ),
 ( #186, #4644, #2500, #3796 ),
 ( #595, #3823, #1072, #2439 ),
 ( #3417, #4730, #2410, #5559 ),
 ( #677, #1158, #5648, #4288 ),
 ( #1545, #1514, #4700, #244 ),
 ( #274, #2969, #3364, #4757 ),
 ( #5152, #710, #2529, #2917 ),
 ( #4317, #5676, #2071, #3877 ),
 ( #4205, #1101, #651, #156 ),
 ( #1959, #5119, #5232, #330 ),
 ( #2278, #3939, #3030, #1692 ),
 ( #1796, #301, #4978, #493 ),
 ( #4811, #1, #5290, #739 ),
 ( #881, #2705, #5734, #440 ),
 ( #910, #2247, #4046, #5398 ),
 ( #1854, #4508, #4072, #1380 ),
 ( #934, #3001, #2099, #2756 ),
 ( #4538, #2306, #2555, #3907 ),
 ( #5706, #1441, #80, #2366 ) ),
 .UNSPECIFIED., .F., .F., .F.,
 ( 4, 2, 2, 2, 2, 2, 2, 2, 2, 4 ),
 ( 4, 4 ),
 ( 0.000000000000000000, 0.1555384725142859859, 0.1631157618883170013, 0.3975464457088050407, 0.4029522158554559863, 0.7154756132356889786, 0.7231651369031190102, 0.7970153494155700624, 0.8025011894609319629, 1.000000000000000000 ),
 ( 0.000000000000000000, 0.01691886720496220062 ),
 .UNSPECIFIED. ) ;
#1653 = CARTESIAN_POINT ( 'NONE',  ( -226.2942426626189842, -34.25031396019460317, 97.99992777755061013 ) ) ;
#1654 = B_SPLINE_CURVE_WITH_KNOTS ( 'NONE', 3,
 ( #4666, #121, #4694, #2794, #619, #644 ),
 .UNSPECIFIED., .F., .F.,
 ( 4, 2, 4 ),
 ( -6.001881859716459822, -3.000940929858229911, 0.000000000000000000 ),
 .UNSPECIFIED. ) ;
#1655 = CARTESIAN_POINT ( 'NONE',  ( 176.3378953360669925, 20.74653394348720070, 76.00000000000000000 ) ) ;
#1656 = FACE_BOUND ( 'NONE', #4617, .T. ) ;
#1657 = CARTESIAN_POINT ( 'NONE',  ( 175.8673775461989806, -20.84085111798330203, 43.00000000000000000 ) ) ;
#1658 = CARTESIAN_POINT ( 'NONE',  ( -235.6439322903979985, -31.13777963133769688, 25.33323756169170338 ) ) ;
#1659 = CARTESIAN_POINT ( 'NONE',  ( -160.6715279777779983, -36.60556141936040575, 43.00000000000000000 ) ) ;
#1660 = CARTESIAN_POINT ( 'NONE',  ( -81.02095419096940532, 39.36402648162039952, 2.842170943040460318E-13 ) ) ;
#1661 = CARTESIAN_POINT ( 'NONE',  ( -191.0874259917979998, 19.57946293607299992, 37.99999999999819522 ) ) ;
#1662 = B_SPLINE_CURVE_WITH_KNOTS ( 'NONE', 3,
 ( #4065, #4501, #3576, #544, #2238, #928 ),
 .UNSPECIFIED., .F., .F.,
 ( 4, 2, 4 ),
 ( -5.910995881891299319, -2.955497940945649660, 0.000000000000000000 ),
 .UNSPECIFIED. ) ;
#1663 = CARTESIAN_POINT ( 'NONE',  ( 307.4789122552599565, -19.68099164160570069, 2.842170943040400239E-13 ) ) ;
#1664 = VERTEX_POINT ( 'NONE', #2314 ) ;
#1665 = CARTESIAN_POINT ( 'NONE',  ( 272.8497911100720330, -16.50389671606010111, 76.00000000000000000 ) ) ;
#1666 = ORIENTED_EDGE ( 'NONE', *, *, #1994, .T. ) ;
#1667 = CARTESIAN_POINT ( 'NONE',  ( 4.440892098500630106E-15, -4.440892098500630106E-15, 33.00000000000000000 ) ) ;
#1668 = CARTESIAN_POINT ( 'NONE',  ( 326.9975299664230306, -9.439165591826609969, 86.99992777755048223 ) ) ;
#1670 = CARTESIAN_POINT ( 'NONE',  ( -241.7612355504930122, -12.27972624040750027, 97.99992777755061013 ) ) ;
#1669 = CARTESIAN_POINT ( 'NONE',  ( -244.9752077981019909, -10.33362408972569924, 43.00000000000000000 ) ) ;
#1671 = CARTESIAN_POINT ( 'NONE',  ( -170.3242548365870164, 23.94612371471299994, 65.99999999999920419 ) ) ;
#1672 = MANIFOLD_SOLID_BREP ( 'ahsap (3)[1]', #2216 ) ;
#1673 = B_SPLINE_CURVE_WITH_KNOTS ( 'NONE', 3,
 ( #2908, #3228, #1946, #4688, #116, #1916, #1091, #4631, #4225, #3729, #2429, #1475, #175, #1032, #640, #206, #1979, #2340, #4133, #3759, #3786, #2005, #5108, #5515, #555, #5580, #4252, #1444 ),
 .UNSPECIFIED., .F., .F.,
 ( 4, 3, 3, 3, 3, 3, 3, 3, 3, 4 ),
 ( -1.925609121480559960, -1.545303610424969998, -1.534740026794629841, -1.392533383957379911, -1.377726367043540012, -0.7759284623720690277, -0.7655190620690499603, -0.3140971989493950289, -0.2995063014146619462, 0.000000000000000000 ),
 .UNSPECIFIED. ) ;
#1674 = EDGE_LOOP ( 'NONE', ( #3913, #3746 ) ) ;
#1675 = CARTESIAN_POINT ( 'NONE',  ( 17.96621407684829919, 37.91239924977300291, 43.00000000000000000 ) ) ;
#1677 = CARTESIAN_POINT ( 'NONE',  ( 46.73301167223579711, -25.53421164279099997, 109.0000000000000000 ) ) ;
#1676 = DIRECTION ( 'NONE',  ( -1.540743955509790051E-33, 7.202571872255701478E-15, 1.000000000000000000 ) ) ;
#1678 = CARTESIAN_POINT ( 'NONE',  ( -233.4721391412149956, 1.401762450961310025, 38.00000000000000000 ) ) ;
#1679 = CARTESIAN_POINT ( 'NONE',  ( -38.55536839318889974, 39.23079123138179369, 50.66663158234430142 ) ) ;
#1680 = EDGE_CURVE ( 'NONE', #4266, #2521, #5164, .T. ) ;
#1681 = B_SPLINE_SURFACE_WITH_KNOTS ( 'NONE', 3, 3, ( 
 ( #5809, #1789, #4888, #4859 ),
 ( #1735, #5335, #902, #1764 ),
 ( #819, #3547, #1293, #4420 ),
 ( #19, #2668, #4448, #407 ),
 ( #3575, #3162, #4500, #5363 ),
 ( #1321, #2723, #434, #2237 ),
 ( #2269, #4039, #4970, #5835 ),
 ( #4938, #4064, #3628, #1371 ),
 ( #927, #5001, #2900, #3215 ),
 ( #4680, #103, #1907, #1523 ),
 ( #195, #632, #5472, #72 ),
 ( #2448, #955, #1020, #5502 ),
 ( #1934, #165, #132, #1997 ),
 ( #1874, #2776, #3308, #2837 ),
 ( #4652, #5570, #4562, #3806 ),
 ( #4621, #5031, #512, #2330 ),
 ( #4592, #572, #2390, #1402 ),
 ( #4242, #4122, #3245, #3685 ),
 ( #3341, #1434, #605, #2420 ),
 ( #989, #4183, #2807, #1968 ),
 ( #543, #3277, #2355, #1052 ),
 ( #5098, #4151, #3718, #1464 ),
 ( #5066, #3749, #5535, #1492 ),
 ( #2872, #4214, #3775, #5128 ),
 ( #1081, #2027, #4328, #1199 ),
 ( #4384, #5188, #5244, #2981 ),
 ( #3458, #3012, #4710, #5718 ),
 ( #690, #1169, #2953, #722 ),
 ( #3427, #4796, #3372, #1229 ),
 ( #285, #3040, #4300, #256 ),
 ( #2142, #342, #4823, #3833 ),
 ( #3398, #4358, #4740, #1139 ),
 ( #5160, #2083, #2925, #2109 ),
 ( #2541, #781, #1670, #750 ),
 ( #1581, #1109, #2511, #2566 ),
 ( #2055, #3860, #5631, #5658 ),
 ( #1614, #2596, #5601, #312 ),
 ( #5216, #3888, #5688, #4770 ),
 ( #1644, #3485, #1555, #3919 ),
 ( #5272, #2480, #661, #4269 ),
 ( #223, #922, #5804, #5773 ) ),
 .UNSPECIFIED., .F., .F., .F.,
 ( 4, 2, 2, 2, 2, 2, 2, 2, 2, 1, 2, 2, 1, 2, 2, 1, 2, 2, 1, 2, 1, 1, 1, 4 ),
 ( 4, 4 ),
 ( 0.000000000000000000, 0.1721706041361550088, 0.1763986021091860090, 0.3474469217356310202, 0.3528075162814829913, 0.5264932845370959846, 0.5312657425481809303, 0.6174882294058039456, 0.6225547861247570092, 0.6880809401213340282, 0.7099229914535269970, 0.7172221709873769502, 0.7616161395551189761, 0.8060101081228600028, 0.8173921396771449688, 0.8254450515347899753, 0.8496037871077261050, 0.8818730310768320146, 0.8966480425460809922, 0.9114230540153299698, 0.9335672905114970055, 0.9557115270076649294, 0.9778557635038329643, 1.000000000000000000 ),
 ( 0.03383747857135580017, 0.04852974931344310183 ),
 .UNSPECIFIED. ) ;
#1682 = ORIENTED_EDGE ( 'NONE', *, *, #3185, .F. ) ;
#1683 = EDGE_LOOP ( 'NONE', ( #5446, #1270, #1015, #4134 ) ) ;
#1684 = CARTESIAN_POINT ( 'NONE',  ( 352.3068535551439595, -18.62581076895549970, 12.66657089502520073 ) ) ;
#1685 = CARTESIAN_POINT ( 'NONE',  ( -232.6375302414380144, -32.61365391912980272, 76.00000000000000000 ) ) ;
#1686 = CARTESIAN_POINT ( 'NONE',  ( -247.4870384859589763, -8.775400001678089978, 2.842170943040390646E-13 ) ) ;
#1687 = CARTESIAN_POINT ( 'NONE',  ( 287.4788984708349631, -2.340979145036359732, 2.842170943040400239E-13 ) ) ;
#1688 = CARTESIAN_POINT ( 'NONE',  ( 284.7615196653410408, -17.81271055551389892, 43.00000000000000000 ) ) ;
#1689 = CARTESIAN_POINT ( 'NONE',  ( -242.9286416877170041, -27.11100188604229899, 66.00000000000000000 ) ) ;
#1690 = CARTESIAN_POINT ( 'NONE',  ( -188.1818398190840185, -37.60704051743149989, 86.99992777755048223 ) ) ;
#1691 = CARTESIAN_POINT ( 'NONE',  ( 348.9657538267829864, -16.84699616531339927, 43.00000000000000000 ) ) ;
#1692 = CARTESIAN_POINT ( 'NONE',  ( -72.07723566443090135, 39.14971037893720052, 38.00000000000079581 ) ) ;
#1693 = DIRECTION ( 'NONE',  ( 1.000000000000000000, 0.000000000000000000, 0.000000000000000000 ) ) ;
#1694 = CARTESIAN_POINT ( 'NONE',  ( -221.0663167256670079, 8.926118095242191686, 25.33323756169130192 ) ) ;
#1695 = CARTESIAN_POINT ( 'NONE',  ( 46.73301167223579711, -25.53421164279099997, 109.0000000000000000 ) ) ;
#1696 = CARTESIAN_POINT ( 'NONE',  ( 46.96153786633590244, -25.97419989698989795, 76.00000000000000000 ) ) ;
#1697 = CIRCLE ( 'NONE', #1405, 20.00000000000000000 ) ;
#1698 = ORIENTED_EDGE ( 'NONE', *, *, #3322, .F. ) ;
#1699 = CARTESIAN_POINT ( 'NONE',  ( 45.79354826833689884, 36.29509449113999864, 58.33329824900719984 ) ) ;
#1700 = EDGE_LOOP ( 'NONE', ( #4533, #3221, #2747, #3260 ) ) ;
#1701 = CARTESIAN_POINT ( 'NONE',  ( 220.3576370171820145, 13.67121019278719984, 97.99992777755049644 ) ) ;
#1702 = CARTESIAN_POINT ( 'NONE',  ( 284.2021305830089659, -0.4509907724970960152, 43.00000000000000000 ) ) ;
#1704 = CARTESIAN_POINT ( 'NONE',  ( 319.8880990052629727, -6.958376828103109979, 109.0000000000000000 ) ) ;
#1703 = CARTESIAN_POINT ( 'NONE',  ( -140.7671517646850248, 30.42327928765679701, 66.00000000000119371 ) ) ;
#1705 = CARTESIAN_POINT ( 'NONE',  ( -205.0846487541340082, 14.19631861130199901, 50.66663158234310060 ) ) ;
#1707 = CARTESIAN_POINT ( 'NONE',  ( -190.6243407169090176, -36.57988127934979161, 38.00000000000000000 ) ) ;
#1706 = CARTESIAN_POINT ( 'NONE',  ( 244.2758889890409932, 7.875757798550989897, 43.00000000000000000 ) ) ;
#1708 = EDGE_CURVE ( 'NONE', #1326, #2151, #2777, .T. ) ;
#1709 = CARTESIAN_POINT ( 'NONE',  ( -87.56764937139719507, 37.32361885584570160, 65.99999999999819522 ) ) ;
#1710 = VERTEX_POINT ( 'NONE', #3670 ) ;
#1711 = CARTESIAN_POINT ( 'NONE',  ( 122.5194429545749983, 28.51173256452740290, 109.0000000000000000 ) ) ;
#1712 = ADVANCED_FACE ( 'NONE', ( #4577 ), #5783, .T. ) ;
#1713 = CARTESIAN_POINT ( 'NONE',  ( 175.0787150906230067, 21.20147830964300084, 97.99992777755049644 ) ) ;
#1714 = CARTESIAN_POINT ( 'NONE',  ( 243.9215549594860022, -17.77607097506529854, 66.00000000000000000 ) ) ;
#1715 = CARTESIAN_POINT ( 'NONE',  ( -51.53391668605959808, -31.29282138365550026, 58.33329824900719984 ) ) ;
#1716 = DIRECTION ( 'NONE',  ( 1.000000000000000000, 0.000000000000000000, 0.000000000000000000 ) ) ;
#1717 = CARTESIAN_POINT ( 'NONE',  ( 349.3242963608379910, -16.39173918920550221, 50.66663158234050712 ) ) ;
#1718 = FACE_OUTER_BOUND ( 'NONE', #320, .T. ) ;
#1719 = CARTESIAN_POINT ( 'NONE',  ( 202.6177172217969940, -17.47875014142629979, 109.0000000000000000 ) ) ;
#1720 = ORIENTED_EDGE ( 'NONE', *, *, #2435, .T. ) ;
#1721 = CARTESIAN_POINT ( 'NONE',  ( -130.9508020952390268, 31.98592948584619933, 76.00000000000480327 ) ) ;
#1722 = EDGE_LOOP ( 'NONE', ( #3204, #5445, #4405, #4542 ) ) ;
#1723 = CARTESIAN_POINT ( 'NONE',  ( 344.5489918338470261, -17.16779448846450151, 38.00000000000000000 ) ) ;
#1724 = CARTESIAN_POINT ( 'NONE',  ( 294.6615984579090082, -17.62742806002719931, 43.00000000000000000 ) ) ;
#1726 = CARTESIAN_POINT ( 'NONE',  ( -71.47493360174870247, 37.66217264960189937, 108.9999999999970015 ) ) ;
#1725 = CARTESIAN_POINT ( 'NONE',  ( -230.8553810852079948, 0.9869096888021229308, 66.00000000000000000 ) ) ;
#1727 = CARTESIAN_POINT ( 'NONE',  ( -204.6577116688189903, 13.55366763370770045, 66.00000000000409273 ) ) ;
#1728 = B_SPLINE_SURFACE_WITH_KNOTS ( 'NONE', 3, 3, ( 
 ( #4026, #888, #2711, #1951 ),
 ( #1420, #472, #90, #3734 ),
 ( #5550, #2283, #4077, #588 ),
 ( #120, #4636, #1004, #1387 ) ),
 .UNSPECIFIED., .F., .F., .F.,
 ( 4, 4 ),
 ( 4, 4 ),
 ( 0.000000000000000000, 1.000000000000000000 ),
 ( 0.000000000000000000, 0.01691886720496220062 ),
 .UNSPECIFIED. ) ;
#1729 = MANIFOLD_SOLID_BREP ( 'ahsap (2)[1]', #3453 ) ;
#1730 = CARTESIAN_POINT ( 'NONE',  ( -7.873755563820779457, 38.48615637471360174, 108.9999999999949978 ) ) ;
#1731 = AXIS2_PLACEMENT_3D ( 'NONE', #5721, #1676, #2957 ) ;
#1732 = ORIENTED_EDGE ( 'NONE', *, *, #1397, .F. ) ;
#1733 = FACE_OUTER_BOUND ( 'NONE', #2274, .T. ) ;
#1735 = CARTESIAN_POINT ( 'NONE',  ( -110.8570806613880109, 34.70098210330589694, 76.00000000000000000 ) ) ;
#1734 = CARTESIAN_POINT ( 'NONE',  ( 284.2021305830089659, -0.4509907724970970144, 43.00000000000000000 ) ) ;
#1736 = CARTESIAN_POINT ( 'NONE',  ( -247.4622037692599861, -14.97236746075420122, 38.00000000000000000 ) ) ;
#1737 = CARTESIAN_POINT ( 'NONE',  ( -80.74470857263669643, 38.38843707647769321, 42.99999999999860023 ) ) ;
#1738 = MANIFOLD_SOLID_BREP ( 'ahsap (1)[1]', #5035 ) ;
#1739 = EDGE_CURVE ( 'NONE', #3971, #1844, #3827, .T. ) ;
#1740 = ORIENTED_EDGE ( 'NONE', *, *, #5149, .F. ) ;
#1741 = ORIENTED_EDGE ( 'NONE', *, *, #4264, .T. ) ;
#1742 = CARTESIAN_POINT ( 'NONE',  ( 281.7093772737819677, 0.9761707184835619611, 76.00000000000000000 ) ) ;
#1743 = CARTESIAN_POINT ( 'NONE',  ( 37.31173075136329942, -26.94054590612089939, 38.00000000000000000 ) ) ;
#1744 = CARTESIAN_POINT ( 'NONE',  ( -31.99717226640910184, -30.23658443191979828, 43.00000000000000000 ) ) ;
#1745 = CARTESIAN_POINT ( 'NONE',  ( 224.3127681920570069, 12.03913208407500157, 43.00000000000000000 ) ) ;
#1746 = B_SPLINE_CURVE_WITH_KNOTS ( 'NONE', 3,
 ( #2823, #2761, #914, #4025, #2734, #1774 ),
 .UNSPECIFIED., .F., .F.,
 ( 4, 2, 4 ),
 ( -1.464176414005220028, -0.7320882070026060173, 0.000000000000000000 ),
 .UNSPECIFIED. ) ;
#1747 = CARTESIAN_POINT ( 'NONE',  ( -27.96264490044610085, -30.04398252864810104, 33.00000000000000000 ) ) ;
#1748 = CARTESIAN_POINT ( 'NONE',  ( -216.6556143793249873, 11.47918300690620086, 12.66657089502520073 ) ) ;
#1749 = CARTESIAN_POINT ( 'NONE',  ( 37.14147037470399937, -26.48377779053819836, 76.00000000000000000 ) ) ;
#1750 = CARTESIAN_POINT ( 'NONE',  ( 222.1061676593240009, -16.63998209042600251, 109.0000000000000000 ) ) ;
#1751 = FACE_BOUND ( 'NONE', #805, .T. ) ;
#1752 = ADVANCED_FACE ( 'NONE', ( #1983 ), #2457, .T. ) ;
#1753 = ORIENTED_EDGE ( 'NONE', *, *, #5176, .T. ) ;
#1754 = CARTESIAN_POINT ( 'NONE',  ( 165.1247130217440144, 22.34360301264559823, 43.00000000000000000 ) ) ;
#1755 = ORIENTED_EDGE ( 'NONE', *, *, #2803, .T. ) ;
#1756 = CARTESIAN_POINT ( 'NONE',  ( 124.4405833013209985, 28.05561891282160047, 66.00000000000000000 ) ) ;
#1757 = CARTESIAN_POINT ( 'NONE',  ( 314.4617560430439767, -17.25686306905389955, 43.00000000000000000 ) ) ;
#1759 = CARTESIAN_POINT ( 'NONE',  ( -60.42105897691340033, 37.86186039172500273, 108.9999999999949978 ) ) ;
#1758 = CARTESIAN_POINT ( 'NONE',  ( -245.6945690765819847, -21.89848475509410264, 66.00000000000000000 ) ) ;
#1760 = CARTESIAN_POINT ( 'NONE',  ( -243.3245672163519941, -9.375074112656349712, 58.33329824900740590 ) ) ;
#1761 = CARTESIAN_POINT ( 'NONE',  ( -87.43222711755289822, 37.09591116154769708, 75.99999999999739941 ) ) ;
#1762 = EDGE_LOOP ( 'NONE', ( #3421, #569, #2739, #5197 ) ) ;
#1764 = CARTESIAN_POINT ( 'NONE',  ( -110.1815384302950065, 33.86712466193340276, 109.0000000000000000 ) ) ;
#1763 = CARTESIAN_POINT ( 'NONE',  ( 1.362454000156039902, 38.57399976118939833, 66.00000000000000000 ) ) ;
#1765 = CARTESIAN_POINT ( 'NONE',  ( -205.6594526906079921, 14.64529538837209977, 38.00000000000079581 ) ) ;
#1766 = CARTESIAN_POINT ( 'NONE',  ( -87.77443176625190802, 37.67392944937870425, 50.66663158233919972 ) ) ;
#1767 = ORIENTED_EDGE ( 'NONE', *, *, #899, .F. ) ;
#1768 = ORIENTED_EDGE ( 'NONE', *, *, #1222, .F. ) ;
#1769 = CARTESIAN_POINT ( 'NONE',  ( -234.1582445509929755, -31.66379376359859776, 38.00000000000000000 ) ) ;
#1770 = EDGE_CURVE ( 'NONE', #3037, #3074, #180, .T. ) ;
#1771 = CARTESIAN_POINT ( 'NONE',  ( -141.0649188746679954, -35.84971980480619891, 38.00000000000000000 ) ) ;
#1772 = FACE_OUTER_BOUND ( 'NONE', #1497, .T. ) ;
#1773 = CARTESIAN_POINT ( 'NONE',  ( 309.1629411925360387, -6.404300242557569689, 43.00000000000000000 ) ) ;
#1774 = CARTESIAN_POINT ( 'NONE',  ( -201.7213499178800191, -37.60315574656809900, 109.0000000000000000 ) ) ;
#1775 = CARTESIAN_POINT ( 'NONE',  ( 346.2087584383550052, -15.52044021458920042, 66.00000000000000000 ) ) ;
#1776 = CARTESIAN_POINT ( 'NONE',  ( -60.42293465693279586, -31.94122003498370432, 109.0000000000000000 ) ) ;
#1777 = CARTESIAN_POINT ( 'NONE',  ( -218.5622343779420191, -35.30940720072589301, 66.00000000000000000 ) ) ;
#1778 = EDGE_CURVE ( 'NONE', #5295, #465, #1217, .T. ) ;
#1779 = ORIENTED_EDGE ( 'NONE', *, *, #4125, .T. ) ;
#1780 = CARTESIAN_POINT ( 'NONE',  ( -130.9745032972550121, -35.57448428653869854, 43.00000000000000000 ) ) ;
#1781 = CARTESIAN_POINT ( 'NONE',  ( 144.1623327563510202, 25.41177725544590160, 66.00000000000000000 ) ) ;
#1782 = CARTESIAN_POINT ( 'NONE',  ( 315.0909567374270068, -7.128443678167109887, 66.00000000000000000 ) ) ;
#1784 = CARTESIAN_POINT ( 'NONE',  ( 317.0269303033740016, -7.304870634902069781, 76.00000000000000000 ) ) ;
#1783 = CARTESIAN_POINT ( 'NONE',  ( -246.0414591908779869, -20.50513120484219698, 66.00000000000000000 ) ) ;
#1785 = CARTESIAN_POINT ( 'NONE',  ( -221.9955049586050109, 5.854385500574139201, 66.00000000000119371 ) ) ;
#1786 = VERTEX_POINT ( 'NONE', #545 ) ;
#1787 = ADVANCED_FACE ( 'NONE', ( #74 ), #5608, .T. ) ;
#1789 = CARTESIAN_POINT ( 'NONE',  ( -100.9680766485950016, 35.73415736333750203, 86.99992777755048223 ) ) ;
#1788 = CARTESIAN_POINT ( 'NONE',  ( 47.22177916346469573, -26.48523883372009990, 38.00000000000000000 ) ) ;
#1790 = CARTESIAN_POINT ( 'NONE',  ( -131.9185598616790003, 33.05293864495349965, 38.00000000000409983 ) ) ;
#1791 = CARTESIAN_POINT ( 'NONE',  ( -80.46732349490770275, 38.23287987678219935, 50.66663158233910735 ) ) ;
#1792 = EDGE_LOOP ( 'NONE', ( #129, #177, #745, #5786, #641, #4278, #3882, #5813, #852, #117, #3608, #3599, #2876, #2185, #510, #5431, #4324, #2535, #1740, #1768, #4968, #3336, #2704, #5377, #4825, #2332 ) ) ;
#1793 = ORIENTED_EDGE ( 'NONE', *, *, #3922, .T. ) ;
#1794 = CARTESIAN_POINT ( 'NONE',  ( 283.7913514668879884, -17.06943905786489779, 58.33329824900719984 ) ) ;
#1795 = VERTEX_POINT ( 'NONE', #3247 ) ;
#1797 = CARTESIAN_POINT ( 'NONE',  ( 196.5538727846019924, 17.22074622104139863, 66.00000000000000000 ) ) ;
#1796 = CARTESIAN_POINT ( 'NONE',  ( -72.65821984308939818, 39.94942504915439940, 2.842170943040450221E-13 ) ) ;
#1798 = B_SPLINE_CURVE_WITH_KNOTS ( 'NONE', 3,
 ( #5203, #3387, #5645, #2068 ),
 .UNSPECIFIED., .F., .F.,
 ( 4, 4 ),
 ( 0.01914501489605329940, 0.02938523722594670040 ),
 .UNSPECIFIED. ) ;
#1799 = CARTESIAN_POINT ( 'NONE',  ( -24.97681828831980155, 39.81527525543430102, 22.00292494203720040 ) ) ;
#1800 = FACE_OUTER_BOUND ( 'NONE', #725, .T. ) ;
#1801 = CARTESIAN_POINT ( 'NONE',  ( 342.9794987465800205, -15.99745287528770277, 58.33329824900719984 ) ) ;
#1802 = CARTESIAN_POINT ( 'NONE',  ( 333.1145449893439832, -16.14651964757640101, 58.33329824900719984 ) ) ;
#1803 = B_SPLINE_CURVE_WITH_KNOTS ( 'NONE', 3,
 ( #4842, #1690, #4755, #5732 ),
 .UNSPECIFIED., .F., .F.,
 ( 4, 4 ),
 ( 0.03383747857135580017, 0.04852974931344310183 ),
 .UNSPECIFIED. ) ;
#1804 = CARTESIAN_POINT ( 'NONE',  ( -228.1595097044170188, -33.36631167664229025, 66.00000000000000000 ) ) ;
#1805 = ORIENTED_EDGE ( 'NONE', *, *, #971, .F. ) ;
#1806 = CARTESIAN_POINT ( 'NONE',  ( 330.4160865803889919, -11.79785251406909907, 43.00000000000000000 ) ) ;
#1807 = CARTESIAN_POINT ( 'NONE',  ( 293.1524878561150445, -16.48083993308670259, 66.00000000000000000 ) ) ;
#1809 = CARTESIAN_POINT ( 'NONE',  ( 300.0735886032430244, -14.08425229118789979, 109.0000000000000000 ) ) ;
#1808 = CARTESIAN_POINT ( 'NONE',  ( -209.5019900073550048, 11.49913730138280066, 66.00000000000349587 ) ) ;
#1810 = CARTESIAN_POINT ( 'NONE',  ( -244.8307642550329888, -25.99201657471889959, 38.00000000000000000 ) ) ;
#1811 = AXIS2_PLACEMENT_3D ( 'NONE', #78, #2364, #2397 ) ;
#1812 = CARTESIAN_POINT ( 'NONE',  ( -238.7443013248199861, -3.829661320094649657, 58.33329824900770433 ) ) ;
#1813 = ADVANCED_FACE ( 'NONE', ( #4623 ), #5573, .F. ) ;
#1814 = EDGE_CURVE ( 'NONE', #2287, #3566, #2869, .T. ) ;
#1815 = CYLINDRICAL_SURFACE ( 'NONE', #2495, 20.00000000000000000 ) ;
#1816 = B_SPLINE_CURVE_WITH_KNOTS ( 'NONE', 3,
 ( #612, #3255, #5481, #1114, #5545, #638 ),
 .UNSPECIFIED., .F., .F.,
 ( 4, 2, 4 ),
 ( -2.947841157176330107, -1.473920578588169938, 0.000000000000000000 ),
 .UNSPECIFIED. ) ;
#1817 = ORIENTED_EDGE ( 'NONE', *, *, #3808, .T. ) ;
#1819 = CARTESIAN_POINT ( 'NONE',  ( 164.4179461389019821, -19.81933384650290009, 86.99992777755048223 ) ) ;
#1818 = CARTESIAN_POINT ( 'NONE',  ( 27.47890645592620018, -27.80098119545700186, 2.842170943040400239E-13 ) ) ;
#1820 = B_SPLINE_CURVE_WITH_KNOTS ( 'NONE', 3,
 ( #2554, #859, #5705, #2191 ),
 .UNSPECIFIED., .F., .F.,
 ( 4, 4 ),
 ( 0.01914501489603979978, 0.02938523722594670040 ),
 .UNSPECIFIED. ) ;
#1821 = CARTESIAN_POINT ( 'NONE',  ( -131.2008026645249856, 33.16630201756340313, 38.00000000000409983 ) ) ;
#1822 = CARTESIAN_POINT ( 'NONE',  ( -101.6195854646069989, 36.61503108784999938, 50.66663158234050712 ) ) ;
#1823 = ORIENTED_EDGE ( 'NONE', *, *, #1814, .T. ) ;
#1824 = EDGE_CURVE ( 'NONE', #2703, #717, #3896, .T. ) ;
#1825 = EDGE_LOOP ( 'NONE', ( #2714, #1931, #5510, #5741 ) ) ;
#1826 = CARTESIAN_POINT ( 'NONE',  ( -213.8259278570230038, -35.58009267560370148, 58.33329824900749827 ) ) ;
#1827 = VERTEX_POINT ( 'NONE', #5130 ) ;
#1828 = CIRCLE ( 'NONE', #789, 20.00000000000000000 ) ;
#1829 = CARTESIAN_POINT ( 'NONE',  ( 202.9733264712209859, 16.07989273844399847, 66.00000000000000000 ) ) ;
#1830 = EDGE_CURVE ( 'NONE', #1025, #1650, #5233, .T. ) ;
#1831 = CARTESIAN_POINT ( 'NONE',  ( 294.1864548268200110, -2.832314560521280278, 43.00000000000000000 ) ) ;
#1832 = CARTESIAN_POINT ( 'NONE',  ( 346.5030119523210033, -18.63732066854780456, 12.66657089502520073 ) ) ;
#1833 = CARTESIAN_POINT ( 'NONE',  ( 310.5948222818910267, -14.36908680995080090, 97.99992777755049644 ) ) ;
#1834 = FACE_OUTER_BOUND ( 'NONE', #3454, .T. ) ;
#1835 = CARTESIAN_POINT ( 'NONE',  ( -237.1145205538290099, -30.82944817404069937, 66.00000000000000000 ) ) ;
#1836 = ORIENTED_EDGE ( 'NONE', *, *, #3460, .F. ) ;
#1837 = CARTESIAN_POINT ( 'NONE',  ( 202.9733264712209859, 16.07989273844399847, 66.00000000000000000 ) ) ;
#1838 = CARTESIAN_POINT ( 'NONE',  ( -70.87507619477170806, -32.44279493966690353, 76.00000000000000000 ) ) ;
#1840 = CARTESIAN_POINT ( 'NONE',  ( -9.860761315262649319E-31, 5.473954622914330284E-13, 76.00000000000000000 ) ) ;
#1839 = CARTESIAN_POINT ( 'NONE',  ( -101.3450151537270045, 36.24244132597059576, 66.00000000000000000 ) ) ;
#1841 = CARTESIAN_POINT ( 'NONE',  ( -170.5726649957499887, -36.63241973697390819, 43.00000000000000000 ) ) ;
#1842 = CARTESIAN_POINT ( 'NONE',  ( -239.6042153157320058, -3.269186931654940231, 43.00000000000000000 ) ) ;
#1843 = EDGE_LOOP ( 'NONE', ( #5360, #880, #4498, #2215 ) ) ;
#1844 = VERTEX_POINT ( 'NONE', #991 ) ;
#1846 = CARTESIAN_POINT ( 'NONE',  ( 343.3426366940719845, -15.54997498376750009, 66.00000000000000000 ) ) ;
#1845 = CARTESIAN_POINT ( 'NONE',  ( -191.8884683155309858, -36.03729558934959698, 12.66657089502520073 ) ) ;
#1847 = FACE_OUTER_BOUND ( 'NONE', #364, .T. ) ;
#1848 = CARTESIAN_POINT ( 'NONE',  ( -227.8852622733010094, 4.439327851257949931, 38.00000000000000000 ) ) ;
#1849 = CARTESIAN_POINT ( 'NONE',  ( 283.0409956895339860, 0.2151951780994290075, 58.33329824898199689 ) ) ;
#1850 = VERTEX_POINT ( 'NONE', #4217 ) ;
#1851 = EDGE_CURVE ( 'NONE', #2275, #4479, #4360, .T. ) ;
#1852 = VERTEX_POINT ( 'NONE', #3279 ) ;
#1853 = CARTESIAN_POINT ( 'NONE',  ( -204.0072273835959891, -36.61363016730380338, 66.00000000000000000 ) ) ;
#1855 = CARTESIAN_POINT ( 'NONE',  ( 290.8441464842960045, -0.8337358106214749487, 86.99992777755048223 ) ) ;
#1854 = CARTESIAN_POINT ( 'NONE',  ( -81.21640174706729454, 39.35034502152520020, 2.842170943040460318E-13 ) ) ;
#1856 = EDGE_CURVE ( 'NONE', #3019, #5750, #4667, .T. ) ;
#1857 = CARTESIAN_POINT ( 'NONE',  ( 0.9378671671626249706, 38.23000240963810370, 97.99992777755049644 ) ) ;
#1858 = VERTEX_POINT ( 'NONE', #551 ) ;
#1859 = CARTESIAN_POINT ( 'NONE',  ( 344.1631462475469334, -16.87923769908469751, 43.00000000000000000 ) ) ;
#1860 = CARTESIAN_POINT ( 'NONE',  ( 2.854702931068080041, 37.98304402989830209, 109.0000000000000000 ) ) ;
#1861 = CARTESIAN_POINT ( 'NONE',  ( 227.4789001812560230, -20.94100660620679832, 2.842170943040400239E-13 ) ) ;
#1862 = B_SPLINE_CURVE_WITH_KNOTS ( 'NONE', 3,
 ( #2297, #5127, #954, #5501 ),
 .UNSPECIFIED., .F., .F.,
 ( 4, 4 ),
 ( 0.000000000000000000, 0.01691886720484209877 ),
 .UNSPECIFIED. ) ;
#1863 = CARTESIAN_POINT ( 'NONE',  ( -241.6761225082740054, -28.51442957193430061, 66.00000000000000000 ) ) ;
#1864 = CARTESIAN_POINT ( 'NONE',  ( -160.1547305347830275, 26.30044065919630114, 76.00000000000490274 ) ) ;
#1865 = CARTESIAN_POINT ( 'NONE',  ( -31.59760373537019618, -30.16870983334809608, 76.00000000000000000 ) ) ;
#1867 = CARTESIAN_POINT ( 'NONE',  ( -203.4753839402839901, -36.84622095264809616, 76.00000000000000000 ) ) ;
#1866 = CARTESIAN_POINT ( 'NONE',  ( -193.6450570391010046, -37.20121176689859510, 76.00000000000000000 ) ) ;
#1868 = CARTESIAN_POINT ( 'NONE',  ( -189.6103118481989895, -37.01022672198720187, 58.33329824900719984 ) ) ;
#1869 = CARTESIAN_POINT ( 'NONE',  ( -242.1237387455840064, -6.975614161310650374, 58.33329824900749827 ) ) ;
#1870 = B_SPLINE_CURVE_WITH_KNOTS ( 'NONE', 3,
 ( #1557, #3835, #139, #1940 ),
 .UNSPECIFIED., .F., .F.,
 ( 4, 4 ),
 ( -3.300389204867069992, 0.000000000000000000 ),
 .UNSPECIFIED. ) ;
#1871 = ORIENTED_EDGE ( 'NONE', *, *, #128, .T. ) ;
#1872 = CARTESIAN_POINT ( 'NONE',  ( 353.2997279817799949, -19.38098124309850334, 2.842170943040400239E-13 ) ) ;
#1874 = CARTESIAN_POINT ( 'NONE',  ( -194.4041951165950195, 16.59666898330629792, 75.99999999999849365 ) ) ;
#1873 = CARTESIAN_POINT ( 'NONE',  ( -12.20154864451760091, -29.19277022846199898, 43.00000000000000000 ) ) ;
#1875 = CARTESIAN_POINT ( 'NONE',  ( 307.3966683387789658, -5.277466826133569988, 66.00000000000000000 ) ) ;
#1876 = CARTESIAN_POINT ( 'NONE',  ( -101.8456638001860028, 36.92446594947289640, 38.00000000000000000 ) ) ;
#1877 = B_SPLINE_SURFACE_WITH_KNOTS ( 'NONE', 3, 3, ( 
 ( #5730, #4727, #4697, #2469 ),
 ( #1125, #2096, #4784, #4257 ),
 ( #736, #2998, #3820, #1155 ),
 ( #1598, #3874, #327, #3472 ) ),
 .UNSPECIFIED., .F., .F., .F.,
 ( 4, 4 ),
 ( 4, 4 ),
 ( 0.000000000000000000, 1.000000000000000000 ),
 ( 0.01914501489605319878, 0.02938523722594680102 ),
 .UNSPECIFIED. ) ;
#1878 = CIRCLE ( 'NONE', #5185, 47.00000000000000000 ) ;
#1879 = ORIENTED_EDGE ( 'NONE', *, *, #2854, .F. ) ;
#1880 = VERTEX_POINT ( 'NONE', #4568 ) ;
#1881 = CARTESIAN_POINT ( 'NONE',  ( -218.5622343779420191, -35.30940720072589301, 66.00000000000000000 ) ) ;
#1882 = CARTESIAN_POINT ( 'NONE',  ( -217.9985437269579904, -35.56770290839649817, 76.00000000000000000 ) ) ;
#1883 = EDGE_CURVE ( 'NONE', #413, #3112, #2857, .T. ) ;
#1885 = CARTESIAN_POINT ( 'NONE',  ( 27.39129383510120164, -27.34274249739040386, 43.00000000000000000 ) ) ;
#1884 = CARTESIAN_POINT ( 'NONE',  ( -159.2542961030609945, -37.14686879576480294, 76.00000000000000000 ) ) ;
#1886 = EDGE_CURVE ( 'NONE', #1445, #1239, #1006, .T. ) ;
#1887 = CARTESIAN_POINT ( 'NONE',  ( -216.5209447959740032, 6.085345395647220101, 109.0000000000000000 ) ) ;
#1888 = CARTESIAN_POINT ( 'NONE',  ( 3.716274385943419745, 38.60619459871000458, 50.66663158234050712 ) ) ;
#1889 = CIRCLE ( 'NONE', #4154, 47.00000000000000000 ) ;
#1890 = ORIENTED_EDGE ( 'NONE', *, *, #2764, .F. ) ;
#1891 = CARTESIAN_POINT ( 'NONE',  ( 225.3630834619139875, -19.22141320142250009, 43.00000000000000000 ) ) ;
#1892 = CARTESIAN_POINT ( 'NONE',  ( -197.5211038521470073, -35.52099520933259669, 2.842170943040400239E-13 ) ) ;
#1893 = CARTESIAN_POINT ( 'NONE',  ( 55.43593313891770435, 35.33630001490870143, 66.00000000000000000 ) ) ;
#1894 = FILL_AREA_STYLE ('',( #4515 ) ) ;
#1895 = CARTESIAN_POINT ( 'NONE',  ( -133.4792472041150120, -36.57816115436510529, 109.0000000000000000 ) ) ;
#1896 = CARTESIAN_POINT ( 'NONE',  ( -157.8389804986309741, -37.67537143576090131, 109.0000000000000000 ) ) ;
#1897 = CARTESIAN_POINT ( 'NONE',  ( -203.9338163559199870, 13.30668497081819979, 76.00000000000000000 ) ) ;
#1898 = CARTESIAN_POINT ( 'NONE',  ( 38.20709193005519921, -27.37184915653880424, -3.891331701311170140E-13 ) ) ;
#1900 = CARTESIAN_POINT ( 'NONE',  ( -110.1516264120669888, -34.79549014797139961, 76.00000000000000000 ) ) ;
#1899 = CARTESIAN_POINT ( 'NONE',  ( -111.0611102463649900, 34.95534970014620058, 66.00000000000000000 ) ) ;
#1901 = CARTESIAN_POINT ( 'NONE',  ( -246.3710000232699997, -25.17194762163050115, 12.66657089502520073 ) ) ;
#1902 = CARTESIAN_POINT ( 'NONE',  ( -246.6884434482650192, -13.72940895103530146, 43.00000000000000000 ) ) ;
#1903 = CARTESIAN_POINT ( 'NONE',  ( -101.1656038481440021, 36.00021402217180366, 76.00000000000000000 ) ) ;
#1904 = ORIENTED_EDGE ( 'NONE', *, *, #984, .F. ) ;
#1905 = ORIENTED_EDGE ( 'NONE', *, *, #411, .F. ) ;
#1907 = CARTESIAN_POINT ( 'NONE',  ( -169.1743206163980062, 22.92225394884680156, 97.99992777755541340 ) ) ;
#1906 = CARTESIAN_POINT ( 'NONE',  ( 107.4789036020980006, 30.23900894496309988, 2.842170943040400239E-13 ) ) ;
#1908 = CARTESIAN_POINT ( 'NONE',  ( -139.9936230889610158, -36.22975178931429951, 66.00000000000000000 ) ) ;
#1909 = CARTESIAN_POINT ( 'NONE',  ( -81.30188589740369309, -32.90503235166979579, 50.66663158234050712 ) ) ;
#1910 = ORIENTED_EDGE ( 'NONE', *, *, #1386, .F. ) ;
#1911 = ORIENTED_EDGE ( 'NONE', *, *, #3310, .F. ) ;
#1912 = CARTESIAN_POINT ( 'NONE',  ( -205.2310285931159797, -36.07299352939729431, 43.00000000000000000 ) ) ;
#1914 = CARTESIAN_POINT ( 'NONE',  ( 47.18771486212400390, -26.41772864179730007, 43.00000000000000000 ) ) ;
#1913 = CARTESIAN_POINT ( 'NONE',  ( 46.88575449378559767, -25.82694803838539954, 86.99992777755048223 ) ) ;
#1915 = CARTESIAN_POINT ( 'NONE',  ( -158.7628535046160039, 25.34930561897600043, 109.0000000000069917 ) ) ;
#1916 = CARTESIAN_POINT ( 'NONE',  ( -80.60711576499829789, 38.51414172268479774, 38.00000000000069633 ) ) ;
#1917 = ORIENTED_EDGE ( 'NONE', *, *, #1680, .F. ) ;
#1918 = CARTESIAN_POINT ( 'NONE',  ( 46.22869020180389299, 36.35853317260939832, 43.00000000000000000 ) ) ;
#1919 = CARTESIAN_POINT ( 'NONE',  ( 341.6146303093409529, -14.99023033130409921, 76.00000000000000000 ) ) ;
#1920 = CARTESIAN_POINT ( 'NONE',  ( -241.6526632369099730, -27.77223794064579820, 86.99992777755048223 ) ) ;
#1921 = CARTESIAN_POINT ( 'NONE',  ( 265.2549607175819801, -18.51056073784399914, 38.00000000000000000 ) ) ;
#1922 = CARTESIAN_POINT ( 'NONE',  ( -203.6618207377150043, 13.40058635452620095, 76.00000000000000000 ) ) ;
#1923 = CARTESIAN_POINT ( 'NONE',  ( -239.7381426507789683, -29.63118364088600032, 43.00000000000000000 ) ) ;
#1924 = AXIS2_PLACEMENT_3D ( 'NONE', #2544, #2115, #2487 ) ;
#1925 = B_SPLINE_SURFACE_WITH_KNOTS ( 'NONE', 3, 3, ( 
 ( #665, #1618, #4775, #4826 ),
 ( #3015, #4472, #4885, #2666 ),
 ( #2674, #1276, #4840, #3026 ),
 ( #3555, #2550, #5818, #5759 ) ),
 .UNSPECIFIED., .F., .F., .F.,
 ( 4, 4 ),
 ( 4, 4 ),
 ( 0.000000000000000000, 1.000000000000000000 ),
 ( 0.03383747857135580017, 0.04852974931344310183 ),
 .UNSPECIFIED. ) ;
#1926 = CARTESIAN_POINT ( 'NONE',  ( 7.594872524362930477, -28.26775636624039834, 43.00000000000000000 ) ) ;
#1927 = CARTESIAN_POINT ( 'NONE',  ( 282.4627418171340310, 0.5458337597823590404, 66.00000000000000000 ) ) ;
#1928 = CARTESIAN_POINT ( 'NONE',  ( -244.0794926001140084, -10.88160269483450193, 58.33329824900740590 ) ) ;
#1929 = ADVANCED_FACE ( 'NONE', ( #3346, #5134 ), #2904, .T. ) ;
#1930 = DIRECTION ( 'NONE',  ( 1.000000000000000000, 0.000000000000000000, 0.000000000000000000 ) ) ;
#1931 = ORIENTED_EDGE ( 'NONE', *, *, #958, .F. ) ;
#1932 = CARTESIAN_POINT ( 'NONE',  ( 347.3334405607569693, -14.92236850226220035, 76.00000000000000000 ) ) ;
#1934 = CARTESIAN_POINT ( 'NONE',  ( -189.5191798266789931, 18.28312183494549714, 75.99999999999809575 ) ) ;
#1933 = CARTESIAN_POINT ( 'NONE',  ( -126.1993756653989891, -35.24606351992200359, 38.00000000000000000 ) ) ;
#1935 = DIRECTION ( 'NONE',  ( -0.9841832993422044984, 0.1771531351568260693, 0.000000000000000000 ) ) ;
#1936 = B_SPLINE_CURVE_WITH_KNOTS ( 'NONE', 3,
 ( #215, #2862, #1043, #3330, #4672, #3769 ),
 .UNSPECIFIED., .F., .F.,
 ( 4, 2, 4 ),
 ( -5.953834286672069709, -2.976917143336029969, -8.881784197001252323E-16 ),
 .UNSPECIFIED. ) ;
#1937 = CARTESIAN_POINT ( 'NONE',  ( 241.8550988260659835, 9.006861609915141287, 76.00000000000000000 ) ) ;
#1938 = VERTEX_POINT ( 'NONE', #2813 ) ;
#1939 = ORIENTED_EDGE ( 'NONE', *, *, #3488, .T. ) ;
#1940 = CARTESIAN_POINT ( 'NONE',  ( 38.20709193005519921, -27.37184915653880424, -3.891331701311170140E-13 ) ) ;
#1941 = CARTESIAN_POINT ( 'NONE',  ( 161.5993891527759843, 23.54999114722049924, 109.0000000000000000 ) ) ;
#1943 = CARTESIAN_POINT ( 'NONE',  ( 66.20656186274769084, 34.42143148042590184, 38.00000000000000000 ) ) ;
#1942 = CARTESIAN_POINT ( 'NONE',  ( -148.5406795523170160, -37.07805890201440491, 97.99992777755049644 ) ) ;
#1944 = B_SPLINE_CURVE_WITH_KNOTS ( 'NONE', 3,
 ( #4138, #3233, #5552, #2886, #5460, #2433 ),
 .UNSPECIFIED., .F., .F.,
 ( 4, 2, 4 ),
 ( -2.948782050028300183, -1.474391025014150092, 0.000000000000000000 ),
 .UNSPECIFIED. ) ;
#1945 = CARTESIAN_POINT ( 'NONE',  ( 3.334440162893899995, 38.33383266901689979, 76.00000000000000000 ) ) ;
#1946 = CARTESIAN_POINT ( 'NONE',  ( -87.94403816254688877, 37.96493782439420528, 38.00000000000069633 ) ) ;
#1947 = ORIENTED_EDGE ( 'NONE', *, *, #2181, .F. ) ;
#1948 = EDGE_CURVE ( 'NONE', #1488, #3752, #1500, .T. ) ;
#1949 = CARTESIAN_POINT ( 'NONE',  ( 165.1583650697820076, -20.45897590780719710, 66.00000000000000000 ) ) ;
#1950 = CARTESIAN_POINT ( 'NONE',  ( 341.8103611513689657, -13.71530016121180040, 97.99992777755049644 ) ) ;
#1951 = CARTESIAN_POINT ( 'NONE',  ( 106.6820703153990024, -23.75343906619930223, 38.00000000000000000 ) ) ;
#1952 = CARTESIAN_POINT ( 'NONE',  ( -20.00000000000000000, 4.778190371671707008E-13, 66.00000000000000000 ) ) ;
#1953 = CARTESIAN_POINT ( 'NONE',  ( 302.9958555184659872, -4.477932864396269252, 58.33329824900719984 ) ) ;
#1954 = B_SPLINE_CURVE_WITH_KNOTS ( 'NONE', 3,
 ( #3339, #5064, #2805, #4590 ),
 .UNSPECIFIED., .F., .F.,
 ( 4, 4 ),
 ( 0.000000000000000000, 0.01691886720498619878 ),
 .UNSPECIFIED. ) ;
#1955 = ORIENTED_EDGE ( 'NONE', *, *, #1856, .F. ) ;
#1956 = CARTESIAN_POINT ( 'NONE',  ( -211.3148588426390120, 10.17358176638289891, 76.00000000000000000 ) ) ;
#1957 = CARTESIAN_POINT ( 'NONE',  ( -204.0072273835959891, -36.61363016730380338, 66.00000000000000000 ) ) ;
#1958 = CARTESIAN_POINT ( 'NONE',  ( -111.1791455879669996, -34.49106049449060407, 43.00000000000000000 ) ) ;
#1959 = CARTESIAN_POINT ( 'NONE',  ( -60.94737051114079662, 40.00531351465560448, 2.842170943040460318E-13 ) ) ;
#1961 = CARTESIAN_POINT ( 'NONE',  ( -205.4971758676169884, -35.95441651529900184, 38.00000000000000000 ) ) ;
#1960 = CARTESIAN_POINT ( 'NONE',  ( -177.3373900342120066, -37.92922089618340209, 109.0000000000000000 ) ) ;
#1962 = CARTESIAN_POINT ( 'NONE',  ( -190.8255186698849855, 19.65858717735789796, 37.99999999999819522 ) ) ;
#1963 = CARTESIAN_POINT ( 'NONE',  ( -150.9756730635730264, -36.18607394475819206, 38.00000000000000000 ) ) ;
#1964 = ORIENTED_EDGE ( 'NONE', *, *, #17, .F. ) ;
#1965 = CARTESIAN_POINT ( 'NONE',  ( 282.4627418171340310, 0.5458337597823590404, 66.00000000000000000 ) ) ;
#1966 = CARTESIAN_POINT ( 'NONE',  ( 338.2550521165820214, -11.44726322724899958, 109.0000000000000000 ) ) ;
#1968 = CARTESIAN_POINT ( 'NONE',  ( -215.3909416951860010, 6.573574812574969783, 109.0000000000000000 ) ) ;
#1967 = CARTESIAN_POINT ( 'NONE',  ( -180.7525185620719697, 22.12333355547709957, 43.00000000000059686 ) ) ;
#1969 = CARTESIAN_POINT ( 'NONE',  ( -130.6990591642559707, -35.66801476114889624, 50.66663158234050712 ) ) ;
#1970 = CARTESIAN_POINT ( 'NONE',  ( -80.93395952332299714, -32.98165015801040312, 66.00000000000000000 ) ) ;
#1971 = VERTEX_POINT ( 'NONE', #3693 ) ;
#1972 = CARTESIAN_POINT ( 'NONE',  ( 145.5562228598469972, 25.00242488052390044, 38.00000000000000000 ) ) ;
#1973 = ORIENTED_EDGE ( 'NONE', *, *, #3985, .F. ) ;
#1974 = CARTESIAN_POINT ( 'NONE',  ( 231.8915292141359998, 11.01453433277300142, 76.00000000000000000 ) ) ;
#1976 = CARTESIAN_POINT ( 'NONE',  ( 153.5089626592269951, 24.25395131631420043, 76.00000000000000000 ) ) ;
#1975 = CARTESIAN_POINT ( 'NONE',  ( 46.80957909575219134, -25.68028528698580004, 97.99992777755049644 ) ) ;
#1977 = CARTESIAN_POINT ( 'NONE',  ( -231.9109489191510249, 3.081872189856759814, 25.33323756169140140 ) ) ;
#1978 = CARTESIAN_POINT ( 'NONE',  ( -231.2955094375080023, -2.089632917686110147, 109.0000000000000000 ) ) ;
#1979 = CARTESIAN_POINT ( 'NONE',  ( -38.52704653210820140, 39.44561402753039658, 38.00000000000360245 ) ) ;
#1980 = B_SPLINE_SURFACE_WITH_KNOTS ( 'NONE', 3, 3, ( 
 ( #3830, #1049, #5566, #3337 ),
 ( #1993, #2834, #4618, #5125 ),
 ( #3803, #5598, #4793, #4296 ),
 ( #2624, #4851, #3038, #3974 ) ),
 .UNSPECIFIED., .F., .F., .F.,
 ( 4, 4 ),
 ( 4, 4 ),
 ( 0.000000000000000000, 1.000000000000000000 ),
 ( 0.000000000000000000, 0.01691886720496220062 ),
 .UNSPECIFIED. ) ;
#1981 = VERTEX_POINT ( 'NONE', #4684 ) ;
#1982 = CARTESIAN_POINT ( 'NONE',  ( 348.1195062678770000, -15.50075036847029963, 66.00000000000000000 ) ) ;
#1983 = FACE_OUTER_BOUND ( 'NONE', #2326, .T. ) ;
#1984 = CARTESIAN_POINT ( 'NONE',  ( 105.8764095492609982, 30.50567218608529885, 38.00000000000000000 ) ) ;
#1985 = CARTESIAN_POINT ( 'NONE',  ( 314.1551033144419875, -7.594962136569659350, 43.00000000000000000 ) ) ;
#1986 = CARTESIAN_POINT ( 'NONE',  ( -218.5438625929380123, 7.094271065781759589, 76.00000000000000000 ) ) ;
#1987 = CARTESIAN_POINT ( 'NONE',  ( 378.1487052401259348, 0.000000000000000000, 66.00000000000000000 ) ) ;
#1988 = CARTESIAN_POINT ( 'NONE',  ( -132.0650140145750129, -35.20077333077550463, 12.66657089502520073 ) ) ;
#1989 = CARTESIAN_POINT ( 'NONE',  ( 330.9635131854489600, -10.80781074515889983, 76.00000000000000000 ) ) ;
#1990 = CARTESIAN_POINT ( 'NONE',  ( -111.8878269536649981, 35.99721944524790729, 25.33323756169180285 ) ) ;
#1991 = CARTESIAN_POINT ( 'NONE',  ( 27.34282531371120228, -27.09902095417050205, 66.00000000000000000 ) ) ;
#1992 = VERTEX_POINT ( 'NONE', #1471 ) ;
#1993 = CARTESIAN_POINT ( 'NONE',  ( 328.3346173722579806, -12.69033360658269949, 2.842170943040400239E-13 ) ) ;
#1994 = EDGE_CURVE ( 'NONE', #4463, #4705, #3136, .T. ) ;
#1995 = CARTESIAN_POINT ( 'NONE',  ( 325.2907286243460021, -8.278780406733650565, 109.0000000000000000 ) ) ;
#1997 = CARTESIAN_POINT ( 'NONE',  ( -188.1544275383620004, 17.17336182836159963, 108.9999999999970015 ) ) ;
#1996 = CARTESIAN_POINT ( 'NONE',  ( -243.1287925175850262, -26.88673649729069837, 66.00000000000000000 ) ) ;
#1998 = CARTESIAN_POINT ( 'NONE',  ( 28.17335086673789846, 37.62038325389649884, 10.99732509829559923 ) ) ;
#1999 = CARTESIAN_POINT ( 'NONE',  ( 184.4492465908620034, -19.41002461412620050, 76.00000000000000000 ) ) ;
#2001 = LINE ( 'NONE', #2427, #423 ) ;
#2000 = CARTESIAN_POINT ( 'NONE',  ( -30.00995852012579945, 39.08937144885460668, 66.00000000000490274 ) ) ;
#2002 = CARTESIAN_POINT ( 'NONE',  ( -245.2389400956069778, -8.184497806736528602, 25.33323756169160035 ) ) ;
#2003 = EDGE_CURVE ( 'NONE', #1018, #3760, #5433, .T. ) ;
#2004 = CARTESIAN_POINT ( 'NONE',  ( -87.13276851997289896, 36.59700363303189619, 97.99992777754680162 ) ) ;
#2005 = CARTESIAN_POINT ( 'NONE',  ( -13.33135884264349968, 39.68574672573440409, 38.00000000000319744 ) ) ;
#2006 = ADVANCED_FACE ( 'NONE', ( #202 ), #1925, .T. ) ;
#2007 = VERTEX_POINT ( 'NONE', #3994 ) ;
#2008 = CARTESIAN_POINT ( 'NONE',  ( -32.52109240691920178, -30.32099679302550044, 2.842170943040400239E-13 ) ) ;
#2009 = CARTESIAN_POINT ( 'NONE',  ( -234.5356223337299753, -32.09695364461590117, 109.0000000000000000 ) ) ;
#2010 = CARTESIAN_POINT ( 'NONE',  ( -131.1541646857620265, -35.51336566485430524, 38.00000000000000000 ) ) ;
#2011 = CIRCLE ( 'NONE', #1731, 47.00000000000000000 ) ;
#2012 = CARTESIAN_POINT ( 'NONE',  ( 245.4321586020990082, -18.96519812149029960, 38.00000000000000000 ) ) ;
#2013 = ADVANCED_FACE ( 'NONE', ( #297 ), #1033, .T. ) ;
#2014 = CARTESIAN_POINT ( 'NONE',  ( -199.8794960834349865, -36.45261393370400071, 50.66663158234050712 ) ) ;
#2015 = CARTESIAN_POINT ( 'NONE',  ( -236.0080906326099921, -31.15348995068490012, 43.00000000000000000 ) ) ;
#2016 = CARTESIAN_POINT ( 'NONE',  ( 350.3188331919120060, -17.13356405580580244, 38.00000000000000000 ) ) ;
#2017 = CARTESIAN_POINT ( 'NONE',  ( 4.311879989416190107, 39.01991414634569821, 12.66657089502520073 ) ) ;
#2018 = CARTESIAN_POINT ( 'NONE',  ( -88.44826659380710510, 38.84410913191479864, 2.842170943040450221E-13 ) ) ;
#2019 = CARTESIAN_POINT ( 'NONE',  ( -121.4157556055449874, 34.41901821892779623, 38.00000000000330402 ) ) ;
#2020 = CARTESIAN_POINT ( 'NONE',  ( -246.2334229698860213, -14.00029697143899909, 50.66663158234059949 ) ) ;
#2021 = CARTESIAN_POINT ( 'NONE',  ( -193.1031465753609950, -36.47563715200800516, 38.00000000000000000 ) ) ;
#2022 = CARTESIAN_POINT ( 'NONE',  ( -162.5210994669299964, -35.88100768754109993, 2.842170943040400239E-13 ) ) ;
#2023 = ORIENTED_EDGE ( 'NONE', *, *, #3355, .T. ) ;
#2024 = CARTESIAN_POINT ( 'NONE',  ( 200.1706356942910077, 17.17977246559620141, 109.0000000000000000 ) ) ;
#2025 = ADVANCED_FACE ( 'NONE', ( #2611 ), #5087, .T. ) ;
#2027 = CARTESIAN_POINT ( 'NONE',  ( -229.7302335163840041, 0.2277020574057390112, 86.99992777755059592 ) ) ;
#2026 = CARTESIAN_POINT ( 'NONE',  ( -241.7977257186080067, -4.958814700580520096, 43.00000000000000000 ) ) ;
#2028 = DIRECTION ( 'NONE',  ( 1.000000000000000000, 0.000000000000000000, 0.000000000000000000 ) ) ;
#2029 = B_SPLINE_CURVE_WITH_KNOTS ( 'NONE', 3,
 ( #3069, #87, #527, #3948 ),
 .UNSPECIFIED., .F., .F.,
 ( 4, 4 ),
 ( 0.01914501489610959811, 0.02938523722594670040 ),
 .UNSPECIFIED. ) ;
#2030 = CARTESIAN_POINT ( 'NONE',  ( 126.3740645576859833, -22.81673269505460055, 43.00000000000000000 ) ) ;
#2031 = B_SPLINE_CURVE_WITH_KNOTS ( 'NONE', 3,
 ( #2584, #4373, #1248, #5346, #2644, #4898 ),
 .UNSPECIFIED., .F., .F.,
 ( 4, 2, 4 ),
 ( -2.973747612679310315, -1.486873806339660042, 4.440892098500626162E-16 ),
 .UNSPECIFIED. ) ;
#2033 = CARTESIAN_POINT ( 'NONE',  ( 167.4789018916779924, 21.53902318867449850, 2.842170943040400239E-13 ) ) ;
#2032 = CARTESIAN_POINT ( 'NONE',  ( -12.91919025620000028, 39.16669007822319770, 75.99999999999590727 ) ) ;
#2034 = CARTESIAN_POINT ( 'NONE',  ( -80.06036419749320032, 37.43267767575599692, 86.99992777754729900 ) ) ;
#2035 = CARTESIAN_POINT ( 'NONE',  ( -13.08373292057280146, 39.31161458916910334, 66.00000000000000000 ) ) ;
#2036 = EDGE_CURVE ( 'NONE', #397, #395, #724, .T. ) ;
#2037 = VERTEX_POINT ( 'NONE', #5257 ) ;
#2038 = CARTESIAN_POINT ( 'NONE',  ( 341.6146303093409529, -14.99023033130409921, 76.00000000000000000 ) ) ;
#2039 = CARTESIAN_POINT ( 'NONE',  ( 345.4271704769510052, -14.94498911194279955, 76.00000000000000000 ) ) ;
#2040 = CARTESIAN_POINT ( 'NONE',  ( 86.78055739070849484, -24.56772934188860091, 43.00000000000000000 ) ) ;
#2041 = CARTESIAN_POINT ( 'NONE',  ( 145.5562228598469972, 25.00242488052390044, 38.00000000000000000 ) ) ;
#2042 = EDGE_CURVE ( 'NONE', #548, #5162, #3964, .T. ) ;
#2043 = CARTESIAN_POINT ( 'NONE',  ( 185.7665187293419820, -20.51696353467120204, 43.00000000000000000 ) ) ;
#2044 = CARTESIAN_POINT ( 'NONE',  ( -230.5314236812930062, -32.22084746818259759, 25.33323756169170338 ) ) ;
#2045 = FACE_OUTER_BOUND ( 'NONE', #3564, .T. ) ;
#2046 = CARTESIAN_POINT ( 'NONE',  ( -25.24052323523389774, 39.64739571285399933, 33.00000000000000000 ) ) ;
#2047 = CARTESIAN_POINT ( 'NONE',  ( -180.9448006433220257, 22.29026224842079884, 37.99999999999850075 ) ) ;
#2048 = CARTESIAN_POINT ( 'NONE',  ( 304.9011672092509571, -17.70040384668289946, 38.00000000000000000 ) ) ;
#2049 = ORIENTED_EDGE ( 'NONE', *, *, #3410, .T. ) ;
#2050 = CARTESIAN_POINT ( 'NONE',  ( 222.6499374136450058, -17.06437600733189797, 97.99992777755049644 ) ) ;
#2051 = ORIENTED_EDGE ( 'NONE', *, *, #4587, .T. ) ;
#2052 = CARTESIAN_POINT ( 'NONE',  ( -80.69421463053149068, -33.03096875220250439, 76.00000000000000000 ) ) ;
#2053 = CARTESIAN_POINT ( 'NONE',  ( -50.68202797138700078, -31.32686312610939794, 109.0000000000000000 ) ) ;
#2055 = CARTESIAN_POINT ( 'NONE',  ( -244.7296818277110049, -14.88575597403709949, 76.00000000000000000 ) ) ;
#2054 = CARTESIAN_POINT ( 'NONE',  ( -245.7359407772810016, -11.84428919622849996, 43.00000000000000000 ) ) ;
#2056 = CARTESIAN_POINT ( 'NONE',  ( -160.4431483610539999, 26.92063602305890058, 58.33329824900609850 ) ) ;
#2057 = ORIENTED_EDGE ( 'NONE', *, *, #692, .F. ) ;
#2058 = CARTESIAN_POINT ( 'NONE',  ( 145.4698509301520062, -21.35128199273439620, 66.00000000000000000 ) ) ;
#2060 = CARTESIAN_POINT ( 'NONE',  ( -244.3263968978370144, -26.37899576333400375, 43.00000000000000000 ) ) ;
#2059 = CARTESIAN_POINT ( 'NONE',  ( 286.6792071659859857, -19.29440501066730107, 12.66657089507410028 ) ) ;
#2061 = CARTESIAN_POINT ( 'NONE',  ( -21.88369736636630236, 39.05737538601560033, 75.99999999999509726 ) ) ;
#2062 = ORIENTED_EDGE ( 'NONE', *, *, #1636, .F. ) ;
#2063 = CARTESIAN_POINT ( 'NONE',  ( 123.4950948847539962, 28.27971036264190019, 86.99992777755048223 ) ) ;
#2064 = EDGE_CURVE ( 'NONE', #1827, #4181, #3345, .T. ) ;
#2065 = ADVANCED_FACE ( 'NONE', ( #1656, #1772 ), #1213, .F. ) ;
#2066 = CARTESIAN_POINT ( 'NONE',  ( -223.2439160888449692, -34.52638891936250332, 76.00000000000000000 ) ) ;
#2067 = CARTESIAN_POINT ( 'NONE',  ( 161.5993891527759843, 23.54999114722049924, 109.0000000000000000 ) ) ;
#2068 = CARTESIAN_POINT ( 'NONE',  ( -101.3450151537270045, 36.24244132597059576, 66.00000000000000000 ) ) ;
#2069 = CARTESIAN_POINT ( 'NONE',  ( -239.0658420626370173, -29.73142490691160233, 12.66657089502520073 ) ) ;
#2070 = CARTESIAN_POINT ( 'NONE',  ( 351.3132219585219786, -17.87667170652460058, 25.33323756169180285 ) ) ;
#2071 = CARTESIAN_POINT ( 'NONE',  ( -38.49808299486880259, 39.66074749933290633, 25.33323756169540175 ) ) ;
#2072 = CARTESIAN_POINT ( 'NONE',  ( -177.3373900342120066, -37.92922089618340209, 109.0000000000000000 ) ) ;
#2073 = CARTESIAN_POINT ( 'NONE',  ( -191.8674126401820104, 20.53204576728279918, 12.66657089502520073 ) ) ;
#2074 = CARTESIAN_POINT ( 'NONE',  ( 3.834976014370460096, 38.68933228835469862, 43.00000000000000000 ) ) ;
#2075 = CARTESIAN_POINT ( 'NONE',  ( 3.483921291269429954, 38.44106233144690066, 66.00000000000000000 ) ) ;
#2076 = B_SPLINE_SURFACE_WITH_KNOTS ( 'NONE', 3, 3, ( 
 ( #3118, #393, #5374, #4052 ),
 ( #942, #3640, #862, #5429 ),
 ( #4027, #7, #1802, #1331 ),
 ( #473, #2315, #3614, #2284 ) ),
 .UNSPECIFIED., .F., .F., .F.,
 ( 4, 4 ),
 ( 4, 4 ),
 ( 0.000000000000000000, 1.000000000000000000 ),
 ( 0.01914501489605319878, 0.02938523722594680102 ),
 .UNSPECIFIED. ) ;
#2077 = EDGE_LOOP ( 'NONE', ( #2621, #4295, #5684, #2092 ) ) ;
#2078 = CARTESIAN_POINT ( 'NONE',  ( 46.00999400312389298, 36.32671624739279537, 50.66663158234050712 ) ) ;
#2079 = VERTEX_POINT ( 'NONE', #5296 ) ;
#2080 = CARTESIAN_POINT ( 'NONE',  ( 279.2357071539789786, 2.383103477351720123, 109.0000000000000000 ) ) ;
#2081 = CARTESIAN_POINT ( 'NONE',  ( -70.63764806365409754, -32.48135535796640028, 86.99992777755048223 ) ) ;
#2083 = CARTESIAN_POINT ( 'NONE',  ( -241.6610327568599814, -10.39513872794510085, 86.99992777755059592 ) ) ;
#2082 = DIRECTION ( 'NONE',  ( 0.000000000000000000, 7.202571872255701478E-15, 1.000000000000000000 ) ) ;
#2084 = CARTESIAN_POINT ( 'NONE',  ( -160.9501078825809941, 27.40238729396609685, 42.99999999999930367 ) ) ;
#2085 = EDGE_LOOP ( 'NONE', ( #3581, #4302, #5281, #4833, #5660, #931, #5833, #1638, #3632, #4595, #4790 ) ) ;
#2086 = CARTESIAN_POINT ( 'NONE',  ( 31.54754242871840475, 36.98946604638289415, 66.00000000000000000 ) ) ;
#2088 = CARTESIAN_POINT ( 'NONE',  ( 164.0296026098540096, -19.48673802870440142, 97.99992777755049644 ) ) ;
#2087 = CARTESIAN_POINT ( 'NONE',  ( -60.64197166540019879, 38.69830940882329884, 66.00000000000000000 ) ) ;
#2089 = B_SPLINE_CURVE_WITH_KNOTS ( 'NONE', 3,
 ( #3412, #2549, #5256, #2610, #3963, #795 ),
 .UNSPECIFIED., .F., .F.,
 ( 4, 2, 4 ),
 ( -2.925035906234310090, -1.462517953117160152, 4.440892098500626162E-16 ),
 .UNSPECIFIED. ) ;
#2090 = CARTESIAN_POINT ( 'NONE',  ( -240.5666844620699862, -1.587805290306349981, 12.66657089502520073 ) ) ;
#2091 = CARTESIAN_POINT ( 'NONE',  ( -38.53832170265680190, 39.36076936320210251, 43.00000000000380140 ) ) ;
#2092 = ORIENTED_EDGE ( 'NONE', *, *, #5822, .T. ) ;
#2093 = CARTESIAN_POINT ( 'NONE',  ( 315.5182240320850156, -8.486522907069490529, 25.33323756156810092 ) ) ;
#2094 = CARTESIAN_POINT ( 'NONE',  ( 115.7963628769079918, 29.12986035969500165, 38.00000000000000000 ) ) ;
#2095 = CARTESIAN_POINT ( 'NONE',  ( 213.9143460763260123, -18.29395099008189973, 76.00000000000000000 ) ) ;
#2096 = CARTESIAN_POINT ( 'NONE',  ( 342.8228474239140269, -14.72222573241019994, 50.66663158234050712 ) ) ;
#2097 = CARTESIAN_POINT ( 'NONE',  ( -246.9403988094919953, -24.98531528662650203, 2.842170943040400239E-13 ) ) ;
#2098 = CARTESIAN_POINT ( 'NONE',  ( 344.1631462475469334, -16.87923769908469751, 43.00000000000000000 ) ) ;
#2099 = CARTESIAN_POINT ( 'NONE',  ( -88.11337938133461023, 38.25630634995880541, 25.33323756169249918 ) ) ;
#2100 = LINE ( 'NONE', #5677, #1135 ) ;
#2101 = CARTESIAN_POINT ( 'NONE',  ( 317.4789191474720269, -19.56098748220280115, 2.842170943040400239E-13 ) ) ;
#2102 = CARTESIAN_POINT ( 'NONE',  ( -135.0711393754260143, -36.04114261674889974, 66.00000000000000000 ) ) ;
#2103 = EDGE_LOOP ( 'NONE', ( #2574, #1817 ) ) ;
#2104 = CARTESIAN_POINT ( 'NONE',  ( 105.6682553198260024, 30.54044529118739959, 43.00000000000000000 ) ) ;
#2105 = ORIENTED_EDGE ( 'NONE', *, *, #5776, .T. ) ;
#2106 = CARTESIAN_POINT ( 'NONE',  ( 221.1395435163729815, 13.34777054342709945, 86.99992777755048223 ) ) ;
#2107 = CARTESIAN_POINT ( 'NONE',  ( 326.1438559490039779, -8.856867826228478791, 97.99992777755049644 ) ) ;
#2109 = CARTESIAN_POINT ( 'NONE',  ( -240.3838915760759676, -11.16660012502349986, 109.0000000000000000 ) ) ;
#2108 = CARTESIAN_POINT ( 'NONE',  ( 202.9733264712209859, 16.07989273844399847, 66.00000000000000000 ) ) ;
#2110 = CARTESIAN_POINT ( 'NONE',  ( -111.2174123685349940, 35.15066591997150169, 58.33329824900719984 ) ) ;
#2111 = EDGE_CURVE ( 'NONE', #4518, #70, #2942, .T. ) ;
#2112 = ORIENTED_EDGE ( 'NONE', *, *, #4717, .F. ) ;
#2113 = CARTESIAN_POINT ( 'NONE',  ( 31.91208746406369556, 37.08654236449849151, 50.66663158234050712 ) ) ;
#2115 = DIRECTION ( 'NONE',  ( 0.000000000000000000, 0.000000000000000000, 1.000000000000000000 ) ) ;
#2114 = CARTESIAN_POINT ( 'NONE',  ( -80.37480561880369123, 37.65897692795360285, 75.99999999999680256 ) ) ;
#2116 = CARTESIAN_POINT ( 'NONE',  ( -236.5407868920370049, 1.419818101819830147, 12.66657089502520073 ) ) ;
#2117 = CARTESIAN_POINT ( 'NONE',  ( -21.64098699951630067, 39.53415246630360258, 43.00000000000049738 ) ) ;
#2118 = VERTEX_POINT ( 'NONE', #3855 ) ;
#2119 = ORIENTED_EDGE ( 'NONE', *, *, #662, .T. ) ;
#2120 = ORIENTED_EDGE ( 'NONE', *, *, #503, .T. ) ;
#2121 = CARTESIAN_POINT ( 'NONE',  ( 314.4617560430439767, -17.25686306905389955, 43.00000000000000000 ) ) ;
#2122 = CARTESIAN_POINT ( 'NONE',  ( 18.31816595755930166, 38.06483333898760435, 25.33323756169180285 ) ) ;
#2123 = CARTESIAN_POINT ( 'NONE',  ( -235.2783917835269847, -31.62452590621009918, 76.00000000000000000 ) ) ;
#2124 = CARTESIAN_POINT ( 'NONE',  ( -246.7079731283039905, -7.255427136079590333, 2.842170943040390646E-13 ) ) ;
#2125 = CARTESIAN_POINT ( 'NONE',  ( 309.0828397670960044, -4.317569670842040352, 109.0000000000000000 ) ) ;
#2126 = EDGE_CURVE ( 'NONE', #395, #2386, #4200, .T. ) ;
#2127 = CARTESIAN_POINT ( 'NONE',  ( 283.3058897288900084, -16.70049736746310032, 66.00000000000000000 ) ) ;
#2128 = CARTESIAN_POINT ( 'NONE',  ( 282.6725401511230302, -16.22029076952539839, 76.00000000000000000 ) ) ;
#2129 = CARTESIAN_POINT ( 'NONE',  ( -237.5504663778909844, -30.49613779464399954, 38.00000000000000000 ) ) ;
#2130 = CARTESIAN_POINT ( 'NONE',  ( -110.9401926948920050, -34.56282181980810009, 50.66663158234050712 ) ) ;
#2131 = CARTESIAN_POINT ( 'NONE',  ( 344.2980106088329535, -15.54013006070799996, 66.00000000000000000 ) ) ;
#2132 = CARTESIAN_POINT ( 'NONE',  ( -212.5967940552670257, 13.86762799136780089, 2.842170943040440123E-13 ) ) ;
#2133 = CARTESIAN_POINT ( 'NONE',  ( 106.9482323130630022, -24.03414367773689975, 25.33323756169170338 ) ) ;
#2134 = CARTESIAN_POINT ( 'NONE',  ( 66.71782383892791302, -25.11745049387899797, 66.00000000000000000 ) ) ;
#2135 = ORIENTED_EDGE ( 'NONE', *, *, #5483, .T. ) ;
#2136 = CARTESIAN_POINT ( 'NONE',  ( 233.5587949458649746, -17.63832050219909675, 76.00000000000000000 ) ) ;
#2137 = ORIENTED_EDGE ( 'NONE', *, *, #4489, .T. ) ;
#2138 = ADVANCED_FACE ( 'NONE', ( #1254 ), #136, .T. ) ;
#2139 = CARTESIAN_POINT ( 'NONE',  ( 260.1572715426800073, 5.835399531496410219, 97.99992777755049644 ) ) ;
#2140 = CARTESIAN_POINT ( 'NONE',  ( 280.8816455120310138, 1.448516614561620175, 86.99992777755059592 ) ) ;
#2142 = CARTESIAN_POINT ( 'NONE',  ( -239.9212373278130030, -6.157332177424079234, 76.00000000000000000 ) ) ;
#2141 = CARTESIAN_POINT ( 'NONE',  ( -189.9322144300730031, 18.62238578122050114, 66.00000000000130740 ) ) ;
#2143 = CARTESIAN_POINT ( 'NONE',  ( -160.1892903895450218, 26.68127038767610060, 65.99999999999899103 ) ) ;
#2144 = ORIENTED_EDGE ( 'NONE', *, *, #4227, .T. ) ;
#2145 = EDGE_CURVE ( 'NONE', #395, #1431, #5530, .T. ) ;
#2147 = CARTESIAN_POINT ( 'NONE',  ( 56.47491394156480027, -24.97834799828940078, 109.0000000000000000 ) ) ;
#2146 = CARTESIAN_POINT ( 'NONE',  ( 9.779187448085290058, 37.66744577629329882, 109.0000000000000000 ) ) ;
#2148 = SURFACE_SIDE_STYLE ('',( #5307 ) ) ;
#2149 = CARTESIAN_POINT ( 'NONE',  ( -75.02825197347868880, 38.48403065460099270, 58.33329824900570060 ) ) ;
#2150 = B_SPLINE_SURFACE_WITH_KNOTS ( 'NONE', 3, 3, ( 
 ( #5389, #2179, #2749, #4092 ),
 ( #3108, #3602, #3134, #2633 ),
 ( #3652, #487, #1345, #4916 ),
 ( #849, #1819, #2209, #2298 ) ),
 .UNSPECIFIED., .F., .F., .F.,
 ( 4, 4 ),
 ( 4, 4 ),
 ( 0.000000000000000000, 1.000000000000000000 ),
 ( 0.03383747857135580017, 0.04852974931344310183 ),
 .UNSPECIFIED. ) ;
#2151 = VERTEX_POINT ( 'NONE', #4791 ) ;
#2152 = ORIENTED_EDGE ( 'NONE', *, *, #735, .T. ) ;
#2153 = ORIENTED_EDGE ( 'NONE', *, *, #3889, .F. ) ;
#2154 = FACE_OUTER_BOUND ( 'NONE', #5838, .T. ) ;
#2155 = CARTESIAN_POINT ( 'NONE',  ( -242.7705118110280011, -16.02261241186119989, 109.0000000000000000 ) ) ;
#2156 = CARTESIAN_POINT ( 'NONE',  ( 165.9682363630559792, -21.16473870129550150, 43.00000000000000000 ) ) ;
#2157 = B_SPLINE_CURVE_WITH_KNOTS ( 'NONE', 3,
 ( #4519, #5324, #5432, #945, #365, #5768, #1721, #1284, #3095, #3328, #504, #1864, #5019, #1452, #2347, #123, #3268, #93, #4641, #5084, #63, #1922, #1897, #5524, #591, #2380, #1956, #2320, #183, #4111, #1040, #1986, #5056, #1008, #3673, #5148, #2859, #3741, #4140, #5462, #1424, #4202, #2436, #2407, #1481, #2888, #976, #153, #3766, #3235, #4669, #5556, #1511, #2797, #2827, #4580, #4611, #3296, #3793, #5117, #532, #1098, #1069, #4171, #621, #4232, #5589, #3361, #563, #3707 ),
 .UNSPECIFIED., .F., .F.,
 ( 4, 3, 3, 3, 3, 3, 3, 3, 3, 3, 3, 3, 3, 3, 3, 3, 3, 3, 3, 3, 3, 3, 3, 4 ),
 ( -4.667657822498259890, -3.864024355297880131, -3.844289507485560087, -3.045894480355999967, -3.020873059290809959, -2.210167324435880154, -2.187891123467900378, -1.785434058211659902, -1.761785105109309857, -1.455931439828960006, -1.353980218068840280, -1.319910145619839881, -1.112694290962879862, -0.9054784363059229513, -0.8523510076856433137, -0.8147627706594162689, -0.7019980595807364665, -0.5513762705422333710, -0.4824115726802915560, -0.4134468748183506293, -0.3100851561137636381, -0.2067234374091757587, -0.1033617187045878794, 0.000000000000000000 ),
 .UNSPECIFIED. ) ;
#2158 = CARTESIAN_POINT ( 'NONE',  ( 246.5272761052019916, 6.823727118115450629, 12.66657089502520073 ) ) ;
#2159 = CARTESIAN_POINT ( 'NONE',  ( -238.7946696925349954, -29.98687846753589881, 38.00000000000000000 ) ) ;
#2160 = CARTESIAN_POINT ( 'NONE',  ( -276.8414816927599986, 0.000000000000000000, 76.00000000000000000 ) ) ;
#2161 = CARTESIAN_POINT ( 'NONE',  ( -20.11908528746520020, -29.64267447989109883, 33.00000000000000000 ) ) ;
#2162 = CARTESIAN_POINT ( 'NONE',  ( -228.7336510914740018, 6.448377883773620312, 2.842170943040370451E-13 ) ) ;
#2163 = CARTESIAN_POINT ( 'NONE',  ( 106.6820703153990024, -23.75343906619930223, 38.00000000000000000 ) ) ;
#2165 = B_SPLINE_CURVE_WITH_KNOTS ( 'NONE', 3,
 ( #3644, #4032, #5434, #452, #3594, #3206 ),
 .UNSPECIFIED., .F., .F.,
 ( 4, 2, 4 ),
 ( -2.015133350117630062, -0.9656169120608928402, 0.000000000000000000 ),
 .UNSPECIFIED. ) ;
#2164 = LINE ( 'NONE', #3004, #3295 ) ;
#2166 = ORIENTED_EDGE ( 'NONE', *, *, #993, .F. ) ;
#2167 = CARTESIAN_POINT ( 'NONE',  ( -119.9707613220840017, -35.38366391866910021, 76.00000000000000000 ) ) ;
#2168 = VERTEX_POINT ( 'NONE', #716 ) ;
#2169 = CARTESIAN_POINT ( 'NONE',  ( 240.2574542799310109, 9.753304862141821019, 97.99992777755049644 ) ) ;
#2170 = CARTESIAN_POINT ( 'NONE',  ( 208.1100035303110189, 15.52927036686079987, 86.99992777755048223 ) ) ;
#2172 = CARTESIAN_POINT ( 'NONE',  ( 56.13528438814079635, 35.38885185903910013, 43.00000000000000000 ) ) ;
#2171 = CARTESIAN_POINT ( 'NONE',  ( -189.4101341590699974, 18.77320312567140093, 66.00000000000130740 ) ) ;
#2173 = CARTESIAN_POINT ( 'NONE',  ( -120.9523824158589917, 33.87290327098820342, 58.33329824900850014 ) ) ;
#2174 = ADVANCED_FACE ( 'NONE', ( #1608 ), #1504, .T. ) ;
#2175 = CARTESIAN_POINT ( 'NONE',  ( -60.42105897691340033, 37.86186039172500273, 108.9999999999949978 ) ) ;
#2176 = CIRCLE ( 'NONE', #3688, 20.00000000000000000 ) ;
#2177 = EDGE_LOOP ( 'NONE', ( #1407, #4438, #1001, #2235 ) ) ;
#2179 = CARTESIAN_POINT ( 'NONE',  ( 105.6498530310060033, -22.67615976779979903, 86.99992777755048223 ) ) ;
#2178 = CARTESIAN_POINT ( 'NONE',  ( 30.55264099913700093, 36.72065101547840271, 109.0000000000000000 ) ) ;
#2180 = CARTESIAN_POINT ( 'NONE',  ( 47.13544182443870056, -26.31427580368769625, 50.66663158234050712 ) ) ;
#2181 = EDGE_CURVE ( 'NONE', #2933, #4098, #4476, .T. ) ;
#2182 = LINE ( 'NONE', #3957, #2779 ) ;
#2183 = VERTEX_POINT ( 'NONE', #3006 ) ;
#2184 = EDGE_LOOP ( 'NONE', ( #1666, #4892, #3495, #5507 ) ) ;
#2185 = ORIENTED_EDGE ( 'NONE', *, *, #5571, .F. ) ;
#2186 = CARTESIAN_POINT ( 'NONE',  ( 280.0570888054290322, 1.917494200851009856, 97.99992777755049644 ) ) ;
#2187 = EDGE_CURVE ( 'NONE', #1298, #2811, #2561, .T. ) ;
#2188 = CARTESIAN_POINT ( 'NONE',  ( -243.3920338242420200, -18.90250315065630105, 109.0000000000000000 ) ) ;
#2189 = CARTESIAN_POINT ( 'NONE',  ( 245.5828107975740124, 7.265070931650980057, 25.33323756169170338 ) ) ;
#2190 = CARTESIAN_POINT ( 'NONE',  ( -17.26653731728919894, 39.71758053722950166, 33.00000000000270006 ) ) ;
#2191 = CARTESIAN_POINT ( 'NONE',  ( -189.2282077549880057, -37.17043525975579144, 66.00000000000000000 ) ) ;
#2192 = CARTESIAN_POINT ( 'NONE',  ( 346.8078595839180025, -15.96257764232429999, 58.33329824900719984 ) ) ;
#2193 = CARTESIAN_POINT ( 'NONE',  ( -221.4453336658880005, 8.745192151715921014, 25.33323756169130192 ) ) ;
#2194 = CARTESIAN_POINT ( 'NONE',  ( 163.6408163467429802, -19.15628624342690145, 109.0000000000000000 ) ) ;
#2195 = CARTESIAN_POINT ( 'NONE',  ( 86.24180844904319088, -23.93591651413860077, 76.00000000000000000 ) ) ;
#2196 = CARTESIAN_POINT ( 'NONE',  ( 166.0844986241650076, 22.01545026080719936, 25.33323756169170338 ) ) ;
#2197 = ORIENTED_EDGE ( 'NONE', *, *, #4243, .T. ) ;
#2198 = CARTESIAN_POINT ( 'NONE',  ( -128.6073005452119844, -36.35871909808599867, 109.0000000000000000 ) ) ;
#2199 = ORIENTED_EDGE ( 'NONE', *, *, #3009, .T. ) ;
#2200 = CARTESIAN_POINT ( 'NONE',  ( -11.95886750566949885, -29.03166728018869946, 76.00000000000000000 ) ) ;
#2201 = CARTESIAN_POINT ( 'NONE',  ( 235.2628228291520145, -18.98662942710440049, 43.00000000000000000 ) ) ;
#2203 = CARTESIAN_POINT ( 'NONE',  ( 320.7376556256489835, -7.523225501176310281, 97.99992777755049644 ) ) ;
#2202 = CARTESIAN_POINT ( 'NONE',  ( -245.3232710679600075, -14.53734037823650027, 66.00000000000000000 ) ) ;
#2204 = CARTESIAN_POINT ( 'NONE',  ( -235.4377857165690102, -0.05809107544379190496, 43.00000000000000000 ) ) ;
#2205 = CARTESIAN_POINT ( 'NONE',  ( -77.31343947817499895, 37.66027608734520271, 86.99992777754748374 ) ) ;
#2206 = EDGE_CURVE ( 'NONE', #3323, #3395, #4961, .T. ) ;
#2207 = ORIENTED_EDGE ( 'NONE', *, *, #335, .T. ) ;
#2209 = CARTESIAN_POINT ( 'NONE',  ( 164.0296026098540096, -19.48673802870440142, 97.99992777755049644 ) ) ;
#2208 = CARTESIAN_POINT ( 'NONE',  ( -12.52109297705949942, -29.40099839825409944, 2.842170943040400239E-13 ) ) ;
#2210 = CARTESIAN_POINT ( 'NONE',  ( -161.1153037610770014, 27.55995426730830289, 37.99999999999769784 ) ) ;
#2211 = CARTESIAN_POINT ( 'NONE',  ( -247.7369394757059808, -13.10380659006909809, 25.33323756169160035 ) ) ;
#2212 = CARTESIAN_POINT ( 'NONE',  ( 165.9682363630559792, -21.16473870129550150, 43.00000000000000000 ) ) ;
#2213 = B_SPLINE_CURVE_WITH_KNOTS ( 'NONE', 3,
 ( #1643, #5215, #5271, #4769 ),
 .UNSPECIFIED., .F., .F.,
 ( 4, 4 ),
 ( 0.03383747857135580017, 0.04852974931344310183 ),
 .UNSPECIFIED. ) ;
#2214 = VERTEX_POINT ( 'NONE', #3180 ) ;
#2215 = ORIENTED_EDGE ( 'NONE', *, *, #1065, .T. ) ;
#2216 = CLOSED_SHELL ( 'NONE', ( #4559, #4903, #2738, #482, #4408, #4337, #4277, #2914, #3988, #3680, #5269, #151, #5055, #814, #844, #3443, #4635, #4418, #1637, #4922, #2138, #4712, #5489, #5209, #547, #2615, #3129, #2025, #4454, #3703, #2458, #2943, #291, #4087, #1929, #3556 ) ) ;
#2217 = CARTESIAN_POINT ( 'NONE',  ( -237.5504663778909844, -30.49613779464399954, 38.00000000000000000 ) ) ;
#2218 = CARTESIAN_POINT ( 'NONE',  ( -2.328463181096899870, -28.76177420877500168, 38.00000000000000000 ) ) ;
#2219 = CARTESIAN_POINT ( 'NONE',  ( 329.3152169213350362, -13.35250472912019859, 109.0000000000000000 ) ) ;
#2220 = PLANE ( 'NONE',  #1124 ) ;
#2221 = B_SPLINE_CURVE_WITH_KNOTS ( 'NONE', 3,
 ( #96, #2863, #4521, #1960, #4645, #535 ),
 .UNSPECIFIED., .F., .F.,
 ( 4, 2, 4 ),
 ( -2.925009284469159976, -1.462504642234579988, 0.000000000000000000 ),
 .UNSPECIFIED. ) ;
#2222 = FACE_OUTER_BOUND ( 'NONE', #1700, .T. ) ;
#2223 = CARTESIAN_POINT ( 'NONE',  ( 218.0617385061370044, 13.04389039157599939, 38.00000000000000000 ) ) ;
#2224 = CARTESIAN_POINT ( 'NONE',  ( -218.0999534524570151, -35.35082795937130129, 66.00000000000000000 ) ) ;
#2225 = EDGE_CURVE ( 'NONE', #2703, #5297, #1392, .T. ) ;
#2226 = ORIENTED_EDGE ( 'NONE', *, *, #232, .F. ) ;
#2227 = CARTESIAN_POINT ( 'NONE',  ( 164.2954687171560124, 22.62719050555390154, 58.33329824900719984 ) ) ;
#2228 = CYLINDRICAL_SURFACE ( 'NONE', #5596, 46.99999999999999289 ) ;
#2229 = B_SPLINE_CURVE_WITH_KNOTS ( 'NONE', 3,
 ( #5081, #91, #1005, #2405 ),
 .UNSPECIFIED., .F., .F.,
 ( 4, 4 ),
 ( 0.03383747857135580017, 0.04852974931344310183 ),
 .UNSPECIFIED. ) ;
#2230 = CARTESIAN_POINT ( 'NONE',  ( -191.2562138896069825, -36.31025962460829959, 25.33323756169180285 ) ) ;
#2232 = CARTESIAN_POINT ( 'NONE',  ( 326.1438559490039779, -8.856867826228478791, 97.99992777755049644 ) ) ;
#2231 = CARTESIAN_POINT ( 'NONE',  ( -240.4899751555250020, -5.796069110090009247, 66.00000000000000000 ) ) ;
#2233 = CARTESIAN_POINT ( 'NONE',  ( -232.0870890790320118, 1.825673890923390053, 43.00000000000000000 ) ) ;
#2234 = CARTESIAN_POINT ( 'NONE',  ( 280.5804785114200399, -14.65007533596710054, 109.0000000000000000 ) ) ;
#2235 = ORIENTED_EDGE ( 'NONE', *, *, #4986, .T. ) ;
#2237 = CARTESIAN_POINT ( 'NONE',  ( -139.5600407705830150, 29.18296141186710102, 109.0000000000069917 ) ) ;
#2236 = CARTESIAN_POINT ( 'NONE',  ( 47.39371644732680267, -26.82828016926760029, 12.66657089502520073 ) ) ;
#2238 = CARTESIAN_POINT ( 'NONE',  ( 175.0035354872819937, -20.10145621965039808, 66.00000000000000000 ) ) ;
#2239 = CARTESIAN_POINT ( 'NONE',  ( -225.6505110561560059, 5.654324871331828817, 38.00000000000000000 ) ) ;
#2240 = B_SPLINE_CURVE_WITH_KNOTS ( 'NONE', 3,
 ( #4024, #1773, #886, #1831, #443, #2251 ),
 .UNSPECIFIED., .F., .F.,
 ( 4, 2, 4 ),
 ( -3.079313076484190059, -1.539656538242099915, 0.000000000000000000 ),
 .UNSPECIFIED. ) ;
#2241 = CARTESIAN_POINT ( 'NONE',  ( -101.3450151537270045, 36.24244132597059576, 66.00000000000000000 ) ) ;
#2242 = APPLICATION_CONTEXT ( 'automotive_design' ) ;
#2243 = ORIENTED_EDGE ( 'NONE', *, *, #353, .F. ) ;
#2244 = CARTESIAN_POINT ( 'NONE',  ( -237.5744690917840103, -30.60060162720049703, 58.33329824900719984 ) ) ;
#2245 = VERTEX_POINT ( 'NONE', #1780 ) ;
#2246 = B_SPLINE_CURVE_WITH_KNOTS ( 'NONE', 3,
 ( #3071, #4854, #812, #370, #2172, #1427 ),
 .UNSPECIFIED., .F., .F.,
 ( 4, 2, 4 ),
 ( -5.972363056626329936, -2.986181528313160083, 8.881784197001252323E-16 ),
 .UNSPECIFIED. ) ;
#2248 = CARTESIAN_POINT ( 'NONE',  ( 339.2129145467959574, -16.94217526074629987, 43.00000000000000000 ) ) ;
#2247 = CARTESIAN_POINT ( 'NONE',  ( -80.88453362019730264, 39.07905581186859933, 12.66657089502520073 ) ) ;
#2249 = PRODUCT_DEFINITION_FORMATION_WITH_SPECIFIED_SOURCE ( 'ANY', '', #483, .NOT_KNOWN. ) ;
#2250 = ADVANCED_FACE ( 'NONE', ( #865 ), #608, .T. ) ;
#2251 = CARTESIAN_POINT ( 'NONE',  ( 284.2021305830089659, -0.4509907724970960152, 43.00000000000000000 ) ) ;
#2252 = CARTESIAN_POINT ( 'NONE',  ( 325.2907286243460021, -8.278780406733650565, 109.0000000000000000 ) ) ;
#2253 = ADVANCED_FACE ( 'NONE', ( #4437 ), #4142, .T. ) ;
#2254 = CARTESIAN_POINT ( 'NONE',  ( 343.5714599026580345, -16.43725880604030110, 50.66663158234050712 ) ) ;
#2255 = DIRECTION ( 'NONE',  ( 0.9988499758552882302, 0.04794502824996671464, 0.000000000000000000 ) ) ;
#2256 = CARTESIAN_POINT ( 'NONE',  ( 282.6725401511230302, -16.22029076952539839, 76.00000000000000000 ) ) ;
#2257 = CARTESIAN_POINT ( 'NONE',  ( 105.1844252882089989, -22.19902977578130177, 109.0000000000000000 ) ) ;
#2258 = ORIENTED_EDGE ( 'NONE', *, *, #5690, .T. ) ;
#2259 = CARTESIAN_POINT ( 'NONE',  ( -161.9757893282090038, -36.09764288189800396, 12.66657089502520073 ) ) ;
#2260 = CARTESIAN_POINT ( 'NONE',  ( -100.3324915020509991, -34.20731637727369900, 76.00000000000000000 ) ) ;
#2261 = DIRECTION ( 'NONE',  ( 0.000000000000000000, 0.000000000000000000, -1.000000000000000000 ) ) ;
#2263 = CARTESIAN_POINT ( 'NONE',  ( 223.7541835368209888, 12.26900398635349987, 50.66663158234059949 ) ) ;
#2262 = CARTESIAN_POINT ( 'NONE',  ( -189.6723506878800265, 18.70213402011600223, 66.00000000000130740 ) ) ;
#2264 = CARTESIAN_POINT ( 'NONE',  ( 46.37163801949090214, 36.37931112759620333, 38.00000000000000000 ) ) ;
#2265 = CARTESIAN_POINT ( 'NONE',  ( -219.9816531023650157, 7.446929589535559835, 58.33329824900840066 ) ) ;
#2266 = EDGE_CURVE ( 'NONE', #1298, #5069, #461, .T. ) ;
#2267 = ORIENTED_EDGE ( 'NONE', *, *, #1814, .F. ) ;
#2269 = CARTESIAN_POINT ( 'NONE',  ( -150.0230467026389931, 28.28042026567759848, 76.00000000000449063 ) ) ;
#2268 = CARTESIAN_POINT ( 'NONE',  ( -76.01248925782979882, -32.69456184230139684, 66.00000000000000000 ) ) ;
#2270 = CARTESIAN_POINT ( 'NONE',  ( 206.5292949825449966, 14.69026602128439940, 12.66657089502520073 ) ) ;
#2271 = CARTESIAN_POINT ( 'NONE',  ( -196.0257798405449989, 17.90732681220609734, 37.99999999999860023 ) ) ;
#2272 = EDGE_CURVE ( 'NONE', #4071, #5238, #3152, .T. ) ;
#2273 = CARTESIAN_POINT ( 'NONE',  ( 106.6820703153990024, -23.75343906619930223, 38.00000000000000000 ) ) ;
#2274 = EDGE_LOOP ( 'NONE', ( #250, #5726, #2598, #1520 ) ) ;
#2275 = VERTEX_POINT ( 'NONE', #451 ) ;
#2276 = CARTESIAN_POINT ( 'NONE',  ( -224.6989641037520187, -33.84238747644890566, 50.66663158234069897 ) ) ;
#2277 = ORIENTED_EDGE ( 'NONE', *, *, #3227, .T. ) ;
#2279 = CARTESIAN_POINT ( 'NONE',  ( -71.25664867100120148, -32.38018939963239973, 58.33329824900710037 ) ) ;
#2278 = CARTESIAN_POINT ( 'NONE',  ( -72.38362832213279319, 39.95957402089209864, 2.842170943040450221E-13 ) ) ;
#2280 = CARTESIAN_POINT ( 'NONE',  ( -206.3747072420690074, -37.21768018271269796, 109.0000000000000000 ) ) ;
#2281 = CARTESIAN_POINT ( 'NONE',  ( 321.1674968749570098, -14.74895962423279983, 86.99992777755048223 ) ) ;
#2282 = DIRECTION ( 'NONE',  ( 0.000000000000000000, 0.000000000000000000, -1.000000000000000000 ) ) ;
#2283 = CARTESIAN_POINT ( 'NONE',  ( 147.0943234980740044, -22.84165167969829824, 12.66657089502520073 ) ) ;
#2284 = CARTESIAN_POINT ( 'NONE',  ( 342.3872627793110155, -15.55981990682690075, 66.00000000000000000 ) ) ;
#2285 = CARTESIAN_POINT ( 'NONE',  ( 162.7611678686880055, 23.15218183691310117, 86.99992777755048223 ) ) ;
#2286 = CARTESIAN_POINT ( 'NONE',  ( 314.1551033144419875, -7.594962136569659350, 43.00000000000000000 ) ) ;
#2287 = VERTEX_POINT ( 'NONE', #2740 ) ;
#2288 = CARTESIAN_POINT ( 'NONE',  ( 206.5292949825449966, 14.69026602128439940, 12.66657089502520073 ) ) ;
#2289 = CARTESIAN_POINT ( 'NONE',  ( 288.2291887925030096, -16.59066865027490323, 66.00000000000000000 ) ) ;
#2291 = CARTESIAN_POINT ( 'NONE',  ( -187.0865948020030203, -38.05614562639460274, 109.0000000000000000 ) ) ;
#2290 = CARTESIAN_POINT ( 'NONE',  ( 47.10367299806139840, 36.48525996359009582, 12.66657089502520073 ) ) ;
#2292 = CARTESIAN_POINT ( 'NONE',  ( -189.2282077549880057, -37.17043525975579144, 66.00000000000000000 ) ) ;
#2293 = CARTESIAN_POINT ( 'NONE',  ( -234.8903790600510035, 0.2987170447688169417, 43.00000000000000000 ) ) ;
#2294 = ORIENTED_EDGE ( 'NONE', *, *, #584, .F. ) ;
#2295 = EDGE_CURVE ( 'NONE', #2395, #1445, #2157, .T. ) ;
#2296 = LINE ( 'NONE', #1432, #5505 ) ;
#2298 = CARTESIAN_POINT ( 'NONE',  ( 163.6408163467429802, -19.15628624342690145, 109.0000000000000000 ) ) ;
#2297 = CARTESIAN_POINT ( 'NONE',  ( 333.7624664846509859, -14.14499673238289823, 2.842170943040400239E-13 ) ) ;
#2299 = CARTESIAN_POINT ( 'NONE',  ( -206.1988965854989999, 14.43035190886850039, 38.00000000000079581 ) ) ;
#2300 = AXIS2_PLACEMENT_3D ( 'NONE', #1987, #977, #1512 ) ;
#2301 = CARTESIAN_POINT ( 'NONE',  ( -142.6091138265029770, 32.36300632375189679, 2.842170943040629955E-13 ) ) ;
#2302 = ORIENTED_EDGE ( 'NONE', *, *, #17, .T. ) ;
#2303 = ORIENTED_EDGE ( 'NONE', *, *, #5612, .T. ) ;
#2304 = CARTESIAN_POINT ( 'NONE',  ( -204.4150325850949912, -36.43473623345709456, 58.33329824900719984 ) ) ;
#2305 = B_SPLINE_CURVE_WITH_KNOTS ( 'NONE', 3,
 ( #3190, #4973, #3579, #5782 ),
 .UNSPECIFIED., .F., .F.,
 ( 4, 4 ),
 ( 0.03383747857135580017, 0.04852974931344310183 ),
 .UNSPECIFIED. ) ;
#2307 = CARTESIAN_POINT ( 'NONE',  ( 300.8066474565609951, -3.115988235804569850, 86.99992777755048223 ) ) ;
#2306 = CARTESIAN_POINT ( 'NONE',  ( -95.28909152034120211, 38.04757036846669394, 12.66657089502520073 ) ) ;
#2308 = CARTESIAN_POINT ( 'NONE',  ( -224.0579488386220248, 7.331419197725939085, 25.33323756169140140 ) ) ;
#2309 = CARTESIAN_POINT ( 'NONE',  ( -178.2083720886080016, 19.95013040198129772, 109.0000000000000000 ) ) ;
#2310 = ORIENTED_EDGE ( 'NONE', *, *, #345, .F. ) ;
#2311 = CARTESIAN_POINT ( 'NONE',  ( 224.2293875747839991, -18.31385777886640298, 66.00000000000000000 ) ) ;
#2312 = CARTESIAN_POINT ( 'NONE',  ( -243.8604304622649863, -26.62455912929400270, 50.66663158237150100 ) ) ;
#2313 = B_SPLINE_CURVE_WITH_KNOTS ( 'NONE', 3,
 ( #2121, #3929, #3496, #4481, #2248, #4570 ),
 .UNSPECIFIED., .F., .F.,
 ( 4, 2, 4 ),
 ( -2.970379068402190015, -1.485189534201090122, 0.000000000000000000 ),
 .UNSPECIFIED. ) ;
#2314 = CARTESIAN_POINT ( 'NONE',  ( 163.8840822113800186, 22.76793559807019918, 66.00000000000000000 ) ) ;
#2315 = CARTESIAN_POINT ( 'NONE',  ( 343.5714599026580345, -16.43725880604030110, 50.66663158234050712 ) ) ;
#2316 = B_SPLINE_CURVE_WITH_KNOTS ( 'NONE', 3,
 ( #340, #2140, #4575, #5802 ),
 .UNSPECIFIED., .F., .F.,
 ( 4, 4 ),
 ( 0.03383747857135580017, 0.04852974931344310183 ),
 .UNSPECIFIED. ) ;
#2317 = CARTESIAN_POINT ( 'NONE',  ( -234.6376605160880047, -31.83030992100759704, 66.00000000000000000 ) ) ;
#2318 = ORIENTED_EDGE ( 'NONE', *, *, #628, .T. ) ;
#2319 = B_SPLINE_CURVE_WITH_KNOTS ( 'NONE', 3,
 ( #1659, #419, #3474, #5260, #4607, #28 ),
 .UNSPECIFIED., .F., .F.,
 ( 4, 2, 4 ),
 ( -2.971491872661639722, -1.485745936330820083, 0.000000000000000000 ),
 .UNSPECIFIED. ) ;
#2320 = CARTESIAN_POINT ( 'NONE',  ( -214.7386652850670146, 8.715147653073099576, 76.00000000000000000 ) ) ;
#2321 = CARTESIAN_POINT ( 'NONE',  ( 346.9311034302149892, -16.25425182906729660, 38.00000000000000000 ) ) ;
#2322 = CARTESIAN_POINT ( 'NONE',  ( -129.7898962321000056, -35.97183768936680082, 76.00000000000000000 ) ) ;
#2323 = CARTESIAN_POINT ( 'NONE',  ( 10.98913068601139997, 38.34955755935479971, 38.00000000000000000 ) ) ;
#2324 = CARTESIAN_POINT ( 'NONE',  ( -226.8253206002859770, 3.697896271060649553, 58.33329824900800276 ) ) ;
#2325 = EDGE_CURVE ( 'NONE', #4479, #925, #1542, .T. ) ;
#2326 = EDGE_LOOP ( 'NONE', ( #616, #3990, #5439, #1231 ) ) ;
#2327 = CARTESIAN_POINT ( 'NONE',  ( 223.7541835368209888, 12.26900398635349987, 50.66663158234050712 ) ) ;
#2328 = EDGE_CURVE ( 'NONE', #2844, #2687, #3993, .T. ) ;
#2330 = CARTESIAN_POINT ( 'NONE',  ( -202.4327053915509680, 12.16150838396919909, 109.0000000000000000 ) ) ;
#2329 = CARTESIAN_POINT ( 'NONE',  ( -171.3726703565739911, -36.31105299550560517, 25.33323756169180285 ) ) ;
#2331 = CARTESIAN_POINT ( 'NONE',  ( -200.7051341480869837, 16.32283964779160002, 38.00000000000000000 ) ) ;
#2332 = ORIENTED_EDGE ( 'NONE', *, *, #4243, .F. ) ;
#2333 = EDGE_CURVE ( 'NONE', #2841, #3423, #2377, .T. ) ;
#2334 = ORIENTED_EDGE ( 'NONE', *, *, #335, .F. ) ;
#2335 = CARTESIAN_POINT ( 'NONE',  ( 344.7372138627000027, -13.03150463750659860, 109.0000000000000000 ) ) ;
#2336 = CARTESIAN_POINT ( 'NONE',  ( -231.9091864525429969, -32.76194487903379837, 76.00000000000000000 ) ) ;
#2338 = CARTESIAN_POINT ( 'NONE',  ( 37.28950434861259566, -26.88023556959379690, 43.00000000000000000 ) ) ;
#2337 = CARTESIAN_POINT ( 'NONE',  ( -129.3953650348759936, -36.10254261020050137, 86.99992777755048223 ) ) ;
#2339 = CARTESIAN_POINT ( 'NONE',  ( -214.2609405816809840, 7.061811257730520097, 109.0000000000000000 ) ) ;
#2340 = CARTESIAN_POINT ( 'NONE',  ( -38.33629479203850110, 39.44736375694230190, 38.00000000000360245 ) ) ;
#2341 = ORIENTED_EDGE ( 'NONE', *, *, #1886, .T. ) ;
#2342 = CARTESIAN_POINT ( 'NONE',  ( 46.88575449378559767, -25.82694803838539954, 86.99992777755048223 ) ) ;
#2343 = CARTESIAN_POINT ( 'NONE',  ( 264.2390097860250648, 3.712383513026949355, 43.00000000000000000 ) ) ;
#2344 = CARTESIAN_POINT ( 'NONE',  ( -232.0100655421960028, -31.49115508278070052, 2.842170943040400239E-13 ) ) ;
#2345 = CARTESIAN_POINT ( 'NONE',  ( 282.6725401511230302, -16.22029076952539839, 76.00000000000000000 ) ) ;
#2346 = CARTESIAN_POINT ( 'NONE',  ( 344.5489918338470261, -17.16779448846450151, 38.00000000000000000 ) ) ;
#2347 = CARTESIAN_POINT ( 'NONE',  ( -179.4818486384010043, 21.02969913383989820, 75.99999999999890576 ) ) ;
#2348 = CARTESIAN_POINT ( 'NONE',  ( -244.3263968978370144, -26.37899576333400375, 43.00000000000000000 ) ) ;
#2349 = CARTESIAN_POINT ( 'NONE',  ( -119.9707613220840017, -35.38366391866910021, 76.00000000000000000 ) ) ;
#2350 = CARTESIAN_POINT ( 'NONE',  ( 222.6465009356520000, 12.72565262696880062, 66.00000000000000000 ) ) ;
#2351 = CARTESIAN_POINT ( 'NONE',  ( -246.2587945445859816, -17.36279934366779898, 66.00000000000000000 ) ) ;
#2352 = EDGE_LOOP ( 'NONE', ( #2842, #3538, #3973, #75 ) ) ;
#2353 = CARTESIAN_POINT ( 'NONE',  ( 211.1020988723439871, 14.33559646365400120, 43.00000000000000000 ) ) ;
#2355 = CARTESIAN_POINT ( 'NONE',  ( -217.4473286015490032, 6.310019852604709989, 97.99992777755120699 ) ) ;
#2354 = CARTESIAN_POINT ( 'NONE',  ( -181.3144421230909984, -36.31065631005699856, 25.33323756169180285 ) ) ;
#2356 = EDGE_CURVE ( 'NONE', #525, #4006, #1798, .T. ) ;
#2357 = CARTESIAN_POINT ( 'NONE',  ( 204.8301897201390034, 15.35353414482349876, 38.00000000000000000 ) ) ;
#2358 = B_SPLINE_CURVE_WITH_KNOTS ( 'NONE', 3,
 ( #4835, #2639, #1272, #703, #352, #5314 ),
 .UNSPECIFIED., .F., .F.,
 ( 4, 2, 4 ),
 ( -5.850815976014779984, -2.925407988007389992, 0.000000000000000000 ),
 .UNSPECIFIED. ) ;
#2359 = CARTESIAN_POINT ( 'NONE',  ( -121.4157556055449874, 34.41901821892779623, 38.00000000000319744 ) ) ;
#2360 = B_SPLINE_SURFACE_WITH_KNOTS ( 'NONE', 3, 3, ( 
 ( #5142, #2342, #1417, #3230 ),
 ( #4605, #2463, #2991, #3869 ),
 ( #3021, #4335, #1240, #2522 ),
 ( #731, #5670, #322, #3898 ) ),
 .UNSPECIFIED., .F., .F., .F.,
 ( 4, 4 ),
 ( 4, 4 ),
 ( 0.000000000000000000, 1.000000000000000000 ),
 ( 0.03383747857135580017, 0.04852974931344310183 ),
 .UNSPECIFIED. ) ;
#2361 = ORIENTED_EDGE ( 'NONE', *, *, #3689, .F. ) ;
#2362 = VERTEX_POINT ( 'NONE', #5175 ) ;
#2363 = CARTESIAN_POINT ( 'NONE',  ( 293.1524878561150445, -16.48083993308670259, 66.00000000000000000 ) ) ;
#2364 = DIRECTION ( 'NONE',  ( -5.162026918195949054E-32, -7.202571872255701478E-15, -1.000000000000000000 ) ) ;
#2365 = B_SPLINE_CURVE_WITH_KNOTS ( 'NONE', 3,
 ( #424, #5376, #32, #2224, #1777, #3617, #975, #2795, #1804, #1359, #62, #4488, #2317, #3203, #1835, #3641, #1309, #1863, #1333 ),
 .UNSPECIFIED., .F., .F.,
 ( 4, 3, 3, 3, 3, 3, 4 ),
 ( -1.010385124858889982, -0.6593242491992989951, -0.6247769790046029392, -0.2948948687803030211, -0.2394401186436140305, -0.1400151686792079353, 0.000000000000000000 ),
 .UNSPECIFIED. ) ;
#2367 = CARTESIAN_POINT ( 'NONE',  ( 185.9658692041919892, -20.68594062192349980, 38.00000000000000000 ) ) ;
#2366 = CARTESIAN_POINT ( 'NONE',  ( -101.8456638001860028, 36.92446594947289640, 38.00000000000000000 ) ) ;
#2368 = CARTESIAN_POINT ( 'NONE',  ( -206.3509254658799819, 10.47952057631719924, 109.0000000000000000 ) ) ;
#2369 = CARTESIAN_POINT ( 'NONE',  ( -231.3911772936129978, -33.34299560273039731, 109.0000000000000000 ) ) ;
#2370 = B_SPLINE_CURVE_WITH_KNOTS ( 'NONE', 3,
 ( #1486, #2323, #480, #3239, #4116, #2264 ),
 .UNSPECIFIED., .F., .F.,
 ( 4, 2, 4 ),
 ( -4.252478480293639507, -2.126239240146819753, 0.000000000000000000 ),
 .UNSPECIFIED. ) ;
#2371 = ORIENTED_EDGE ( 'NONE', *, *, #2665, .T. ) ;
#2372 = CARTESIAN_POINT ( 'NONE',  ( 343.7067774518230294, -13.68627219982669985, 97.99992777755049644 ) ) ;
#2373 = ADVANCED_FACE ( 'NONE', ( #3848 ), #1877, .T. ) ;
#2374 = ADVANCED_FACE ( 'NONE', ( #2551 ), #4196, .T. ) ;
#2375 =( NAMED_UNIT ( * ) SI_UNIT ( $, .STERADIAN. ) SOLID_ANGLE_UNIT ( ) );
#2376 = DIRECTION ( 'NONE',  ( 4.050364095603059746E-62, 7.202571872255701478E-15, 1.000000000000000000 ) ) ;
#2377 = B_SPLINE_CURVE_WITH_KNOTS ( 'NONE', 3,
 ( #2526, #674, #298, #1214 ),
 .UNSPECIFIED., .F., .F.,
 ( 4, 4 ),
 ( 0.000000000000000000, 0.01691886720497339999 ),
 .UNSPECIFIED. ) ;
#2378 = CARTESIAN_POINT ( 'NONE',  ( -11.95886750566949885, -29.03166728018869946, 76.00000000000000000 ) ) ;
#2379 = VERTEX_POINT ( 'NONE', #4285 ) ;
#2380 = CARTESIAN_POINT ( 'NONE',  ( -207.8910480918499957, 11.63204658281030035, 76.00000000000000000 ) ) ;
#2381 = CARTESIAN_POINT ( 'NONE',  ( -220.7781132630710204, -34.54418016415790049, 43.00000000000000000 ) ) ;
#2382 = FACE_OUTER_BOUND ( 'NONE', #497, .T. ) ;
#2383 = CARTESIAN_POINT ( 'NONE',  ( 102.9794698554750028, 30.99260327318080144, 109.0000000000000000 ) ) ;
#2384 = CARTESIAN_POINT ( 'NONE',  ( -151.4903886608549897, -35.99370849578409803, 25.33323756169180285 ) ) ;
#2385 = DIRECTION ( 'NONE',  ( 0.000000000000000000, 0.000000000000000000, 1.000000000000000000 ) ) ;
#2386 = VERTEX_POINT ( 'NONE', #2128 ) ;
#2387 = PRESENTATION_LAYER_ASSIGNMENT (  '', '', ( #581 ) ) ;
#2388 = DIRECTION ( 'NONE',  ( 0.9988499766792695578, 0.04794501108376882786, 0.000000000000000000 ) ) ;
#2390 = CARTESIAN_POINT ( 'NONE',  ( -203.2004332628580130, 12.43672362936650089, 97.99992777755160489 ) ) ;
#2389 = CARTESIAN_POINT ( 'NONE',  ( 330.4160865803889919, -11.79785251406909907, 43.00000000000000000 ) ) ;
#2391 = CARTESIAN_POINT ( 'NONE',  ( 28.43920069672999773, 37.41940490883210657, 33.00000000000000000 ) ) ;
#2392 = CARTESIAN_POINT ( 'NONE',  ( 271.7458076618530072, 2.983843441341459624, 76.00000000000000000 ) ) ;
#2393 = ADVANCED_FACE ( 'NONE', ( #241 ), #3314, .T. ) ;
#2394 = VERTEX_POINT ( 'NONE', #2335 ) ;
#2395 = VERTEX_POINT ( 'NONE', #3193 ) ;
#2396 = CARTESIAN_POINT ( 'NONE',  ( 125.7813367905210100, -22.24358807766160240, 66.00000000000000000 ) ) ;
#2397 = DIRECTION ( 'NONE',  ( 0.000000000000000000, -1.000000000000000000, 7.202571872255701478E-15 ) ) ;
#2399 = CARTESIAN_POINT ( 'NONE',  ( 205.7876128454039701, -20.05288806353009790, 38.00000000000000000 ) ) ;
#2398 = CARTESIAN_POINT ( 'NONE',  ( -112.1252880927399929, -34.20402351889590165, 12.66657089502520073 ) ) ;
#2400 = CARTESIAN_POINT ( 'NONE',  ( -217.2679278169869974, 5.739914705507690229, 109.0000000000000000 ) ) ;
#2401 = CARTESIAN_POINT ( 'NONE',  ( -234.5356223337299753, -32.09695364461590117, 109.0000000000000000 ) ) ;
#2402 = EDGE_LOOP ( 'NONE', ( #4862, #961, #906, #1318 ) ) ;
#2403 = DIRECTION ( 'NONE',  ( 1.000000000000000000, 0.000000000000000000, 0.000000000000000000 ) ) ;
#2404 = CARTESIAN_POINT ( 'NONE',  ( 312.1425570884530316, -15.51683465308649978, 76.00000000000000000 ) ) ;
#2405 = CARTESIAN_POINT ( 'NONE',  ( -11.71840122920390037, -28.86943549061249925, 109.0000000000000000 ) ) ;
#2406 = CARTESIAN_POINT ( 'NONE',  ( 282.4627418171340310, 0.5458337597823649245, 66.00000000000000000 ) ) ;
#2407 = CARTESIAN_POINT ( 'NONE',  ( -234.5058392977570065, -1.939873848468400164, 76.00000000000000000 ) ) ;
#2408 = CARTESIAN_POINT ( 'NONE',  ( 31.31231067739339480, 36.92646932471139820, 76.00000000000000000 ) ) ;
#2409 = CARTESIAN_POINT ( 'NONE',  ( -120.5625903979659910, -35.19727976081220078, 58.33329824900719984 ) ) ;
#2410 = CARTESIAN_POINT ( 'NONE',  ( -12.66367552982040046, 39.85049729725290035, 25.33323756169510332 ) ) ;
#2411 = B_SPLINE_SURFACE_WITH_KNOTS ( 'NONE', 3, 3, ( 
 ( #1286, #282, #1226, #1256 ),
 ( #4737, #4820, #3482, #3947 ),
 ( #2052, #5743, #5770, #3857 ),
 ( #3424, #1166, #3097, #5354 ) ),
 .UNSPECIFIED., .F., .F., .F.,
 ( 4, 4 ),
 ( 4, 4 ),
 ( 0.000000000000000000, 1.000000000000000000 ),
 ( 0.03383747857135580017, 0.04852974931344310183 ),
 .UNSPECIFIED. ) ;
#2413 = CARTESIAN_POINT ( 'NONE',  ( 219.5822401046350194, 13.99252600371120003, 109.0000000000000000 ) ) ;
#2412 = LINE ( 'NONE', #3182, #3403 ) ;
#2414 = CARTESIAN_POINT ( 'NONE',  ( -181.4318358678589789, 22.71353971018710283, 25.33323756169020413 ) ) ;
#2415 = CARTESIAN_POINT ( 'NONE',  ( -245.7359407772810016, -11.84428919622849996, 43.00000000000000000 ) ) ;
#2416 = ORIENTED_EDGE ( 'NONE', *, *, #31, .T. ) ;
#2417 = CARTESIAN_POINT ( 'NONE',  ( 3.599256144909740218, 38.52343794640739816, 58.33329824900719984 ) ) ;
#2418 = CARTESIAN_POINT ( 'NONE',  ( 339.9782450898929937, -12.67140999284900005, 86.99992777755039697 ) ) ;
#2420 = CARTESIAN_POINT ( 'NONE',  ( -210.8709372411669847, 8.526520593197179920, 109.0000000000000000 ) ) ;
#2419 = CARTESIAN_POINT ( 'NONE',  ( -161.5458425006399921, 27.25502733956040302, 42.99999999999930367 ) ) ;
#2421 = FACE_OUTER_BOUND ( 'NONE', #1551, .T. ) ;
#2422 = CARTESIAN_POINT ( 'NONE',  ( -9.860761315262649319E-31, 4.753697435688759978E-13, 66.00000000000000000 ) ) ;
#2423 = CARTESIAN_POINT ( 'NONE',  ( 105.8764095492609982, 30.50567218608529885, 38.00000000000000000 ) ) ;
#2424 = ORIENTED_EDGE ( 'NONE', *, *, #503, .F. ) ;
#2425 = CARTESIAN_POINT ( 'NONE',  ( -232.6375302414380144, -32.61365391912980272, 76.00000000000000000 ) ) ;
#2427 = CARTESIAN_POINT ( 'NONE',  ( 47.00000000000000000, -3.601282899375759661E-14, -5.000000000000000000 ) ) ;
#2426 = CARTESIAN_POINT ( 'NONE',  ( -11.71840122920390037, -28.86943549061249925, 109.0000000000000000 ) ) ;
#2428 = CARTESIAN_POINT ( 'NONE',  ( -217.6271324279389887, 5.539426197155010279, 109.0000000000000000 ) ) ;
#2429 = CARTESIAN_POINT ( 'NONE',  ( -72.34849402762569071, 39.13827690801469572, 38.00000000000069633 ) ) ;
#2430 = ORIENTED_EDGE ( 'NONE', *, *, #5149, .T. ) ;
#2431 = CARTESIAN_POINT ( 'NONE',  ( 339.9139448509150156, -13.74432812259689918, 97.99992777755049644 ) ) ;
#2432 = CARTESIAN_POINT ( 'NONE',  ( 36.99110959180470104, -26.09008228011130015, 109.0000000000000000 ) ) ;
#2433 = CARTESIAN_POINT ( 'NONE',  ( -129.7898962321000056, -35.97183768936680082, 76.00000000000000000 ) ) ;
#2434 = CARTESIAN_POINT ( 'NONE',  ( 4.440892098500630106E-15, -4.440892098500630106E-15, 66.00000000000000000 ) ) ;
#2435 = EDGE_CURVE ( 'NONE', #279, #2394, #4547, .T. ) ;
#2436 = CARTESIAN_POINT ( 'NONE',  ( -234.1450254589970257, -1.658820703807210029, 76.00000000000000000 ) ) ;
#2437 = CARTESIAN_POINT ( 'NONE',  ( -205.2310285931159797, -36.07299352939729431, 43.00000000000000000 ) ) ;
#2438 = CARTESIAN_POINT ( 'NONE',  ( 348.3955527392240015, -17.14497420002539840, 38.00000000000000000 ) ) ;
#2439 = CARTESIAN_POINT ( 'NONE',  ( -7.048822312338080209, 39.35924533867709840, 38.00000000000279954 ) ) ;
#2440 = CARTESIAN_POINT ( 'NONE',  ( 325.2907286243460021, -8.278780406733650565, 109.0000000000000000 ) ) ;
#2441 = CARTESIAN_POINT ( 'NONE',  ( -141.9038904832730168, 31.61251146116020294, 25.33323756169480134 ) ) ;
#2442 = CARTESIAN_POINT ( 'NONE',  ( -161.9757893282090038, -36.09764288189800396, 12.66657089502520073 ) ) ;
#2443 = ORIENTED_EDGE ( 'NONE', *, *, #2764, .T. ) ;
#2444 = AXIS2_PLACEMENT_3D ( 'NONE', #333, #3535, #3092 ) ;
#2445 = DIRECTION ( 'NONE',  ( 1.000000000000000000, 0.000000000000000000, 0.000000000000000000 ) ) ;
#2446 = ADVANCED_FACE ( 'NONE', ( #797 ), #5560, .T. ) ;
#2448 = CARTESIAN_POINT ( 'NONE',  ( -189.2600451426010011, 18.36308905061959962, 75.99999999999809575 ) ) ;
#2447 = CARTESIAN_POINT ( 'NONE',  ( -235.9537468751080098, -0.4557442317158820200, 43.00000000000000000 ) ) ;
#2449 = CARTESIAN_POINT ( 'NONE',  ( -101.4824417410380022, 36.42842273091370231, 58.33329824900719984 ) ) ;
#2450 = ADVANCED_FACE ( 'NONE', ( #1086 ), #2892, .T. ) ;
#2451 = VERTEX_POINT ( 'NONE', #2875 ) ;
#2452 = CARTESIAN_POINT ( 'NONE',  ( 126.1766948684259830, -22.62489469858810054, 50.66663158234050712 ) ) ;
#2454 = CARTESIAN_POINT ( 'NONE',  ( 47.47890531251950108, 36.53903352699269647, 2.842170943040400239E-13 ) ) ;
#2453 = CARTESIAN_POINT ( 'NONE',  ( 46.96153786633590244, -25.97419989698989795, 76.00000000000000000 ) ) ;
#2455 = B_SPLINE_CURVE_WITH_KNOTS ( 'NONE', 3,
 ( #2348, #3742, #4612, #1923, #593, #2470, #2015, #4141, #3821, #4642, #564, #1070, #2381, #533, #3329, #4233, #4203, #2890, #2437 ),
 .UNSPECIFIED., .F., .F.,
 ( 4, 3, 3, 3, 3, 3, 4 ),
 ( -1.847634718980329938, -1.591596817717950030, -1.409783977279730038, -1.308376979923910000, -0.7051400309377173770, -0.6419653718030349232, 0.000000000000000000 ),
 .UNSPECIFIED. ) ;
#2456 = AXIS2_PLACEMENT_3D ( 'NONE', #3943, #3478, #714 ) ;
#2457 = B_SPLINE_SURFACE_WITH_KNOTS ( 'NONE', 3, 3, ( 
 ( #4421, #2180, #3986, #1120 ),
 ( #671, #1508, #3325, #4229 ),
 ( #2040, #3846, #5112, #5585 ),
 ( #3409, #1066, #5643, #2885 ) ),
 .UNSPECIFIED., .F., .F., .F.,
 ( 4, 4 ),
 ( 4, 4 ),
 ( 0.000000000000000000, 1.000000000000000000 ),
 ( 0.01914501489605319878, 0.02938523722594680102 ),
 .UNSPECIFIED. ) ;
#2458 = ADVANCED_FACE ( 'NONE', ( #4714 ), #1456, .T. ) ;
#2459 = CARTESIAN_POINT ( 'NONE',  ( -38.64229380072089981, 38.43712667089750568, 97.99992777752780171 ) ) ;
#2460 = B_SPLINE_CURVE_WITH_KNOTS ( 'NONE', 3,
 ( #2256, #3615, #5405, #1358 ),
 .UNSPECIFIED., .F., .F.,
 ( 4, 4 ),
 ( 0.03383747857135580017, 0.04852974931344310183 ),
 .UNSPECIFIED. ) ;
#2461 = CARTESIAN_POINT ( 'NONE',  ( 284.2021305830089659, -0.4509907724970960152, 43.00000000000000000 ) ) ;
#2462 = VERTEX_POINT ( 'NONE', #1528 ) ;
#2463 = CARTESIAN_POINT ( 'NONE',  ( 66.47378733952561447, -24.77668528152359784, 86.99992777755048223 ) ) ;
#2464 = CARTESIAN_POINT ( 'NONE',  ( -72.52109126663849281, -32.16099358256839480, 2.842170943040400239E-13 ) ) ;
#2465 = CARTESIAN_POINT ( 'NONE',  ( -222.2858354273769805, -33.56448463907379676, 2.842170943040380044E-13 ) ) ;
#2466 = SURFACE_STYLE_FILL_AREA ( #3956 ) ;
#2467 = CARTESIAN_POINT ( 'NONE',  ( 222.6499374136450058, -17.06437600733189797, 97.99992777755049644 ) ) ;
#2468 = CARTESIAN_POINT ( 'NONE',  ( 312.9732854329330394, -6.824496885644669497, 58.33329824900719984 ) ) ;
#2469 = CARTESIAN_POINT ( 'NONE',  ( 348.1195062678770000, -15.50075036847029963, 66.00000000000000000 ) ) ;
#2470 = CARTESIAN_POINT ( 'NONE',  ( -237.2514312730220070, -30.64602881211139618, 43.00000000000000000 ) ) ;
#2471 = CARTESIAN_POINT ( 'NONE',  ( -91.85047908312289167, -33.29192397786629698, 25.33323756169180285 ) ) ;
#2472 = CARTESIAN_POINT ( 'NONE',  ( 38.56344771308059904, 36.62656697511689430, 66.00000000000000000 ) ) ;
#2473 = CARTESIAN_POINT ( 'NONE',  ( -172.6875841186400180, 26.09570548655300115, 2.842170943040250292E-13 ) ) ;
#2474 = CARTESIAN_POINT ( 'NONE',  ( -131.6093688024490120, -35.35822612544360055, 25.33323756169180285 ) ) ;
#2475 = CARTESIAN_POINT ( 'NONE',  ( -19.99999999999999645, -1.991598500205923593E-15, 33.00000000000000000 ) ) ;
#2476 = ORIENTED_EDGE ( 'NONE', *, *, #5483, .F. ) ;
#2477 = CARTESIAN_POINT ( 'NONE',  ( 206.6411704977390116, 16.11735697830119918, 109.0000000000000000 ) ) ;
#2478 = CARTESIAN_POINT ( 'NONE',  ( 322.6928770001479734, -15.88095667849820103, 66.00000000000000000 ) ) ;
#2480 = CARTESIAN_POINT ( 'NONE',  ( -241.8525877450990151, -27.54972376700540337, 86.99992777755048223 ) ) ;
#2479 = CARTESIAN_POINT ( 'NONE',  ( -244.3263968978370144, -26.37899576333400375, 43.00000000000000000 ) ) ;
#2481 = CARTESIAN_POINT ( 'NONE',  ( 348.1195062678770000, -15.50075036847029963, 66.00000000000000000 ) ) ;
#2482 = ADVANCED_FACE ( 'NONE', ( #3400 ), #5506, .T. ) ;
#2483 = EDGE_CURVE ( 'NONE', #1981, #2868, #1870, .T. ) ;
#2484 = VERTEX_POINT ( 'NONE', #2927 ) ;
#2485 = CARTESIAN_POINT ( 'NONE',  ( 127.4789030319579979, 27.33901369286690297, 2.842170943040400239E-13 ) ) ;
#2487 = DIRECTION ( 'NONE',  ( 1.000000000000000000, 0.000000000000000000, 0.000000000000000000 ) ) ;
#2486 = CARTESIAN_POINT ( 'NONE',  ( 3.334440162893899995, 38.33383266901689979, 76.00000000000000000 ) ) ;
#2488 = CARTESIAN_POINT ( 'NONE',  ( -237.0937341305279915, 1.063089736825260090, 12.66657089502520073 ) ) ;
#2489 = CARTESIAN_POINT ( 'NONE',  ( -80.18413038340840160, 37.67432414282480124, 75.99999999999680256 ) ) ;
#2490 = CARTESIAN_POINT ( 'NONE',  ( -7.384688053932630503, 39.01215268789859891, 66.00000000000000000 ) ) ;
#2491 = ORIENTED_EDGE ( 'NONE', *, *, #1451, .T. ) ;
#2492 = CARTESIAN_POINT ( 'NONE',  ( 201.5952335372800235, 16.62002027857770159, 86.99992777755039697 ) ) ;
#2493 = LINE ( 'NONE', #1063, #4753 ) ;
#2494 = CARTESIAN_POINT ( 'NONE',  ( -217.2156619136750066, -36.06649960230129892, 97.99992777755080908 ) ) ;
#2495 = AXIS2_PLACEMENT_3D ( 'NONE', #1367, #2385, #1930 ) ;
#2496 = CARTESIAN_POINT ( 'NONE',  ( 314.5408168333349863, -7.847095108888790804, 38.00000000000000000 ) ) ;
#2497 = CARTESIAN_POINT ( 'NONE',  ( -189.9925556071009964, -36.84879375946890434, 50.66663158234050712 ) ) ;
#2498 = CARTESIAN_POINT ( 'NONE',  ( -207.5211035670760111, -35.04100728085020222, 2.842170943040400239E-13 ) ) ;
#2499 = CARTESIAN_POINT ( 'NONE',  ( -130.1486556618909844, -35.85253344418359944, 66.00000000000000000 ) ) ;
#2500 = CARTESIAN_POINT ( 'NONE',  ( 1.924499122943190033, 39.01626122737199864, 25.33323756169180285 ) ) ;
#2501 = CARTESIAN_POINT ( 'NONE',  ( -178.3819625328319773, -37.51308343377750276, 86.99992777755048223 ) ) ;
#2502 = CARTESIAN_POINT ( 'NONE',  ( -102.2967275338939999, 37.54577744422039842, 12.66657089502520073 ) ) ;
#2503 = CARTESIAN_POINT ( 'NONE',  ( -38.34787115679500147, 39.36264701072000349, 43.00000000000380140 ) ) ;
#2504 = B_SPLINE_CURVE_WITH_KNOTS ( 'NONE', 3,
 ( #4887, #2146, #926, #2178, #1320, #4447 ),
 .UNSPECIFIED., .F., .F.,
 ( 4, 2, 4 ),
 ( -4.159003692024369592, -2.079501846012179911, 0.000000000000000000 ),
 .UNSPECIFIED. ) ;
#2505 = ORIENTED_EDGE ( 'NONE', *, *, #1201, .F. ) ;
#2506 = CARTESIAN_POINT ( 'NONE',  ( 11.07817064016879982, 38.39834870859450433, 33.00000000000000000 ) ) ;
#2507 = VECTOR ( 'NONE', #2403, 1000.000000000000000 ) ;
#2508 = EDGE_LOOP ( 'NONE', ( #1468, #3635, #2303, #3212 ) ) ;
#2509 = CARTESIAN_POINT ( 'NONE',  ( 259.3512181375309638, 6.252910986138219940, 109.0000000000000000 ) ) ;
#2511 = CARTESIAN_POINT ( 'NONE',  ( -242.4992786201090098, -13.77775884033499842, 97.99992777755061013 ) ) ;
#2510 = CARTESIAN_POINT ( 'NONE',  ( -237.4139740951189879, -1.581082472131259964, 43.00000000000000000 ) ) ;
#2512 = CARTESIAN_POINT ( 'NONE',  ( -131.3146298869730231, 32.99465204362439863, 43.00000000000099476 ) ) ;
#2513 = EDGE_CURVE ( 'NONE', #467, #5508, #5817, .T. ) ;
#2514 = VERTEX_POINT ( 'NONE', #5778 ) ;
#2515 = CARTESIAN_POINT ( 'NONE',  ( 106.4157951339930008, -23.47312059509529902, 50.66663158234050712 ) ) ;
#2517 = LINE ( 'NONE', #289, #4839 ) ;
#2516 = CARTESIAN_POINT ( 'NONE',  ( 164.7090123206230032, 22.48574631040810345, 50.66663158210879914 ) ) ;
#2518 = CARTESIAN_POINT ( 'NONE',  ( -248.4886264225660000, -12.65086884634349929, 12.66657089502520073 ) ) ;
#2519 = CARTESIAN_POINT ( 'NONE',  ( -74.86109935269169569, 38.10660288799049766, 75.99999999999771205 ) ) ;
#2520 = CARTESIAN_POINT ( 'NONE',  ( -12.92857488477430117, 39.51387931776920226, 50.66663158234059949 ) ) ;
#2521 = VERTEX_POINT ( 'NONE', #1265 ) ;
#2522 = CARTESIAN_POINT ( 'NONE',  ( 85.70062074955149001, -23.31075706478450371, 109.0000000000000000 ) ) ;
#2523 = CARTESIAN_POINT ( 'NONE',  ( 345.7965323187700051, -16.89963098096609784, 12.66657089502520073 ) ) ;
#2524 = CARTESIAN_POINT ( 'NONE',  ( -192.6521591554439965, 20.89542994936210363, 2.842170943040260389E-13 ) ) ;
#2525 = CARTESIAN_POINT ( 'NONE',  ( 307.4789122552599565, -7.300997951666849950, 2.842170943040400239E-13 ) ) ;
#2526 = CARTESIAN_POINT ( 'NONE',  ( 227.4789001812560230, -20.94100660620679832, 2.842170943040400239E-13 ) ) ;
#2527 = CARTESIAN_POINT ( 'NONE',  ( -231.2706133846700141, -31.85800794188740070, 12.66657089502520073 ) ) ;
#2528 = CARTESIAN_POINT ( 'NONE',  ( -120.8196259295740020, -35.11541829047849461, 50.66663158234050712 ) ) ;
#2529 = CARTESIAN_POINT ( 'NONE',  ( -38.30656730184099956, 39.66217296325820030, 25.33323756169540175 ) ) ;
#2530 = CARTESIAN_POINT ( 'NONE',  ( 336.7026181058599832, -15.07799771826780066, 76.00000000000000000 ) ) ;
#2531 = CARTESIAN_POINT ( 'NONE',  ( -192.3874730293410096, 20.97368314653040144, 2.842170943040260389E-13 ) ) ;
#2532 = CARTESIAN_POINT ( 'NONE',  ( 339.0627535574249691, -13.12808670928120058, 109.0000000000000000 ) ) ;
#2534 = B_SPLINE_CURVE_WITH_KNOTS ( 'NONE', 3,
 ( #4962, #893, #477, #839, #2321, #4877 ),
 .UNSPECIFIED., .F., .F.,
 ( 4, 2, 4 ),
 ( -2.016053829814060006, -1.049995839865179859, 0.000000000000000000 ),
 .UNSPECIFIED. ) ;
#2533 = CARTESIAN_POINT ( 'NONE',  ( -46.40418053904382134, 7.460028719772263450, 2.642330798607871556E-13 ) ) ;
#2535 = ORIENTED_EDGE ( 'NONE', *, *, #1994, .F. ) ;
#2536 = CARTESIAN_POINT ( 'NONE',  ( 66.04187857447779209, 34.41917054546869537, 43.00000000000000000 ) ) ;
#2537 = ORIENTED_EDGE ( 'NONE', *, *, #1085, .F. ) ;
#2538 = CARTESIAN_POINT ( 'NONE',  ( 281.7093772737819677, 0.9761707184835600737, 76.00000000000000000 ) ) ;
#2539 = CARTESIAN_POINT ( 'NONE',  ( 155.3141079999670069, -20.90512895027080020, 66.00000000000000000 ) ) ;
#2541 = CARTESIAN_POINT ( 'NONE',  ( -243.0470932455489788, -11.50702943317659965, 76.00000000000000000 ) ) ;
#2540 = CARTESIAN_POINT ( 'NONE',  ( -220.7475925805889858, 8.002466226360150259, 43.00000000000079581 ) ) ;
#2542 = CARTESIAN_POINT ( 'NONE',  ( -199.8108687722100001, 15.61128949470360006, 58.33329824901060334 ) ) ;
#2544 = CARTESIAN_POINT ( 'NONE',  ( 46.98537161585549882, -2.819751975452820414, 2.842170943040400239E-13 ) ) ;
#2543 = CARTESIAN_POINT ( 'NONE',  ( -79.99350431069640877, 37.68980478589910632, 75.99999999999690203 ) ) ;
#2545 = ORIENTED_EDGE ( 'NONE', *, *, #4482, .F. ) ;
#2546 = DIRECTION ( 'NONE',  ( 0.000000000000000000, 0.000000000000000000, 1.000000000000000000 ) ) ;
#2547 = CARTESIAN_POINT ( 'NONE',  ( -233.3063524413729795, -32.58425921725390140, 109.0000000000000000 ) ) ;
#2548 = CARTESIAN_POINT ( 'NONE',  ( -162.3684660879409876, 28.76678487370529780, 2.842170943040230097E-13 ) ) ;
#2549 = CARTESIAN_POINT ( 'NONE',  ( 334.1889852393800311, -13.24029571920070047, 109.0000000000000000 ) ) ;
#2550 = CARTESIAN_POINT ( 'NONE',  ( 44.99673463340149482, 36.17794150822869881, 86.99992777755048223 ) ) ;
#2551 = FACE_OUTER_BOUND ( 'NONE', #3897, .T. ) ;
#2552 = ADVANCED_FACE ( 'NONE', ( #1733 ), #3259, .T. ) ;
#2553 = CARTESIAN_POINT ( 'NONE',  ( -222.7521233531560085, -33.49105230196599337, 2.842170943040380044E-13 ) ) ;
#2554 = CARTESIAN_POINT ( 'NONE',  ( -190.3749390316949928, -36.68613637220089885, 43.00000000000000000 ) ) ;
#2555 = CARTESIAN_POINT ( 'NONE',  ( -95.09248054915269677, 37.74528607993190121, 25.33323756169180285 ) ) ;
#2556 = CARTESIAN_POINT ( 'NONE',  ( -168.5820852465809878, -37.41912635012350563, 86.99992777755048223 ) ) ;
#2557 = CARTESIAN_POINT ( 'NONE',  ( -80.35928487855309754, 38.41776934184969861, 42.99999999999860023 ) ) ;
#2558 = CARTESIAN_POINT ( 'NONE',  ( 96.06187609472000588, -23.42634566842579957, 76.00000000000000000 ) ) ;
#2559 = B_SPLINE_SURFACE_WITH_KNOTS ( 'NONE', 3, 3, ( 
 ( #4553, #1011, #3645, #3208 ),
 ( #4206, #157, #5022, #2799 ),
 ( #1866, #4174, #5464, #1426 ),
 ( #4582, #1484, #3300, #921 ) ),
 .UNSPECIFIED., .F., .F., .F.,
 ( 4, 4 ),
 ( 4, 4 ),
 ( 0.000000000000000000, 1.000000000000000000 ),
 ( 0.03383747857135580017, 0.04852974931344310183 ),
 .UNSPECIFIED. ) ;
#2560 = VERTEX_POINT ( 'NONE', #1965 ) ;
#2561 = LINE ( 'NONE', #2022, #3431 ) ;
#2562 = VERTEX_POINT ( 'NONE', #5499 ) ;
#2563 = CARTESIAN_POINT ( 'NONE',  ( 260.9676115134779479, 5.414934590850120522, 86.99992777755048223 ) ) ;
#2564 = CARTESIAN_POINT ( 'NONE',  ( 208.8534866318059926, 15.23231225637339925, 76.00000000000000000 ) ) ;
#2566 = CARTESIAN_POINT ( 'NONE',  ( -241.8517290588100082, -14.15670920219699802, 109.0000000000000000 ) ) ;
#2565 = CARTESIAN_POINT ( 'NONE',  ( -102.2967275338939999, 37.54577744422039842, 12.66657089502520073 ) ) ;
#2567 = CARTESIAN_POINT ( 'NONE',  ( -160.9954800773680006, 27.09260237743029975, 50.66663158233980369 ) ) ;
#2568 = VERTEX_POINT ( 'NONE', #1106 ) ;
#2570 = CARTESIAN_POINT ( 'NONE',  ( -170.5726649957499887, -36.63241973697390819, 43.00000000000000000 ) ) ;
#2569 = CARTESIAN_POINT ( 'NONE',  ( 285.0777628330660036, -18.05592335419770222, 38.00000000000000000 ) ) ;
#2571 = EDGE_CURVE ( 'NONE', #5755, #3573, #5041, .T. ) ;
#2572 = CARTESIAN_POINT ( 'NONE',  ( -49.70860663225179366, 38.83420314076550284, 66.00000000000420641 ) ) ;
#2573 = B_SPLINE_CURVE_WITH_KNOTS ( 'NONE', 3,
 ( #211, #2937, #531, #3923, #5693, #4304 ),
 .UNSPECIFIED., .F., .F.,
 ( 4, 2, 4 ),
 ( -2.973988818337209850, -1.486994409168600040, 0.000000000000000000 ),
 .UNSPECIFIED. ) ;
#2574 = ORIENTED_EDGE ( 'NONE', *, *, #4297, .T. ) ;
#2575 = CARTESIAN_POINT ( 'NONE',  ( 333.7624664846509859, -14.14499673238289823, 2.842170943040400239E-13 ) ) ;
#2576 =( GEOMETRIC_REPRESENTATION_CONTEXT ( 3 ) GLOBAL_UNCERTAINTY_ASSIGNED_CONTEXT ( ( #885 ) ) GLOBAL_UNIT_ASSIGNED_CONTEXT ( ( #2634, #1268, #1566 ) ) REPRESENTATION_CONTEXT ( 'NONE', 'WORKASPACE' ) );
#2577 = CARTESIAN_POINT ( 'NONE',  ( -162.6712513894400161, 28.69996623536149727, 2.842170943040230097E-13 ) ) ;
#2578 = CARTESIAN_POINT ( 'NONE',  ( -35.80620451342700505, -30.44529057740500022, 33.00000000000000000 ) ) ;
#2579 = B_SPLINE_CURVE_WITH_KNOTS ( 'NONE', 3,
 ( #454, #2263, #4412, #4963 ),
 .UNSPECIFIED., .F., .F.,
 ( 4, 4 ),
 ( 0.01914501489605329940, 0.02938523722594700224 ),
 .UNSPECIFIED. ) ;
#2580 = CARTESIAN_POINT ( 'NONE',  ( 225.3630834619139875, -19.22141320142250009, 43.00000000000000000 ) ) ;
#2581 = CARTESIAN_POINT ( 'NONE',  ( -194.5452187604979883, -36.81839655914380671, 58.33329824900719984 ) ) ;
#2582 = B_SPLINE_SURFACE_WITH_KNOTS ( 'NONE', 3, 3, ( 
 ( #3899, #1181, #1150, #3962 ),
 ( #4803, #3408, #5756, #3048 ),
 ( #5671, #2063, #5698, #1711 ),
 ( #1651, #3469, #3870, #5254 ) ),
 .UNSPECIFIED., .F., .F., .F.,
 ( 4, 4 ),
 ( 4, 4 ),
 ( 0.000000000000000000, 1.000000000000000000 ),
 ( 0.03383747857135580017, 0.04852974931344310183 ),
 .UNSPECIFIED. ) ;
#2583 = CARTESIAN_POINT ( 'NONE',  ( -206.8461101314120185, -35.34907560478760047, 12.66657089502520073 ) ) ;
#2584 = CARTESIAN_POINT ( 'NONE',  ( -130.9745032972550121, -35.57448428653869854, 43.00000000000000000 ) ) ;
#2585 = CARTESIAN_POINT ( 'NONE',  ( 300.8226650703889504, -14.63598562812859960, 97.99992777755049644 ) ) ;
#2586 = CARTESIAN_POINT ( 'NONE',  ( -207.0820217516439925, 15.44597065110879974, 12.66657089502520073 ) ) ;
#2587 = CARTESIAN_POINT ( 'NONE',  ( -80.74470857263669643, 38.38843707647769321, 42.99999999999860023 ) ) ;
#2588 = CARTESIAN_POINT ( 'NONE',  ( -149.8385905160310188, -36.60697013444489301, 66.00000000000000000 ) ) ;
#2589 = EDGE_CURVE ( 'NONE', #4705, #1992, #820, .T. ) ;
#2590 = ORIENTED_EDGE ( 'NONE', *, *, #1856, .T. ) ;
#2591 = ORIENTED_EDGE ( 'NONE', *, *, #883, .T. ) ;
#2592 = B_SPLINE_CURVE_WITH_KNOTS ( 'NONE', 3,
 ( #5308, #1269, #4422, #851, #3549, #1324 ),
 .UNSPECIFIED., .F., .F.,
 ( 4, 2, 4 ),
 ( -5.946937332811209842, -2.973468666405609806, 0.000000000000000000 ),
 .UNSPECIFIED. ) ;
#2593 = CARTESIAN_POINT ( 'NONE',  ( -183.8172940076009922, -37.34006744431400193, 76.00000000000000000 ) ) ;
#2594 = CARTESIAN_POINT ( 'NONE',  ( -196.2279651147130153, -36.09135486627350531, 25.33323756169180285 ) ) ;
#2596 = CARTESIAN_POINT ( 'NONE',  ( -244.9984164418540047, -18.08264341713590184, 86.99992777755048223 ) ) ;
#2595 = CARTESIAN_POINT ( 'NONE',  ( -241.6838642969439945, -7.252000835188099792, 66.00000000000000000 ) ) ;
#2597 = CARTESIAN_POINT ( 'NONE',  ( -120.7772047585149977, 33.66825223696829994, 66.00000000000140687 ) ) ;
#2598 = ORIENTED_EDGE ( 'NONE', *, *, #1419, .T. ) ;
#2599 = CARTESIAN_POINT ( 'NONE',  ( 3.834976014370449882, 38.68933228835469862, 43.00000000000000000 ) ) ;
#2600 = B_SPLINE_CURVE_WITH_KNOTS ( 'NONE', 3,
 ( #4047, #3582, #2279, #2731 ),
 .UNSPECIFIED., .F., .F.,
 ( 4, 4 ),
 ( 0.01914501489605319878, 0.02938523722594670040 ),
 .UNSPECIFIED. ) ;
#2602 = CARTESIAN_POINT ( 'NONE',  ( -165.8427461632169866, -36.53200361715010303, 38.00000000000000000 ) ) ;
#2601 = CARTESIAN_POINT ( 'NONE',  ( -38.58612478338710616, 38.97243846164419523, 66.00000000000579803 ) ) ;
#2603 = CARTESIAN_POINT ( 'NONE',  ( -245.2674730135320260, -10.15391995065949970, 38.00000000000000000 ) ) ;
#2604 = B_SPLINE_CURVE_WITH_KNOTS ( 'NONE', 3,
 ( #5771, #428, #1724, #2625, #1314, #1757 ),
 .UNSPECIFIED., .F., .F.,
 ( 4, 2, 4 ),
 ( -2.970543733594300129, -1.485271866797150064, 0.000000000000000000 ),
 .UNSPECIFIED. ) ;
#2605 = CARTESIAN_POINT ( 'NONE',  ( -7.109805086612520419, 39.29699937117079855, 43.00000000000000000 ) ) ;
#2606 = VERTEX_POINT ( 'NONE', #192 ) ;
#2607 = CARTESIAN_POINT ( 'NONE',  ( 330.4160865803889919, -11.79785251406909907, 43.00000000000000000 ) ) ;
#2608 = CARTESIAN_POINT ( 'NONE',  ( 18.06563215270729827, 37.95550827300309749, 38.00000000000000000 ) ) ;
#2609 = CARTESIAN_POINT ( 'NONE',  ( -246.9403988094919953, -24.98531528662650203, 2.842170943040400239E-13 ) ) ;
#2610 = CARTESIAN_POINT ( 'NONE',  ( 319.5676802852440233, -13.57692274895920015, 109.0000000000000000 ) ) ;
#2611 = FACE_OUTER_BOUND ( 'NONE', #4944, .T. ) ;
#2612 = CARTESIAN_POINT ( 'NONE',  ( 303.5202088055450531, -16.65291514739079659, 58.33329824900719984 ) ) ;
#2613 = CARTESIAN_POINT ( 'NONE',  ( -241.7919714370810027, -28.76178562847669795, 38.00000000000000000 ) ) ;
#2614 = CARTESIAN_POINT ( 'NONE',  ( 204.4967642124879887, 15.48382865344350101, 43.00000000000000000 ) ) ;
#2615 = ADVANCED_FACE ( 'NONE', ( #1016 ), #1980, .T. ) ;
#2616 = CARTESIAN_POINT ( 'NONE',  ( 309.8201436491539766, -13.80134076879819993, 109.0000000000000000 ) ) ;
#2617 = CARTESIAN_POINT ( 'NONE',  ( -217.2661446188579930, 11.94365896621290091, 2.842170943040380044E-13 ) ) ;
#2618 = CARTESIAN_POINT ( 'NONE',  ( 315.7022698092230257, -18.19667457870210470, 25.33323756169180285 ) ) ;
#2619 = CARTESIAN_POINT ( 'NONE',  ( 312.9732854329420206, -6.824496885650720657, 58.33329824888579651 ) ) ;
#2620 = EDGE_CURVE ( 'NONE', #3524, #3566, #3885, .T. ) ;
#2621 = ORIENTED_EDGE ( 'NONE', *, *, #539, .T. ) ;
#2622 = CARTESIAN_POINT ( 'NONE',  ( 26.31506162387669789, 37.53917964388119799, 33.00000000000000000 ) ) ;
#2623 = ORIENTED_EDGE ( 'NONE', *, *, #2710, .F. ) ;
#2624 = CARTESIAN_POINT ( 'NONE',  ( 317.4789191474720269, -9.781007354982101276, 2.842170943040400239E-13 ) ) ;
#2625 = CARTESIAN_POINT ( 'NONE',  ( 304.5616772504759524, -17.44214556454060272, 43.00000000000000000 ) ) ;
#2627 = CARTESIAN_POINT ( 'NONE',  ( 322.4393404899890356, -8.665272169215057829, 76.00000000000000000 ) ) ;
#2626 = CARTESIAN_POINT ( 'NONE',  ( -243.2555824467839898, -10.40098712408010151, 66.00000000000000000 ) ) ;
#2628 = CARTESIAN_POINT ( 'NONE',  ( -150.5623868029880157, 28.81208178339489834, 58.33329824900650351 ) ) ;
#2629 = CARTESIAN_POINT ( 'NONE',  ( -13.65947584594099773, 38.89645231400660208, 97.99992777754471263 ) ) ;
#2630 = VERTEX_POINT ( 'NONE', #1723 ) ;
#2631 = ADVANCED_FACE ( 'NONE', ( #747 ), #3455, .F. ) ;
#2633 = CARTESIAN_POINT ( 'NONE',  ( 124.6698889743869927, -21.18478193166309964, 109.0000000000000000 ) ) ;
#2632 = CARTESIAN_POINT ( 'NONE',  ( 46.22869020180389299, 36.35853317260939832, 43.00000000000000000 ) ) ;
#2634 =( LENGTH_UNIT ( ) NAMED_UNIT ( * ) SI_UNIT ( .MILLI., .METRE. ) );
#2635 = CARTESIAN_POINT ( 'NONE',  ( 87.47890417223879922, -25.40098415771760187, 2.842170943040400239E-13 ) ) ;
#2636 = B_SPLINE_SURFACE_WITH_KNOTS ( 'NONE', 3, 3, ( 
 ( #5736, #2254, #1801, #4431 ),
 ( #3117, #391, #331, #2131 ),
 ( #4051, #4899, #2192, #1775 ),
 ( #3588, #1717, #4401, #3613 ) ),
 .UNSPECIFIED., .F., .F., .F.,
 ( 4, 4 ),
 ( 4, 4 ),
 ( 0.000000000000000000, 1.000000000000000000 ),
 ( 0.01914501489605319878, 0.02938523722594680102 ),
 .UNSPECIFIED. ) ;
#2637 = ORIENTED_EDGE ( 'NONE', *, *, #3510, .F. ) ;
#2638 = ORIENTED_EDGE ( 'NONE', *, *, #3658, .T. ) ;
#2639 = CARTESIAN_POINT ( 'NONE',  ( 270.8347600360709748, -14.98172646171030031, 109.0000000000000000 ) ) ;
#2640 = CARTESIAN_POINT ( 'NONE',  ( -160.8864272524779722, -36.52242808471019941, 38.00000000000000000 ) ) ;
#2641 = CARTESIAN_POINT ( 'NONE',  ( 339.0627535574249691, -13.12808670928120058, 109.0000000000000000 ) ) ;
#2642 = CARTESIAN_POINT ( 'NONE',  ( 247.4788996111159918, 6.379016874195660769, 2.842170943040400239E-13 ) ) ;
#2643 = CARTESIAN_POINT ( 'NONE',  ( 319.5676802852440233, -13.57692274895920015, 109.0000000000000000 ) ) ;
#2644 = CARTESIAN_POINT ( 'NONE',  ( -106.2303061606460091, -34.22020454647849874, 43.00000000000000000 ) ) ;
#2645 = CARTESIAN_POINT ( 'NONE',  ( -91.51584981604219138, -33.37494852005669799, 38.00000000000000000 ) ) ;
#2646 = CARTESIAN_POINT ( 'NONE',  ( -200.7051341480869837, 16.32283964779160002, 38.00000000000000000 ) ) ;
#2647 = DIRECTION ( 'NONE',  ( 4.050364095603070109E-62, 7.202571872255701478E-15, 1.000000000000000000 ) ) ;
#2648 = CARTESIAN_POINT ( 'NONE',  ( 56.87407413593700056, -25.61283957670150002, 66.00000000000000000 ) ) ;
#2649 = VECTOR ( 'NONE', #1935, 1000.000000000000000 ) ;
#2650 = ADVANCED_FACE ( 'NONE', ( #5213 ), #5036, .T. ) ;
#2651 = EDGE_LOOP ( 'NONE', ( #4929, #4959, #3944, #382 ) ) ;
#2652 = CARTESIAN_POINT ( 'NONE',  ( -100.0165118242140068, -34.29194905576310504, 86.99992777755048223 ) ) ;
#2653 = ORIENTED_EDGE ( 'NONE', *, *, #3261, .F. ) ;
#2654 = B_SPLINE_CURVE_WITH_KNOTS ( 'NONE', 3,
 ( #2346, #3706, #2826, #5083, #4169, #3765 ),
 .UNSPECIFIED., .F., .F.,
 ( 4, 2, 4 ),
 ( -2.973823962174809932, -1.486911981087410073, 0.000000000000000000 ),
 .UNSPECIFIED. ) ;
#2655 = CARTESIAN_POINT ( 'NONE',  ( -95.42292268811340250, -33.91322947601470617, 76.00000000000000000 ) ) ;
#2656 = CARTESIAN_POINT ( 'NONE',  ( 325.9209691147020180, -9.873710617568550063, 66.00000000000000000 ) ) ;
#2658 = CARTESIAN_POINT ( 'NONE',  ( -38.84420186117790053, 38.25166910782440510, 108.9999999999770068 ) ) ;
#2657 = CARTESIAN_POINT ( 'NONE',  ( -204.1154520224970099, 13.75063973373569937, 66.00000000000399325 ) ) ;
#2659 = CARTESIAN_POINT ( 'NONE',  ( -214.4512609044450073, 9.830398112388628817, 58.33329824900869909 ) ) ;
#2660 = CARTESIAN_POINT ( 'NONE',  ( -80.37480561880369123, 37.65897692795360285, 75.99999999999680256 ) ) ;
#2661 = B_SPLINE_CURVE_WITH_KNOTS ( 'NONE', 3,
 ( #39, #4085, #1365, #67, #1428, #567 ),
 .UNSPECIFIED., .F., .F.,
 ( 4, 2, 4 ),
 ( -1.995707193536550017, -0.9978535967682790053, 0.000000000000000000 ),
 .UNSPECIFIED. ) ;
#2662 = VECTOR ( 'NONE', #5373, 1000.000000000000000 ) ;
#2663 = ORIENTED_EDGE ( 'NONE', *, *, #2295, .F. ) ;
#2664 = CARTESIAN_POINT ( 'NONE',  ( 46.00999400312389298, 36.32671624739279537, 50.66663158234050712 ) ) ;
#2665 = EDGE_CURVE ( 'NONE', #4873, #2630, #1462, .T. ) ;
#2666 = CARTESIAN_POINT ( 'NONE',  ( 83.45351658137350626, 32.69155368487670188, 109.0000000000000000 ) ) ;
#2668 = CARTESIAN_POINT ( 'NONE',  ( -130.1986028297550035, 31.76428101225670275, 86.99992777755528550 ) ) ;
#2667 = CARTESIAN_POINT ( 'NONE',  ( -100.6198422195810025, -34.13000351618050132, 66.00000000000000000 ) ) ;
#2669 = CARTESIAN_POINT ( 'NONE',  ( -210.8160197694950000, 12.49593580612880039, 38.00000000000059686 ) ) ;
#2670 = CARTESIAN_POINT ( 'NONE',  ( -94.45633224254780203, 36.78302997961920084, 66.00000000000000000 ) ) ;
#2671 = ORIENTED_EDGE ( 'NONE', *, *, #516, .F. ) ;
#2672 = ORIENTED_EDGE ( 'NONE', *, *, #5361, .F. ) ;
#2673 = B_SPLINE_CURVE_WITH_KNOTS ( 'NONE', 3,
 ( #2156, #296, #5758, #5728 ),
 .UNSPECIFIED., .F., .F.,
 ( 4, 4 ),
 ( 0.01914501489611089916, 0.02938523722594670040 ),
 .UNSPECIFIED. ) ;
#2674 = CARTESIAN_POINT ( 'NONE',  ( 64.97089272355100320, 34.40456358956999594, 76.00000000000000000 ) ) ;
#2675 = CARTESIAN_POINT ( 'NONE',  ( 301.6461391690999676, -3.637589160898199836, 76.00000000000000000 ) ) ;
#2676 = EDGE_CURVE ( 'NONE', #937, #1488, #5538, .T. ) ;
#2677 = CARTESIAN_POINT ( 'NONE',  ( -243.2242013837150125, -17.42430403452459942, 109.0000000000000000 ) ) ;
#2678 = CARTESIAN_POINT ( 'NONE',  ( 352.3068535551529408, -18.62581076896200116, 12.66657089491699928 ) ) ;
#2679 = CARTESIAN_POINT ( 'NONE',  ( 225.6026765267100131, 11.50853365177459864, 25.33323756169170338 ) ) ;
#2680 = UNCERTAINTY_MEASURE_WITH_UNIT (LENGTH_MEASURE( 1.000000000000000082E-05 ), #3264, 'distance_accuracy_value', 'NONE');
#2681 = CARTESIAN_POINT ( 'NONE',  ( -205.4971758676169884, -35.95441651529900184, 38.00000000000000000 ) ) ;
#2682 = CARTESIAN_POINT ( 'NONE',  ( 211.1020988723439871, 14.33559646365400120, 43.00000000000000000 ) ) ;
#2683 = CARTESIAN_POINT ( 'NONE',  ( 86.86197326475398484, -24.66403898870619926, 38.00000000000000000 ) ) ;
#2684 = CARTESIAN_POINT ( 'NONE',  ( -205.6594526906079921, 14.64529538837209977, 38.00000000000090239 ) ) ;
#2685 = CARTESIAN_POINT ( 'NONE',  ( -31.20021460029550298, -30.09814930836089886, 109.0000000000000000 ) ) ;
#2686 = CARTESIAN_POINT ( 'NONE',  ( 180.7827372051000054, 19.14433092255080027, 2.842170943040400239E-13 ) ) ;
#2687 = VERTEX_POINT ( 'NONE', #4325 ) ;
#2688 = B_SPLINE_CURVE_WITH_KNOTS ( 'NONE', 3,
 ( #2383, #3623, #5411, #5437, #3160, #1232 ),
 .UNSPECIFIED., .F., .F.,
 ( 4, 2, 4 ),
 ( -5.909050189057170499, -2.954525094528579920, -8.881784197001252323E-16 ),
 .UNSPECIFIED. ) ;
#2689 = CARTESIAN_POINT ( 'NONE',  ( 205.6758889452769949, 15.02312860612439849, 25.33323756169170338 ) ) ;
#2690 = CARTESIAN_POINT ( 'NONE',  ( -19.99999999999999645, -1.991598500205923593E-15, 66.00000000000000000 ) ) ;
#2691 = CARTESIAN_POINT ( 'NONE',  ( 312.3834536431089646, -6.442126943316750065, 66.00000000000000000 ) ) ;
#2693 = CARTESIAN_POINT ( 'NONE',  ( 0.7973203672425019928, 38.11297874718299994, 109.0000000000000000 ) ) ;
#2692 = CARTESIAN_POINT ( 'NONE',  ( -221.9955049586050109, 5.854385500574149859, 66.00000000000109424 ) ) ;
#2694 = CARTESIAN_POINT ( 'NONE',  ( -210.2218349418209868, 12.04308761199719946, 50.66663158234270270 ) ) ;
#2695 = FACE_OUTER_BOUND ( 'NONE', #5103, .T. ) ;
#2696 = ORIENTED_EDGE ( 'NONE', *, *, #1518, .F. ) ;
#2698 = DIRECTION ( 'NONE',  ( 1.000000000000000000, 0.000000000000000000, 0.000000000000000000 ) ) ;
#2697 = CARTESIAN_POINT ( 'NONE',  ( 7.547858122628099409, -28.40454759693989928, 25.33323756169180285 ) ) ;
#2699 = CARTESIAN_POINT ( 'NONE',  ( -160.8134517559109895, 27.61674343009200072, 37.99999999999769784 ) ) ;
#2700 = CARTESIAN_POINT ( 'NONE',  ( 86.86197326475398484, -24.66403898870619926, 38.00000000000000000 ) ) ;
#2701 = EDGE_CURVE ( 'NONE', #2394, #4734, #534, .T. ) ;
#2702 = ADVANCED_FACE ( 'NONE', ( #253 ), #2411, .T. ) ;
#2703 = VERTEX_POINT ( 'NONE', #5409 ) ;
#2704 = ORIENTED_EDGE ( 'NONE', *, *, #3526, .F. ) ;
#2706 = CARTESIAN_POINT ( 'NONE',  ( -244.6302965544059873, -26.21862348749579752, 38.00000000000000000 ) ) ;
#2705 = CARTESIAN_POINT ( 'NONE',  ( -78.06981520569929955, 39.28130896770240099, 12.66657089502520073 ) ) ;
#2707 = CARTESIAN_POINT ( 'NONE',  ( -201.7213499178800191, -37.60315574656809900, 109.0000000000000000 ) ) ;
#2708 = CARTESIAN_POINT ( 'NONE',  ( -6.987401812722590755, 39.42160659794510025, 33.00000000000229505 ) ) ;
#2709 = CARTESIAN_POINT ( 'NONE',  ( 334.6369510216790104, -17.28607768995150096, 38.00000000000000000 ) ) ;
#2710 = EDGE_CURVE ( 'NONE', #1018, #3724, #3158, .T. ) ;
#2711 = CARTESIAN_POINT ( 'NONE',  ( 106.9482323130630022, -24.03414367773689975, 25.33323756169180285 ) ) ;
#2712 = CARTESIAN_POINT ( 'NONE',  ( -21.45930791474970079, -29.48379239948669905, 109.0000000000000000 ) ) ;
#2713 = CARTESIAN_POINT ( 'NONE',  ( 205.6758889452769949, 15.02312860612439849, 25.33323756169170338 ) ) ;
#2714 = ORIENTED_EDGE ( 'NONE', *, *, #774, .T. ) ;
#2715 = CARTESIAN_POINT ( 'NONE',  ( 177.3564177417559904, 20.37882860621529701, 58.33329824900719984 ) ) ;
#2716 = CARTESIAN_POINT ( 'NONE',  ( -61.05570807992140203, -31.87427366308720522, 76.00000000000000000 ) ) ;
#2717 = CARTESIAN_POINT ( 'NONE',  ( 274.2205701845169870, 1.630696370264920203, 43.00000000000000000 ) ) ;
#2719 = CARTESIAN_POINT ( 'NONE',  ( 309.0828397670960044, -4.317569670842029694, 109.0000000000000000 ) ) ;
#2718 = CARTESIAN_POINT ( 'NONE',  ( -234.6932602043749796, -1.296148476481280065, 66.00000000000000000 ) ) ;
#2720 = CARTESIAN_POINT ( 'NONE',  ( -239.1743092268369821, -3.550186389996240255, 50.66663158234080555 ) ) ;
#2721 = ORIENTED_EDGE ( 'NONE', *, *, #4886, .F. ) ;
#2723 = CARTESIAN_POINT ( 'NONE',  ( -140.1785108362460051, 29.81462720630590013, 86.99992777755500128 ) ) ;
#2722 = CARTESIAN_POINT ( 'NONE',  ( 47.30800773097520562, -26.65636890435609985, 25.33323756169180285 ) ) ;
#2724 = CARTESIAN_POINT ( 'NONE',  ( 207.3904078319449980, 14.35494639030339847, 2.842170943040400239E-13 ) ) ;
#2725 = CARTESIAN_POINT ( 'NONE',  ( -239.1530251557589679, -2.523060660747160178, 38.00000000000000000 ) ) ;
#2726 = CARTESIAN_POINT ( 'NONE',  ( 47.30800773097520562, -26.65636890435609985, 25.33323756169180285 ) ) ;
#2727 = VERTEX_POINT ( 'NONE', #1313 ) ;
#2728 = EDGE_LOOP ( 'NONE', ( #5062, #4975, #932, #4558 ) ) ;
#2729 = CARTESIAN_POINT ( 'NONE',  ( -233.2307128762369928, -32.32556392303020232, 66.00000000000000000 ) ) ;
#2730 = ORIENTED_EDGE ( 'NONE', *, *, #729, .F. ) ;
#2731 = CARTESIAN_POINT ( 'NONE',  ( -71.09101817519429289, -32.40747347892539665, 66.00000000000000000 ) ) ;
#2732 = CARTESIAN_POINT ( 'NONE',  ( -136.1095417802150109, -35.68154273483029471, 38.00000000000000000 ) ) ;
#2733 = CARTESIAN_POINT ( 'NONE',  ( 310.5948222818910267, -14.36908680995080090, 97.99992777755049644 ) ) ;
#2734 = CARTESIAN_POINT ( 'NONE',  ( -199.2822240652340327, -37.67865405987249972, 109.0000000000000000 ) ) ;
#2735 = CARTESIAN_POINT ( 'NONE',  ( 3.171062433888910181, 38.21611874246129759, 86.99992777755048223 ) ) ;
#2736 = CARTESIAN_POINT ( 'NONE',  ( 163.6408163467429802, -19.15628624342690145, 109.0000000000000000 ) ) ;
#2737 = CARTESIAN_POINT ( 'NONE',  ( 207.3904078319449980, 14.35494639030339847, 2.842170943040400239E-13 ) ) ;
#2738 = ADVANCED_FACE ( 'NONE', ( #4493 ), #2228, .F. ) ;
#2739 = ORIENTED_EDGE ( 'NONE', *, *, #2881, .T. ) ;
#2740 = CARTESIAN_POINT ( 'NONE',  ( -19.99999999999999645, -1.991598500205923593E-15, 38.00000000000000000 ) ) ;
#2741 = CARTESIAN_POINT ( 'NONE',  ( -21.77823562051980133, -29.60018855676839777, 76.00000000000000000 ) ) ;
#2742 = B_SPLINE_CURVE_WITH_KNOTS ( 'NONE', 3,
 ( #94, #1041, #3767, #5150, #649, #3362 ),
 .UNSPECIFIED., .F., .F.,
 ( 4, 2, 4 ),
 ( -0.5719212875871779733, -0.2859606437935960366, 0.000000000000000000 ),
 .UNSPECIFIED. ) ;
#2744 = CARTESIAN_POINT ( 'NONE',  ( 309.8201436491539766, -13.80134076879819993, 109.0000000000000000 ) ) ;
#2743 = CARTESIAN_POINT ( 'NONE',  ( -12.23851173522569979, -29.21708128770110235, 38.00000000000000000 ) ) ;
#2745 = CARTESIAN_POINT ( 'NONE',  ( -246.9403988094919953, -24.98531528662650203, 2.842170943040400239E-13 ) ) ;
#2746 = CARTESIAN_POINT ( 'NONE',  ( -215.1917625399470069, 10.38112847177229980, 43.00000000000099476 ) ) ;
#2747 = ORIENTED_EDGE ( 'NONE', *, *, #1397, .T. ) ;
#2749 = CARTESIAN_POINT ( 'NONE',  ( 105.4173468802759999, -22.43691141882259998, 97.99992777755049644 ) ) ;
#2748 = CARTESIAN_POINT ( 'NONE',  ( 27.40168276534429737, -27.39585295894590189, 38.00000000000000000 ) ) ;
#2750 = CARTESIAN_POINT ( 'NONE',  ( -237.6904869947440204, -1.397239958284240080, 38.00000000000000000 ) ) ;
#2751 = CARTESIAN_POINT ( 'NONE',  ( 87.06815745236708892, -24.90821875327659640, 25.33323756169180285 ) ) ;
#2752 = EDGE_LOOP ( 'NONE', ( #2207, #3282, #3927, #3842 ) ) ;
#2753 = VERTEX_POINT ( 'NONE', #5379 ) ;
#2754 = CARTESIAN_POINT ( 'NONE',  ( -234.8586128421939918, -31.66231309311259778, 50.66663158234050712 ) ) ;
#2755 = ORIENTED_EDGE ( 'NONE', *, *, #701, .F. ) ;
#2757 = CARTESIAN_POINT ( 'NONE',  ( 311.6145201167590244, -5.944469100589079957, 76.00000000000000000 ) ) ;
#2756 = CARTESIAN_POINT ( 'NONE',  ( -87.94403816254688877, 37.96493782439420528, 38.00000000000079581 ) ) ;
#2758 = CARTESIAN_POINT ( 'NONE',  ( 339.9139448509160388, -13.74432812259689918, 97.99992777755049644 ) ) ;
#2759 = ORIENTED_EDGE ( 'NONE', *, *, #5182, .T. ) ;
#2760 = CARTESIAN_POINT ( 'NONE',  ( -206.1714675649260187, -35.65354534960389543, 25.33323756169180285 ) ) ;
#2761 = CARTESIAN_POINT ( 'NONE',  ( -189.5257206546490067, -37.98064731309020914, 109.0000000000000000 ) ) ;
#2762 = CARTESIAN_POINT ( 'NONE',  ( 102.9794698554750028, 30.99260327318080144, 109.0000000000000000 ) ) ;
#2763 = CARTESIAN_POINT ( 'NONE',  ( 114.9271571312980029, -21.69190585372220070, 109.0000000000000000 ) ) ;
#2764 = EDGE_CURVE ( 'NONE', #5367, #3273, #2534, .T. ) ;
#2765 = CARTESIAN_POINT ( 'NONE',  ( 47.47890531251950108, 36.53903352699269647, 2.842170943040400239E-13 ) ) ;
#2766 = EDGE_CURVE ( 'NONE', #3715, #4071, #2165, .T. ) ;
#2767 = CARTESIAN_POINT ( 'NONE',  ( -109.4676377490909971, -34.99398522665880051, 97.99992777755049644 ) ) ;
#2768 = CARTESIAN_POINT ( 'NONE',  ( 47.18771486212400390, -26.41772864179730007, 43.00000000000000000 ) ) ;
#2769 = DIRECTION ( 'NONE',  ( 0.000000000000000000, 0.000000000000000000, 1.000000000000000000 ) ) ;
#2770 = CARTESIAN_POINT ( 'NONE',  ( -247.1412747752410155, -24.75551405262309856, 2.842170943040400239E-13 ) ) ;
#2771 = CARTESIAN_POINT ( 'NONE',  ( -238.1441049853380036, -2.143732794822839960, 43.00000000000000000 ) ) ;
#2772 = EDGE_CURVE ( 'NONE', #2962, #1018, #2950, .T. ) ;
#2773 = VERTEX_POINT ( 'NONE', #2690 ) ;
#2774 = CARTESIAN_POINT ( 'NONE',  ( 222.6465009356520000, 12.72565262696880062, 66.00000000000000000 ) ) ;
#2776 = CARTESIAN_POINT ( 'NONE',  ( -193.9343022838490072, 16.22021090696440027, 86.99992777754889062 ) ) ;
#2775 = CARTESIAN_POINT ( 'NONE',  ( -101.3450151537270045, 36.24244132597059576, 66.00000000000000000 ) ) ;
#2777 = B_SPLINE_CURVE_WITH_KNOTS ( 'NONE', 3,
 ( #5080, #4167, #2824, #4608, #5427, #1037 ),
 .UNSPECIFIED., .F., .F.,
 ( 4, 2, 4 ),
 ( -1.486873704127740003, -0.7434368520638690025, 0.000000000000000000 ),
 .UNSPECIFIED. ) ;
#2778 = CARTESIAN_POINT ( 'NONE',  ( -215.4331530762139835, 10.56136159932670004, 38.00000000000000000 ) ) ;
#2779 = VECTOR ( 'NONE', #3219, 1000.000000000000000 ) ;
#2780 = CARTESIAN_POINT ( 'NONE',  ( -132.6414238409269899, 34.17713916935659313, 2.842170943040710229E-13 ) ) ;
#2781 = VERTEX_POINT ( 'NONE', #3674 ) ;
#2782 = EDGE_LOOP ( 'NONE', ( #1062, #837, #4526, #1527 ) ) ;
#2783 = CARTESIAN_POINT ( 'NONE',  ( -234.4026995688389832, -31.88659077722499902, 58.33329824900719984 ) ) ;
#2784 = CARTESIAN_POINT ( 'NONE',  ( -70.63764806365409754, -32.48135535796640028, 86.99992777755048223 ) ) ;
#2786 = CARTESIAN_POINT ( 'NONE',  ( 280.8816455120310138, 1.448516614561620175, 86.99992777755048223 ) ) ;
#2785 = CARTESIAN_POINT ( 'NONE',  ( -131.1541646857620265, -35.51336566485430524, 38.00000000000000000 ) ) ;
#2787 = CARTESIAN_POINT ( 'NONE',  ( -228.5506539547509988, -0.5576147154627739688, 109.0000000000000000 ) ) ;
#2788 = B_SPLINE_CURVE_WITH_KNOTS ( 'NONE', 3,
 ( #2765, #3119, #5461, #4548 ),
 .UNSPECIFIED., .F., .F.,
 ( 4, 4 ),
 ( 0.000000000000000000, 0.01691886720504750044 ),
 .UNSPECIFIED. ) ;
#2789 = B_SPLINE_SURFACE_WITH_KNOTS ( 'NONE', 3, 3, ( 
 ( #1510, #3359, #590, #5146 ),
 ( #3327, #1096, #5054, #1568 ),
 ( #4668, #620, #4695, #182 ),
 ( #1985, #645, #2468, #4256 ) ),
 .UNSPECIFIED., .F., .F., .F.,
 ( 4, 4 ),
 ( 4, 4 ),
 ( 0.000000000000000000, 1.000000000000000000 ),
 ( 0.01914501489605319878, 0.02938523722594680102 ),
 .UNSPECIFIED. ) ;
#2790 = ORIENTED_EDGE ( 'NONE', *, *, #2879, .T. ) ;
#2791 = CARTESIAN_POINT ( 'NONE',  ( 165.6984943372929990, -20.92844290557370002, 50.66663158234050712 ) ) ;
#2792 = CARTESIAN_POINT ( 'NONE',  ( -192.5211039946819938, -35.76098917357380458, 2.842170943040400239E-13 ) ) ;
#2793 = CARTESIAN_POINT ( 'NONE',  ( 16.70367196510249741, 37.35184752268840214, 109.0000000000000000 ) ) ;
#2794 = CARTESIAN_POINT ( 'NONE',  ( 125.4870745537989762, 27.80816453167350133, 43.00000000000000000 ) ) ;
#2795 = CARTESIAN_POINT ( 'NONE',  ( -223.8182011282469830, -34.25745761564579794, 66.00000000000000000 ) ) ;
#2796 = EDGE_CURVE ( 'NONE', #3304, #2820, #825, .T. ) ;
#2797 = CARTESIAN_POINT ( 'NONE',  ( -242.6732480743170015, -10.75582123092770104, 76.00000000000000000 ) ) ;
#2798 = CARTESIAN_POINT ( 'NONE',  ( -31.71845495705839824, -30.18956153615039995, 66.00000000000000000 ) ) ;
#2800 = CARTESIAN_POINT ( 'NONE',  ( -12.25084125246920053, -29.22518066287939931, 36.33333167525890417 ) ) ;
#2799 = CARTESIAN_POINT ( 'NONE',  ( -196.8430982125879893, -37.75415237317690753, 109.0000000000000000 ) ) ;
#2801 = CARTESIAN_POINT ( 'NONE',  ( -245.4001995232680144, -25.81178278994349995, 25.33323756169180285 ) ) ;
#2802 = CARTESIAN_POINT ( 'NONE',  ( -244.5274659408480034, -10.60830563634910106, 50.66663158234059949 ) ) ;
#2803 = EDGE_CURVE ( 'NONE', #108, #413, #334, .T. ) ;
#2804 = ORIENTED_EDGE ( 'NONE', *, *, #2571, .F. ) ;
#2805 = CARTESIAN_POINT ( 'NONE',  ( -245.4001995232660249, -25.81178278994460129, 25.33323756172780250 ) ) ;
#2807 = CARTESIAN_POINT ( 'NONE',  ( -215.9346970065610094, 6.960494711031089743, 97.99992777755130646 ) ) ;
#2806 = CARTESIAN_POINT ( 'NONE',  ( -151.0295903597789788, 29.27681188763099840, 43.00000000000000000 ) ) ;
#2808 = CARTESIAN_POINT ( 'NONE',  ( -71.42244911600039359, -32.35243585293580537, 50.66663158234050712 ) ) ;
#2809 = ORIENTED_EDGE ( 'NONE', *, *, #2036, .F. ) ;
#2810 = ADVANCED_FACE ( 'NONE', ( #11 ), #4663, .T. ) ;
#2811 = VERTEX_POINT ( 'NONE', #154 ) ;
#2812 = CARTESIAN_POINT ( 'NONE',  ( -223.8182011282469830, -34.25745761564579794, 66.00000000000000000 ) ) ;
#2813 = CARTESIAN_POINT ( 'NONE',  ( 327.8517506766029896, -10.02567370352809917, 76.00000000000000000 ) ) ;
#2815 = CARTESIAN_POINT ( 'NONE',  ( 164.8058469338860164, -20.15407369682240102, 76.00000000000000000 ) ) ;
#2814 = DIRECTION ( 'NONE',  ( -0.9873229901924222007, 0.1587240153143010257, -1.144179313942149469E-15 ) ) ;
#2816 = B_SPLINE_CURVE_WITH_KNOTS ( 'NONE', 3,
 ( #5158, #1579, #5656, #2478, #5270, #4240 ),
 .UNSPECIFIED., .F., .F.,
 ( 4, 2, 4 ),
 ( -2.954550575130489687, -1.477275287565250173, 0.000000000000000000 ),
 .UNSPECIFIED. ) ;
#2817 = CARTESIAN_POINT ( 'NONE',  ( -226.3659501297470058, 0.6618445887301089847, 109.0000000000000000 ) ) ;
#2818 = B_SPLINE_CURVE_WITH_KNOTS ( 'NONE', 3,
 ( #1918, #5264, #5349, #5294 ),
 .UNSPECIFIED., .F., .F.,
 ( 4, 4 ),
 ( 0.01914501489612669902, 0.02938523722594670040 ),
 .UNSPECIFIED. ) ;
#2819 = CARTESIAN_POINT ( 'NONE',  ( 3.834976014370460096, 38.68933228835469862, 43.00000000000000000 ) ) ;
#2820 = VERTEX_POINT ( 'NONE', #3297 ) ;
#2821 = CARTESIAN_POINT ( 'NONE',  ( 204.8811910294499796, -19.30770111301239922, 58.33329824900719984 ) ) ;
#2822 = CARTESIAN_POINT ( 'NONE',  ( 284.7615196653410408, -17.81271055551389892, 43.00000000000000000 ) ) ;
#2823 = CARTESIAN_POINT ( 'NONE',  ( -187.0865948020030203, -38.05614562639460274, 109.0000000000000000 ) ) ;
#2824 = CARTESIAN_POINT ( 'NONE',  ( -200.2789987393089746, -36.27737447699849582, 43.00000000000000000 ) ) ;
#2825 = CARTESIAN_POINT ( 'NONE',  ( 241.5976046100229837, -15.97667983893969890, 109.0000000000000000 ) ) ;
#2826 = CARTESIAN_POINT ( 'NONE',  ( 334.6369510216790104, -17.28607768995150096, 38.00000000000000000 ) ) ;
#2827 = CARTESIAN_POINT ( 'NONE',  ( -243.0469248495359977, -11.50721932667929970, 76.00000000000000000 ) ) ;
#2828 = CARTESIAN_POINT ( 'NONE',  ( 281.7093772737819677, 0.9761707184835600737, 76.00000000000000000 ) ) ;
#2829 = CARTESIAN_POINT ( 'NONE',  ( -100.3324915020509991, -34.20731637727369900, 76.00000000000000000 ) ) ;
#2830 = CARTESIAN_POINT ( 'NONE',  ( -190.3749390316949928, -36.68613637220089885, 43.00000000000000000 ) ) ;
#2831 = CARTESIAN_POINT ( 'NONE',  ( -244.3263968978370144, -26.37899576333400375, 43.00000000000000000 ) ) ;
#2832 = ADVANCED_FACE ( 'NONE', ( #3269, #5118 ), #184, .F. ) ;
#2833 = EDGE_LOOP ( 'NONE', ( #3081, #4197, #960, #4378 ) ) ;
#2834 = CARTESIAN_POINT ( 'NONE',  ( 327.3497903873869745, -12.00856771080069940, 12.66657089502520073 ) ) ;
#2835 = DIRECTION ( 'NONE',  ( -0.9945326240786620531, 0.1044263359656500134, 0.000000000000000000 ) ) ;
#2837 = CARTESIAN_POINT ( 'NONE',  ( -192.9932319960989844, 15.47490636073830039, 108.9999999999979963 ) ) ;
#2836 = CARTESIAN_POINT ( 'NONE',  ( -200.4853012606799894, 16.14741237923259831, 43.00000000000229505 ) ) ;
#2838 = CARTESIAN_POINT ( 'NONE',  ( -130.1486556618909844, -35.85253344418359944, 66.00000000000000000 ) ) ;
#2839 = CARTESIAN_POINT ( 'NONE',  ( -100.6198422195810025, -34.13000351618050132, 66.00000000000000000 ) ) ;
#2840 = B_SPLINE_SURFACE_WITH_KNOTS ( 'NONE', 3, 3, ( 
 ( #2819, #1888, #3697, #3288 ),
 ( #585, #145, #5547, #1590 ),
 ( #2605, #1178, #5638, #2490 ),
 ( #233, #2520, #757, #2035 ),
 ( #4333, #4392, #1623, #5196 ),
 ( #2117, #3467, #349, #4308 ),
 ( #292, #5668, #5724, #4801 ),
 ( #3841, #3379, #4779, #1148 ),
 ( #2091, #1679, #2988, #5169 ),
 ( #2961, #5252, #3493, #2572 ),
 ( #700, #263, #4276, #5222 ),
 ( #319, #1117, #728, #3895 ),
 ( #4365, #1649, #5279, #1237 ),
 ( #3046, #4830, #2149, #5611 ),
 ( #1563, #4719, #21, #410 ),
 ( #4942, #1791, #3604, #3078 ),
 ( #1737, #4890, #5366, #1295 ),
 ( #5837, #1766, #1347, #1709 ),
 ( #5754, #4478, #1374, #2670 ),
 ( #3523, #1822, #4067, #2241 ) ),
 .UNSPECIFIED., .F., .F., .F.,
 ( 4, 2, 2, 2, 2, 2, 2, 2, 2, 4 ),
 ( 4, 4 ),
 ( 0.000000000000000000, 0.1555384725142859859, 0.1631157618883170013, 0.3975464457088050407, 0.4029522158554559863, 0.7154756132356889786, 0.7231651369031190102, 0.7970153494155700624, 0.8025011894609319629, 1.000000000000000000 ),
 ( 0.01914501489605319878, 0.02938523722594680102 ),
 .UNSPECIFIED. ) ;
#2841 = VERTEX_POINT ( 'NONE', #5057 ) ;
#2842 = ORIENTED_EDGE ( 'NONE', *, *, #3654, .T. ) ;
#2843 = CARTESIAN_POINT ( 'NONE',  ( 125.9791189460379996, -22.43384649279039778, 58.33329824900719984 ) ) ;
#2844 = VERTEX_POINT ( 'NONE', #213 ) ;
#2845 = CARTESIAN_POINT ( 'NONE',  ( -234.0419749557510158, -32.12174443661830026, 76.00000000000000000 ) ) ;
#2847 = CARTESIAN_POINT ( 'NONE',  ( 106.9386976853189992, 30.32859936315319871, 12.66657089502520073 ) ) ;
#2846 = CARTESIAN_POINT ( 'NONE',  ( -122.0951510536580003, -34.70239842483570669, 12.66657089502520073 ) ) ;
#2848 = CARTESIAN_POINT ( 'NONE',  ( -233.2570302685560080, 4.023834589005799600, 2.842170943040370451E-13 ) ) ;
#2849 = EDGE_CURVE ( 'NONE', #1852, #2214, #4766, .T. ) ;
#2850 = FACE_OUTER_BOUND ( 'NONE', #5669, .T. ) ;
#2851 = CARTESIAN_POINT ( 'NONE',  ( -232.0769066643290159, -33.07132967976729532, 109.0000000000000000 ) ) ;
#2852 = ORIENTED_EDGE ( 'NONE', *, *, #2181, .T. ) ;
#2853 = CARTESIAN_POINT ( 'NONE',  ( 224.2293875747839991, -18.31385777886640298, 66.00000000000000000 ) ) ;
#2854 = EDGE_CURVE ( 'NONE', #3096, #2883, #2742, .T. ) ;
#2855 = CARTESIAN_POINT ( 'NONE',  ( 44.99673463340149482, 36.17794150822869881, 86.99992777755048223 ) ) ;
#2856 = CARTESIAN_POINT ( 'NONE',  ( -240.3162545178170149, -28.45438887192999999, 109.0000000000000000 ) ) ;
#2857 = B_SPLINE_CURVE_WITH_KNOTS ( 'NONE', 3,
 ( #3782, #3253, #4599, #5073, #996, #578 ),
 .UNSPECIFIED., .F., .F.,
 ( 4, 2, 4 ),
 ( -5.909852822686150198, -2.954926411343070214, 0.000000000000000000 ),
 .UNSPECIFIED. ) ;
#2858 = CARTESIAN_POINT ( 'NONE',  ( 294.1864548268200110, -2.832314560521290048, 43.00000000000000000 ) ) ;
#2859 = CARTESIAN_POINT ( 'NONE',  ( -225.9037974998659877, 3.059934002311499590, 76.00000000000000000 ) ) ;
#2860 = CARTESIAN_POINT ( 'NONE',  ( 38.30677830601829470, 36.57462848863500682, 76.00000000000000000 ) ) ;
#2861 = CARTESIAN_POINT ( 'NONE',  ( 350.3722396875359664, -18.62964740215300097, 12.66657089502520073 ) ) ;
#2862 = CARTESIAN_POINT ( 'NONE',  ( -22.14820740765290097, -29.73185771681029976, 38.00000000000000000 ) ) ;
#2864 = CARTESIAN_POINT ( 'NONE',  ( 259.3512181375309638, 6.252910986138219940, 109.0000000000000000 ) ) ;
#2863 = CARTESIAN_POINT ( 'NONE',  ( -162.7135828825260262, -37.73883380086650163, 109.0000000000000000 ) ) ;
#2865 = CARTESIAN_POINT ( 'NONE',  ( -122.2784398143370055, 35.44862450529129916, 2.842170943040640557E-13 ) ) ;
#2866 = CARTESIAN_POINT ( 'NONE',  ( -245.9327915140250127, -22.07629713542949901, 66.00000000000000000 ) ) ;
#2867 = B_SPLINE_CURVE_WITH_KNOTS ( 'NONE', 3,
 ( #4263, #1519, #5529, #5093 ),
 .UNSPECIFIED., .F., .F.,
 ( 4, 4 ),
 ( 0.01914501489598290085, 0.02938523722594670040 ),
 .UNSPECIFIED. ) ;
#2868 = VERTEX_POINT ( 'NONE', #1898 ) ;
#2869 = CIRCLE ( 'NONE', #1060, 20.00000000000000000 ) ;
#2870 = CARTESIAN_POINT ( 'NONE',  ( 224.3127681920570069, 12.03913208407500157, 43.00000000000000000 ) ) ;
#2872 = CARTESIAN_POINT ( 'NONE',  ( -225.9037988149869705, 3.059978668439729876, 76.00000000000000000 ) ) ;
#2871 = CARTESIAN_POINT ( 'NONE',  ( -131.0746406494949667, 33.02556675356019866, 43.00000000000099476 ) ) ;
#2873 = CARTESIAN_POINT ( 'NONE',  ( 344.7357499458619827, -14.64301225717220056, 66.00000000000000000 ) ) ;
#2874 = CARTESIAN_POINT ( 'NONE',  ( 284.5814852664230443, -0.6689920854975829334, 38.00000000000000000 ) ) ;
#2875 = CARTESIAN_POINT ( 'NONE',  ( 342.3872627793110155, -15.55981990682690075, 66.00000000000000000 ) ) ;
#2876 = ORIENTED_EDGE ( 'NONE', *, *, #2435, .F. ) ;
#2878 = CARTESIAN_POINT ( 'NONE',  ( -12.20154864451760091, -29.19277022846199898, 43.00000000000000000 ) ) ;
#2877 = CARTESIAN_POINT ( 'NONE',  ( 313.3846374748679864, -16.44465319214989663, 58.33329824908010153 ) ) ;
#2879 = EDGE_CURVE ( 'NONE', #2568, #2727, #3925, .T. ) ;
#2880 = CARTESIAN_POINT ( 'NONE',  ( -202.9609228771279845, 11.94422173420909949, 109.0000000000000000 ) ) ;
#2881 = EDGE_CURVE ( 'NONE', #3625, #3739, #48, .T. ) ;
#2882 = CARTESIAN_POINT ( 'NONE',  ( -221.3496367865379852, -35.40225732688649884, 109.0000000000000000 ) ) ;
#2883 = VERTEX_POINT ( 'NONE', #1482 ) ;
#2884 = CARTESIAN_POINT ( 'NONE',  ( 317.0269303033740016, -7.304870634902069781, 76.00000000000000000 ) ) ;
#2885 = CARTESIAN_POINT ( 'NONE',  ( 106.0928226508909944, -23.13589416258879794, 66.00000000000000000 ) ) ;
#2886 = CARTESIAN_POINT ( 'NONE',  ( -139.6113628557540096, -36.36351472483280389, 76.00000000000000000 ) ) ;
#2887 = FACE_OUTER_BOUND ( 'NONE', #344, .T. ) ;
#2888 = CARTESIAN_POINT ( 'NONE',  ( -235.2274965194930019, -2.501948649530379765, 76.00000000000000000 ) ) ;
#2889 = EDGE_CURVE ( 'NONE', #4423, #3019, #4001, .T. ) ;
#2890 = CARTESIAN_POINT ( 'NONE',  ( -209.9522360750449934, -35.63286501492390101, 43.00000000000000000 ) ) ;
#2891 = CARTESIAN_POINT ( 'NONE',  ( 195.9367251339940026, 17.46839275282630055, 76.00000000000000000 ) ) ;
#2892 = B_SPLINE_SURFACE_WITH_KNOTS ( 'NONE', 3, 3, ( 
 ( #4626, #5190, #694, #3344 ),
 ( #1999, #5574, #5072, #3283 ),
 ( #5633, #3809, #4743, #664 ),
 ( #4272, #4656, #3316, #4303 ) ),
 .UNSPECIFIED., .F., .F., .F.,
 ( 4, 4 ),
 ( 4, 4 ),
 ( 0.000000000000000000, 1.000000000000000000 ),
 ( 0.03383747857135580017, 0.04852974931344310183 ),
 .UNSPECIFIED. ) ;
#2893 = CARTESIAN_POINT ( 'NONE',  ( -187.6340735569150127, -37.83285333488839797, 97.99992777755049644 ) ) ;
#2894 = CARTESIAN_POINT ( 'NONE',  ( -132.3218557808859828, 33.81510392829619605, 12.66657089502520073 ) ) ;
#2895 = CARTESIAN_POINT ( 'NONE',  ( 202.3162501466050003, 16.33736485674460326, 76.00000000000000000 ) ) ;
#2896 = B_SPLINE_CURVE_WITH_KNOTS ( 'NONE', 3,
 ( #4100, #5423, #965, #4021, #5787, #4921, #3195, #494, #5815, #1769, #4452, #882, #4949, #2217, #5010, #3552, #26, #441, #2706 ),
 .UNSPECIFIED., .F., .F.,
 ( 4, 3, 3, 3, 3, 3, 4 ),
 ( -1.017879092725550105, -0.6642144189134490118, -0.6294109136195319421, -0.2970820869175380130, -0.2412160321155739640, -0.1410536530641339770, 0.000000000000000000 ),
 .UNSPECIFIED. ) ;
#2897 = ORIENTED_EDGE ( 'NONE', *, *, #4105, .F. ) ;
#2898 = EDGE_CURVE ( 'NONE', #1055, #1326, #2455, .T. ) ;
#2900 = CARTESIAN_POINT ( 'NONE',  ( -159.4233727972819850, 25.61749955711480098, 97.99992777755760187 ) ) ;
#2899 = CARTESIAN_POINT ( 'NONE',  ( -35.79178736117300019, -30.46224044520199925, 10.99980731484940044 ) ) ;
#2901 = CARTESIAN_POINT ( 'NONE',  ( -150.7725197509369934, -36.26186904175320080, 43.00000000000000000 ) ) ;
#2902 = CARTESIAN_POINT ( 'NONE',  ( -90.77690414198529822, -33.55582699408170555, 66.00000000000000000 ) ) ;
#2903 = CARTESIAN_POINT ( 'NONE',  ( 166.0844986241650076, 22.01545026080719936, 25.33323756169180285 ) ) ;
#2904 = PLANE ( 'NONE',  #1811 ) ;
#2906 = CARTESIAN_POINT ( 'NONE',  ( 104.3101863013669970, 30.76811546359280314, 76.00000000000000000 ) ) ;
#2905 = CARTESIAN_POINT ( 'NONE',  ( -101.4254305635829922, -33.90955279526070143, 38.00000000000000000 ) ) ;
#2907 = CARTESIAN_POINT ( 'NONE',  ( -22.03718033241250041, 38.74236045130270156, 97.99992777754360418 ) ) ;
#2908 = CARTESIAN_POINT ( 'NONE',  ( -101.8456638001860028, 36.92446594947289640, 38.00000000000000000 ) ) ;
#2909 = VERTEX_POINT ( 'NONE', #5525 ) ;
#2910 = DIRECTION ( 'NONE',  ( -0.9659135756884982271, 0.2588647606389480882, 0.000000000000000000 ) ) ;
#2911 = CARTESIAN_POINT ( 'NONE',  ( 281.2783506473840021, -15.16978326448440129, 97.99992777755049644 ) ) ;
#2912 = CARTESIAN_POINT ( 'NONE',  ( 106.5769786550009997, -23.64272969193419982, 43.00000000000000000 ) ) ;
#2913 = CARTESIAN_POINT ( 'NONE',  ( -240.5615207324979963, -29.39076062519559684, 58.33329824900719984 ) ) ;
#2914 = ADVANCED_FACE ( 'NONE', ( #1425 ), #3415, .F. ) ;
#2915 = CARTESIAN_POINT ( 'NONE',  ( -199.0808875073929869, -36.79923186478779940, 66.00000000000000000 ) ) ;
#2916 = CARTESIAN_POINT ( 'NONE',  ( -102.5211011773509995, -33.60100043170930206, 2.842170943040400239E-13 ) ) ;
#2917 = CARTESIAN_POINT ( 'NONE',  ( -38.33629479203850110, 39.44736375694230190, 38.00000000000369482 ) ) ;
#2918 = CARTESIAN_POINT ( 'NONE',  ( -60.94737051114079662, 40.00531351465560448, 2.842170943040460318E-13 ) ) ;
#2919 = CARTESIAN_POINT ( 'NONE',  ( -132.0809110779260038, 33.85218427687230047, 12.66657089502520073 ) ) ;
#2920 = FACE_OUTER_BOUND ( 'NONE', #3633, .T. ) ;
#2921 = EDGE_CURVE ( 'NONE', #937, #2118, #1803, .T. ) ;
#2922 = ORIENTED_EDGE ( 'NONE', *, *, #3261, .T. ) ;
#2923 = CARTESIAN_POINT ( 'NONE',  ( -70.87507619477170806, -32.44279493966690353, 76.00000000000000000 ) ) ;
#2925 = CARTESIAN_POINT ( 'NONE',  ( -241.0225218440579908, -10.78246432698520074, 97.99992777755061013 ) ) ;
#2924 = CARTESIAN_POINT ( 'NONE',  ( -240.3345149009830095, -3.831725617250460125, 43.00000000000000000 ) ) ;
#2926 = CARTESIAN_POINT ( 'NONE',  ( 349.9262753426310155, -16.84054785855909842, 43.00000000000000000 ) ) ;
#2927 = CARTESIAN_POINT ( 'NONE',  ( -19.99999999999999645, -1.991598500205923593E-15, 33.00000000000000000 ) ) ;
#2929 = CARTESIAN_POINT ( 'NONE',  ( 67.04868122714719902, 34.43303976344440542, 12.66657089502520073 ) ) ;
#2928 = CARTESIAN_POINT ( 'NONE',  ( -21.81190672438130207, 39.20125445066270942, 66.00000000000000000 ) ) ;
#2930 = CIRCLE ( 'NONE', #4893, 47.00000000000000000 ) ;
#2931 = CARTESIAN_POINT ( 'NONE',  ( -77.42730189433260080, 37.89820473402159706, 75.99999999999700151 ) ) ;
#2932 = B_SPLINE_CURVE_WITH_KNOTS ( 'NONE', 3,
 ( #5030, #1463, #4213, #2871, #4651, #5441, #604, #988, #2806, #3276, #4591, #5065, #2419, #4150, #1967, #44, #3774, #1401, #1019, #5569, #2836, #4620, #3214, #1522, #3340, #1080, #4528, #5243, #4299, #631, #5600, #5159, #2540, #3011, #5687, #1168, #222, #4268, #1554, #689, #1613, #3457, #2447, #1108, #2510, #3397, #721, #3371, #2924, #2026, #4327, #4709, #660, #255, #1669, #3484, #2054, #3859, #3832, #5630, #5657, #284, #1580, #5187, #2980, #3426, #4241, #3887, #1138, #2479 ),
 .UNSPECIFIED., .F., .F.,
 ( 4, 3, 3, 3, 3, 3, 3, 3, 3, 3, 3, 3, 3, 3, 3, 3, 3, 3, 3, 3, 3, 3, 3, 4 ),
 ( -79.56989116909740289, -65.87029493546580738, -65.53387359688849756, -51.92357741955530059, -51.49703549494019938, -37.67687781722000295, -37.29713385266889958, -30.43641995707889691, -30.03327459034980507, -23.08139600070020236, -22.79099854013409754, -22.50060107956799982, -18.96817783206850550, -15.43575458456899696, -14.53008757251130589, -13.24854893229699826, -11.96701029208260536, -9.399350061351810837, -8.223704006721519022, -7.048057952091212996, -5.286043464068413300, -3.524028976045613604, -1.762014488022799696, 0.000000000000000000 ),
 .UNSPECIFIED. ) ;
#2933 = VERTEX_POINT ( 'NONE', #1156 ) ;
#2934 = CARTESIAN_POINT ( 'NONE',  ( 225.3630834619139875, -19.22141320142250009, 43.00000000000000000 ) ) ;
#2935 = CARTESIAN_POINT ( 'NONE',  ( -221.9808508258659856, -35.11327234990859836, 97.99992777755070961 ) ) ;
#2936 = CARTESIAN_POINT ( 'NONE',  ( -235.5187252251050154, 2.811399741606460445, 2.842170943040370451E-13 ) ) ;
#2937 = CARTESIAN_POINT ( 'NONE',  ( 309.8570183032969680, -17.61152396980419965, 38.00000000000000000 ) ) ;
#2938 = VECTOR ( 'NONE', #5780, 1000.000000000000227 ) ;
#2939 = CARTESIAN_POINT ( 'NONE',  ( -204.4150325850949912, -36.43473623345709456, 58.33329824900719984 ) ) ;
#2940 = CARTESIAN_POINT ( 'NONE',  ( -238.3080493112790066, -30.11585478728650145, 25.33323756169170338 ) ) ;
#2941 = CARTESIAN_POINT ( 'NONE',  ( 348.4376258199289964, -18.63348403535040276, 12.66657089502520073 ) ) ;
#2942 = B_SPLINE_CURVE_WITH_KNOTS ( 'NONE', 3,
 ( #776, #744, #2622, #5239, #2506, #3828 ),
 .UNSPECIFIED., .F., .F.,
 ( 4, 2, 4 ),
 ( -2.448727735408169792, -2.129600742301190230, 0.000000000000000000 ),
 .UNSPECIFIED. ) ;
#2943 = ADVANCED_FACE ( 'NONE', ( #5704 ), #3779, .T. ) ;
#2944 = CARTESIAN_POINT ( 'NONE',  ( -168.0849819137619932, -37.61184232038609565, 97.99992777755049644 ) ) ;
#2945 = CARTESIAN_POINT ( 'NONE',  ( -208.1626975657409844, -36.43360255334960129, 76.00000000000000000 ) ) ;
#2946 = CARTESIAN_POINT ( 'NONE',  ( -12.08845271617639838, -29.11808535170160184, 58.33329824900710037 ) ) ;
#2947 = ORIENTED_EDGE ( 'NONE', *, *, #3510, .T. ) ;
#2948 = CARTESIAN_POINT ( 'NONE',  ( 247.4788996111159918, -20.60100439094170355, 2.842170943040400239E-13 ) ) ;
#2949 = ORIENTED_EDGE ( 'NONE', *, *, #1824, .F. ) ;
#2950 = B_SPLINE_CURVE_WITH_KNOTS ( 'NONE', 3,
 ( #2260, #2655, #5801, #4907, #4520, #4993 ),
 .UNSPECIFIED., .F., .F.,
 ( 4, 2, 4 ),
 ( -2.951021606985119838, -1.475510924548270042, 0.000000000000000000 ),
 .UNSPECIFIED. ) ;
#2951 = CARTESIAN_POINT ( 'NONE',  ( -204.0072273835959891, -36.61363016730380338, 66.00000000000000000 ) ) ;
#2953 = CARTESIAN_POINT ( 'NONE',  ( -233.2965270720430055, -2.732414579524190312, 97.99992777755049644 ) ) ;
#2952 = CARTESIAN_POINT ( 'NONE',  ( 165.3961295151399895, 22.25080122774319946, 38.00000000000000000 ) ) ;
#2954 = CARTESIAN_POINT ( 'NONE',  ( 341.3519936238459991, -13.78527414587409972, 66.00000000000000000 ) ) ;
#2955 = B_SPLINE_CURVE_WITH_KNOTS ( 'NONE', 3,
 ( #302, #3908, #1632, #3447, #2472, #3365 ),
 .UNSPECIFIED., .F., .F.,
 ( 4, 2, 4 ),
 ( -4.215170716616869484, -2.107585358308440071, 0.000000000000000000 ),
 .UNSPECIFIED. ) ;
#2956 = CARTESIAN_POINT ( 'NONE',  ( 313.9233281190320213, -16.84976586039380209, 50.66663158234050712 ) ) ;
#2958 = CARTESIAN_POINT ( 'NONE',  ( 284.5814852664230443, -0.6689920854975829334, 38.00000000000000000 ) ) ;
#2957 = DIRECTION ( 'NONE',  ( 1.000000000000000000, 0.000000000000000000, 0.000000000000000000 ) ) ;
#2959 = CARTESIAN_POINT ( 'NONE',  ( -247.4870384859589763, -8.775400001678089978, 2.842170943040390646E-13 ) ) ;
#2960 = CARTESIAN_POINT ( 'NONE',  ( -71.47493360174870247, 37.66217264960189937, 108.9999999999970015 ) ) ;
#2961 = CARTESIAN_POINT ( 'NONE',  ( -49.74091446143540196, 39.25478683008729774, 43.00000000000269296 ) ) ;
#2962 = VERTEX_POINT ( 'NONE', #3115 ) ;
#2963 = CARTESIAN_POINT ( 'NONE',  ( 346.7873074827369919, -17.63565307286000206, 2.842170943040400239E-13 ) ) ;
#2964 = CARTESIAN_POINT ( 'NONE',  ( -217.3785634331300116, -35.85095089797240320, 86.99992777755059592 ) ) ;
#2965 = CARTESIAN_POINT ( 'NONE',  ( 315.5182240320750111, -8.486522907063200449, 25.33323756169180285 ) ) ;
#2966 = CARTESIAN_POINT ( 'NONE',  ( -244.3263968978370144, -26.37899576333400375, 43.00000000000000000 ) ) ;
#2967 = DIRECTION ( 'NONE',  ( 1.000000000000000000, 0.000000000000000000, 0.000000000000000000 ) ) ;
#2968 = CARTESIAN_POINT ( 'NONE',  ( -71.69668576978880026, -32.30573986235639694, 38.00000000000000000 ) ) ;
#2969 = CARTESIAN_POINT ( 'NONE',  ( -29.74297398120920022, 39.92827833068229637, 12.66657089502520073 ) ) ;
#2970 = CARTESIAN_POINT ( 'NONE',  ( 321.9665814954159373, -15.34129987915899918, 76.00000000000000000 ) ) ;
#2971 = CARTESIAN_POINT ( 'NONE',  ( -207.5664466737070200, -36.69773663943240649, 86.99992777755039697 ) ) ;
#2972 = CARTESIAN_POINT ( 'NONE',  ( 107.2138434086299981, -24.31666062978680287, 12.66657089502520073 ) ) ;
#2973 = CARTESIAN_POINT ( 'NONE',  ( 221.9279596022070109, 13.02220705563090064, 76.00000000000000000 ) ) ;
#2974 = ORIENTED_EDGE ( 'NONE', *, *, #1851, .T. ) ;
#2975 = CARTESIAN_POINT ( 'NONE',  ( 223.1932301621409920, -17.49169079343450051, 86.99992777755048223 ) ) ;
#2976 = AXIS2_PLACEMENT_3D ( 'NONE', #1612, #3456, #2445 ) ;
#2977 = VERTEX_POINT ( 'NONE', #4075 ) ;
#2978 = CARTESIAN_POINT ( 'NONE',  ( -169.0794952648770106, -37.22414825518450243, 76.00000000000000000 ) ) ;
#2979 = CARTESIAN_POINT ( 'NONE',  ( 221.1395435163729815, 13.34777054342709945, 86.99992777755048223 ) ) ;
#2981 = CARTESIAN_POINT ( 'NONE',  ( -231.2955094375080023, -2.089632917686110147, 109.0000000000000000 ) ) ;
#2980 = CARTESIAN_POINT ( 'NONE',  ( -246.7445893036049824, -22.53066270883499911, 43.00000000000000000 ) ) ;
#2982 = CARTESIAN_POINT ( 'NONE',  ( -194.8312528116279907, 16.93965233724799901, 66.00000000000169109 ) ) ;
#2983 = B_SPLINE_SURFACE_WITH_KNOTS ( 'NONE', 3, 3, ( 
 ( #5074, #4129, #552, #2785 ),
 ( #203, #2846, #1411, #579 ),
 ( #611, #2398, #4569, #5544 ),
 ( #3224, #1088, #520, #2905 ) ),
 .UNSPECIFIED., .F., .F., .F.,
 ( 4, 4 ),
 ( 4, 4 ),
 ( 0.000000000000000000, 1.000000000000000000 ),
 ( 0.000000000000000000, 0.01691886720496220062 ),
 .UNSPECIFIED. ) ;
#2985 = DIRECTION ( 'NONE',  ( 1.000000000000000000, 0.000000000000000000, 0.000000000000000000 ) ) ;
#2984 = CARTESIAN_POINT ( 'NONE',  ( -71.84434903509649928, 38.55908871588820119, 65.99999999999860734 ) ) ;
#2986 = CARTESIAN_POINT ( 'NONE',  ( -244.0164607432149921, -5.772869084772099590, 25.33323756169160035 ) ) ;
#2987 = CARTESIAN_POINT ( 'NONE',  ( -60.59214136375049975, 38.50272434074229722, 75.99999999999680256 ) ) ;
#2988 = CARTESIAN_POINT ( 'NONE',  ( -38.57130275008939435, 39.10134759060439791, 58.33329824901300498 ) ) ;
#2989 = EDGE_CURVE ( 'NONE', #70, #1437, #1180, .T. ) ;
#2990 = ORIENTED_EDGE ( 'NONE', *, *, #1588, .T. ) ;
#2991 = CARTESIAN_POINT ( 'NONE',  ( 66.34550169059359348, -24.59916066426470138, 97.99992777755049644 ) ) ;
#2992 = CARTESIAN_POINT ( 'NONE',  ( 327.7059227027309589, -11.09737078448589997, 43.00000000000000000 ) ) ;
#2993 = CARTESIAN_POINT ( 'NONE',  ( -239.4927327368730232, -29.93039937375450066, 76.00000000000000000 ) ) ;
#2994 = B_SPLINE_CURVE_WITH_KNOTS ( 'NONE', 3,
 ( #3918, #1996, #3805, #811, #5829, #12, #1758, #1783, #3596, #3039, #4383, #2202, #3541, #4909, #4467, #5772, #2626, #1315, #3569, #2595, #2231, #4411, #4009, #3125, #4879, #429, #4822, #2718, #780, #5356, #4494, #1725, #5328, #1338, #868, #2692, #3516, #4034, #3155, #1288, #5380, #3100, #841, #341, #1808, #5300, #5803, #4933, #2657, #369, #896, #453, #2141, #2262, #2171, #3070, #4441, #3621, #4058, #3949, #1228, #5745, #1703, #1258, #400, #4853, #3976, #5058, #1899, #1839 ),
 .UNSPECIFIED., .F., .F.,
 ( 4, 3, 3, 3, 3, 3, 3, 3, 3, 3, 3, 3, 3, 3, 3, 3, 3, 3, 3, 3, 3, 3, 3, 4 ),
 ( -25.43854004137299896, -24.87522299457960173, -24.31190594778620095, -23.74858890099280018, -23.18527185419939940, -22.80941713332720155, -22.43356241245500016, -21.61267995764200123, -21.20297131616129960, -20.79326267468060152, -20.50372040923479844, -19.37440266222879970, -18.24508491522290043, -18.15224467980240064, -18.05940444438190084, -15.83688485478300123, -15.70799904881610054, -13.51462486442169997, -13.39322050021089971, -8.974908129823869984, -8.838542430823640217, -4.487322902996748297, -4.379768807264969865, 0.000000000000000000 ),
 .UNSPECIFIED. ) ;
#2995 = CARTESIAN_POINT ( 'NONE',  ( -239.7909537912480005, 0.01300731135223820098, 2.842170943040370451E-13 ) ) ;
#2996 = CARTESIAN_POINT ( 'NONE',  ( 317.4789191474720269, -9.781007354982101276, 2.842170943040400239E-13 ) ) ;
#2997 = CARTESIAN_POINT ( 'NONE',  ( 245.1625621963899846, -18.75184565278630089, 43.00000000000000000 ) ) ;
#2998 = CARTESIAN_POINT ( 'NONE',  ( 335.2386542922940293, -12.77467333062769939, 50.66663158234050712 ) ) ;
#2999 = CARTESIAN_POINT ( 'NONE',  ( -221.3196609098090164, -34.17261369517469660, 25.33323756169150087 ) ) ;
#3000 = FACE_OUTER_BOUND ( 'NONE', #4226, .T. ) ;
#3001 = CARTESIAN_POINT ( 'NONE',  ( -88.28145551211038367, 38.54936342260990045, 12.66657089502520073 ) ) ;
#3002 = CARTESIAN_POINT ( 'NONE',  ( 341.6146303093409529, -14.99023033130409921, 76.00000000000000000 ) ) ;
#3003 = CARTESIAN_POINT ( 'NONE',  ( -60.75302834826959497, 39.15059757415389896, 43.00000000000000000 ) ) ;
#3004 = CARTESIAN_POINT ( 'NONE',  ( 47.47890531251950108, -27.00097262845480017, 2.842170943040400239E-13 ) ) ;
#3005 = ORIENTED_EDGE ( 'NONE', *, *, #3386, .F. ) ;
#3006 = CARTESIAN_POINT ( 'NONE',  ( 3.912629219315450158, 38.74360684570649482, 38.00000000000000000 ) ) ;
#3007 = ORIENTED_EDGE ( 'NONE', *, *, #2772, .F. ) ;
#3008 = CARTESIAN_POINT ( 'NONE',  ( -188.7298935885090145, -37.37870717402389431, 76.00000000000000000 ) ) ;
#3009 = EDGE_CURVE ( 'NONE', #1437, #111, #409, .T. ) ;
#3010 = CARTESIAN_POINT ( 'NONE',  ( 214.6247735233419860, 14.43852045514400118, 86.99992777755048223 ) ) ;
#3012 = CARTESIAN_POINT ( 'NONE',  ( -233.0339075540500176, -1.659638436300419961, 86.99992777755048223 ) ) ;
#3011 = CARTESIAN_POINT ( 'NONE',  ( -220.9310186615920202, 7.902553630012920216, 43.00000000000079581 ) ) ;
#3013 = CARTESIAN_POINT ( 'NONE',  ( -150.7961182105239857, 29.04397533561600042, 50.66663158234000974 ) ) ;
#3014 = ORIENTED_EDGE ( 'NONE', *, *, #5070, .F. ) ;
#3015 = CARTESIAN_POINT ( 'NONE',  ( 84.64053951245890062, 32.58633952658139776, 76.00000000000000000 ) ) ;
#3017 = LINE ( 'NONE', #2033, #1546 ) ;
#3016 = CARTESIAN_POINT ( 'NONE',  ( -80.29632912621408991, 37.89435274629230577, 65.99999999999779732 ) ) ;
#3018 = CARTESIAN_POINT ( 'NONE',  ( -246.7079731283039905, -7.255427136079590333, 2.842170943040390646E-13 ) ) ;
#3019 = VERTEX_POINT ( 'NONE', #3995 ) ;
#3020 = B_SPLINE_CURVE_WITH_KNOTS ( 'NONE', 3,
 ( #4455, #387, #3554, #3173 ),
 .UNSPECIFIED., .F., .F.,
 ( 4, 4 ),
 ( 0.03383747857135580017, 0.04852974931344310183 ),
 .UNSPECIFIED. ) ;
#3021 = CARTESIAN_POINT ( 'NONE',  ( 86.24180844904319088, -23.93591651413860077, 76.00000000000000000 ) ) ;
#3022 = CARTESIAN_POINT ( 'NONE',  ( -19.99999999999999645, -1.991598500205923593E-15, 33.00000000000000000 ) ) ;
#3023 = B_SPLINE_CURVE_WITH_KNOTS ( 'NONE', 3,
 ( #3881, #5680, #1635, #3450 ),
 .UNSPECIFIED., .F., .F.,
 ( 4, 4 ),
 ( 0.000000000000000000, 0.01691886720496220062 ),
 .UNSPECIFIED. ) ;
#3024 = CARTESIAN_POINT ( 'NONE',  ( -244.2412546157389670, -3.368793309997119678, 2.842170943040380044E-13 ) ) ;
#3025 = CARTESIAN_POINT ( 'NONE',  ( 286.5088837407739675, -1.779183528442609852, 12.66657089502520073 ) ) ;
#3026 = CARTESIAN_POINT ( 'NONE',  ( 63.92756330727250713, 34.39050409657259877, 109.0000000000000000 ) ) ;
#3027 = CARTESIAN_POINT ( 'NONE',  ( -199.0808875073929869, -36.79923186478779940, 66.00000000000000000 ) ) ;
#3028 = CARTESIAN_POINT ( 'NONE',  ( -210.9107992824889948, -35.19856523065320175, 25.33323756169180285 ) ) ;
#3029 = CARTESIAN_POINT ( 'NONE',  ( 349.3571929655680037, -17.13926912791560042, 38.00000000000000000 ) ) ;
#3030 = CARTESIAN_POINT ( 'NONE',  ( -72.18122279025899957, 39.41807292309429300, 25.33323756169249918 ) ) ;
#3031 = CARTESIAN_POINT ( 'NONE',  ( 317.0545692919349676, -15.42906726612280011, 76.00000000000000000 ) ) ;
#3032 = CARTESIAN_POINT ( 'NONE',  ( -205.9311456754039966, 14.54253034798949962, 38.00000000000090239 ) ) ;
#3033 = CARTESIAN_POINT ( 'NONE',  ( 295.8199756831180025, -18.51403339863299990, 25.33323756169180285 ) ) ;
#3034 = DIRECTION ( 'NONE',  ( 0.000000000000000000, 0.000000000000000000, -1.000000000000000000 ) ) ;
#3035 = ORIENTED_EDGE ( 'NONE', *, *, #449, .T. ) ;
#3036 = CARTESIAN_POINT ( 'NONE',  ( 243.3815439869169950, -17.35471455566429810, 76.00000000000000000 ) ) ;
#3037 = VERTEX_POINT ( 'NONE', #3198 ) ;
#3038 = CARTESIAN_POINT ( 'NONE',  ( 315.5182240320750111, -8.486522907063189791, 25.33323756169180285 ) ) ;
#3040 = CARTESIAN_POINT ( 'NONE',  ( -236.7764741477999735, -4.585423639062820023, 86.99992777755039697 ) ) ;
#3039 = CARTESIAN_POINT ( 'NONE',  ( -245.9705798370019920, -17.44201756760359601, 66.00000000000000000 ) ) ;
#3041 = CARTESIAN_POINT ( 'NONE',  ( -140.7671517646850248, 30.42327928765679701, 66.00000000000130740 ) ) ;
#3042 = ORIENTED_EDGE ( 'NONE', *, *, #3063, .F. ) ;
#3043 = CARTESIAN_POINT ( 'NONE',  ( 46.22869020180389299, 36.35853317260939832, 43.00000000000000000 ) ) ;
#3045 = CARTESIAN_POINT ( 'NONE',  ( -170.7990650739550063, -36.54157914958999953, 38.00000000000000000 ) ) ;
#3044 = CARTESIAN_POINT ( 'NONE',  ( -49.70860663225179366, 38.83420314076550284, 66.00000000000409273 ) ) ;
#3046 = CARTESIAN_POINT ( 'NONE',  ( -75.17110897376790035, 38.81368616974150143, 42.99999999999900524 ) ) ;
#3047 = ORIENTED_EDGE ( 'NONE', *, *, #684, .F. ) ;
#3048 = CARTESIAN_POINT ( 'NONE',  ( 142.0594160536759887, 26.03086185587400081, 109.0000000000000000 ) ) ;
#3049 = ADVANCED_FACE ( 'NONE', ( #5371 ), #1084, .T. ) ;
#3050 = CARTESIAN_POINT ( 'NONE',  ( -238.1620641640990073, -30.59645854162310030, 97.99992777755049644 ) ) ;
#3051 = CARTESIAN_POINT ( 'NONE',  ( -250.2196449571530366, -15.05263837766599977, 2.842170943040390646E-13 ) ) ;
#3052 = CARTESIAN_POINT ( 'NONE',  ( 155.4761761874930244, 23.62661305413350021, 38.00000000000000000 ) ) ;
#3053 = CARTESIAN_POINT ( 'NONE',  ( 224.2293875747839991, -18.31385777886640298, 66.00000000000000000 ) ) ;
#3054 = CARTESIAN_POINT ( 'NONE',  ( 304.5616772504759524, -17.44214556454060272, 43.00000000000000000 ) ) ;
#3055 = CARTESIAN_POINT ( 'NONE',  ( -236.3959494939749959, -30.76162770068139807, 12.66657089502520073 ) ) ;
#3056 = CARTESIAN_POINT ( 'NONE',  ( -191.8884683155309858, -36.03729558934929855, 12.66657089501249978 ) ) ;
#3057 = AXIS2_PLACEMENT_3D ( 'NONE', #708, #1188, #2967 ) ;
#3058 = CARTESIAN_POINT ( 'NONE',  ( 225.6026765267100131, 11.50853365177469989, 25.33323756169170338 ) ) ;
#3059 = CARTESIAN_POINT ( 'NONE',  ( -225.3411029447370026, 8.266987183583028198, 2.842170943040370451E-13 ) ) ;
#3060 = CARTESIAN_POINT ( 'NONE',  ( 297.4789053630469766, -19.80099580100859669, 2.842170943040400239E-13 ) ) ;
#3061 = DIRECTION ( 'NONE',  ( 1.000000000000000000, 0.000000000000000000, 0.000000000000000000 ) ) ;
#3062 = ADVANCED_FACE ( 'NONE', ( #4952 ), #187, .T. ) ;
#3063 = EDGE_CURVE ( 'NONE', #3921, #3369, #2240, .T. ) ;
#3064 = ORIENTED_EDGE ( 'NONE', *, *, #1646, .F. ) ;
#3065 = CARTESIAN_POINT ( 'NONE',  ( 225.6093564866160079, -19.41983550513660006, 38.00000000000000000 ) ) ;
#3066 = ORIENTED_EDGE ( 'NONE', *, *, #3429, .F. ) ;
#3067 = CARTESIAN_POINT ( 'NONE',  ( 20.00000000000000355, -4.440892098500630106E-15, 33.00000000000000000 ) ) ;
#3069 = CARTESIAN_POINT ( 'NONE',  ( 284.7615196653410408, -17.81271055551389892, 43.00000000000000000 ) ) ;
#3068 = CARTESIAN_POINT ( 'NONE',  ( 4.109956986146380054, 38.88124042658580493, 25.33323756169180285 ) ) ;
#3071 = CARTESIAN_POINT ( 'NONE',  ( 105.6682553198260024, 30.54044529118739959, 43.00000000000000000 ) ) ;
#3070 = CARTESIAN_POINT ( 'NONE',  ( -179.8671944097880271, 21.35964645716869725, 66.00000000000090949 ) ) ;
#3072 = CARTESIAN_POINT ( 'NONE',  ( -180.4576389619749932, 21.86763629886289806, 50.66663158234110398 ) ) ;
#3073 = EDGE_CURVE ( 'NONE', #1445, #1710, #4834, .T. ) ;
#3074 = VERTEX_POINT ( 'NONE', #3638 ) ;
#3076 = DIRECTION ( 'NONE',  ( 1.000000000000000000, 0.000000000000000000, 0.000000000000000000 ) ) ;
#3075 = CARTESIAN_POINT ( 'NONE',  ( 223.7541835368209888, 12.26900398635349987, 50.66663158234050712 ) ) ;
#3077 =( NAMED_UNIT ( * ) SI_UNIT ( $, .STERADIAN. ) SOLID_ANGLE_UNIT ( ) );
#3078 = CARTESIAN_POINT ( 'NONE',  ( -80.29632912621408991, 37.89435274629230577, 65.99999999999789679 ) ) ;
#3079 = ORIENTED_EDGE ( 'NONE', *, *, #411, .T. ) ;
#3080 = ORIENTED_EDGE ( 'NONE', *, *, #4990, .F. ) ;
#3081 = ORIENTED_EDGE ( 'NONE', *, *, #3429, .T. ) ;
#3082 = CARTESIAN_POINT ( 'NONE',  ( 344.8054940248039770, -16.16949089401019890, 25.33323756169180285 ) ) ;
#3083 = ADVANCED_FACE ( 'NONE', ( #4106 ), #556, .T. ) ;
#3084 = CARTESIAN_POINT ( 'NONE',  ( -155.9310501580259825, -36.35425101473419573, 38.00000000000000000 ) ) ;
#3085 = CARTESIAN_POINT ( 'NONE',  ( 350.3188331919129723, -17.13356405580580244, 38.00000000000000000 ) ) ;
#3086 = CARTESIAN_POINT ( 'NONE',  ( 224.6075179244080005, -18.61495734897979659, 58.33329824900719984 ) ) ;
#3087 = CARTESIAN_POINT ( 'NONE',  ( 320.3678631382329627, -14.16083391416620074, 97.99992777755049644 ) ) ;
#3088 = CARTESIAN_POINT ( 'NONE',  ( -110.4627800336839982, -34.70418015884820306, 66.00000000000000000 ) ) ;
#3089 = CARTESIAN_POINT ( 'NONE',  ( 0.000000000000000000, 2.376849021519589870E-13, 33.00000000000000000 ) ) ;
#3090 = CARTESIAN_POINT ( 'NONE',  ( -197.6439869240140297, 19.23813139668439831, 2.842170943040300274E-13 ) ) ;
#3091 = CARTESIAN_POINT ( 'NONE',  ( 166.1441255629790135, -21.31899318031699764, 38.00000000000000000 ) ) ;
#3092 = DIRECTION ( 'NONE',  ( 1.000000000000000000, 0.000000000000000000, 0.000000000000000000 ) ) ;
#3093 = ADVANCED_FACE ( 'NONE', ( #5583 ), #2360, .T. ) ;
#3094 = ORIENTED_EDGE ( 'NONE', *, *, #1210, .F. ) ;
#3095 = CARTESIAN_POINT ( 'NONE',  ( -150.0230467026389931, 28.28042026567759848, 76.00000000000449063 ) ) ;
#3096 = VERTEX_POINT ( 'NONE', #2038 ) ;
#3097 = CARTESIAN_POINT ( 'NONE',  ( -70.40056977955630657, -32.51894935936340403, 97.99992777755049644 ) ) ;
#3098 = B_SPLINE_CURVE_WITH_KNOTS ( 'NONE', 3,
 ( #5629, #5242, #4298, #4738, #254, #5214 ),
 .UNSPECIFIED., .F., .F.,
 ( 4, 2, 4 ),
 ( -5.979395846760269251, -2.989697923380139954, 0.000000000000000000 ),
 .UNSPECIFIED. ) ;
#3099 = CARTESIAN_POINT ( 'NONE',  ( 44.69685599957760047, 36.13349712679870152, 97.99992777755049644 ) ) ;
#3101 = CARTESIAN_POINT ( 'NONE',  ( -80.18677453131189736, 36.92123174994519985, 108.9999999999949978 ) ) ;
#3100 = CARTESIAN_POINT ( 'NONE',  ( -218.8507768242669727, 7.534009928237320075, 66.00000000000119371 ) ) ;
#3102 = CARTESIAN_POINT ( 'NONE',  ( -111.3734348398750171, 35.34667164159209563, 50.66663158234050712 ) ) ;
#3103 = B_SPLINE_CURVE_WITH_KNOTS ( 'NONE', 3,
 ( #972, #2312, #1355, #5402 ),
 .UNSPECIFIED., .F., .F.,
 ( 4, 4 ),
 ( 0.01914501489607399812, 0.02938523722594670040 ),
 .UNSPECIFIED. ) ;
#3104 = CARTESIAN_POINT ( 'NONE',  ( -77.08201810120689856, 37.18814732035440329, 108.9999999999960067 ) ) ;
#3105 = ORIENTED_EDGE ( 'NONE', *, *, #4313, .F. ) ;
#3106 = CARTESIAN_POINT ( 'NONE',  ( 32.09745213932609431, 37.13546621119120061, 43.00000000000000000 ) ) ;
#3108 = CARTESIAN_POINT ( 'NONE',  ( 125.5232448048929967, -21.99587444741609943, 76.00000000000000000 ) ) ;
#3107 = CARTESIAN_POINT ( 'NONE',  ( 3.171062433888919951, 38.21611874246129759, 86.99992777755048223 ) ) ;
#3109 = CARTESIAN_POINT ( 'NONE',  ( -246.4646961905240232, -23.58995409973760005, 38.00000000000000000 ) ) ;
#3110 = CARTESIAN_POINT ( 'NONE',  ( 156.0696934117129899, -21.57773719973529936, 43.00000000000000000 ) ) ;
#3111 = ORIENTED_EDGE ( 'NONE', *, *, #2266, .T. ) ;
#3112 = VERTEX_POINT ( 'NONE', #5614 ) ;
#3113 = CARTESIAN_POINT ( 'NONE',  ( 176.9138302979940249, 20.53858797819480131, 66.00000000000000000 ) ) ;
#3114 = CARTESIAN_POINT ( 'NONE',  ( 223.7360459048140058, -17.92192644873379948, 76.00000000000000000 ) ) ;
#3115 = CARTESIAN_POINT ( 'NONE',  ( -100.3324915020509991, -34.20731637727369900, 76.00000000000000000 ) ) ;
#3116 = CARTESIAN_POINT ( 'NONE',  ( 346.0841892792420253, -16.86634108557619882, 43.00000000000000000 ) ) ;
#3117 = CARTESIAN_POINT ( 'NONE',  ( 346.0841892792420253, -16.86634108557619882, 43.00000000000000000 ) ) ;
#3118 = CARTESIAN_POINT ( 'NONE',  ( 314.4617560430439767, -17.25686306905389955, 43.00000000000000000 ) ) ;
#3119 = CARTESIAN_POINT ( 'NONE',  ( 47.10367299805960073, 36.48525996358979739, 12.66657089508900036 ) ) ;
#3120 = ORIENTED_EDGE ( 'NONE', *, *, #1851, .F. ) ;
#3121 = CARTESIAN_POINT ( 'NONE',  ( -99.70087338734600735, -34.37522630010139579, 97.99992777755049644 ) ) ;
#3122 = ORIENTED_EDGE ( 'NONE', *, *, #4772, .T. ) ;
#3123 = CARTESIAN_POINT ( 'NONE',  ( 0.000000000000000000, -3.601282899375759661E-14, -5.000000000000000000 ) ) ;
#3124 = CARTESIAN_POINT ( 'NONE',  ( -201.1997163398200144, -35.87245010793869682, 25.33323756169180285 ) ) ;
#3126 = CARTESIAN_POINT ( 'NONE',  ( -74.54324416061670888, 37.40686943230659978, 108.9999999999970015 ) ) ;
#3125 = CARTESIAN_POINT ( 'NONE',  ( -237.5900528703240013, -3.545287933061479713, 66.00000000000000000 ) ) ;
#3127 = CARTESIAN_POINT ( 'NONE',  ( -218.8507768242669727, 7.534009928237320075, 66.00000000000130740 ) ) ;
#3128 = ADVANCED_FACE ( 'NONE', ( #3407 ), #4613, .T. ) ;
#3129 = ADVANCED_FACE ( 'NONE', ( #4805 ), #979, .T. ) ;
#3130 = CARTESIAN_POINT ( 'NONE',  ( -100.9680766485950016, 35.73415736333750203, 86.99992777755048223 ) ) ;
#3131 = AXIS2_PLACEMENT_3D ( 'NONE', #3270, #2769, #5023 ) ;
#3132 = ORIENTED_EDGE ( 'NONE', *, *, #31, .F. ) ;
#3134 = CARTESIAN_POINT ( 'NONE',  ( 124.9547654568019937, -21.45352028878319928, 97.99992777755049644 ) ) ;
#3133 = CARTESIAN_POINT ( 'NONE',  ( -12.42641042882340052, -29.33994264674939956, 12.66657089502520073 ) ) ;
#3135 = CARTESIAN_POINT ( 'NONE',  ( -118.8667257606240071, -35.72486210215359392, 109.0000000000000000 ) ) ;
#3136 = B_SPLINE_CURVE_WITH_KNOTS ( 'NONE', 3,
 ( #1941, #5449, #1410, #112 ),
 .UNSPECIFIED., .F., .F.,
 ( 4, 4 ),
 ( -9.000817229875169190, 0.000000000000000000 ),
 .UNSPECIFIED. ) ;
#3137 = CARTESIAN_POINT ( 'NONE',  ( -234.5895247411899902, 0.7942767719443479812, 38.00000000000000000 ) ) ;
#3138 = CARTESIAN_POINT ( 'NONE',  ( 67.33375876776109692, -25.99107365610739961, 12.66657089502520073 ) ) ;
#3139 = ORIENTED_EDGE ( 'NONE', *, *, #3498, .T. ) ;
#3140 = B_SPLINE_SURFACE_WITH_KNOTS ( 'NONE', 3, 3, ( 
 ( #2916, #1544, #4699, #3876 ),
 ( #650, #1483, #2471, #3298 ),
 ( #3768, #4259, #214, #1157 ),
 ( #676, #5086, #594, #2968 ) ),
 .UNSPECIFIED., .F., .F., .F.,
 ( 4, 4 ),
 ( 4, 4 ),
 ( 0.000000000000000000, 1.000000000000000000 ),
 ( 0.000000000000000000, 0.01691886720496220062 ),
 .UNSPECIFIED. ) ;
#3141 = CARTESIAN_POINT ( 'NONE',  ( -191.1874753138050096, -37.28995947046130510, 76.00000000000000000 ) ) ;
#3142 = CARTESIAN_POINT ( 'NONE',  ( -215.6813719980400208, -36.44667066718849924, 109.0000000000000000 ) ) ;
#3143 = B_SPLINE_CURVE_WITH_KNOTS ( 'NONE', 3,
 ( #890, #1390, #4110, #2257 ),
 .UNSPECIFIED., .F., .F.,
 ( 4, 4 ),
 ( 0.03383747857135580017, 0.04852974931344310183 ),
 .UNSPECIFIED. ) ;
#3144 = CARTESIAN_POINT ( 'NONE',  ( -31.71845495705839824, -30.18956153615039995, 66.00000000000000000 ) ) ;
#3145 = CARTESIAN_POINT ( 'NONE',  ( 319.8880990052629727, -6.958376828103109979, 109.0000000000000000 ) ) ;
#3146 = CARTESIAN_POINT ( 'NONE',  ( -130.1486556618909844, -35.85253344418359944, 66.00000000000000000 ) ) ;
#3147 = CARTESIAN_POINT ( 'NONE',  ( 153.8980845036539904, -19.66341016548589948, 109.0000000000000000 ) ) ;
#3148 = B_SPLINE_CURVE_WITH_KNOTS ( 'NONE', 3,
 ( #1173, #317, #5277, #5635, #788, #261 ),
 .UNSPECIFIED., .F., .F.,
 ( 4, 2, 4 ),
 ( -4.245773930773700577, -2.122886965386850289, 0.000000000000000000 ),
 .UNSPECIFIED. ) ;
#3149 = CARTESIAN_POINT ( 'NONE',  ( 378.1487052401259348, 0.000000000000000000, 38.00000000000000000 ) ) ;
#3150 = ORIENTED_EDGE ( 'NONE', *, *, #5567, .T. ) ;
#3151 = CARTESIAN_POINT ( 'NONE',  ( -129.7898962321000056, -35.97183768936680082, 76.00000000000000000 ) ) ;
#3152 = B_SPLINE_CURVE_WITH_KNOTS ( 'NONE', 3,
 ( #1806, #3972, #4081, #3619 ),
 .UNSPECIFIED., .F., .F.,
 ( 4, 4 ),
 ( 0.01914501489624170077, 0.02938523722594670040 ),
 .UNSPECIFIED. ) ;
#3153 = CARTESIAN_POINT ( 'NONE',  ( 106.5769786550009997, -23.64272969193419982, 43.00000000000000000 ) ) ;
#3154 = CARTESIAN_POINT ( 'NONE',  ( -207.5211035670760111, -35.04100728085020222, 2.842170943040400239E-13 ) ) ;
#3156 = CARTESIAN_POINT ( 'NONE',  ( -38.65759257904449697, 38.25504032457649828, 108.9999999999770068 ) ) ;
#3155 = CARTESIAN_POINT ( 'NONE',  ( -219.4138245817890152, 7.266672475719389901, 66.00000000000119371 ) ) ;
#3157 = CARTESIAN_POINT ( 'NONE',  ( -235.4174513869029965, -1.858442277434930068, 66.00000000000000000 ) ) ;
#3158 = B_SPLINE_CURVE_WITH_KNOTS ( 'NONE', 3,
 ( #1838, #2716, #4552, #1865, #2741, #2200 ),
 .UNSPECIFIED., .F., .F.,
 ( 4, 2, 4 ),
 ( -5.901487471991369915, -2.950743735995680073, 0.000000000000000000 ),
 .UNSPECIFIED. ) ;
#3159 = ORIENTED_EDGE ( 'NONE', *, *, #5701, .F. ) ;
#3160 = CARTESIAN_POINT ( 'NONE',  ( 151.8294026032259865, 24.79042650154720207, 109.0000000000000000 ) ) ;
#3162 = CARTESIAN_POINT ( 'NONE',  ( -130.4349864898400142, 31.72508931925770170, 86.99992777755528550 ) ) ;
#3161 = CARTESIAN_POINT ( 'NONE',  ( 262.5239948566399448, 4.605773382177829944, 66.00000000000000000 ) ) ;
#3163 = CARTESIAN_POINT ( 'NONE',  ( -247.7343055159699645, -19.55600134470810048, 38.00000000000000000 ) ) ;
#3164 = CARTESIAN_POINT ( 'NONE',  ( 116.4755216063430083, -23.22973119349440196, 43.00000000000000000 ) ) ;
#3165 = ORIENTED_EDGE ( 'NONE', *, *, #3281, .F. ) ;
#3166 = ORIENTED_EDGE ( 'NONE', *, *, #4489, .F. ) ;
#3167 = B_SPLINE_CURVE_WITH_KNOTS ( 'NONE', 3,
 ( #348, #667, #5722, #2570, #5665, #3465 ),
 .UNSPECIFIED., .F., .F.,
 ( 4, 2, 4 ),
 ( -2.970352033953219895, -1.485176016976609947, 0.000000000000000000 ),
 .UNSPECIFIED. ) ;
#3168 = CARTESIAN_POINT ( 'NONE',  ( -237.2514312730220070, -30.64602881211139618, 43.00000000000000000 ) ) ;
#3169 = ORIENTED_EDGE ( 'NONE', *, *, #2356, .F. ) ;
#3170 = CARTESIAN_POINT ( 'NONE',  ( 310.7691484288269521, -5.398240660987659645, 86.99992777755048223 ) ) ;
#3171 = EDGE_CURVE ( 'NONE', #1971, #1786, #5046, .T. ) ;
#3172 = CARTESIAN_POINT ( 'NONE',  ( -159.6835579430999985, -36.98418847957560018, 66.00000000000000000 ) ) ;
#3173 = CARTESIAN_POINT ( 'NONE',  ( -201.7213499178800191, -37.60315574656809900, 109.0000000000000000 ) ) ;
#3174 = CARTESIAN_POINT ( 'NONE',  ( -51.79279588830060277, -31.28039863537770415, 43.00000000000000000 ) ) ;
#3175 = CARTESIAN_POINT ( 'NONE',  ( 314.8128693973440022, -17.52264409292549985, 38.00000000000000000 ) ) ;
#3176 = CARTESIAN_POINT ( 'NONE',  ( 30.80162067414509863, 36.78872781656189517, 97.99992777755049644 ) ) ;
#3177 = CARTESIAN_POINT ( 'NONE',  ( -132.5211003221410238, -35.04100728085020222, 2.842170943040400239E-13 ) ) ;
#3178 = CARTESIAN_POINT ( 'NONE',  ( 180.0289357161890109, 19.41554928339549946, 12.66657089502520073 ) ) ;
#3179 = ORIENTED_EDGE ( 'NONE', *, *, #5616, .T. ) ;
#3180 = CARTESIAN_POINT ( 'NONE',  ( -204.0072273835959891, -36.61363016730380338, 66.00000000000000000 ) ) ;
#3181 = CARTESIAN_POINT ( 'NONE',  ( 124.7872192838069907, 27.97353876113290383, 58.33329824900719984 ) ) ;
#3183 = CARTESIAN_POINT ( 'NONE',  ( 311.6145201167590244, -5.944469100589079957, 76.00000000000000000 ) ) ;
#3182 = CARTESIAN_POINT ( 'NONE',  ( 227.4789001812560230, 10.73901488381169855, 2.842170943040400239E-13 ) ) ;
#3184 = CARTESIAN_POINT ( 'NONE',  ( -235.8396893480639847, -1.579937922759059976, 58.33329824900779670 ) ) ;
#3185 = EDGE_CURVE ( 'NONE', #3573, #1607, #3584, .T. ) ;
#3186 = EDGE_LOOP ( 'NONE', ( #4080, #1917, #3519, #3868 ) ) ;
#3188 = CARTESIAN_POINT ( 'NONE',  ( 346.2087584383550052, -15.52044021458920042, 66.00000000000000000 ) ) ;
#3187 = CARTESIAN_POINT ( 'NONE',  ( 264.2390097860250648, 3.712383513026939585, 43.00000000000000000 ) ) ;
#3189 = CARTESIAN_POINT ( 'NONE',  ( -245.3559431676949885, -25.40400335330009796, 38.00000000000000000 ) ) ;
#3190 = CARTESIAN_POINT ( 'NONE',  ( -101.1656038481440021, 36.00021402217180366, 76.00000000000000000 ) ) ;
#3191 = ORIENTED_EDGE ( 'NONE', *, *, #167, .F. ) ;
#3192 = ORIENTED_EDGE ( 'NONE', *, *, #3626, .T. ) ;
#3193 = CARTESIAN_POINT ( 'NONE',  ( -101.1656038481440021, 36.00021402217180366, 76.00000000000000000 ) ) ;
#3194 = EDGE_CURVE ( 'NONE', #4734, #3432, #2089, .T. ) ;
#3195 = CARTESIAN_POINT ( 'NONE',  ( -221.0610945028870162, -34.41168301850819944, 38.00000000000000000 ) ) ;
#3196 = EDGE_CURVE ( 'NONE', #252, #548, #1185, .T. ) ;
#3197 = CARTESIAN_POINT ( 'NONE',  ( -243.4418415731379923, -21.93540887638810233, 109.0000000000000000 ) ) ;
#3198 = CARTESIAN_POINT ( 'NONE',  ( 287.4788984708349631, -19.92099996041150334, 2.842170943040400239E-13 ) ) ;
#3199 = CARTESIAN_POINT ( 'NONE',  ( 314.4854693861789769, -5.637973249472580051, 109.0000000000000000 ) ) ;
#3200 = EDGE_CURVE ( 'NONE', #2844, #1342, #2673, .T. ) ;
#3201 = CARTESIAN_POINT ( 'NONE',  ( 311.3689600949909959, -14.94091810471359949, 86.99992777755048223 ) ) ;
#3202 = CARTESIAN_POINT ( 'NONE',  ( 105.1844252882089989, -22.19902977578130177, 109.0000000000000000 ) ) ;
#3203 = CARTESIAN_POINT ( 'NONE',  ( -235.8761803648709758, -31.32999744535339914, 66.00000000000000000 ) ) ;
#3204 = ORIENTED_EDGE ( 'NONE', *, *, #1533, .T. ) ;
#3205 = CARTESIAN_POINT ( 'NONE',  ( -129.0011664725799960, -36.23150307977359574, 97.99992777755049644 ) ) ;
#3206 = CARTESIAN_POINT ( 'NONE',  ( 330.4160865803889919, -11.79785251406909907, 43.00000000000000000 ) ) ;
#3207 = CIRCLE ( 'NONE', #646, 20.00000000000000000 ) ;
#3209 = CARTESIAN_POINT ( 'NONE',  ( -12.14491114835210084, -29.15547357293469943, 50.66663158234050712 ) ) ;
#3208 = CARTESIAN_POINT ( 'NONE',  ( -201.7213499178800191, -37.60315574656809900, 109.0000000000000000 ) ) ;
#3210 = CARTESIAN_POINT ( 'NONE',  ( -246.9851798123250148, -13.55249495828430106, 38.00000000000000000 ) ) ;
#3211 = CARTESIAN_POINT ( 'NONE',  ( -238.3142029680289795, -4.107620528789399650, 66.00000000000000000 ) ) ;
#3212 = ORIENTED_EDGE ( 'NONE', *, *, #4131, .F. ) ;
#3213 = CARTESIAN_POINT ( 'NONE',  ( 203.4783157909569979, 15.88210480753819986, 58.33329824900719984 ) ) ;
#3215 = CARTESIAN_POINT ( 'NONE',  ( -159.0569162597910235, 25.27914334553490150, 109.0000000000069917 ) ) ;
#3214 = CARTESIAN_POINT ( 'NONE',  ( -205.4325707394829976, 14.46794791185540063, 43.00000000000260059 ) ) ;
#3216 = CARTESIAN_POINT ( 'NONE',  ( 224.6775128991359907, 11.88906851495219996, 38.00000000000000000 ) ) ;
#3217 = CARTESIAN_POINT ( 'NONE',  ( -240.6161626734419769, -3.648317888705919998, 38.00000000000000000 ) ) ;
#3218 = B_SPLINE_CURVE_WITH_KNOTS ( 'NONE', 3,
 ( #4653, #1998, #1022, #2391 ),
 .UNSPECIFIED., .F., .F.,
 ( 4, 4 ),
 ( -3.299640915003979824, 4.440892098500626162E-16 ),
 .UNSPECIFIED. ) ;
#3219 = DIRECTION ( 'NONE',  ( 0.9998555294224333867, 0.01699765523198640618, 0.000000000000000000 ) ) ;
#3220 = ORIENTED_EDGE ( 'NONE', *, *, #3009, .F. ) ;
#3221 = ORIENTED_EDGE ( 'NONE', *, *, #4726, .F. ) ;
#3222 = CARTESIAN_POINT ( 'NONE',  ( 294.1588170034810332, -17.24337314494140116, 50.66663158234050712 ) ) ;
#3223 = CARTESIAN_POINT ( 'NONE',  ( -70.87507619477170806, -32.44279493966690353, 76.00000000000000000 ) ) ;
#3225 = CARTESIAN_POINT ( 'NONE',  ( 289.1847513583510363, 0.1495457612871370079, 109.0000000000000000 ) ) ;
#3224 = CARTESIAN_POINT ( 'NONE',  ( -102.5211011773509995, -33.60100043170930206, 2.842170943040400239E-13 ) ) ;
#3226 = CARTESIAN_POINT ( 'NONE',  ( -119.7918009445359928, 32.52832624226429914, 109.0000000000050022 ) ) ;
#3227 = EDGE_CURVE ( 'NONE', #1850, #4098, #1034, .T. ) ;
#3228 = CARTESIAN_POINT ( 'NONE',  ( -94.89485096883309723, 37.44470179923730058, 38.00000000000000000 ) ) ;
#3229 = VERTEX_POINT ( 'NONE', #2578 ) ;
#3230 = CARTESIAN_POINT ( 'NONE',  ( 46.73301167223579711, -25.53421164279099997, 109.0000000000000000 ) ) ;
#3231 = CARTESIAN_POINT ( 'NONE',  ( -237.8730898633940001, -30.15436233195890026, 2.842170943040400239E-13 ) ) ;
#3232 = CARTESIAN_POINT ( 'NONE',  ( 44.40161003317140143, 36.08945450826849566, 109.0000000000000000 ) ) ;
#3233 = CARTESIAN_POINT ( 'NONE',  ( -154.3435627912339783, -36.95103027803180140, 76.00000000000000000 ) ) ;
#3234 = CARTESIAN_POINT ( 'NONE',  ( 178.5408162501400113, 19.95171220010329804, 38.00000000000000000 ) ) ;
#3235 = CARTESIAN_POINT ( 'NONE',  ( -239.9212373278130030, -6.157332177424079234, 76.00000000000000000 ) ) ;
#3236 = CARTESIAN_POINT ( 'NONE',  ( -201.5440574454939906, -36.70643101604579783, 66.00000000000000000 ) ) ;
#3238 = CARTESIAN_POINT ( 'NONE',  ( -162.5210994669299964, -35.88100768754109993, 2.842170943040400239E-13 ) ) ;
#3237 = FACE_OUTER_BOUND ( 'NONE', #4490, .T. ) ;
#3239 = CARTESIAN_POINT ( 'NONE',  ( 32.21863508609910554, 37.16740970029960067, 38.00000000000000000 ) ) ;
#3240 = CARTESIAN_POINT ( 'NONE',  ( -244.2141375918759820, -8.823344544069149364, 43.00000000000000000 ) ) ;
#3241 = EDGE_CURVE ( 'NONE', #50, #3273, #895, .T. ) ;
#3242 = ORIENTED_EDGE ( 'NONE', *, *, #3410, .F. ) ;
#3243 = CARTESIAN_POINT ( 'NONE',  ( 346.4686026516289985, -14.28753219336010005, 86.99992777755048223 ) ) ;
#3245 = CARTESIAN_POINT ( 'NONE',  ( -206.8646763554459937, 10.86097723338300192, 97.99992777755150541 ) ) ;
#3244 = CARTESIAN_POINT ( 'NONE',  ( -161.9757893282090038, -36.09764288189800396, 12.66657089502520073 ) ) ;
#3246 = CARTESIAN_POINT ( 'NONE',  ( 219.8674131857929979, 12.31354363469109892, 12.66657089502520073 ) ) ;
#3247 = CARTESIAN_POINT ( 'NONE',  ( 163.3487179307990118, 22.95111848685850120, 76.00000000000000000 ) ) ;
#3248 = VECTOR ( 'NONE', #5484, 1000.000000000000000 ) ;
#3249 = ORIENTED_EDGE ( 'NONE', *, *, #1021, .F. ) ;
#3250 = ORIENTED_EDGE ( 'NONE', *, *, #4386, .F. ) ;
#3251 = CARTESIAN_POINT ( 'NONE',  ( 284.2765614457060224, -17.44017678721520070, 50.66663158234050712 ) ) ;
#3252 = ORIENTED_EDGE ( 'NONE', *, *, #353, .T. ) ;
#3253 = CARTESIAN_POINT ( 'NONE',  ( 273.4598060365390211, -16.96939076936360280, 66.00000000000000000 ) ) ;
#3255 = CARTESIAN_POINT ( 'NONE',  ( 287.5842096406780115, -16.10304808345230398, 76.00000000000000000 ) ) ;
#3254 = CARTESIAN_POINT ( 'NONE',  ( -11.79818804450769854, -28.92370124536969911, 97.99992777755049644 ) ) ;
#3256 = CARTESIAN_POINT ( 'NONE',  ( -234.4745847517569928, -4.527693062112299494, 109.0000000000000000 ) ) ;
#3257 = CARTESIAN_POINT ( 'NONE',  ( -75.03413086796379616, -32.87250549658410392, 109.0000000000000000 ) ) ;
#3258 = CIRCLE ( 'NONE', #697, 20.00000000000000000 ) ;
#3259 = B_SPLINE_SURFACE_WITH_KNOTS ( 'NONE', 3, 3, ( 
 ( #3043, #2664, #5661, #786 ),
 ( #3106, #2113, #4884, #2086 ),
 ( #1675, #3891, #5691, #3462 ),
 ( #2599, #4180, #2417, #4148 ) ),
 .UNSPECIFIED., .F., .F., .F.,
 ( 4, 4 ),
 ( 4, 4 ),
 ( 0.000000000000000000, 1.000000000000000000 ),
 ( 0.01914501489605319878, 0.02938523722594680102 ),
 .UNSPECIFIED. ) ;
#3260 = ORIENTED_EDGE ( 'NONE', *, *, #958, .T. ) ;
#3261 = EDGE_CURVE ( 'NONE', #3096, #4734, #746, .T. ) ;
#3262 = CARTESIAN_POINT ( 'NONE',  ( 3.938593228682270020, 38.76171640849399580, 36.33333167512549977 ) ) ;
#3263 = CARTESIAN_POINT ( 'NONE',  ( 4.440892098500630106E-15, -4.440892098500630106E-15, 38.00000000000000000 ) ) ;
#3264 =( LENGTH_UNIT ( ) NAMED_UNIT ( * ) SI_UNIT ( .MILLI., .METRE. ) );
#3265 = CARTESIAN_POINT ( 'NONE',  ( -148.0950871808250042, -37.23648732320260279, 109.0000000000000000 ) ) ;
#3266 = PRODUCT_CONTEXT ( 'NONE', #2242, 'mechanical' ) ;
#3267 = CARTESIAN_POINT ( 'NONE',  ( 106.0928226508909944, -23.13589416258879794, 66.00000000000000000 ) ) ;
#3268 = CARTESIAN_POINT ( 'NONE',  ( -189.2600451426010011, 18.36308905061959962, 75.99999999999809575 ) ) ;
#3269 = FACE_BOUND ( 'NONE', #2103, .T. ) ;
#3270 = CARTESIAN_POINT ( 'NONE',  ( 4.440892098500630106E-15, -4.440892098500630106E-15, 43.00000000000000000 ) ) ;
#3271 = CARTESIAN_POINT ( 'NONE',  ( -169.5317745470630086, -37.04627073963570183, 66.00000000000000000 ) ) ;
#3272 = CARTESIAN_POINT ( 'NONE',  ( -245.1103640960629946, -25.22852741501469964, 50.66663158234050712 ) ) ;
#3273 = VERTEX_POINT ( 'NONE', #5202 ) ;
#3274 = CARTESIAN_POINT ( 'NONE',  ( -101.2814667333239953, -33.94934859846649289, 43.00000000000000000 ) ) ;
#3275 = CARTESIAN_POINT ( 'NONE',  ( 210.0517975666439838, 14.75401792746479934, 58.33329824900719984 ) ) ;
#3277 = CARTESIAN_POINT ( 'NONE',  ( -217.9957616045320208, 6.700711395013100535, 86.99992777755097961 ) ) ;
#3276 = CARTESIAN_POINT ( 'NONE',  ( -160.6486499184279921, 27.45934603837280008, 42.99999999999930367 ) ) ;
#3278 = CARTESIAN_POINT ( 'NONE',  ( -111.5291776599229934, 35.54336686600790074, 43.00000000000000000 ) ) ;
#3279 = CARTESIAN_POINT ( 'NONE',  ( -189.2282077549880057, -37.17043525975579144, 66.00000000000000000 ) ) ;
#3280 = ORIENTED_EDGE ( 'NONE', *, *, #883, .F. ) ;
#3281 = EDGE_CURVE ( 'NONE', #1239, #2606, #3020, .T. ) ;
#3282 = ORIENTED_EDGE ( 'NONE', *, *, #1201, .T. ) ;
#3283 = CARTESIAN_POINT ( 'NONE',  ( 183.1292667842699871, -18.31751819242660062, 109.0000000000000000 ) ) ;
#3284 = CARTESIAN_POINT ( 'NONE',  ( -70.16384134247860516, -32.55557694385790768, 109.0000000000000000 ) ) ;
#3286 = DIRECTION ( 'NONE',  ( 4.050364095603070109E-62, 7.202571872255701478E-15, 1.000000000000000000 ) ) ;
#3285 = FACE_OUTER_BOUND ( 'NONE', #540, .T. ) ;
#3287 = CARTESIAN_POINT ( 'NONE',  ( -149.0133142566409958, 27.29569521353020178, 109.0000000000059970 ) ) ;
#3288 = CARTESIAN_POINT ( 'NONE',  ( 3.483921291269429954, 38.44106233144690066, 66.00000000000000000 ) ) ;
#3289 = B_SPLINE_CURVE_WITH_KNOTS ( 'NONE', 3,
 ( #5189, #4681, #5067, #633 ),
 .UNSPECIFIED., .F., .F.,
 ( 4, 4 ),
 ( -9.329224291032831573, 0.000000000000000000 ),
 .UNSPECIFIED. ) ;
#3290 = EDGE_LOOP ( 'NONE', ( #4765, #366, #2590, #5005 ) ) ;
#3291 = CARTESIAN_POINT ( 'NONE',  ( -101.8456638001860028, 36.92446594947289640, 38.00000000000000000 ) ) ;
#3292 = CARTESIAN_POINT ( 'NONE',  ( 103.4184862441570090, 30.91830389536900370, 97.99992777755049644 ) ) ;
#3293 = CARTESIAN_POINT ( 'NONE',  ( -242.3210159106740207, -27.42634140250879682, 76.00000000000000000 ) ) ;
#3294 = CARTESIAN_POINT ( 'NONE',  ( 293.0184256039990487, -2.131368843147879666, 58.33329824900719984 ) ) ;
#3295 = VECTOR ( 'NONE', #772, 1000.000000000000114 ) ;
#3296 = CARTESIAN_POINT ( 'NONE',  ( -244.1685240342559950, -13.76079711105740166, 76.00000000000000000 ) ) ;
#3297 = CARTESIAN_POINT ( 'NONE',  ( 106.5769786550009997, -23.64272969193419982, 43.00000000000000000 ) ) ;
#3298 = CARTESIAN_POINT ( 'NONE',  ( -91.51585236612579877, -33.37494864751610635, 38.00000000000000000 ) ) ;
#3299 = CARTESIAN_POINT ( 'NONE',  ( 3.912629219315439943, 38.74360684570649482, 38.00000000000000000 ) ) ;
#3301 = CARTESIAN_POINT ( 'NONE',  ( 47.03032443294619469, -26.10822865952409799, 66.00000000000000000 ) ) ;
#3300 = CARTESIAN_POINT ( 'NONE',  ( -187.6340735569150127, -37.83285333488839797, 97.99992777755049644 ) ) ;
#3302 = CARTESIAN_POINT ( 'NONE',  ( -248.1938392821259924, -23.56285020849970024, 2.842170943040400239E-13 ) ) ;
#3303 = CARTESIAN_POINT ( 'NONE',  ( -160.8864272524779722, -36.52242808471019941, 38.00000000000000000 ) ) ;
#3304 = VERTEX_POINT ( 'NONE', #3583 ) ;
#3305 = EDGE_CURVE ( 'NONE', #2606, #1710, #4349, .T. ) ;
#3306 = LINE ( 'NONE', #4650, #1174 ) ;
#3308 = CARTESIAN_POINT ( 'NONE',  ( -193.4639806950540049, 15.84629076372269907, 97.99992777754830797 ) ) ;
#3307 = CARTESIAN_POINT ( 'NONE',  ( -190.6243407169090176, -36.57988127934979161, 38.00000000000000000 ) ) ;
#3309 = B_SPLINE_CURVE_WITH_KNOTS ( 'NONE', 3,
 ( #5765, #2102, #4789, #2588, #4761, #4872 ),
 .UNSPECIFIED., .F., .F.,
 ( 4, 2, 4 ),
 ( -2.955657449502089751, -1.477828724751050204, 0.000000000000000000 ),
 .UNSPECIFIED. ) ;
#3310 = EDGE_CURVE ( 'NONE', #5407, #1858, #83, .T. ) ;
#3311 = CARTESIAN_POINT ( 'NONE',  ( -128.6073005452119844, -36.35871909808599867, 109.0000000000000000 ) ) ;
#3312 = DIRECTION ( 'NONE',  ( 1.000000000000000000, 0.000000000000000000, 0.000000000000000000 ) ) ;
#3313 = B_SPLINE_CURVE_WITH_KNOTS ( 'NONE', 3,
 ( #4236, #5624, #5234, #5707, #4260, #216, #2918, #1130, #3418, #653, #3475, #1660, #1190, #2018, #4731, #711 ),
 .UNSPECIFIED., .F., .F.,
 ( 4, 2, 2, 2, 2, 2, 2, 4 ),
 ( 0.2704825202435749976, 0.3975464457088050407, 0.4029522158554559863, 0.7154756132356889786, 0.7231651369031190102, 0.7970153494155700624, 0.8025011894609319629, 1.000000000000000000 ),
 .UNSPECIFIED. ) ;
#3314 = B_SPLINE_SURFACE_WITH_KNOTS ( 'NONE', 3, 3, ( 
 ( #2966, #1569, #5703, #1689 ),
 ( #3503, #5287, #4754, #5673 ),
 ( #1629, #5229, #2913, #1187 ),
 ( #4597, #77, #2244, #4157 ),
 ( #3168, #962, #5396, #4398 ),
 ( #4127, #2754, #2783, #4567 ),
 ( #437, #4947, #4535, #2729 ),
 ( #3661, #933, #3607, #24 ),
 ( #466, #2276, #1350, #2812 ),
 ( #4070, #53, #908, #110 ),
 ( #5421, #4044, #4099, #1881 ),
 ( #4506, #1439, #1826, #492 ),
 ( #549, #5007, #3634, #1378 ),
 ( #1912, #3723, #2304, #1853 ) ),
 .UNSPECIFIED., .F., .F., .F.,
 ( 4, 2, 2, 2, 2, 2, 4 ),
 ( 4, 4 ),
 ( 0.000000000000000000, 0.1385760392095659876, 0.2369790615009839951, 0.2918638265003040133, 0.6183552821918879561, 0.6525474623266860341, 1.000000000000000000 ),
 ( 0.01914501489605319878, 0.02938523722594680102 ),
 .UNSPECIFIED. ) ;
#3315 = ORIENTED_EDGE ( 'NONE', *, *, #1778, .F. ) ;
#3316 = CARTESIAN_POINT ( 'NONE',  ( 222.6499374136450058, -17.06437600733189797, 97.99992777755049644 ) ) ;
#3317 = CARTESIAN_POINT ( 'NONE',  ( -242.3210159106740207, -27.42634140250879682, 76.00000000000000000 ) ) ;
#3319 = CARTESIAN_POINT ( 'NONE',  ( 86.99368945623290017, 32.38081956329879318, 12.66657089502520073 ) ) ;
#3318 = CARTESIAN_POINT ( 'NONE',  ( -129.0011664725799960, -36.23150307977359574, 97.99992777755049644 ) ) ;
#3320 = CARTESIAN_POINT ( 'NONE',  ( -232.3349324940149927, -2.843327494294049629, 109.0000000000000000 ) ) ;
#3321 = CARTESIAN_POINT ( 'NONE',  ( -235.7652733458379828, -31.61019511549310224, 109.0000000000000000 ) ) ;
#3322 = EDGE_CURVE ( 'NONE', #465, #2183, #1673, .T. ) ;
#3323 = VERTEX_POINT ( 'NONE', #1414 ) ;
#3324 = CARTESIAN_POINT ( 'NONE',  ( 344.7372138627000027, -13.03150463750659860, 109.0000000000000000 ) ) ;
#3325 = CARTESIAN_POINT ( 'NONE',  ( 66.80678883179399463, -25.24213123483560040, 58.33329824900719984 ) ) ;
#3326 = CARTESIAN_POINT ( 'NONE',  ( 206.3519928724680028, -20.51872906135650254, 25.33323756169180285 ) ) ;
#3327 = CARTESIAN_POINT ( 'NONE',  ( 324.9957588250730396, -10.39688905490259963, 43.00000000000000000 ) ) ;
#3328 = CARTESIAN_POINT ( 'NONE',  ( -159.5591722769810019, 26.42768224072399974, 76.00000000000490274 ) ) ;
#3329 = CARTESIAN_POINT ( 'NONE',  ( -219.8592083759610034, -34.70924227422759856, 43.00000000000000000 ) ) ;
#3330 = CARTESIAN_POINT ( 'NONE',  ( -51.87729442493440501, -31.27618700413799857, 38.00000000000000000 ) ) ;
#3332 = CARTESIAN_POINT ( 'NONE',  ( 44.40161003317140143, 36.08945450826849566, 109.0000000000000000 ) ) ;
#3331 = CARTESIAN_POINT ( 'NONE',  ( 32.21863508609910554, 37.16740970029960067, 38.00000000000000000 ) ) ;
#3333 = CARTESIAN_POINT ( 'NONE',  ( -101.8456638001860028, 36.92446594947289640, 38.00000000000000000 ) ) ;
#3334 = CARTESIAN_POINT ( 'NONE',  ( 200.8800287198419880, 16.90082281486149895, 97.99992777755061013 ) ) ;
#3335 = CARTESIAN_POINT ( 'NONE',  ( 7.568246203269720418, -28.34518771693779726, 33.00000000000000000 ) ) ;
#3336 = ORIENTED_EDGE ( 'NONE', *, *, #1154, .F. ) ;
#3337 = CARTESIAN_POINT ( 'NONE',  ( 330.8049114186949851, -12.06857032436569988, 38.00000000000000000 ) ) ;
#3338 = AXIS2_PLACEMENT_3D ( 'NONE', #5100, #1023, #4594 ) ;
#3339 = CARTESIAN_POINT ( 'NONE',  ( -246.9403988094919953, -24.98531528662650203, 2.842170943040400239E-13 ) ) ;
#3341 = CARTESIAN_POINT ( 'NONE',  ( -212.4561290929019890, 9.687426827573778709, 76.00000000000000000 ) ) ;
#3340 = CARTESIAN_POINT ( 'NONE',  ( -205.9712219588190010, 14.25283284003990047, 43.00000000000260059 ) ) ;
#3342 = DIRECTION ( 'NONE',  ( 0.000000000000000000, 0.000000000000000000, 1.000000000000000000 ) ) ;
#3343 = CARTESIAN_POINT ( 'NONE',  ( 289.5747071942420234, -1.865342589396109974, 38.00000000000000000 ) ) ;
#3344 = CARTESIAN_POINT ( 'NONE',  ( 163.6408163467429802, -19.15628624342690145, 109.0000000000000000 ) ) ;
#3345 = B_SPLINE_CURVE_WITH_KNOTS ( 'NONE', 3,
 ( #5316, #1743, #4895, #417, #2218, #4023 ),
 .UNSPECIFIED., .F., .F.,
 ( 4, 2, 4 ),
 ( -5.952301367496650286, -2.976150705074919411, 0.000000000000000000 ),
 .UNSPECIFIED. ) ;
#3346 = FACE_BOUND ( 'NONE', #1674, .T. ) ;
#3347 = VECTOR ( 'NONE', #4610, 1000.000000000000114 ) ;
#3349 = CARTESIAN_POINT ( 'NONE',  ( 46.37163801949090214, 36.37931112759620333, 38.00000000000000000 ) ) ;
#3348 = FACE_OUTER_BOUND ( 'NONE', #3960, .T. ) ;
#3350 = CARTESIAN_POINT ( 'NONE',  ( -234.8368634354900166, 2.337485346921510221, 12.66657089502520073 ) ) ;
#3351 = CARTESIAN_POINT ( 'NONE',  ( 3.011150023280310339, 38.09918919608840326, 97.99992777755049644 ) ) ;
#3352 = ORIENTED_EDGE ( 'NONE', *, *, #1778, .T. ) ;
#3353 = CARTESIAN_POINT ( 'NONE',  ( 185.7665187293419820, -20.51696353467120204, 43.00000000000000000 ) ) ;
#3354 = CARTESIAN_POINT ( 'NONE',  ( 342.6659145071350281, -14.33920583996750153, 86.99992777755048223 ) ) ;
#3355 = EDGE_CURVE ( 'NONE', #3760, #338, #5124, .T. ) ;
#3356 = CARTESIAN_POINT ( 'NONE',  ( 27.24920751137360142, -26.64595291743160033, 109.0000000000000000 ) ) ;
#3357 = CARTESIAN_POINT ( 'NONE',  ( 226.2331702587530060, -19.92301927725850064, 25.33323756169180285 ) ) ;
#3358 = B_SPLINE_CURVE_WITH_KNOTS ( 'NONE', 3,
 ( #3490, #5218, #3375, #3401, #1144, #3016, #5276, #4799, #288, #5664, #1172, #2984, #4330, #2087, #3044, #4827, #2601, #3892, #4389, #2000, #2928, #4419, #3546, #4038, #376, #3982, #1763, #4969 ),
 .UNSPECIFIED., .F., .F.,
 ( 4, 3, 3, 3, 3, 3, 3, 3, 3, 4 ),
 ( -2.128412243724250086, -1.708053357251920090, -1.696377228132259996, -1.539193531619120092, -1.522827055296960053, -0.8576484298625690617, -0.8461427224956779014, -0.3471775847475040422, -0.3310499892695739632, 0.000000000000000000 ),
 .UNSPECIFIED. ) ;
#3359 = CARTESIAN_POINT ( 'NONE',  ( 329.8199495500650187, -11.38319881881970019, 50.66663158234050712 ) ) ;
#3360 = B_SPLINE_SURFACE_WITH_KNOTS ( 'NONE', 3, 3, ( 
 ( #1932, #3243, #5096, #3747 ),
 ( #1050, #2418, #4212, #1966 ),
 ( #3773, #5568, #485, #1521 ),
 ( #4090, #1668, #2107, #1995 ) ),
 .UNSPECIFIED., .F., .F., .F.,
 ( 4, 4 ),
 ( 4, 4 ),
 ( 0.000000000000000000, 1.000000000000000000 ),
 ( 0.03383747857135580017, 0.04852974931344310183 ),
 .UNSPECIFIED. ) ;
#3361 = CARTESIAN_POINT ( 'NONE',  ( -243.0450767827279890, -26.62318972832679975, 76.00000000000000000 ) ) ;
#3362 = CARTESIAN_POINT ( 'NONE',  ( 347.3334405607569693, -14.92236850226220035, 76.00000000000000000 ) ) ;
#3363 = CARTESIAN_POINT ( 'NONE',  ( -169.5317745470630086, -37.04627073963570183, 66.00000000000000000 ) ) ;
#3364 = CARTESIAN_POINT ( 'NONE',  ( -29.81025019407220356, 39.72748094640619598, 25.33323756169510332 ) ) ;
#3365 = CARTESIAN_POINT ( 'NONE',  ( 45.57935299744290347, 36.26366790385089445, 66.00000000000000000 ) ) ;
#3366 = CARTESIAN_POINT ( 'NONE',  ( -161.5337128405930116, 27.95948315408600138, 25.33323756168950069 ) ) ;
#3367 = CARTESIAN_POINT ( 'NONE',  ( -2.188423647295730134, -28.58520941033979668, 66.00000000000000000 ) ) ;
#3368 = CARTESIAN_POINT ( 'NONE',  ( -190.6243407169090176, -36.57988127934979161, 38.00000000000000000 ) ) ;
#3369 = VERTEX_POINT ( 'NONE', #2461 ) ;
#3370 = CARTESIAN_POINT ( 'NONE',  ( 125.7813367905210100, -22.24358807766160240, 66.00000000000000000 ) ) ;
#3372 = CARTESIAN_POINT ( 'NONE',  ( -234.7286251541599995, -3.855697142351110163, 97.99992777755049644 ) ) ;
#3371 = CARTESIAN_POINT ( 'NONE',  ( -239.6042153157320058, -3.269186931654940231, 43.00000000000000000 ) ) ;
#3373 = CARTESIAN_POINT ( 'NONE',  ( -101.6195854646069989, 36.61503108784999938, 50.66663158234050712 ) ) ;
#3374 = CARTESIAN_POINT ( 'NONE',  ( 126.8853838178829960, 27.47846321358580113, 12.66657089502520073 ) ) ;
#3376 = CARTESIAN_POINT ( 'NONE',  ( 215.6984846660099890, -19.73636178433330102, 38.00000000000000000 ) ) ;
#3375 = CARTESIAN_POINT ( 'NONE',  ( -87.56764937139719507, 37.32361885584570160, 65.99999999999808153 ) ) ;
#3377 = CARTESIAN_POINT ( 'NONE',  ( -247.5204427480210256, -10.75701815677270012, 12.66657089502509947 ) ) ;
#3378 = CARTESIAN_POINT ( 'NONE',  ( -94.12552570726930412, 36.28998889945119544, 86.99992777755048223 ) ) ;
#3379 = CARTESIAN_POINT ( 'NONE',  ( -38.36537911843630155, 39.23286489660419818, 50.66663158234430142 ) ) ;
#3380 = ADVANCED_FACE ( 'NONE', ( #4164 ), #2840, .T. ) ;
#3381 = ORIENTED_EDGE ( 'NONE', *, *, #4125, .F. ) ;
#3382 = CARTESIAN_POINT ( 'NONE',  ( -51.87729442493440501, -31.27618700413799857, 38.00000000000000000 ) ) ;
#3383 = CARTESIAN_POINT ( 'NONE',  ( -236.5146301466079990, -31.12707136224539894, 76.00000000000000000 ) ) ;
#3384 = CARTESIAN_POINT ( 'NONE',  ( -248.2654265176990123, -10.29615922868180000, 2.842170943040390646E-13 ) ) ;
#3385 = CARTESIAN_POINT ( 'NONE',  ( 303.5828208638599790, -4.844876744261310542, 50.66663158234050712 ) ) ;
#3386 = EDGE_CURVE ( 'NONE', #5784, #4030, #2592, .T. ) ;
#3387 = CARTESIAN_POINT ( 'NONE',  ( -101.6195854646069989, 36.61503108784999938, 50.66663158234050712 ) ) ;
#3388 = CARTESIAN_POINT ( 'NONE',  ( -211.5984221834839900, -34.88336301359969838, 12.66657089502520073 ) ) ;
#3389 = CARTESIAN_POINT ( 'NONE',  ( -130.6990591642559707, -35.66801476114889624, 50.66663158234050712 ) ) ;
#3391 = CARTESIAN_POINT ( 'NONE',  ( 281.9757045272859841, -15.69318840900379897, 86.99992777755048223 ) ) ;
#3390 = CARTESIAN_POINT ( 'NONE',  ( 18.83856725692310263, 38.28609651232169853, 2.842170943040400239E-13 ) ) ;
#3392 = CARTESIAN_POINT ( 'NONE',  ( -211.0280209962679976, -36.83213850833300285, 109.0000000000000000 ) ) ;
#3393 = CARTESIAN_POINT ( 'NONE',  ( -72.30691631800689834, 39.03225976599649982, 42.99999999999910472 ) ) ;
#3394 = EDGE_LOOP ( 'NONE', ( #986, #1391, #4677, #5275 ) ) ;
#3395 = VERTEX_POINT ( 'NONE', #3987 ) ;
#3396 = CARTESIAN_POINT ( 'NONE',  ( -204.8229663216019958, -36.25452402082170522, 50.66663158234430142 ) ) ;
#3398 = CARTESIAN_POINT ( 'NONE',  ( -241.1100942170869814, -7.611719407653820824, 76.00000000000000000 ) ) ;
#3397 = CARTESIAN_POINT ( 'NONE',  ( -238.1440671228269821, -2.143771167685079693, 43.00000000000000000 ) ) ;
#3399 = CARTESIAN_POINT ( 'NONE',  ( -149.8385905160310188, -36.60697013444489301, 66.00000000000000000 ) ) ;
#3400 = FACE_OUTER_BOUND ( 'NONE', #2833, .T. ) ;
#3402 = DIRECTION ( 'NONE',  ( 1.000000000000000000, 0.000000000000000000, 0.000000000000000000 ) ) ;
#3401 = CARTESIAN_POINT ( 'NONE',  ( -80.67896642476739544, 37.86420749294690324, 65.99999999999779732 ) ) ;
#3403 = VECTOR ( 'NONE', #478, 1000.000000000000000 ) ;
#3404 = CARTESIAN_POINT ( 'NONE',  ( -237.7847280883069914, 1.537767327071019929, 2.842170943040370451E-13 ) ) ;
#3405 = CARTESIAN_POINT ( 'NONE',  ( -49.63263075342779729, 38.05676919827039484, 108.9999999999819948 ) ) ;
#3406 = ORIENTED_EDGE ( 'NONE', *, *, #346, .F. ) ;
#3407 = FACE_OUTER_BOUND ( 'NONE', #2184, .T. ) ;
#3408 = CARTESIAN_POINT ( 'NONE',  ( 143.1281313767209724, 25.71594609977749712, 86.99992777755048223 ) ) ;
#3409 = CARTESIAN_POINT ( 'NONE',  ( 106.5769786550009997, -23.64272969193419982, 43.00000000000000000 ) ) ;
#3410 = EDGE_CURVE ( 'NONE', #548, #1025, #4689, .T. ) ;
#3411 = CARTESIAN_POINT ( 'NONE',  ( -218.4575152540339786, -35.50099388299560133, 76.00000000000000000 ) ) ;
#3412 = CARTESIAN_POINT ( 'NONE',  ( 339.0627535574249691, -13.12808670928120058, 109.0000000000000000 ) ) ;
#3413 = AXIS2_PLACEMENT_3D ( 'NONE', #4673, #4614, #1395 ) ;
#3414 = CARTESIAN_POINT ( 'NONE',  ( -194.9360258452680057, -36.65070384658649516, 50.66663158234050712 ) ) ;
#3415 = CYLINDRICAL_SURFACE ( 'NONE', #3057, 47.00000000000000000 ) ;
#3416 = CARTESIAN_POINT ( 'NONE',  ( 347.4553253040400023, -17.89195173573250131, 25.33323756169180285 ) ) ;
#3417 = CARTESIAN_POINT ( 'NONE',  ( -12.38589080202900128, 40.19079254859990158, 2.842170943040650150E-13 ) ) ;
#3418 = CARTESIAN_POINT ( 'NONE',  ( -72.65821984308939818, 39.94942504915439940, 2.842170943040450221E-13 ) ) ;
#3419 = CARTESIAN_POINT ( 'NONE',  ( -161.4150437566119933, 27.49194037035389826, 37.99999999999779732 ) ) ;
#3420 = CARTESIAN_POINT ( 'NONE',  ( -13.11583540027579886, 39.62167669340400522, 43.00000000000000000 ) ) ;
#3421 = ORIENTED_EDGE ( 'NONE', *, *, #3386, .T. ) ;
#3422 = CARTESIAN_POINT ( 'NONE',  ( 85.85506694715169829, 32.47980791832809899, 43.00000000000000000 ) ) ;
#3423 = VERTEX_POINT ( 'NONE', #3631 ) ;
#3424 = CARTESIAN_POINT ( 'NONE',  ( -70.87507619477170806, -32.44279493966690353, 76.00000000000000000 ) ) ;
#3425 = FACE_OUTER_BOUND ( 'NONE', #992, .T. ) ;
#3427 = CARTESIAN_POINT ( 'NONE',  ( -235.9491860101900045, -3.063983193864769916, 76.00000000000000000 ) ) ;
#3426 = CARTESIAN_POINT ( 'NONE',  ( -246.1607345121839785, -23.75482054830849776, 43.00000000000000000 ) ) ;
#3428 = CARTESIAN_POINT ( 'NONE',  ( -190.2487847844780049, 18.88297876103179718, 58.33329824900850014 ) ) ;
#3429 = EDGE_CURVE ( 'NONE', #2820, #2844, #4967, .T. ) ;
#3430 = EDGE_CURVE ( 'NONE', #2395, #1024, #2305, .T. ) ;
#3431 = VECTOR ( 'NONE', #4874, 1000.000000000000114 ) ;
#3432 = VERTEX_POINT ( 'NONE', #436 ) ;
#3433 = CARTESIAN_POINT ( 'NONE',  ( 126.5027553979259949, -22.94195710423849732, 38.00000000000000000 ) ) ;
#3435 = CARTESIAN_POINT ( 'NONE',  ( -185.6680218061709979, -36.57030574690990221, 38.00000000000000000 ) ) ;
#3434 = CARTESIAN_POINT ( 'NONE',  ( -38.79335558655959915, 38.80201191562720453, 75.99999999998421174 ) ) ;
#3436 = CARTESIAN_POINT ( 'NONE',  ( -7.752785048741769991, 38.61962395859689678, 97.99992777754580686 ) ) ;
#3437 = ORIENTED_EDGE ( 'NONE', *, *, #560, .T. ) ;
#3438 = CARTESIAN_POINT ( 'NONE',  ( 195.2593407273490129, 17.74023150753779987, 86.99992777755039697 ) ) ;
#3439 = CARTESIAN_POINT ( 'NONE',  ( 45.57935299744290347, 36.26366790385089445, 66.00000000000000000 ) ) ;
#3440 = CARTESIAN_POINT ( 'NONE',  ( -217.8364728741159979, -35.78520123114469698, 86.99992777755059592 ) ) ;
#3441 = CARTESIAN_POINT ( 'NONE',  ( -222.7075525961270159, 9.678632723028629314, 2.842170943040370451E-13 ) ) ;
#3442 = CARTESIAN_POINT ( 'NONE',  ( 284.5814852664230443, -0.6689920854975810460, 38.00000000000000000 ) ) ;
#3443 = ADVANCED_FACE ( 'NONE', ( #905 ), #3730, .T. ) ;
#3444 = CARTESIAN_POINT ( 'NONE',  ( -204.0072273835959891, -36.61363016730380338, 66.00000000000000000 ) ) ;
#3445 = CARTESIAN_POINT ( 'NONE',  ( -226.1547550901010197, -33.14822316896550092, 25.33323756169160035 ) ) ;
#3446 = CARTESIAN_POINT ( 'NONE',  ( 105.3495683916350032, 30.59370779592060074, 50.66663158254770138 ) ) ;
#3447 = CARTESIAN_POINT ( 'NONE',  ( 31.54754242871840475, 36.98946604638289415, 66.00000000000000000 ) ) ;
#3448 = CARTESIAN_POINT ( 'NONE',  ( -131.4410943179060212, 33.13553903344820384, 38.00000000000419931 ) ) ;
#3449 = CARTESIAN_POINT ( 'NONE',  ( -29.89921522201919757, 39.44938012008240236, 43.00000000000309797 ) ) ;
#3450 = CARTESIAN_POINT ( 'NONE',  ( 47.22177916346469573, -26.48523883372009990, 38.00000000000000000 ) ) ;
#3451 = EDGE_LOOP ( 'NONE', ( #5101, #5311, #807, #2949, #3844, #1578 ) ) ;
#3452 = CARTESIAN_POINT ( 'NONE',  ( 167.4789018916779924, 21.53902318867449850, 2.842170943040400239E-13 ) ) ;
#3453 = CLOSED_SHELL ( 'NONE', ( #2631, #2065, #3843, #3714, #3992, #41, #2253, #2810, #2174, #2552, #3380, #4589, #2393, #2374, #5147, #2832, #4557, #5280, #1787, #3049, #1246, #1752, #2482, #3083, #2013, #2446, #4847, #1558, #2373, #5749 ) ) ;
#3454 = EDGE_LOOP ( 'NONE', ( #4446, #2302, #1871, #3250 ) ) ;
#3455 = CYLINDRICAL_SURFACE ( 'NONE', #783, 20.00000000000000000 ) ;
#3456 = DIRECTION ( 'NONE',  ( 0.000000000000000000, 0.000000000000000000, 1.000000000000000000 ) ) ;
#3458 = CARTESIAN_POINT ( 'NONE',  ( -233.6350491211699989, -1.261578585985229983, 76.00000000000000000 ) ) ;
#3457 = CARTESIAN_POINT ( 'NONE',  ( -235.4377857165690102, -0.05809107544379190496, 43.00000000000000000 ) ) ;
#3459 = CARTESIAN_POINT ( 'NONE',  ( -130.7318991648870110, 32.34955837741079421, 66.00000000000169109 ) ) ;
#3460 = EDGE_CURVE ( 'NONE', #2841, #3037, #2182, .T. ) ;
#3461 = B_SPLINE_CURVE_WITH_KNOTS ( 'NONE', 3,
 ( #528, #5, #3199, #3145, #4925, #2252 ),
 .UNSPECIFIED., .F., .F.,
 ( 4, 2, 4 ),
 ( -1.668492887917439882, -0.8342464439587209402, -2.220446049250313081E-16 ),
 .UNSPECIFIED. ) ;
#3462 = CARTESIAN_POINT ( 'NONE',  ( 17.51573185999390248, 37.71526418891490096, 66.00000000000000000 ) ) ;
#3463 = B_SPLINE_SURFACE_WITH_KNOTS ( 'NONE', 3, 3, ( 
 ( #511, #1845, #3748, #3307 ),
 ( #5534, #5097, #2354, #3651 ),
 ( #3717, #71, #2329, #4121 ),
 ( #3684, #3244, #1051, #5471 ) ),
 .UNSPECIFIED., .F., .F., .F.,
 ( 4, 4 ),
 ( 4, 4 ),
 ( 0.000000000000000000, 1.000000000000000000 ),
 ( 0.000000000000000000, 0.01691886720496220062 ),
 .UNSPECIFIED. ) ;
#3465 = CARTESIAN_POINT ( 'NONE',  ( -160.6715279777779983, -36.60556141936040575, 43.00000000000000000 ) ) ;
#3464 = CARTESIAN_POINT ( 'NONE',  ( -60.59214136375049975, 38.50272434074229722, 75.99999999999690203 ) ) ;
#3466 = EDGE_CURVE ( 'NONE', #3369, #2560, #4191, .T. ) ;
#3467 = CARTESIAN_POINT ( 'NONE',  ( -21.69930776456689969, 39.42272784463279578, 50.66663158234089792 ) ) ;
#3468 = ORIENTED_EDGE ( 'NONE', *, *, #971, .T. ) ;
#3469 = CARTESIAN_POINT ( 'NONE',  ( 103.8620583927880006, 30.84347462550629970, 86.99992777755048223 ) ) ;
#3470 = CARTESIAN_POINT ( 'NONE',  ( 284.2102292561649506, 1.266324619319429967, 109.0000000000000000 ) ) ;
#3471 = CARTESIAN_POINT ( 'NONE',  ( 204.0926462478380188, -18.66597553142999999, 76.00000000000000000 ) ) ;
#3472 = CARTESIAN_POINT ( 'NONE',  ( 328.6284722090210266, -10.56002735241890100, 66.00000000000000000 ) ) ;
#3473 = CARTESIAN_POINT ( 'NONE',  ( -221.5706666390319981, -33.90605776016629846, 12.66657089502520073 ) ) ;
#3474 = CARTESIAN_POINT ( 'NONE',  ( -150.7725197509369934, -36.26186904175320080, 43.00000000000000000 ) ) ;
#3475 = CARTESIAN_POINT ( 'NONE',  ( -78.19439756946491116, 39.56188771755359568, 2.842170943040450221E-13 ) ) ;
#3476 = CARTESIAN_POINT ( 'NONE',  ( -206.8083259067290101, 15.54825949877020008, 12.66657089502520073 ) ) ;
#3477 = CARTESIAN_POINT ( 'NONE',  ( 46.88575449378559767, -25.82694803838539954, 86.99992777755048223 ) ) ;
#3478 = DIRECTION ( 'NONE',  ( -1.540743955509790051E-33, 7.202571872255701478E-15, 1.000000000000000000 ) ) ;
#3479 = ORIENTED_EDGE ( 'NONE', *, *, #3626, .F. ) ;
#3480 = CARTESIAN_POINT ( 'NONE',  ( 287.4788984708349631, -19.92099996041150334, 2.842170943040400239E-13 ) ) ;
#3481 = EDGE_LOOP ( 'NONE', ( #1591, #576, #1755, #1505 ) ) ;
#3482 = CARTESIAN_POINT ( 'NONE',  ( -89.93410864267330851, -33.75646746983639446, 97.99992777755049644 ) ) ;
#3483 = CARTESIAN_POINT ( 'NONE',  ( -50.86644253454009856, -31.32053332136550239, 97.99992777755049644 ) ) ;
#3485 = CARTESIAN_POINT ( 'NONE',  ( -242.8999236367089907, -26.39505486152490121, 86.99992777755048223 ) ) ;
#3484 = CARTESIAN_POINT ( 'NONE',  ( -245.3556585944529900, -11.08886025276560083, 43.00000000000000000 ) ) ;
#3486 = CARTESIAN_POINT ( 'NONE',  ( -131.3592715789139902, 32.74063367598840557, 50.66663158234150188 ) ) ;
#3487 = B_SPLINE_SURFACE_WITH_KNOTS ( 'NONE', 3, 3, ( 
 ( #2464, #4228, #5486, #1536 ),
 ( #4254, #235, #208, #3382 ),
 ( #2008, #3817, #1119, #4721 ),
 ( #670, #1446, #4749, #826 ) ),
 .UNSPECIFIED., .F., .F., .F.,
 ( 4, 4 ),
 ( 4, 4 ),
 ( 0.000000000000000000, 1.000000000000000000 ),
 ( 0.000000000000000000, 0.01691886720496220062 ),
 .UNSPECIFIED. ) ;
#3488 = EDGE_CURVE ( 'NONE', #2362, #191, #4537, .T. ) ;
#3489 = ORIENTED_EDGE ( 'NONE', *, *, #1097, .T. ) ;
#3491 = CARTESIAN_POINT ( 'NONE',  ( 46.96153786633590244, -25.97419989698989795, 76.00000000000000000 ) ) ;
#3490 = CARTESIAN_POINT ( 'NONE',  ( -101.3450151537270045, 36.24244132597059576, 66.00000000000000000 ) ) ;
#3492 = CARTESIAN_POINT ( 'NONE',  ( -242.0819163769810132, -4.775587150399400294, 38.00000000000000000 ) ) ;
#3493 = CARTESIAN_POINT ( 'NONE',  ( -49.72034365971929759, 38.97384692773400161, 58.33329824901130678 ) ) ;
#3494 = ORIENTED_EDGE ( 'NONE', *, *, #4118, .F. ) ;
#3495 = ORIENTED_EDGE ( 'NONE', *, *, #5167, .T. ) ;
#3496 = CARTESIAN_POINT ( 'NONE',  ( 324.3622194445450191, -17.13098794573089734, 43.00000000000000000 ) ) ;
#3497 = CARTESIAN_POINT ( 'NONE',  ( -237.4969291720510114, -30.92471750061299929, 109.0000000000000000 ) ) ;
#3498 = EDGE_CURVE ( 'NONE', #2514, #4998, #4393, .T. ) ;
#3499 = CARTESIAN_POINT ( 'NONE',  ( -249.2402042120949943, -12.19360834871319987, 2.842170943040390646E-13 ) ) ;
#3500 = CARTESIAN_POINT ( 'NONE',  ( -105.5413111266319959, -34.41709183751429890, 66.00000000000000000 ) ) ;
#3501 = B_SPLINE_CURVE_WITH_KNOTS ( 'NONE', 3,
 ( #571, #1491, #102, #4182, #1933, #542 ),
 .UNSPECIFIED., .F., .F.,
 ( 4, 2, 4 ),
 ( -2.977196413117369822, -1.488598206558680026, 0.000000000000000000 ),
 .UNSPECIFIED. ) ;
#3502 = CARTESIAN_POINT ( 'NONE',  ( 224.6775128991359907, 11.88906851495219996, 38.00000000000000000 ) ) ;
#3503 = CARTESIAN_POINT ( 'NONE',  ( -243.0722426379479941, -27.79445508418229949, 43.00000000000000000 ) ) ;
#3504 = CARTESIAN_POINT ( 'NONE',  ( -244.0923117999900001, -27.56784882907350109, 2.842170943040400239E-13 ) ) ;
#3505 = CARTESIAN_POINT ( 'NONE',  ( 345.5106320601910284, -17.16208941635470353, 38.00000000000000000 ) ) ;
#3506 = CARTESIAN_POINT ( 'NONE',  ( 57.13182768878699846, -26.02993887246659810, 38.00000000000000000 ) ) ;
#3507 = CARTESIAN_POINT ( 'NONE',  ( -222.0766615335140273, 9.210008071058009449, 12.66657089502520073 ) ) ;
#3508 = CARTESIAN_POINT ( 'NONE',  ( 294.9894650211580256, -17.87816360044029906, 38.00000000000000000 ) ) ;
#3509 = CARTESIAN_POINT ( 'NONE',  ( 47.03032443294619469, -26.10822865952409799, 66.00000000000000000 ) ) ;
#3510 = EDGE_CURVE ( 'NONE', #4322, #5069, #3705, .T. ) ;
#3511 = ORIENTED_EDGE ( 'NONE', *, *, #3985, .T. ) ;
#3512 = CARTESIAN_POINT ( 'NONE',  ( 222.1061676593240009, -16.63998209042600251, 109.0000000000000000 ) ) ;
#3513 = ORIENTED_EDGE ( 'NONE', *, *, #152, .T. ) ;
#3514 = CARTESIAN_POINT ( 'NONE',  ( 346.5030119523300414, -18.63732066855479985, 12.66657089490569987 ) ) ;
#3515 = CARTESIAN_POINT ( 'NONE',  ( 234.2943285905489859, 9.957444941313010389, 43.00000000000000000 ) ) ;
#3517 = CARTESIAN_POINT ( 'NONE',  ( 315.3314553022939890, -6.189583176124150654, 97.99992777755049644 ) ) ;
#3516 = CARTESIAN_POINT ( 'NONE',  ( -219.7805372992889943, 7.071218009191779785, 66.00000000000119371 ) ) ;
#3518 = CARTESIAN_POINT ( 'NONE',  ( -204.7365341606729885, 13.92598517283209958, 58.33329824901120020 ) ) ;
#3519 = ORIENTED_EDGE ( 'NONE', *, *, #4511, .T. ) ;
#3520 = CARTESIAN_POINT ( 'NONE',  ( 0.000000000000000000, 3.036752289871450176E-20, 2.642330798607870547E-13 ) ) ;
#3522 = DIRECTION ( 'NONE',  ( 0.000000000000000000, 0.000000000000000000, 1.000000000000000000 ) ) ;
#3521 = CARTESIAN_POINT ( 'NONE',  ( 243.1461726418569924, 8.403627837578879323, 58.33329824900719984 ) ) ;
#3523 = CARTESIAN_POINT ( 'NONE',  ( -101.7564463244339947, 36.80226639677959355, 43.00000000000000000 ) ) ;
#3524 = VERTEX_POINT ( 'NONE', #4427 ) ;
#3525 = CARTESIAN_POINT ( 'NONE',  ( 324.9957588250730396, -10.39688905490259963, 43.00000000000000000 ) ) ;
#3526 = EDGE_CURVE ( 'NONE', #1710, #1024, #5246, .T. ) ;
#3527 = CARTESIAN_POINT ( 'NONE',  ( 279.2357071539789786, 2.383103477351720123, 109.0000000000000000 ) ) ;
#3528 = CARTESIAN_POINT ( 'NONE',  ( 226.5364722874169843, 11.12518244139450196, 12.66657089502520073 ) ) ;
#3529 = ADVANCED_FACE ( 'NONE', ( #2850 ), #5140, .T. ) ;
#3530 = CARTESIAN_POINT ( 'NONE',  ( 309.8201436491539766, -13.80134076879819993, 109.0000000000000000 ) ) ;
#3531 = CARTESIAN_POINT ( 'NONE',  ( -110.7014041767979933, -34.63386170792729501, 58.33329824900719984 ) ) ;
#3532 = CARTESIAN_POINT ( 'NONE',  ( -35.80620451342700505, -30.44529057740500022, 33.00000000000000000 ) ) ;
#3533 = CARTESIAN_POINT ( 'NONE',  ( -201.8182652510569994, 17.21596795226320253, 12.66657089502520073 ) ) ;
#3534 = CARTESIAN_POINT ( 'NONE',  ( -11.71840122920390037, -28.86943549061249925, 109.0000000000000000 ) ) ;
#3535 = DIRECTION ( 'NONE',  ( 0.000000000000000000, 0.000000000000000000, 1.000000000000000000 ) ) ;
#3536 = VERTEX_POINT ( 'NONE', #2234 ) ;
#3537 = CARTESIAN_POINT ( 'NONE',  ( 177.8013843375330225, 20.21830313334309892, 50.66663158234050712 ) ) ;
#3538 = ORIENTED_EDGE ( 'NONE', *, *, #4772, .F. ) ;
#3539 = DIRECTION ( 'NONE',  ( 1.000000000000000000, 0.000000000000000000, 0.000000000000000000 ) ) ;
#3540 = CARTESIAN_POINT ( 'NONE',  ( -206.1714675649260187, -35.65354534960389543, 25.33323756169180285 ) ) ;
#3542 = CARTESIAN_POINT ( 'NONE',  ( -72.00447046794300832, 37.62559525607449729, 108.9999999999970015 ) ) ;
#3541 = CARTESIAN_POINT ( 'NONE',  ( -244.7590450820960086, -13.41063363798799912, 66.00000000000000000 ) ) ;
#3543 = CARTESIAN_POINT ( 'NONE',  ( -210.5814858459430070, 12.31705622117490151, 43.00000000000229505 ) ) ;
#3544 = CARTESIAN_POINT ( 'NONE',  ( -30.15257821498979851, 38.59310474144779590, 97.99992777753111284 ) ) ;
#3545 = VERTEX_POINT ( 'NONE', #872 ) ;
#3547 = CARTESIAN_POINT ( 'NONE',  ( -120.2968740405659958, 33.10905586900850039, 86.99992777755409179 ) ) ;
#3546 = CARTESIAN_POINT ( 'NONE',  ( -13.34887665185980055, 39.31676563256080215, 66.00000000000000000 ) ) ;
#3548 = CARTESIAN_POINT ( 'NONE',  ( -242.0819163769810132, -4.775587150399400294, 38.00000000000000000 ) ) ;
#3549 = CARTESIAN_POINT ( 'NONE',  ( -22.09936045546340111, -29.71467733019089863, 43.00000000000000000 ) ) ;
#3550 = ORIENTED_EDGE ( 'NONE', *, *, #5540, .F. ) ;
#3551 = ORIENTED_EDGE ( 'NONE', *, *, #516, .T. ) ;
#3552 = CARTESIAN_POINT ( 'NONE',  ( -240.0392672047140081, -29.47817176076009815, 38.00000000000000000 ) ) ;
#3553 = CARTESIAN_POINT ( 'NONE',  ( -241.5939982076230024, -26.77509210123350059, 109.0000000000000000 ) ) ;
#3554 = CARTESIAN_POINT ( 'NONE',  ( -202.3057633310380083, -37.35355787673370287, 97.99992777755049644 ) ) ;
#3555 = CARTESIAN_POINT ( 'NONE',  ( 45.30124593464310578, 36.22278765255860122, 76.00000000000000000 ) ) ;
#3556 = ADVANCED_FACE ( 'NONE', ( #2695 ), #1815, .F. ) ;
#3557 = CARTESIAN_POINT ( 'NONE',  ( 311.3689600949909959, -14.94091810471359949, 86.99992777755048223 ) ) ;
#3558 = CARTESIAN_POINT ( 'NONE',  ( 221.0101008621290077, 12.61324817896980122, 43.00000000000000000 ) ) ;
#3559 = CARTESIAN_POINT ( 'NONE',  ( 96.77202179007629468, -24.20873902745270101, 38.00000000000000000 ) ) ;
#3560 = CARTESIAN_POINT ( 'NONE',  ( -216.0446154515310013, 11.01841943486260078, 25.33323756169150087 ) ) ;
#3561 = CARTESIAN_POINT ( 'NONE',  ( 186.4708154861820049, -21.11443884545450089, 25.33323756169180285 ) ) ;
#3562 = CARTESIAN_POINT ( 'NONE',  ( 309.0828397670960044, -4.317569670842040352, 109.0000000000000000 ) ) ;
#3563 = DIRECTION ( 'NONE',  ( 0.000000000000000000, -1.000000000000000000, 0.000000000000000000 ) ) ;
#3564 = EDGE_LOOP ( 'NONE', ( #1325, #4119, #281, #4416 ) ) ;
#3565 = CARTESIAN_POINT ( 'NONE',  ( -109.1261509760349924, -35.09100510622110392, 109.0000000000000000 ) ) ;
#3566 = VERTEX_POINT ( 'NONE', #682 ) ;
#3567 = DIRECTION ( 'NONE',  ( -0.9873229901924222007, 0.1587240153143010257, -1.144179313942149469E-15 ) ) ;
#3568 = CARTESIAN_POINT ( 'NONE',  ( -205.4971758676169884, -35.95441651529900184, 38.00000000000000000 ) ) ;
#3570 = CARTESIAN_POINT ( 'NONE',  ( -79.80938047571110872, 36.95317584583310122, 108.9999999999949978 ) ) ;
#3569 = CARTESIAN_POINT ( 'NONE',  ( -242.5041220621269815, -8.895917704267350956, 66.00000000000000000 ) ) ;
#3571 = CARTESIAN_POINT ( 'NONE',  ( -219.6115215859200021, 7.637667489155820277, 58.33329824900830118 ) ) ;
#3572 = CARTESIAN_POINT ( 'NONE',  ( -13.18313022765240028, 39.18021489440640437, 75.99999999999590727 ) ) ;
#3573 = VERTEX_POINT ( 'NONE', #3745 ) ;
#3575 = CARTESIAN_POINT ( 'NONE',  ( -130.7150867961890128, 32.03172600892220601, 76.00000000000480327 ) ) ;
#3574 = CARTESIAN_POINT ( 'NONE',  ( -12.33221668154549988, -29.27863694323179899, 25.33323756169180285 ) ) ;
#3576 = CARTESIAN_POINT ( 'NONE',  ( 204.5390467397830037, -19.02889715518000102, 66.00000000000000000 ) ) ;
#3577 = CARTESIAN_POINT ( 'NONE',  ( -244.8307642550329888, -25.99201657471889959, 38.00000000000000000 ) ) ;
#3578 = B_SPLINE_CURVE_WITH_KNOTS ( 'NONE', 3,
 ( #196, #663, #3807, #2954, #2873, #2481 ),
 .UNSPECIFIED., .F., .F.,
 ( 4, 2, 4 ),
 ( -2.010748996281779721, -1.047232990452289902, 0.000000000000000000 ),
 .UNSPECIFIED. ) ;
#3579 = CARTESIAN_POINT ( 'NONE',  ( -100.7699671630349911, 35.46939130955610153, 97.99992777755049644 ) ) ;
#3580 = ORIENTED_EDGE ( 'NONE', *, *, #735, .F. ) ;
#3581 = ORIENTED_EDGE ( 'NONE', *, *, #1021, .T. ) ;
#3582 = CARTESIAN_POINT ( 'NONE',  ( -71.42244911600049306, -32.35243585293580537, 50.66663158234040054 ) ) ;
#3583 = CARTESIAN_POINT ( 'NONE',  ( 47.18771486212400390, -26.41772864179730007, 43.00000000000000000 ) ) ;
#3584 = B_SPLINE_CURVE_WITH_KNOTS ( 'NONE', 3,
 ( #4782, #3500, #4341, #355, #1274, #3933 ),
 .UNSPECIFIED., .F., .F.,
 ( 4, 2, 4 ),
 ( -2.957901169179990131, -1.478950584589989736, 4.440892098500626162E-16 ),
 .UNSPECIFIED. ) ;
#3585 = CARTESIAN_POINT ( 'NONE',  ( -25.24052323523389774, 39.64739571285399933, 33.00000000000000000 ) ) ;
#3586 = CARTESIAN_POINT ( 'NONE',  ( 337.4789042227670279, -19.44098332280000108, 2.842170943040400239E-13 ) ) ;
#3587 = B_SPLINE_CURVE_WITH_KNOTS ( 'NONE', 3,
 ( #3910, #834, #742, #2134, #2648, #3509 ),
 .UNSPECIFIED., .F., .F.,
 ( 4, 2, 4 ),
 ( -5.913724264882860737, -2.956862132441430369, 0.000000000000000000 ),
 .UNSPECIFIED. ) ;
#3588 = CARTESIAN_POINT ( 'NONE',  ( 349.9262753426310155, -16.84054785855909842, 43.00000000000000000 ) ) ;
#3589 = CARTESIAN_POINT ( 'NONE',  ( -70.16384134247860516, -32.55557694385790768, 109.0000000000000000 ) ) ;
#3590 = B_SPLINE_CURVE_WITH_KNOTS ( 'NONE', 3,
 ( #5319, #420, #1279, #1330 ),
 .UNSPECIFIED., .F., .F.,
 ( 4, 4 ),
 ( 0.01914501489605319878, 0.02938523722594680102 ),
 .UNSPECIFIED. ) ;
#3591 = CARTESIAN_POINT ( 'NONE',  ( -130.4237766191350261, -35.76069781369719891, 58.33329824900710037 ) ) ;
#3592 = ORIENTED_EDGE ( 'NONE', *, *, #4696, .F. ) ;
#3593 = CARTESIAN_POINT ( 'NONE',  ( 207.3904078319449980, 14.35494639030339847, 2.842170943040400239E-13 ) ) ;
#3594 = CARTESIAN_POINT ( 'NONE',  ( 333.5324011450839521, -12.60330986452620117, 43.00000000000000000 ) ) ;
#3595 = CARTESIAN_POINT ( 'NONE',  ( 323.2134660203829526, -9.187393882718190241, 66.00000000000000000 ) ) ;
#3597 = CARTESIAN_POINT ( 'NONE',  ( 314.4854693861789769, -5.637973249472570281, 109.0000000000000000 ) ) ;
#3596 = CARTESIAN_POINT ( 'NONE',  ( -246.1501268677319842, -18.93396527425499798, 66.00000000000000000 ) ) ;
#3598 = CARTESIAN_POINT ( 'NONE',  ( -231.6766457337979830, 1.544614160184740070, 50.66663158234089792 ) ) ;
#3599 = ORIENTED_EDGE ( 'NONE', *, *, #2701, .F. ) ;
#3600 = EDGE_CURVE ( 'NONE', #2484, #2287, #600, .T. ) ;
#3602 = CARTESIAN_POINT ( 'NONE',  ( 125.2392174003039997, -21.72388446070090140, 86.99992777755048223 ) ) ;
#3601 = FACE_OUTER_BOUND ( 'NONE', #2752, .T. ) ;
#3603 = CARTESIAN_POINT ( 'NONE',  ( -190.5612814145470111, 19.72896532152200066, 37.99999999999819522 ) ) ;
#3604 = CARTESIAN_POINT ( 'NONE',  ( -80.38210574353639970, 38.06330936662659781, 58.33329824900500427 ) ) ;
#3605 = VERTEX_POINT ( 'NONE', #4292 ) ;
#3606 = EDGE_LOOP ( 'NONE', ( #4188, #1149, #4451, #3159 ) ) ;
#3607 = CARTESIAN_POINT ( 'NONE',  ( -228.6065186837240049, -33.15271152170440416, 58.33329824900729932 ) ) ;
#3608 = ORIENTED_EDGE ( 'NONE', *, *, #3194, .F. ) ;
#3609 = CARTESIAN_POINT ( 'NONE',  ( -99.70087338734600735, -34.37522630010139579, 97.99992777755049644 ) ) ;
#3610 = PRODUCT_DEFINITION_CONTEXT ( 'detailed design', #4980, 'design' ) ;
#3611 = CARTESIAN_POINT ( 'NONE',  ( -13.27954428742940074, 39.75267678460270560, 33.00000000000280664 ) ) ;
#3612 = CARTESIAN_POINT ( 'NONE',  ( -239.8238537186080066, -29.34285125444599984, 2.842170943040400239E-13 ) ) ;
#3613 = CARTESIAN_POINT ( 'NONE',  ( 348.1195062678770000, -15.50075036847029963, 66.00000000000000000 ) ) ;
#3614 = CARTESIAN_POINT ( 'NONE',  ( 342.9794987465800205, -15.99745287528770277, 58.33329824900719984 ) ) ;
#3615 = CARTESIAN_POINT ( 'NONE',  ( 281.9757045272859841, -15.69318840900379897, 86.99992777755048223 ) ) ;
#3616 = EDGE_CURVE ( 'NONE', #5397, #5798, #2867, .T. ) ;
#3617 = CARTESIAN_POINT ( 'NONE',  ( -219.0221710441969947, -35.24182434221170013, 66.00000000000000000 ) ) ;
#3618 = ORIENTED_EDGE ( 'NONE', *, *, #3305, .T. ) ;
#3619 = CARTESIAN_POINT ( 'NONE',  ( 328.6284722090210266, -10.56002735241890100, 66.00000000000000000 ) ) ;
#3620 = CARTESIAN_POINT ( 'NONE',  ( 96.67876802285469751, -24.10522951691139681, 43.00000000000000000 ) ) ;
#3622 = CARTESIAN_POINT ( 'NONE',  ( 290.3270335573310490, -14.36716381357749839, 109.0000000000000000 ) ) ;
#3621 = CARTESIAN_POINT ( 'NONE',  ( -160.7813202732059779, 26.53256864040220009, 65.99999999999889155 ) ) ;
#3623 = CARTESIAN_POINT ( 'NONE',  ( 112.7494564050250005, 29.75216791885409862, 109.0000000000000000 ) ) ;
#3624 = CARTESIAN_POINT ( 'NONE',  ( -219.9946123130220030, 8.364465056609571292, 43.00000000000079581 ) ) ;
#3625 = VERTEX_POINT ( 'NONE', #1047 ) ;
#3626 = EDGE_CURVE ( 'NONE', #58, #1981, #1301, .T. ) ;
#3628 = CARTESIAN_POINT ( 'NONE',  ( -159.1284317436999913, 25.68733752016470007, 97.99992777755760187 ) ) ;
#3627 = CARTESIAN_POINT ( 'NONE',  ( 27.45367472682460175, -27.66550097109739781, 12.66657089502520073 ) ) ;
#3629 = CARTESIAN_POINT ( 'NONE',  ( -99.38557619144690136, -34.45714811028860680, 109.0000000000000000 ) ) ;
#3630 = CARTESIAN_POINT ( 'NONE',  ( -245.6487861836809827, -10.90992744409300030, 38.00000000000000000 ) ) ;
#3631 = CARTESIAN_POINT ( 'NONE',  ( 225.6093564866160079, -19.41983550513660006, 38.00000000000000000 ) ) ;
#3632 = ORIENTED_EDGE ( 'NONE', *, *, #5581, .F. ) ;
#3633 = EDGE_LOOP ( 'NONE', ( #5582, #2153, #5071, #3150 ) ) ;
#3634 = CARTESIAN_POINT ( 'NONE',  ( -209.1205008977629802, -36.00744576402310315, 58.33329824900719984 ) ) ;
#3635 = ORIENTED_EDGE ( 'NONE', *, *, #899, .T. ) ;
#3636 = CARTESIAN_POINT ( 'NONE',  ( -188.7298935885090145, -37.37870717402389431, 76.00000000000000000 ) ) ;
#3637 = CARTESIAN_POINT ( 'NONE',  ( -217.0458046265210044, -36.25552881898019564, 109.0000000000000000 ) ) ;
#3638 = CARTESIAN_POINT ( 'NONE',  ( 317.4789191474720269, -19.56098748220280115, 2.842170943040400239E-13 ) ) ;
#3639 = CARTESIAN_POINT ( 'NONE',  ( 344.5489918338470261, -17.16779448846450151, 38.00000000000000000 ) ) ;
#3640 = CARTESIAN_POINT ( 'NONE',  ( 323.8060387135739688, -16.71226350894270141, 50.66663158234050712 ) ) ;
#3641 = CARTESIAN_POINT ( 'NONE',  ( -238.3532497233739775, -30.32944929609910290, 66.00000000000000000 ) ) ;
#3642 = ORIENTED_EDGE ( 'NONE', *, *, #2266, .F. ) ;
#3643 = CARTESIAN_POINT ( 'NONE',  ( 163.8840822113800186, 22.76793559807019918, 66.00000000000000000 ) ) ;
#3644 = CARTESIAN_POINT ( 'NONE',  ( 349.9262753426310155, -16.84054785855909842, 43.00000000000000000 ) ) ;
#3646 = CARTESIAN_POINT ( 'NONE',  ( -12.26317923222210027, -29.23327571069039976, 34.66666500859229672 ) ) ;
#3645 = CARTESIAN_POINT ( 'NONE',  ( -202.3057633310380083, -37.35355787673370287, 97.99992777755049644 ) ) ;
#3647 = CARTESIAN_POINT ( 'NONE',  ( -249.1692373352559855, -20.27819569066070216, 12.66657089502520073 ) ) ;
#3648 = CARTESIAN_POINT ( 'NONE',  ( -214.8215978867150113, 10.10508287148570084, 50.66663158234150188 ) ) ;
#3649 = ORIENTED_EDGE ( 'NONE', *, *, #4808, .F. ) ;
#3650 = ORIENTED_EDGE ( 'NONE', *, *, #4876, .T. ) ;
#3652 = CARTESIAN_POINT ( 'NONE',  ( 145.1645458693899968, -21.07497407211929996, 76.00000000000000000 ) ) ;
#3651 = CARTESIAN_POINT ( 'NONE',  ( -180.7117028954320119, -36.56073021446989912, 38.00000000000000000 ) ) ;
#3653 = B_SPLINE_CURVE_WITH_KNOTS ( 'NONE', 3,
 ( #738, #3056, #300, #329 ),
 .UNSPECIFIED., .F., .F.,
 ( 4, 4 ),
 ( 0.000000000000000000, 0.01691886720494530094 ),
 .UNSPECIFIED. ) ;
#3654 = EDGE_CURVE ( 'NONE', #146, #1351, #4951, .T. ) ;
#3655 = CARTESIAN_POINT ( 'NONE',  ( -246.0300993538309910, -11.66593493752650090, 38.00000000000000000 ) ) ;
#3656 = B_SPLINE_CURVE_WITH_KNOTS ( 'NONE', 3,
 ( #4777, #4274, #229, #5306, #4390, #5249 ),
 .UNSPECIFIED., .F., .F.,
 ( 4, 2, 4 ),
 ( -1.988993260464339885, -0.9944966302321679441, 0.000000000000000000 ),
 .UNSPECIFIED. ) ;
#3657 = CARTESIAN_POINT ( 'NONE',  ( -102.5211011773509995, 37.85900033031940382, 2.842170943040400239E-13 ) ) ;
#3658 = EDGE_CURVE ( 'NONE', #2245, #1607, #5603, .T. ) ;
#3659 = ORIENTED_EDGE ( 'NONE', *, *, #5766, .F. ) ;
#3660 = ORIENTED_EDGE ( 'NONE', *, *, #1017, .F. ) ;
#3661 = CARTESIAN_POINT ( 'NONE',  ( -229.5008218477039748, -32.72109941584530191, 43.00000000000000000 ) ) ;
#3663 = CARTESIAN_POINT ( 'NONE',  ( 290.0131441965990007, -0.3403174831233239939, 97.99992777755049644 ) ) ;
#3662 = FACE_OUTER_BOUND ( 'NONE', #2728, .T. ) ;
#3664 = CARTESIAN_POINT ( 'NONE',  ( -231.8309113761519882, -2.446534226860180183, 109.0000000000000000 ) ) ;
#3665 = CARTESIAN_POINT ( 'NONE',  ( 351.3132219585390317, -17.87667170653739745, 25.33323756147549943 ) ) ;
#3666 = ORIENTED_EDGE ( 'NONE', *, *, #2064, .T. ) ;
#3667 = EDGE_CURVE ( 'NONE', #1165, #4179, #3143, .T. ) ;
#3668 = CARTESIAN_POINT ( 'NONE',  ( 316.5909530592600163, -18.87612237512320235, 12.66657089510979972 ) ) ;
#3669 = EDGE_CURVE ( 'NONE', #2214, #2462, #2365, .T. ) ;
#3670 = CARTESIAN_POINT ( 'NONE',  ( -240.3162545178170149, -28.45438887192999999, 109.0000000000000000 ) ) ;
#3671 = CARTESIAN_POINT ( 'NONE',  ( 205.7876128454039701, -20.05288806353009790, 38.00000000000000000 ) ) ;
#3672 = CARTESIAN_POINT ( 'NONE',  ( -205.4971758676169884, -35.95441651529900184, 38.00000000000000000 ) ) ;
#3673 = CARTESIAN_POINT ( 'NONE',  ( -221.4879571484349867, 5.494875299704800931, 76.00000000000000000 ) ) ;
#3674 = CARTESIAN_POINT ( 'NONE',  ( 47.00000000000000000, 1.188424662597388516E-13, 33.00000000000000000 ) ) ;
#3675 = B_SPLINE_SURFACE_WITH_KNOTS ( 'NONE', 3, 3, ( 
 ( #2286, #4904, #863, #4462 ),
 ( #4079, #3385, #1953, #562 ),
 ( #2858, #1007, #3294, #1540 ),
 ( #5174, #5115, #1123, #2406 ) ),
 .UNSPECIFIED., .F., .F., .F.,
 ( 4, 4 ),
 ( 4, 4 ),
 ( 0.000000000000000000, 1.000000000000000000 ),
 ( 0.01914501489605319878, 0.02938523722594680102 ),
 .UNSPECIFIED. ) ;
#3676 = CIRCLE ( 'NONE', #4425, 20.00000000000000000 ) ;
#3678 = CARTESIAN_POINT ( 'NONE',  ( 47.08297834804610460, -26.21110914292989946, 58.33329824900719984 ) ) ;
#3677 = CARTESIAN_POINT ( 'NONE',  ( 46.73458390038520349, 36.43201916379119609, 25.33323756169180285 ) ) ;
#3679 = CARTESIAN_POINT ( 'NONE',  ( -246.6519256064909769, -24.40255913507799690, 25.33323756169180285 ) ) ;
#3680 = ADVANCED_FACE ( 'NONE', ( #1751, #4989 ), #5018, .F. ) ;
#3681 = CARTESIAN_POINT ( 'NONE',  ( -241.6838642969439945, -7.252000835188110450, 66.00000000000000000 ) ) ;
#3682 = ORIENTED_EDGE ( 'NONE', *, *, #4297, .F. ) ;
#3683 = CARTESIAN_POINT ( 'NONE',  ( -12.27552567448430132, -29.24136643113419964, 33.00000000000000000 ) ) ;
#3685 = CARTESIAN_POINT ( 'NONE',  ( -206.3509254658799819, 10.47952057631719924, 109.0000000000000000 ) ) ;
#3684 = CARTESIAN_POINT ( 'NONE',  ( -162.5210994669299964, -35.88100768754109993, 2.842170943040400239E-13 ) ) ;
#3686 = CARTESIAN_POINT ( 'NONE',  ( 312.3834536431089646, -6.442126943316750065, 66.00000000000000000 ) ) ;
#3687 = CARTESIAN_POINT ( 'NONE',  ( -81.48610191790268686, -32.86592475871250230, 43.00000000000000000 ) ) ;
#3688 = AXIS2_PLACEMENT_3D ( 'NONE', #1840, #158, #4646 ) ;
#3689 = EDGE_CURVE ( 'NONE', #4293, #602, #2788, .T. ) ;
#3690 = ORIENTED_EDGE ( 'NONE', *, *, #5138, .T. ) ;
#3691 = ORIENTED_EDGE ( 'NONE', *, *, #4162, .F. ) ;
#3692 = CARTESIAN_POINT ( 'NONE',  ( 284.7615196653410408, -17.81271055551389892, 43.00000000000000000 ) ) ;
#3693 = CARTESIAN_POINT ( 'NONE',  ( 279.2357071539789786, 2.383103477351720123, 109.0000000000000000 ) ) ;
#3695 = CARTESIAN_POINT ( 'NONE',  ( 114.1499415729390137, 29.46528263413710036, 76.00000000000000000 ) ) ;
#3694 = CARTESIAN_POINT ( 'NONE',  ( -148.9865936518449985, -36.91762704771320358, 86.99992777755048223 ) ) ;
#3696 = CARTESIAN_POINT ( 'NONE',  ( -188.4082107691960175, 17.08428207327610338, 108.9999999999970015 ) ) ;
#3697 = CARTESIAN_POINT ( 'NONE',  ( 3.599256144909740218, 38.52343794640739816, 58.33329824900719984 ) ) ;
#3698 = B_SPLINE_CURVE_WITH_KNOTS ( 'NONE', 3,
 ( #294, #4336, #2093, #385 ),
 .UNSPECIFIED., .F., .F.,
 ( 4, 4 ),
 ( 0.000000000000000000, 0.01691886720487960002 ),
 .UNSPECIFIED. ) ;
#3699 = EDGE_LOOP ( 'NONE', ( #575, #1035, #4848, #226 ) ) ;
#3700 = CARTESIAN_POINT ( 'NONE',  ( 165.9682363630559792, -21.16473870129550150, 43.00000000000000000 ) ) ;
#3701 = CARTESIAN_POINT ( 'NONE',  ( -191.8884683155309858, -36.03729558934959698, 12.66657089502520073 ) ) ;
#3702 = CARTESIAN_POINT ( 'NONE',  ( 317.4789191474720269, -19.56098748220280115, 2.842170943040400239E-13 ) ) ;
#3703 = ADVANCED_FACE ( 'NONE', ( #4928 ), #4245, .T. ) ;
#3704 = CARTESIAN_POINT ( 'NONE',  ( -128.6073005452119844, -36.35871909808599867, 109.0000000000000000 ) ) ;
#3705 = B_SPLINE_CURVE_WITH_KNOTS ( 'NONE', 3,
 ( #2010, #2732, #1771, #1273, #3084, #2640 ),
 .UNSPECIFIED., .F., .F.,
 ( 4, 2, 4 ),
 ( -2.974938057007760150, -1.487469028503880075, 0.000000000000000000 ),
 .UNSPECIFIED. ) ;
#3706 = CARTESIAN_POINT ( 'NONE',  ( 339.5929714277630183, -17.22693608920799946, 38.00000000000000000 ) ) ;
#3707 = CARTESIAN_POINT ( 'NONE',  ( -242.3210159106740207, -27.42634140250879682, 76.00000000000000000 ) ) ;
#3708 = CARTESIAN_POINT ( 'NONE',  ( 3.334440162893899995, 38.33383266901689979, 76.00000000000000000 ) ) ;
#3709 = B_SPLINE_CURVE_WITH_KNOTS ( 'NONE', 3,
 ( #2350, #4176, #1013, #507, #4145, #1927 ),
 .UNSPECIFIED., .F., .F.,
 ( 4, 2, 4 ),
 ( -6.104367830356330238, -3.052183915178170004, 0.000000000000000000 ),
 .UNSPECIFIED. ) ;
#3711 = CARTESIAN_POINT ( 'NONE',  ( 27.39129426067459860, -27.34274247750489906, 43.00000000000000000 ) ) ;
#3710 = CARTESIAN_POINT ( 'NONE',  ( 317.4789191474720269, -19.56098748220280115, 2.842170943040400239E-13 ) ) ;
#3712 = CARTESIAN_POINT ( 'NONE',  ( -179.7444504480210128, -36.95982301280320570, 58.33329824900719984 ) ) ;
#3713 = CARTESIAN_POINT ( 'NONE',  ( -152.5210997520009926, -35.60100755197749578, 2.842170943040400239E-13 ) ) ;
#3714 = ADVANCED_FACE ( 'NONE', ( #474 ), #3675, .T. ) ;
#3715 = VERTEX_POINT ( 'NONE', #1068 ) ;
#3716 = CARTESIAN_POINT ( 'NONE',  ( 217.1648318150070054, 13.40714158397060096, 50.66663158234050712 ) ) ;
#3718 = CARTESIAN_POINT ( 'NONE',  ( -217.8179519571590106, 6.127910455353110741, 97.99992777755130646 ) ) ;
#3717 = CARTESIAN_POINT ( 'NONE',  ( -172.5211009761810033, -35.84100151621869657, 2.842170943040400239E-13 ) ) ;
#3719 = CARTESIAN_POINT ( 'NONE',  ( -102.5211011773509995, -33.60100043170930206, 2.842170943040400239E-13 ) ) ;
#3720 = CARTESIAN_POINT ( 'NONE',  ( -72.24582551456769863, -32.21052387384850135, 12.66657089502520073 ) ) ;
#3721 = ORIENTED_EDGE ( 'NONE', *, *, #4482, .T. ) ;
#3722 = ORIENTED_EDGE ( 'NONE', *, *, #3808, .F. ) ;
#3723 = CARTESIAN_POINT ( 'NONE',  ( -204.8229663216019958, -36.25452402082160575, 50.66663158234050712 ) ) ;
#3724 = VERTEX_POINT ( 'NONE', #2378 ) ;
#3725 = CARTESIAN_POINT ( 'NONE',  ( -70.40056977955630657, -32.51894935936340403, 97.99992777755049644 ) ) ;
#3727 = CARTESIAN_POINT ( 'NONE',  ( 115.7025942726450012, -22.45632463506450094, 76.00000000000000000 ) ) ;
#3726 = CARTESIAN_POINT ( 'NONE',  ( -157.8389804986309741, -37.67537143576090131, 109.0000000000000000 ) ) ;
#3728 = CARTESIAN_POINT ( 'NONE',  ( -158.4665911124200193, 25.40845118706490169, 109.0000000000069917 ) ) ;
#3729 = CARTESIAN_POINT ( 'NONE',  ( -72.61904294382050296, 39.11783031616950979, 38.00000000000069633 ) ) ;
#3730 = B_SPLINE_SURFACE_WITH_KNOTS ( 'NONE', 3, 3, ( 
 ( #4017, #4042, #2726, #822 ),
 ( #5812, #3138, #4918, #489 ),
 ( #2635, #930, #2751, #2700 ),
 ( #4503, #463, #4532, #2273 ) ),
 .UNSPECIFIED., .F., .F., .F.,
 ( 4, 4 ),
 ( 4, 4 ),
 ( 0.000000000000000000, 1.000000000000000000 ),
 ( 0.000000000000000000, 0.01691886720496220062 ),
 .UNSPECIFIED. ) ;
#3731 = EDGE_LOOP ( 'NONE', ( #5353, #2424, #140, #2049 ) ) ;
#3732 = CARTESIAN_POINT ( 'NONE',  ( 224.9854165534509889, -18.91747582316510190, 50.66663158234050712 ) ) ;
#3733 = CARTESIAN_POINT ( 'NONE',  ( 314.3207252100660298, -6.624669867745580198, 76.00000000000000000 ) ) ;
#3734 = CARTESIAN_POINT ( 'NONE',  ( 126.5027553979259949, -22.94195710423849732, 38.00000000000000000 ) ) ;
#3735 = B_SPLINE_CURVE_WITH_KNOTS ( 'NONE', 3,
 ( #5231, #799, #768, #4810 ),
 .UNSPECIFIED., .F., .F.,
 ( 4, 4 ),
 ( 0.03383747857135580017, 0.04852974931344310183 ),
 .UNSPECIFIED. ) ;
#3736 = CARTESIAN_POINT ( 'NONE',  ( 206.9157555077989912, -20.98809994218370178, 12.66657089502520073 ) ) ;
#3737 = CARTESIAN_POINT ( 'NONE',  ( 235.5207575443579913, -19.19251681331340365, 38.00000000000000000 ) ) ;
#3738 = EDGE_CURVE ( 'NONE', #2630, #1349, #2654, .T. ) ;
#3739 = VERTEX_POINT ( 'NONE', #122 ) ;
#3740 = EDGE_CURVE ( 'NONE', #306, #5469, #3818, .T. ) ;
#3741 = CARTESIAN_POINT ( 'NONE',  ( -228.1117170180199878, 1.842441020550720010, 76.00000000000000000 ) ) ;
#3742 = CARTESIAN_POINT ( 'NONE',  ( -243.0722426379479941, -27.79445508418229949, 43.00000000000000000 ) ) ;
#3743 = CARTESIAN_POINT ( 'NONE',  ( 63.92756330727250713, 34.39050409657259877, 109.0000000000000000 ) ) ;
#3744 = CARTESIAN_POINT ( 'NONE',  ( -246.7189367039240153, -17.09897728832660135, 58.33329824900729932 ) ) ;
#3745 = CARTESIAN_POINT ( 'NONE',  ( -100.6198422195810025, -34.13000351618050132, 66.00000000000000000 ) ) ;
#3746 = ORIENTED_EDGE ( 'NONE', *, *, #584, .T. ) ;
#3747 = CARTESIAN_POINT ( 'NONE',  ( 344.7372138627000027, -13.03150463750659860, 109.0000000000000000 ) ) ;
#3749 = CARTESIAN_POINT ( 'NONE',  ( -220.9295613126819831, 5.100359067663930546, 86.99992777755089435 ) ) ;
#3748 = CARTESIAN_POINT ( 'NONE',  ( -191.2562138896069825, -36.31025962460829959, 25.33323756169180285 ) ) ;
#3750 = CARTESIAN_POINT ( 'NONE',  ( -101.4254305635829922, -33.90955279526070143, 38.00000000000000000 ) ) ;
#3751 = CARTESIAN_POINT ( 'NONE',  ( -101.2814667333239953, -33.94934859846649289, 43.00000000000000000 ) ) ;
#3752 = VERTEX_POINT ( 'NONE', #1896 ) ;
#3753 = ORIENTED_EDGE ( 'NONE', *, *, #4943, .T. ) ;
#3754 = CARTESIAN_POINT ( 'NONE',  ( 167.4789018916779924, 21.53902318867449850, 2.842170943040400239E-13 ) ) ;
#3755 = EDGE_LOOP ( 'NONE', ( #4863, #2226, #5183, #3014, #5006, #2755, #1312, #3550, #4504, #817, #3691, #5476, #5640, #5323, #4736, #1682, #1438, #5267, #3592, #3659, #1283, #1195, #4596, #4219, #5682, #2537 ) ) ;
#3757 = CARTESIAN_POINT ( 'NONE',  ( -2.303337989148429799, -28.73026329403690227, 43.00000000000000000 ) ) ;
#3756 = CARTESIAN_POINT ( 'NONE',  ( -139.1909793433609934, -36.51008482895680629, 86.99992777755048223 ) ) ;
#3758 = CARTESIAN_POINT ( 'NONE',  ( -233.4047633383559912, -3.685503133690100075, 109.0000000000000000 ) ) ;
#3759 = CARTESIAN_POINT ( 'NONE',  ( -29.87416188414740148, 39.52803705628549835, 38.00000000000330402 ) ) ;
#3760 = VERTEX_POINT ( 'NONE', #4139 ) ;
#3761 = CARTESIAN_POINT ( 'NONE',  ( 347.3334405607569693, -14.92236850226220035, 76.00000000000000000 ) ) ;
#3762 = CARTESIAN_POINT ( 'NONE',  ( 31.31231067739339480, 36.92646932471139820, 76.00000000000000000 ) ) ;
#3763 = LINE ( 'NONE', #1952, #85 ) ;
#3764 =( NAMED_UNIT ( * ) PLANE_ANGLE_UNIT ( ) SI_UNIT ( $, .RADIAN. ) );
#3765 = CARTESIAN_POINT ( 'NONE',  ( 314.8128693973440022, -17.52264409292549985, 38.00000000000000000 ) ) ;
#3766 = CARTESIAN_POINT ( 'NONE',  ( -238.4750094661609978, -5.031375118535099666, 76.00000000000000000 ) ) ;
#3767 = CARTESIAN_POINT ( 'NONE',  ( 343.5209003931460074, -14.96760972162340053, 76.00000000000000000 ) ) ;
#3768 = CARTESIAN_POINT ( 'NONE',  ( -82.52109457020951311, -32.64099586561540178, 2.842170943040400239E-13 ) ) ;
#3769 = CARTESIAN_POINT ( 'NONE',  ( -71.69668576978880026, -32.30573986235639694, 38.00000000000000000 ) ) ;
#3770 = CARTESIAN_POINT ( 'NONE',  ( -188.1818398190840185, -37.60704051743149989, 86.99992777755048223 ) ) ;
#3771 = CARTESIAN_POINT ( 'NONE',  ( -192.6521591554439965, 20.89542994936210363, 2.842170943040260389E-13 ) ) ;
#3772 = CARTESIAN_POINT ( 'NONE',  ( -132.0650140145750129, -35.20077333077550463, 12.66657089502520073 ) ) ;
#3773 = CARTESIAN_POINT ( 'NONE',  ( 333.2641608632179668, -11.38607523784100195, 76.00000000000000000 ) ) ;
#3775 = CARTESIAN_POINT ( 'NONE',  ( -224.7557131428150115, 2.271231856293069562, 97.99992777755089435 ) ) ;
#3774 = CARTESIAN_POINT ( 'NONE',  ( -190.6197354214359905, 19.48700185312479860, 43.00000000000089528 ) ) ;
#3776 = CARTESIAN_POINT ( 'NONE',  ( -130.9745032972550121, -35.57448428653869854, 43.00000000000000000 ) ) ;
#3777 = B_SPLINE_CURVE_WITH_KNOTS ( 'NONE', 3,
 ( #802, #3477, #5235, #1695 ),
 .UNSPECIFIED., .F., .F.,
 ( 4, 4 ),
 ( 0.03383747857135580017, 0.04852974931344310183 ),
 .UNSPECIFIED. ) ;
#3778 = CARTESIAN_POINT ( 'NONE',  ( -91.18132602013849919, -33.45762901078840201, 50.66663158234050712 ) ) ;
#3779 = B_SPLINE_SURFACE_WITH_KNOTS ( 'NONE', 3, 3, ( 
 ( #2097, #4728, #5288, #798 ),
 ( #5646, #299, #5674, #5177 ),
 ( #3504, #1247, #3905, #2613 ),
 ( #1126, #1600, #358, #2159 ),
 ( #3875, #2069, #2940, #2129 ),
 ( #737, #4809, #328, #4286 ),
 ( #3850, #3055, #1658, #1630 ),
 ( #5204, #2527, #2044, #4315 ),
 ( #271, #4399, #3445, #1571 ),
 ( #2553, #5230, #2999, #4785 ),
 ( #4344, #3473, #4372, #3936 ),
 ( #242, #5259, #1215, #5621 ),
 ( #675, #3388, #3028, #767 ),
 ( #2498, #2583, #2760, #2681 ) ),
 .UNSPECIFIED., .F., .F., .F.,
 ( 4, 2, 2, 2, 2, 2, 4 ),
 ( 4, 4 ),
 ( 0.000000000000000000, 0.1385760392095659876, 0.2369790615009839951, 0.2918638265003040133, 0.6183552821918879561, 0.6525474623266860341, 1.000000000000000000 ),
 ( 0.000000000000000000, 0.01691886720496220062 ),
 .UNSPECIFIED. ) ;
#3780 = EDGE_CURVE ( 'NONE', #2079, #3423, #5027, .T. ) ;
#3781 = CARTESIAN_POINT ( 'NONE',  ( 146.1711504603710239, -21.99073569817509721, 43.00000000000000000 ) ) ;
#3782 = CARTESIAN_POINT ( 'NONE',  ( 283.3058897288900084, -16.70049736746310032, 66.00000000000000000 ) ) ;
#3784 = CARTESIAN_POINT ( 'NONE',  ( 66.62456693393670548, 34.42717514592549577, 25.33323756169180285 ) ) ;
#3783 = CARTESIAN_POINT ( 'NONE',  ( -148.0950871808250042, -37.23648732320260279, 109.0000000000000000 ) ) ;
#3785 = CARTESIAN_POINT ( 'NONE',  ( -213.1309390105969896, 7.550051090542190479, 109.0000000000000000 ) ) ;
#3786 = CARTESIAN_POINT ( 'NONE',  ( -21.60276046320759846, 39.60688613996219942, 38.00000000000299849 ) ) ;
#3787 = ORIENTED_EDGE ( 'NONE', *, *, #2766, .T. ) ;
#3788 = CARTESIAN_POINT ( 'NONE',  ( 184.8487059047820082, -19.74393653149359906, 66.00000000000000000 ) ) ;
#3789 = CARTESIAN_POINT ( 'NONE',  ( 345.6031937522769795, -13.65724423844160107, 97.99992777755049644 ) ) ;
#3790 = CARTESIAN_POINT ( 'NONE',  ( 3.011150023280300125, 38.09918919608840326, 97.99992777755049644 ) ) ;
#3791 = CARTESIAN_POINT ( 'NONE',  ( 243.3815439869169950, -17.35471455566429810, 76.00000000000000000 ) ) ;
#3792 = DIRECTION ( 'NONE',  ( 1.000000000000000000, 0.000000000000000000, 0.000000000000000000 ) ) ;
#3793 = CARTESIAN_POINT ( 'NONE',  ( -244.7296818277110049, -14.88575597403709949, 76.00000000000000000 ) ) ;
#3794 = CARTESIAN_POINT ( 'NONE',  ( 45.30124593464310578, 36.22278765255860122, 76.00000000000000000 ) ) ;
#3795 = CARTESIAN_POINT ( 'NONE',  ( 351.3594509079920272, -19.38098124309850334, 2.842170943040400239E-13 ) ) ;
#3797 = B_SPLINE_CURVE_WITH_KNOTS ( 'NONE', 3,
 ( #981, #3646, #2800, #597 ),
 .UNSPECIFIED., .F., .F.,
 ( 4, 4 ),
 ( 0.01469271508453300068, 0.01691886720496220062 ),
 .UNSPECIFIED. ) ;
#3796 = CARTESIAN_POINT ( 'NONE',  ( 1.747357786164579929, 38.87803570077590365, 38.00000000000000000 ) ) ;
#3799 = CARTESIAN_POINT ( 'NONE',  ( -159.2542961030609945, -37.14686879576480294, 76.00000000000000000 ) ) ;
#3798 = CARTESIAN_POINT ( 'NONE',  ( 18.57581099229790311, 38.17502941876049505, 12.66657089502520073 ) ) ;
#3800 = CARTESIAN_POINT ( 'NONE',  ( -142.5211000370710224, -35.32100741641389874, 2.842170943040400239E-13 ) ) ;
#3801 = CARTESIAN_POINT ( 'NONE',  ( 31.50155121766219679, -27.26431868425580163, 33.00000000000000000 ) ) ;
#3802 = ORIENTED_EDGE ( 'NONE', *, *, #5458, .T. ) ;
#3803 = CARTESIAN_POINT ( 'NONE',  ( 322.9067682598650322, -11.23567048078239949, 2.842170943040400239E-13 ) ) ;
#3804 = CARTESIAN_POINT ( 'NONE',  ( -51.05121319910149680, -31.31349640816480218, 86.99992777755048223 ) ) ;
#3806 = CARTESIAN_POINT ( 'NONE',  ( -197.5782580174060001, 13.86546162912049951, 109.0000000000000000 ) ) ;
#3805 = CARTESIAN_POINT ( 'NONE',  ( -243.6531231881949964, -26.30482857123489993, 66.00000000000000000 ) ) ;
#3807 = CARTESIAN_POINT ( 'NONE',  ( 334.8549822708939701, -12.13836647385689993, 66.00000000000000000 ) ) ;
#3808 = EDGE_CURVE ( 'NONE', #2773, #1858, #4551, .T. ) ;
#3809 = CARTESIAN_POINT ( 'NONE',  ( 203.6014688210609904, -18.26757181112390072, 86.99992777755048223 ) ) ;
#3810 = VECTOR ( 'NONE', #764, 1000.000000000000114 ) ;
#3812 = CARTESIAN_POINT ( 'NONE',  ( -91.38378517019999947, -33.40763671344910080, 43.00000000000000000 ) ) ;
#3811 = CARTESIAN_POINT ( 'NONE',  ( -80.56553868834059529, 37.64375957668769956, 75.99999999999690203 ) ) ;
#3813 = CARTESIAN_POINT ( 'NONE',  ( -86.98160821056009695, 36.34945993065749548, 108.9999999999960067 ) ) ;
#3814 = EDGE_CURVE ( 'NONE', #4891, #1664, #808, .T. ) ;
#3815 = CARTESIAN_POINT ( 'NONE',  ( -79.90442039429970578, -33.18943403623890021, 109.0000000000000000 ) ) ;
#3816 = ORIENTED_EDGE ( 'NONE', *, *, #4531, .T. ) ;
#3817 = CARTESIAN_POINT ( 'NONE',  ( -32.36621545740480599, -30.29680305578240151, 12.66657089502520073 ) ) ;
#3818 = LINE ( 'NONE', #1039, #3347 ) ;
#3819 = B_SPLINE_SURFACE_WITH_KNOTS ( 'NONE', 3, 3, ( 
 ( #13, #897, #2232, #401 ),
 ( #2627, #1364, #2203, #1704 ),
 ( #1784, #4010, #3517, #3597 ),
 ( #3183, #5301, #4934, #2719 ) ),
 .UNSPECIFIED., .F., .F., .F.,
 ( 4, 4 ),
 ( 4, 4 ),
 ( 0.000000000000000000, 1.000000000000000000 ),
 ( 0.03383747857135580017, 0.04852974931344310183 ),
 .UNSPECIFIED. ) ;
#3820 = CARTESIAN_POINT ( 'NONE',  ( 334.6410089796110015, -12.35262161358900102, 58.33329824900719984 ) ) ;
#3821 = CARTESIAN_POINT ( 'NONE',  ( -234.5954027071030055, -31.65647364250679630, 43.00000000000000000 ) ) ;
#3822 = CARTESIAN_POINT ( 'NONE',  ( 176.3378953360669925, 20.74653394348720070, 76.00000000000000000 ) ) ;
#3823 = CARTESIAN_POINT ( 'NONE',  ( -6.734518983129629710, 39.67602799245170075, 12.66657089502520073 ) ) ;
#3824 = CARTESIAN_POINT ( 'NONE',  ( 327.8517506766029896, -10.02567370352809917, 76.00000000000000000 ) ) ;
#3825 = CARTESIAN_POINT ( 'NONE',  ( -112.1441805469229962, 36.32457623118139622, 12.66657089502520073 ) ) ;
#3826 = CARTESIAN_POINT ( 'NONE',  ( -246.3979806891739770, -21.82127681094570093, 58.33329824900719984 ) ) ;
#3827 = B_SPLINE_CURVE_WITH_KNOTS ( 'NONE', 3,
 ( #5172, #2432, #3356, #4722, #4693, #5753 ),
 .UNSPECIFIED., .F., .F.,
 ( 4, 2, 4 ),
 ( -5.854648912009730033, -2.927324476981580048, 0.000000000000000000 ),
 .UNSPECIFIED. ) ;
#3828 = CARTESIAN_POINT ( 'NONE',  ( 3.990759916528109574, 38.79798955718899123, 33.00000000000000000 ) ) ;
#3829 = ORIENTED_EDGE ( 'NONE', *, *, #4470, .T. ) ;
#3830 = CARTESIAN_POINT ( 'NONE',  ( 333.7624664846509859, -14.14499673238289823, 2.842170943040400239E-13 ) ) ;
#3831 = CARTESIAN_POINT ( 'NONE',  ( -31.33231528952390477, -30.12211728336760075, 97.99992777755049644 ) ) ;
#3833 = CARTESIAN_POINT ( 'NONE',  ( -238.0436971875560062, -7.336761435230959805, 109.0000000000000000 ) ) ;
#3832 = CARTESIAN_POINT ( 'NONE',  ( -246.6884434482650192, -13.72940895103530146, 43.00000000000000000 ) ) ;
#3834 = CARTESIAN_POINT ( 'NONE',  ( 64.97089272355100320, 34.40456358956999594, 76.00000000000000000 ) ) ;
#3835 = CARTESIAN_POINT ( 'NONE',  ( 38.40817708521570495, -27.08951452256169645, 22.00005884401669931 ) ) ;
#3836 = EDGE_CURVE ( 'NONE', #2820, #5613, #245, .T. ) ;
#3837 = B_SPLINE_CURVE_WITH_KNOTS ( 'NONE', 3,
 ( #4561, #164, #5000, #1433 ),
 .UNSPECIFIED., .F., .F.,
 ( 4, 4 ),
 ( -2.351802825554880183, 0.000000000000000000 ),
 .UNSPECIFIED. ) ;
#3839 = CARTESIAN_POINT ( 'NONE',  ( 105.1844252882089989, -22.19902977578130177, 109.0000000000000000 ) ) ;
#3838 = CARTESIAN_POINT ( 'NONE',  ( -74.86109935269169569, 38.10660288799049766, 75.99999999999771205 ) ) ;
#3840 = CARTESIAN_POINT ( 'NONE',  ( -38.41634602112319641, 38.80731814066209751, 75.99999999998421174 ) ) ;
#3841 = CARTESIAN_POINT ( 'NONE',  ( -38.34787115679500147, 39.36264701072000349, 43.00000000000380140 ) ) ;
#3842 = ORIENTED_EDGE ( 'NONE', *, *, #3466, .F. ) ;
#3843 = ADVANCED_FACE ( 'NONE', ( #2887 ), #2789, .T. ) ;
#3844 = ORIENTED_EDGE ( 'NONE', *, *, #2225, .T. ) ;
#3845 = CARTESIAN_POINT ( 'NONE',  ( 330.8049114186949851, -12.06857032436569988, 38.00000000000000000 ) ) ;
#3846 = CARTESIAN_POINT ( 'NONE',  ( 86.65567736414149635, -24.42017233129270082, 50.66663158234050712 ) ) ;
#3847 = CARTESIAN_POINT ( 'NONE',  ( 165.3961295151399895, 22.25080122774319946, 38.00000000000000000 ) ) ;
#3848 = FACE_OUTER_BOUND ( 'NONE', #351, .T. ) ;
#3849 = EDGE_CURVE ( 'NONE', #1349, #2079, #2573, .T. ) ;
#3850 = CARTESIAN_POINT ( 'NONE',  ( -237.1482043489920102, -30.38137567847680032, 2.842170943040400239E-13 ) ) ;
#3851 = CARTESIAN_POINT ( 'NONE',  ( 346.4722722865360538, -17.15638434424500147, 38.00000000000000000 ) ) ;
#3852 = CARTESIAN_POINT ( 'NONE',  ( 292.4958791302329928, -15.98580539737910122, 76.00000000000000000 ) ) ;
#3853 = CARTESIAN_POINT ( 'NONE',  ( -2.138799873299619847, -28.52208937933730226, 76.00000000000000000 ) ) ;
#3854 = ORIENTED_EDGE ( 'NONE', *, *, #2187, .T. ) ;
#3855 = CARTESIAN_POINT ( 'NONE',  ( -187.0865948020030203, -38.05614562639460274, 109.0000000000000000 ) ) ;
#3856 = EDGE_LOOP ( 'NONE', ( #2294, #4991, #743, #5170 ) ) ;
#3857 = CARTESIAN_POINT ( 'NONE',  ( -79.90441962546799459, -33.18943399933480265, 109.0000000000000000 ) ) ;
#3858 = CARTESIAN_POINT ( 'NONE',  ( -11.95886750566949885, -29.03166728018869946, 76.00000000000000000 ) ) ;
#3860 = CARTESIAN_POINT ( 'NONE',  ( -244.0766990707700188, -15.26795110728459903, 86.99992777755048223 ) ) ;
#3859 = CARTESIAN_POINT ( 'NONE',  ( -246.1171304998199787, -12.59871046787170101, 43.00000000000000000 ) ) ;
#3861 = CARTESIAN_POINT ( 'NONE',  ( -160.7412607014520063, 26.85199492726129833, 58.33329824900609850 ) ) ;
#3862 = B_SPLINE_CURVE_WITH_KNOTS ( 'NONE', 3,
 ( #5029, #987, #1079, #5440 ),
 .UNSPECIFIED., .F., .F.,
 ( 4, 4 ),
 ( 0.01914501489620749897, 0.02938523722594670040 ),
 .UNSPECIFIED. ) ;
#3863 = B_SPLINE_CURVE_WITH_KNOTS ( 'NONE', 3,
 ( #803, #363, #1281, #3562 ),
 .UNSPECIFIED., .F., .F.,
 ( 4, 4 ),
 ( 0.03383747857135580017, 0.04852974931344310183 ),
 .UNSPECIFIED. ) ;
#3865 = DIRECTION ( 'NONE',  ( -2.559780429436040183E-30, 7.202571872255701478E-15, 1.000000000000000000 ) ) ;
#3864 = CARTESIAN_POINT ( 'NONE',  ( -49.69274875904129374, 38.65237252294969750, 75.99999999998760813 ) ) ;
#3866 = EDGE_CURVE ( 'NONE', #5325, #1664, #4676, .T. ) ;
#3867 = CARTESIAN_POINT ( 'NONE',  ( -30.05580085666990087, 38.93377483224240621, 75.99999999998651390 ) ) ;
#3868 = ORIENTED_EDGE ( 'NONE', *, *, #198, .T. ) ;
#3869 = CARTESIAN_POINT ( 'NONE',  ( 66.21681621089369685, -24.42248435378779803, 109.0000000000000000 ) ) ;
#3870 = CARTESIAN_POINT ( 'NONE',  ( 103.4184862441570090, 30.91830389536900370, 97.99992777755049644 ) ) ;
#3871 = B_SPLINE_SURFACE_WITH_KNOTS ( 'NONE', 3, 3, ( 
 ( #1734, #4014, #901, #4915 ),
 ( #3187, #5388, #1344, #3161 ),
 ( #1706, #4499, #3521, #5305 ),
 ( #1266, #3075, #818, #4091 ) ),
 .UNSPECIFIED., .F., .F., .F.,
 ( 4, 4 ),
 ( 4, 4 ),
 ( 0.000000000000000000, 1.000000000000000000 ),
 ( 0.01914501489605319878, 0.02938523722594680102 ),
 .UNSPECIFIED. ) ;
#3872 = CARTESIAN_POINT ( 'NONE',  ( 285.5430793393029489, -1.221854508596349920, 25.33323756169180285 ) ) ;
#3873 = STYLED_ITEM ( 'NONE', ( #5144 ), #1729 ) ;
#3874 = CARTESIAN_POINT ( 'NONE',  ( 329.8199495500650187, -11.38319881881970019, 50.66663158234050712 ) ) ;
#3875 = CARTESIAN_POINT ( 'NONE',  ( -239.8238537186080066, -29.34285125444599984, 2.842170943040400239E-13 ) ) ;
#3876 = CARTESIAN_POINT ( 'NONE',  ( -101.4254305635829922, -33.90955279526070143, 38.00000000000000000 ) ) ;
#3877 = CARTESIAN_POINT ( 'NONE',  ( -38.52704653210820140, 39.44561402753039658, 38.00000000000369482 ) ) ;
#3878 = CARTESIAN_POINT ( 'NONE',  ( 343.9513064415520489, -14.07227394431499867, 76.00000000000000000 ) ) ;
#3879 = CARTESIAN_POINT ( 'NONE',  ( -111.6307099817030064, 35.67174483135219987, 38.00000000000000000 ) ) ;
#3880 = CARTESIAN_POINT ( 'NONE',  ( 1.677646759383210062, 38.82352164934919614, 43.00000000000000000 ) ) ;
#3881 = CARTESIAN_POINT ( 'NONE',  ( 47.47890531251950108, -27.00097262845480017, 2.842170943040400239E-13 ) ) ;
#3882 = ORIENTED_EDGE ( 'NONE', *, *, #4868, .F. ) ;
#3883 = CARTESIAN_POINT ( 'NONE',  ( 246.1150563791910031, -19.50625045437179850, 25.33323756169180285 ) ) ;
#3884 = ORIENTED_EDGE ( 'NONE', *, *, #4444, .T. ) ;
#3885 = LINE ( 'NONE', #3067, #4082 ) ;
#3886 = CARTESIAN_POINT ( 'NONE',  ( 215.3907231170069849, 14.12725965600209932, 76.00000000000000000 ) ) ;
#3888 = CARTESIAN_POINT ( 'NONE',  ( -244.6586227313879931, -22.77201432785530244, 86.99992777755048223 ) ) ;
#3887 = CARTESIAN_POINT ( 'NONE',  ( -245.0518443667710073, -25.56589306298310049, 43.00000000000000000 ) ) ;
#3889 = EDGE_CURVE ( 'NONE', #3037, #2079, #3984, .T. ) ;
#3890 = CARTESIAN_POINT ( 'NONE',  ( -205.4325707394829976, 14.46794791185540063, 43.00000000000260059 ) ) ;
#3891 = CARTESIAN_POINT ( 'NONE',  ( 17.81418092500360117, 37.84636848160429423, 50.66663158234050712 ) ) ;
#3893 = CARTESIAN_POINT ( 'NONE',  ( 85.70062074955149001, -23.31075706478450371, 109.0000000000000000 ) ) ;
#3892 = CARTESIAN_POINT ( 'NONE',  ( -38.39705035783190112, 38.97490246849960016, 66.00000000000579803 ) ) ;
#3894 = CARTESIAN_POINT ( 'NONE',  ( -239.8599858672330072, -2.057497293643119729, 25.33323756169150087 ) ) ;
#3895 = CARTESIAN_POINT ( 'NONE',  ( -71.84434903509649928, 38.55908871588820119, 65.99999999999869260 ) ) ;
#3896 = B_SPLINE_CURVE_WITH_KNOTS ( 'NONE', 3,
 ( #1436, #3720, #574, #1466 ),
 .UNSPECIFIED., .F., .F.,
 ( 4, 4 ),
 ( 0.000000000000000000, 0.01691886720496220062 ),
 .UNSPECIFIED. ) ;
#3897 = EDGE_LOOP ( 'NONE', ( #4013, #1093, #5448, #5212 ) ) ;
#3898 = CARTESIAN_POINT ( 'NONE',  ( 105.1844252882089989, -22.19902977578130177, 109.0000000000000000 ) ) ;
#3899 = CARTESIAN_POINT ( 'NONE',  ( 163.3487179307990118, 22.95111848685850120, 76.00000000000000000 ) ) ;
#3900 = CARTESIAN_POINT ( 'NONE',  ( -226.9352763517349842, -33.94870972952020338, 86.99992777755048223 ) ) ;
#3901 = CARTESIAN_POINT ( 'NONE',  ( -241.2731028079809903, -1.113969547961040085, 2.842170943040380044E-13 ) ) ;
#3902 = CARTESIAN_POINT ( 'NONE',  ( 353.2997279817799949, -19.38098124309850334, 2.842170943040400239E-13 ) ) ;
#3903 = CARTESIAN_POINT ( 'NONE',  ( 283.7913514668879884, -17.06943905786489779, 58.33329824900719984 ) ) ;
#3904 = CARTESIAN_POINT ( 'NONE',  ( -189.6103118481989895, -37.01022672198720187, 58.33329824900719984 ) ) ;
#3905 = CARTESIAN_POINT ( 'NONE',  ( -242.5585750318680027, -28.36802394955360285, 25.33323756169170338 ) ) ;
#3906 = FACE_BOUND ( 'NONE', #5767, .T. ) ;
#3907 = CARTESIAN_POINT ( 'NONE',  ( -94.89485096883309723, 37.44470179923730058, 38.00000000000000000 ) ) ;
#3908 = CARTESIAN_POINT ( 'NONE',  ( 10.49982657563170108, 38.07816326018090081, 66.00000000000000000 ) ) ;
#3909 = CARTESIAN_POINT ( 'NONE',  ( -80.55198237814261120, 38.40306426513440385, 42.99999999999860023 ) ) ;
#3910 = CARTESIAN_POINT ( 'NONE',  ( 106.0928226508909944, -23.13589416258879794, 66.00000000000000000 ) ) ;
#3911 = EDGE_CURVE ( 'NONE', #1981, #2781, #2011, .T. ) ;
#3912 = EDGE_CURVE ( 'NONE', #2727, #2395, #5735, .T. ) ;
#3913 = ORIENTED_EDGE ( 'NONE', *, *, #4118, .T. ) ;
#3914 = CARTESIAN_POINT ( 'NONE',  ( 265.9969424996280054, -19.08948163148509991, 25.33323756169180285 ) ) ;
#3915 = ORIENTED_EDGE ( 'NONE', *, *, #167, .T. ) ;
#3916 = CARTESIAN_POINT ( 'NONE',  ( 345.5263769768170619, -17.89959175035039962, 25.33323756145280115 ) ) ;
#3917 = CARTESIAN_POINT ( 'NONE',  ( -11.87834346999619939, -28.97777850856179782, 86.99992777755048223 ) ) ;
#3919 = CARTESIAN_POINT ( 'NONE',  ( -241.5618097238169923, -27.08853949322859833, 109.0000000000000000 ) ) ;
#3918 = CARTESIAN_POINT ( 'NONE',  ( -242.9286416877170041, -27.11100188604229899, 66.00000000000000000 ) ) ;
#3920 = CARTESIAN_POINT ( 'NONE',  ( -121.1272836523039871, 34.07830632533779891, 50.66663158234130293 ) ) ;
#3921 = VERTEX_POINT ( 'NONE', #1559 ) ;
#3922 = EDGE_CURVE ( 'NONE', #4006, #5798, #3358, .T. ) ;
#3924 = CARTESIAN_POINT ( 'NONE',  ( 284.7615196653410408, -17.81271055551389892, 43.00000000000000000 ) ) ;
#3923 = CARTESIAN_POINT ( 'NONE',  ( 294.9894650211580256, -17.87816360044029906, 38.00000000000000000 ) ) ;
#3925 = B_SPLINE_CURVE_WITH_KNOTS ( 'NONE', 3,
 ( #3794, #2860, #2408, #622, #5590, #3708 ),
 .UNSPECIFIED., .F., .F.,
 ( 4, 2, 4 ),
 ( -4.201986789300080183, -2.100993394650040091, 0.000000000000000000 ),
 .UNSPECIFIED. ) ;
#3926 = CARTESIAN_POINT ( 'NONE',  ( -239.0910887900650152, -0.4611882321059890266, 12.66657089502520073 ) ) ;
#3927 = ORIENTED_EDGE ( 'NONE', *, *, #5070, .T. ) ;
#3928 = ORIENTED_EDGE ( 'NONE', *, *, #3849, .F. ) ;
#3929 = CARTESIAN_POINT ( 'NONE',  ( 319.4119877437940431, -17.19392550739239667, 43.00000000000000000 ) ) ;
#3930 = EDGE_CURVE ( 'NONE', #5548, #1025, #1435, .T. ) ;
#3931 = CARTESIAN_POINT ( 'NONE',  ( -232.0447304771010124, -33.03145553267400203, 97.99992777755049644 ) ) ;
#3932 = B_SPLINE_CURVE_WITH_KNOTS ( 'NONE', 3,
 ( #204, #1976, #5513, #114, #3695, #2906 ),
 .UNSPECIFIED., .F., .F.,
 ( 4, 2, 4 ),
 ( -5.955378794580339807, -2.977689397290169904, 0.000000000000000000 ),
 .UNSPECIFIED. ) ;
#3933 = CARTESIAN_POINT ( 'NONE',  ( -130.1486556618909844, -35.85253344418359944, 66.00000000000000000 ) ) ;
#3934 = CARTESIAN_POINT ( 'NONE',  ( 264.9620409308649869, -18.28227810415010168, 43.00000000000000000 ) ) ;
#3935 = CARTESIAN_POINT ( 'NONE',  ( -205.2310285931159797, -36.07299352939729431, 43.00000000000000000 ) ) ;
#3936 = CARTESIAN_POINT ( 'NONE',  ( -220.1412531987529917, -34.57765468520869945, 38.00000000000000000 ) ) ;
#3937 = CARTESIAN_POINT ( 'NONE',  ( -101.0607594602100079, -34.01022534913770556, 50.66663158234050712 ) ) ;
#3938 = B_SPLINE_CURVE_WITH_KNOTS ( 'NONE', 3,
 ( #1513, #2891, #3822, #243 ),
 .UNSPECIFIED., .F., .F.,
 ( 4, 4 ),
 ( -2.325522861105350003, 0.000000000000000000 ),
 .UNSPECIFIED. ) ;
#3939 = CARTESIAN_POINT ( 'NONE',  ( -72.28335367088570251, 39.68802747239600137, 12.66657089502520073 ) ) ;
#3940 = CARTESIAN_POINT ( 'NONE',  ( -71.69668576978880026, -32.30573986235639694, 38.00000000000000000 ) ) ;
#3941 = CARTESIAN_POINT ( 'NONE',  ( -101.7902015938989990, -33.80849940080649674, 25.33323756169170338 ) ) ;
#3942 = B_SPLINE_CURVE_WITH_KNOTS ( 'NONE', 3,
 ( #1412, #3113, #1797, #1829 ),
 .UNSPECIFIED., .F., .F.,
 ( 4, 4 ),
 ( -9.197006868158169368, 0.000000000000000000 ),
 .UNSPECIFIED. ) ;
#3943 = CARTESIAN_POINT ( 'NONE',  ( 0.000000000000000000, 2.376849021519589870E-13, 33.00000000000000000 ) ) ;
#3944 = ORIENTED_EDGE ( 'NONE', *, *, #2295, .T. ) ;
#3945 = CARTESIAN_POINT ( 'NONE',  ( 46.22869020180389299, 36.35853317260939832, 43.00000000000000000 ) ) ;
#3946 = ORIENTED_EDGE ( 'NONE', *, *, #1129, .F. ) ;
#3947 = CARTESIAN_POINT ( 'NONE',  ( -89.64500098378410087, -33.82329120242800258, 109.0000000000000000 ) ) ;
#3948 = CARTESIAN_POINT ( 'NONE',  ( 283.3058897288900084, -16.70049736746310032, 66.00000000000000000 ) ) ;
#3950 = CARTESIAN_POINT ( 'NONE',  ( 280.5804785114200399, -14.65007533596710054, 109.0000000000000000 ) ) ;
#3949 = CARTESIAN_POINT ( 'NONE',  ( -160.1892903895450218, 26.68127038767610060, 65.99999999999889155 ) ) ;
#3951 = CARTESIAN_POINT ( 'NONE',  ( -195.4856958259800024, 17.46779504045620257, 50.66663158234160136 ) ) ;
#3952 = VERTEX_POINT ( 'NONE', #2632 ) ;
#3953 = EDGE_CURVE ( 'NONE', #1640, #4045, #2504, .T. ) ;
#3955 = CARTESIAN_POINT ( 'NONE',  ( 167.4789018916779924, -22.50098890562140141, 2.842170943040400239E-13 ) ) ;
#3954 = CARTESIAN_POINT ( 'NONE',  ( 3.011150023280310339, 38.09918919608840326, 97.99992777755049644 ) ) ;
#3956 = FILL_AREA_STYLE ('',( #618 ) ) ;
#3957 = CARTESIAN_POINT ( 'NONE',  ( 227.4789001812560230, -20.94100660620679832, 2.842170943040400239E-13 ) ) ;
#3958 = EDGE_CURVE ( 'NONE', #3739, #3573, #1152, .T. ) ;
#3959 = ORIENTED_EDGE ( 'NONE', *, *, #4954, .T. ) ;
#3960 = EDGE_LOOP ( 'NONE', ( #3753, #1535, #4505, #1461 ) ) ;
#3961 = CIRCLE ( 'NONE', #2456, 47.00000000000000000 ) ;
#3962 = CARTESIAN_POINT ( 'NONE',  ( 161.5993891527759843, 23.54999114722049924, 109.0000000000000000 ) ) ;
#3963 = CARTESIAN_POINT ( 'NONE',  ( 314.6939119671989715, -13.68913175887870004, 109.0000000000000000 ) ) ;
#3964 = LINE ( 'NONE', #5702, #5116 ) ;
#3965 = CARTESIAN_POINT ( 'NONE',  ( -51.40473656612640241, -31.29851750753789830, 66.00000000000000000 ) ) ;
#3966 = CARTESIAN_POINT ( 'NONE',  ( 350.3188331919129723, -17.13356405580580244, 38.00000000000000000 ) ) ;
#3967 = CARTESIAN_POINT ( 'NONE',  ( 227.4789001812560230, 10.73901488381169855, 2.842170943040400239E-13 ) ) ;
#3968 = CARTESIAN_POINT ( 'NONE',  ( -222.7075525961270159, 9.678632723028629314, 2.842170943040370451E-13 ) ) ;
#3969 = CARTESIAN_POINT ( 'NONE',  ( -38.53832170265680190, 39.36076936320210251, 43.00000000000380140 ) ) ;
#3970 = CARTESIAN_POINT ( 'NONE',  ( 173.3850415655059862, -18.73690221792670130, 109.0000000000000000 ) ) ;
#3971 = VERTEX_POINT ( 'NONE', #875 ) ;
#3972 = CARTESIAN_POINT ( 'NONE',  ( 329.8199495500430203, -11.38319881880449991, 50.66663158262270628 ) ) ;
#3973 = ORIENTED_EDGE ( 'NONE', *, *, #3740, .T. ) ;
#3974 = CARTESIAN_POINT ( 'NONE',  ( 314.5408168333349863, -7.847095108888790804, 38.00000000000000000 ) ) ;
#3975 = CARTESIAN_POINT ( 'NONE',  ( 207.3725648189549986, 15.82428527417009612, 97.99992777755049644 ) ) ;
#3977 = CARTESIAN_POINT ( 'NONE',  ( -77.08201810120689856, 37.18814732035440329, 108.9999999999960067 ) ) ;
#3976 = CARTESIAN_POINT ( 'NONE',  ( -130.4933007447800151, 32.38116540206180360, 66.00000000000160583 ) ) ;
#3978 = CARTESIAN_POINT ( 'NONE',  ( -141.1963394367320177, 30.86974346569530070, 50.66663158234130293 ) ) ;
#3979 = CARTESIAN_POINT ( 'NONE',  ( -74.75645588882990467, 37.87213498436760517, 86.99992777754819429 ) ) ;
#3980 = ORIENTED_EDGE ( 'NONE', *, *, #4105, .T. ) ;
#3981 = CARTESIAN_POINT ( 'NONE',  ( 106.6820703153990024, -23.75343906619930223, 38.00000000000000000 ) ) ;
#3983 = FACE_OUTER_BOUND ( 'NONE', #1843, .T. ) ;
#3982 = CARTESIAN_POINT ( 'NONE',  ( -7.384688053932630503, 39.01215268789859891, 66.00000000000000000 ) ) ;
#3984 = B_SPLINE_CURVE_WITH_KNOTS ( 'NONE', 3,
 ( #755, #2059, #1204, #2569 ),
 .UNSPECIFIED., .F., .F.,
 ( 4, 4 ),
 ( 0.000000000000000000, 0.01691886720502749908 ),
 .UNSPECIFIED. ) ;
#3985 = EDGE_CURVE ( 'NONE', #2727, #1640, #4112, .T. ) ;
#3986 = CARTESIAN_POINT ( 'NONE',  ( 47.08297834804610460, -26.21110914292989946, 58.33329824900719984 ) ) ;
#3987 = CARTESIAN_POINT ( 'NONE',  ( 204.8301897201390034, 15.35353414482349876, 38.00000000000000000 ) ) ;
#3988 = ADVANCED_FACE ( 'NONE', ( #406 ), #84, .T. ) ;
#3989 = ORIENTED_EDGE ( 'NONE', *, *, #4514, .T. ) ;
#3990 = ORIENTED_EDGE ( 'NONE', *, *, #3836, .T. ) ;
#3991 = CARTESIAN_POINT ( 'NONE',  ( -203.4753839402839901, -36.84622095264809616, 76.00000000000000000 ) ) ;
#3992 = ADVANCED_FACE ( 'NONE', ( #3601 ), #3871, .T. ) ;
#3993 = B_SPLINE_CURVE_WITH_KNOTS ( 'NONE', 3,
 ( #4343, #1657, #2043, #5258, #4314, #648 ),
 .UNSPECIFIED., .F., .F.,
 ( 4, 2, 4 ),
 ( -5.942663019131420477, -2.971331509565709350, 0.000000000000000000 ),
 .UNSPECIFIED. ) ;
#3994 = CARTESIAN_POINT ( 'NONE',  ( -19.99999999999999645, -1.991598500205923593E-15, 43.00000000000000000 ) ) ;
#3995 = CARTESIAN_POINT ( 'NONE',  ( 281.7093772737819677, 0.9761707184835600737, 76.00000000000000000 ) ) ;
#3996 = CARTESIAN_POINT ( 'NONE',  ( 348.0052323109359804, -16.85344447206760066, 43.00000000000000000 ) ) ;
#3997 = CARTESIAN_POINT ( 'NONE',  ( 0.000000000000000000, 2.376849021519589870E-13, 33.00000000000000000 ) ) ;
#3998 = CARTESIAN_POINT ( 'NONE',  ( -201.2619723084940233, 16.76768097005230018, 25.33323756169220076 ) ) ;
#3999 = CARTESIAN_POINT ( 'NONE',  ( 104.7188338462919859, 30.69946057019729935, 66.00000000000000000 ) ) ;
#4001 = B_SPLINE_CURVE_WITH_KNOTS ( 'NONE', 3,
 ( #1453, #4698, #1010, #124, #5557, #2828 ),
 .UNSPECIFIED., .F., .F.,
 ( 4, 2, 4 ),
 ( -3.069548540036819873, -1.534774270018409936, 0.000000000000000000 ),
 .UNSPECIFIED. ) ;
#4000 = CARTESIAN_POINT ( 'NONE',  ( 105.8819437403970056, -22.91677482271290245, 76.00000000000000000 ) ) ;
#4002 = DIRECTION ( 'NONE',  ( 0.000000000000000000, 0.000000000000000000, -1.000000000000000000 ) ) ;
#4003 = ORIENTED_EDGE ( 'NONE', *, *, #2513, .F. ) ;
#4004 = CARTESIAN_POINT ( 'NONE',  ( 203.4783157909569979, 15.88210480753819986, 58.33329824900719984 ) ) ;
#4005 = B_SPLINE_CURVE_WITH_KNOTS ( 'NONE', 3,
 ( #4787, #3878, #1218, #5179, #1989, #4758 ),
 .UNSPECIFIED., .F., .F.,
 ( 4, 2, 4 ),
 ( -2.008765443485799995, -0.9625655217706270417, 0.000000000000000000 ),
 .UNSPECIFIED. ) ;
#4006 = VERTEX_POINT ( 'NONE', #2775 ) ;
#4007 = CARTESIAN_POINT ( 'NONE',  ( 144.5413440004809900, 25.30036463334339913, 58.33329824900719984 ) ) ;
#4008 = CARTESIAN_POINT ( 'NONE',  ( 206.6411704977390116, 16.11735697830119918, 109.0000000000000000 ) ) ;
#4010 = CARTESIAN_POINT ( 'NONE',  ( 316.1786089413590162, -6.745215637933979380, 86.99992777755048223 ) ) ;
#4009 = CARTESIAN_POINT ( 'NONE',  ( -238.3142029680289795, -4.107620528789389880, 66.00000000000000000 ) ) ;
#4011 = CARTESIAN_POINT ( 'NONE',  ( -243.7693874964869849, -9.099986983694259735, 50.66663158234059949 ) ) ;
#4012 = CARTESIAN_POINT ( 'NONE',  ( -80.12477178873230343, 37.17647017720819491, 97.99992777754600581 ) ) ;
#4013 = ORIENTED_EDGE ( 'NONE', *, *, #1708, .T. ) ;
#4015 = FACE_OUTER_BOUND ( 'NONE', #2651, .T. ) ;
#4014 = CARTESIAN_POINT ( 'NONE',  ( 283.6207919448239636, -0.1170796659926379990, 50.66663158234050712 ) ) ;
#4016 = CARTESIAN_POINT ( 'NONE',  ( -235.1624907799350126, 0.4827740435141860131, 38.00000000000000000 ) ) ;
#4017 = CARTESIAN_POINT ( 'NONE',  ( 47.47890531251950108, -27.00097262845480017, 2.842170943040400239E-13 ) ) ;
#4018 = ORIENTED_EDGE ( 'NONE', *, *, #51, .T. ) ;
#4019 = VERTEX_POINT ( 'NONE', #1906 ) ;
#4020 = ORIENTED_EDGE ( 'NONE', *, *, #3241, .F. ) ;
#4021 = CARTESIAN_POINT ( 'NONE',  ( -219.6761433554789846, -34.62137939610839510, 38.00000000000000000 ) ) ;
#4022 = CARTESIAN_POINT ( 'NONE',  ( -240.7510190180589973, -11.91393982300640175, 109.0000000000000000 ) ) ;
#4023 = CARTESIAN_POINT ( 'NONE',  ( -12.23851173522569979, -29.21708128770110235, 38.00000000000000000 ) ) ;
#4024 = CARTESIAN_POINT ( 'NONE',  ( 314.1551033144419875, -7.594962136569659350, 43.00000000000000000 ) ) ;
#4025 = CARTESIAN_POINT ( 'NONE',  ( -196.8430982125879893, -37.75415237317690753, 109.0000000000000000 ) ) ;
#4026 = CARTESIAN_POINT ( 'NONE',  ( 107.4789036020980006, -24.60098992234909687, 2.842170943040400239E-13 ) ) ;
#4027 = CARTESIAN_POINT ( 'NONE',  ( 334.2626828460460047, -17.00511282240779920, 43.00000000000000000 ) ) ;
#4028 = CARTESIAN_POINT ( 'NONE',  ( -130.9745032972550121, -35.57448428653869854, 43.00000000000000000 ) ) ;
#4029 = EDGE_CURVE ( 'NONE', #2753, #5325, #3837, .T. ) ;
#4030 = VERTEX_POINT ( 'NONE', #1873 ) ;
#4031 = CARTESIAN_POINT ( 'NONE',  ( -162.5210994669299964, -35.88100768754109993, 2.842170943040400239E-13 ) ) ;
#4032 = CARTESIAN_POINT ( 'NONE',  ( 346.5391936532450359, -15.96510676085279989, 43.00000000000000000 ) ) ;
#4033 = CARTESIAN_POINT ( 'NONE',  ( -207.5211035670760111, -35.04100728085020222, 2.842170943040400239E-13 ) ) ;
#4035 = CARTESIAN_POINT ( 'NONE',  ( -30.19716107234270197, 38.42430075956709601, 108.9999999999810001 ) ) ;
#4034 = CARTESIAN_POINT ( 'NONE',  ( -219.5984467233770090, 7.171252757487279972, 66.00000000000119371 ) ) ;
#4036 = CARTESIAN_POINT ( 'NONE',  ( -230.8553810852079948, 0.9869096888021229308, 66.00000000000081002 ) ) ;
#4037 = ORIENTED_EDGE ( 'NONE', *, *, #3322, .T. ) ;
#4039 = CARTESIAN_POINT ( 'NONE',  ( -149.6870028331779849, 27.95023752110969895, 86.99992777755488760 ) ) ;
#4038 = CARTESIAN_POINT ( 'NONE',  ( -13.08373292057280146, 39.31161458916910334, 66.00000000000000000 ) ) ;
#4040 = CARTESIAN_POINT ( 'NONE',  ( 212.3181514724209933, 13.85159695467450014, 25.33323756169180285 ) ) ;
#4041 = CARTESIAN_POINT ( 'NONE',  ( -205.3844872082679842, 14.73839936674569984, 38.00000000000079581 ) ) ;
#4042 = CARTESIAN_POINT ( 'NONE',  ( 47.39371644732680267, -26.82828016926760029, 12.66657089502520073 ) ) ;
#4043 = ORIENTED_EDGE ( 'NONE', *, *, #3930, .T. ) ;
#4044 = CARTESIAN_POINT ( 'NONE',  ( -219.4267707966489809, -34.91070752978360048, 50.66663158234080555 ) ) ;
#4045 = VERTEX_POINT ( 'NONE', #486 ) ;
#4047 = CARTESIAN_POINT ( 'NONE',  ( -71.58841951019219607, -32.32421283883560648, 43.00000000000000000 ) ) ;
#4046 = CARTESIAN_POINT ( 'NONE',  ( -80.74658747683739080, 38.79576088561400127, 25.33323756169249918 ) ) ;
#4048 = EDGE_CURVE ( 'NONE', #4588, #4322, #3501, .T. ) ;
#4049 = CARTESIAN_POINT ( 'NONE',  ( 341.6146303093409529, -14.99023033130409921, 76.00000000000000000 ) ) ;
#4050 = CARTESIAN_POINT ( 'NONE',  ( 314.8128693973440022, -17.52264409292549985, 38.00000000000000000 ) ) ;
#4051 = CARTESIAN_POINT ( 'NONE',  ( 348.0052323109359804, -16.85344447206760066, 43.00000000000000000 ) ) ;
#4052 = CARTESIAN_POINT ( 'NONE',  ( 312.8456841105669923, -16.04152506433390002, 66.00000000000000000 ) ) ;
#4053 = CARTESIAN_POINT ( 'NONE',  ( 206.5292949825449966, 14.69026602128439940, 12.66657089502520073 ) ) ;
#4054 = PRODUCT_RELATED_PRODUCT_CATEGORY ( 'part', '', ( #483 ) ) ;
#4055 = EDGE_LOOP ( 'NONE', ( #1207, #86, #5539, #4664 ) ) ;
#4056 = CARTESIAN_POINT ( 'NONE',  ( -161.4308985900579785, -36.31144968095429704, 25.33323756169170338 ) ) ;
#4057 = CARTESIAN_POINT ( 'NONE',  ( 66.98413612641620318, -25.49272899184290253, 43.00000000000000000 ) ) ;
#4059 = CARTESIAN_POINT ( 'NONE',  ( -71.74012511629260302, 37.64836969830460589, 108.9999999999970015 ) ) ;
#4058 = CARTESIAN_POINT ( 'NONE',  ( -160.4867895037269818, 26.61239603617019966, 65.99999999999889155 ) ) ;
#4060 = CARTESIAN_POINT ( 'NONE',  ( -160.3420509925570059, -36.73280657436350083, 50.66663158234050712 ) ) ;
#4061 = CARTESIAN_POINT ( 'NONE',  ( -222.7734745871379971, 6.408187823441159559, 50.66663158234120345 ) ) ;
#4062 = ORIENTED_EDGE ( 'NONE', *, *, #3073, .F. ) ;
#4064 = CARTESIAN_POINT ( 'NONE',  ( -159.4934910303090021, 26.02744157263800062, 86.99992777755539919 ) ) ;
#4063 = CARTESIAN_POINT ( 'NONE',  ( 224.6775128991359907, 11.88906851495219996, 38.00000000000000000 ) ) ;
#4065 = CARTESIAN_POINT ( 'NONE',  ( 224.2293875747839991, -18.31385777886640298, 66.00000000000000000 ) ) ;
#4066 = CARTESIAN_POINT ( 'NONE',  ( -171.3283196566399909, 24.85158984408840155, 37.99999999999800337 ) ) ;
#4067 = CARTESIAN_POINT ( 'NONE',  ( -101.4824417410380022, 36.42842273091370231, 58.33329824900719984 ) ) ;
#4068 = ORIENTED_EDGE ( 'NONE', *, *, #4095, .F. ) ;
#4069 = ORIENTED_EDGE ( 'NONE', *, *, #3912, .T. ) ;
#4070 = CARTESIAN_POINT ( 'NONE',  ( -220.3213620895279803, -34.63963722879139340, 43.00000000000000000 ) ) ;
#4071 = VERTEX_POINT ( 'NONE', #2389 ) ;
#4073 = CARTESIAN_POINT ( 'NONE',  ( -100.3324915020509991, -34.20731637727369900, 76.00000000000000000 ) ) ;
#4072 = CARTESIAN_POINT ( 'NONE',  ( -80.94042265830741201, 38.78152085641939095, 25.33323756169249918 ) ) ;
#4074 = CARTESIAN_POINT ( 'NONE',  ( -216.5950810258869694, -36.34488862320470304, 109.0000000000000000 ) ) ;
#4075 = CARTESIAN_POINT ( 'NONE',  ( 314.4617560430439767, -17.25686306905389955, 43.00000000000000000 ) ) ;
#4076 = CARTESIAN_POINT ( 'NONE',  ( 327.4789116851189874, -19.50098540250139934, 2.842170943040400239E-13 ) ) ;
#4077 = CARTESIAN_POINT ( 'NONE',  ( 146.7091695042849722, -22.48481364561400042, 25.33323756169180285 ) ) ;
#4078 = CARTESIAN_POINT ( 'NONE',  ( 167.4789018916779924, -22.50098890562140141, 2.842170943040400239E-13 ) ) ;
#4079 = CARTESIAN_POINT ( 'NONE',  ( 304.1707790706309993, -5.213638348545470258, 43.00000000000000000 ) ) ;
#4080 = ORIENTED_EDGE ( 'NONE', *, *, #1222, .T. ) ;
#4081 = CARTESIAN_POINT ( 'NONE',  ( 329.2240780929309949, -10.97059043159539904, 58.33329824914829942 ) ) ;
#4082 = VECTOR ( 'NONE', #809, 1000.000000000000000 ) ;
#4083 = CARTESIAN_POINT ( 'NONE',  ( 105.3495683916430039, 30.59370779591920098, 50.66663158234050712 ) ) ;
#4084 = CARTESIAN_POINT ( 'NONE',  ( -178.9046944266930268, -37.30142771460420192, 76.00000000000000000 ) ) ;
#4085 = CARTESIAN_POINT ( 'NONE',  ( 206.2521888819599951, 15.52085271986480031, 66.00000000000000000 ) ) ;
#4086 = CARTESIAN_POINT ( 'NONE',  ( -234.0557484586009878, -0.2631904002700820033, 58.33329824900779670 ) ) ;
#4087 = ADVANCED_FACE ( 'NONE', ( #131 ), #3463, .T. ) ;
#4088 = AXIS2_PLACEMENT_3D ( 'NONE', #1145, #5219, #2985 ) ;
#4089 = ORIENTED_EDGE ( 'NONE', *, *, #259, .T. ) ;
#4090 = CARTESIAN_POINT ( 'NONE',  ( 327.8517506766029896, -10.02567370352809917, 76.00000000000000000 ) ) ;
#4092 = CARTESIAN_POINT ( 'NONE',  ( 105.1844252882089989, -22.19902977578130177, 109.0000000000000000 ) ) ;
#4091 = CARTESIAN_POINT ( 'NONE',  ( 222.6465009356520000, 12.72565262696880062, 66.00000000000000000 ) ) ;
#4093 = CARTESIAN_POINT ( 'NONE',  ( -245.9103196791099890, -24.49697872651880104, 38.00000000000000000 ) ) ;
#4094 = CARTESIAN_POINT ( 'NONE',  ( -152.3363639409739960, 30.59262742414729885, 2.842170943040300274E-13 ) ) ;
#4095 = EDGE_CURVE ( 'NONE', #2562, #5367, #1862, .T. ) ;
#4096 = ORIENTED_EDGE ( 'NONE', *, *, #5822, .F. ) ;
#4097 = EDGE_CURVE ( 'NONE', #525, #1055, #2932, .T. ) ;
#4098 = VERTEX_POINT ( 'NONE', #2952 ) ;
#4099 = CARTESIAN_POINT ( 'NONE',  ( -218.9944464398710124, -35.11076259057570326, 58.33329824900770433 ) ) ;
#4100 = CARTESIAN_POINT ( 'NONE',  ( -205.4971758676169884, -35.95441651529900184, 38.00000000000000000 ) ) ;
#4101 = CARTESIAN_POINT ( 'NONE',  ( -227.4235273943089908, 5.510070320026009938, 25.33323756169140140 ) ) ;
#4102 = CARTESIAN_POINT ( 'NONE',  ( -238.0436971875560062, -7.336761435230959805, 109.0000000000000000 ) ) ;
#4103 = B_SPLINE_CURVE_WITH_KNOTS ( 'NONE', 3,
 ( #1249, #3559, #2683, #4459, #3506, #5291 ),
 .UNSPECIFIED., .F., .F.,
 ( 4, 2, 4 ),
 ( -5.952301196883929890, -2.976150598441959616, -8.881784197001252323E-16 ),
 .UNSPECIFIED. ) ;
#4104 = ORIENTED_EDGE ( 'NONE', *, *, #4945, .T. ) ;
#4105 = EDGE_CURVE ( 'NONE', #2883, #2394, #2213, .T. ) ;
#4106 = FACE_OUTER_BOUND ( 'NONE', #5037, .T. ) ;
#4107 = CARTESIAN_POINT ( 'NONE',  ( 336.5323256546360540, -18.71692123740779934, 12.66657089502520073 ) ) ;
#4108 = CARTESIAN_POINT ( 'NONE',  ( 104.3101863013669970, 30.76811546359280314, 76.00000000000000000 ) ) ;
#4109 = CARTESIAN_POINT ( 'NONE',  ( 204.8301897201390034, 15.35353414482349876, 38.00000000000000000 ) ) ;
#4110 = CARTESIAN_POINT ( 'NONE',  ( 105.4173468802759999, -22.43691141882259998, 97.99992777755049644 ) ) ;
#4111 = CARTESIAN_POINT ( 'NONE',  ( -217.0212024346459998, 7.742861655657410580, 76.00000000000000000 ) ) ;
#4112 = B_SPLINE_CURVE_WITH_KNOTS ( 'NONE', 3,
 ( #1292, #3107, #3954, #5362 ),
 .UNSPECIFIED., .F., .F.,
 ( 4, 4 ),
 ( 0.03383747857135580017, 0.04852974931344310183 ),
 .UNSPECIFIED. ) ;
#4113 = CARTESIAN_POINT ( 'NONE',  ( 57.08592549427009999, -25.95522881682010308, 43.00000000000000000 ) ) ;
#4115 = CARTESIAN_POINT ( 'NONE',  ( 93.21649321842399161, 31.84207847902879962, 109.0000000000000000 ) ) ;
#4114 = LINE ( 'NONE', #3710, #219 ) ;
#4116 = CARTESIAN_POINT ( 'NONE',  ( 39.29513655279500028, 36.77336041394789845, 38.00000000000000000 ) ) ;
#4117 = CARTESIAN_POINT ( 'NONE',  ( -234.6003565171250216, -0.6200364445198509600, 58.33329824900779670 ) ) ;
#4118 = EDGE_CURVE ( 'NONE', #3524, #2484, #5020, .T. ) ;
#4119 = ORIENTED_EDGE ( 'NONE', *, *, #2665, .F. ) ;
#4120 = CARTESIAN_POINT ( 'NONE',  ( 223.1987611180190072, 12.49784416731809955, 58.33329824900719984 ) ) ;
#4122 = CARTESIAN_POINT ( 'NONE',  ( -207.3780517017270313, 11.24515106278389887, 86.99992777755119278 ) ) ;
#4121 = CARTESIAN_POINT ( 'NONE',  ( -170.7990650739550063, -36.54157914958999953, 38.00000000000000000 ) ) ;
#4123 = CARTESIAN_POINT ( 'NONE',  ( 304.5543729776979944, -5.454394101091719627, 38.00000000000000000 ) ) ;
#4124 = VERTEX_POINT ( 'NONE', #4795 ) ;
#4125 = EDGE_CURVE ( 'NONE', #2362, #465, #873, .T. ) ;
#4126 = ORIENTED_EDGE ( 'NONE', *, *, #4747, .F. ) ;
#4127 = CARTESIAN_POINT ( 'NONE',  ( -235.3146113341699959, -31.43652887254250317, 43.00000000000000000 ) ) ;
#4128 = VERTEX_POINT ( 'NONE', #2108 ) ;
#4130 = DIRECTION ( 'NONE',  ( 0.000000000000000000, 0.000000000000000000, -1.000000000000000000 ) ) ;
#4129 = CARTESIAN_POINT ( 'NONE',  ( -132.0650140145750129, -35.20077333077550463, 12.66657089502520073 ) ) ;
#4131 = EDGE_CURVE ( 'NONE', #5297, #3229, #5663, .T. ) ;
#4132 = CARTESIAN_POINT ( 'NONE',  ( -202.6988040231170203, 12.05747409284989935, 109.0000000000000000 ) ) ;
#4133 = CARTESIAN_POINT ( 'NONE',  ( -38.14556338030429572, 39.44918208483209554, 38.00000000000360245 ) ) ;
#4134 = ORIENTED_EDGE ( 'NONE', *, *, #4742, .T. ) ;
#4135 = CARTESIAN_POINT ( 'NONE',  ( 317.4789191474720269, -9.781007354982101276, 2.842170943040400239E-13 ) ) ;
#4136 = CARTESIAN_POINT ( 'NONE',  ( 104.7188338462919859, 30.69946057019729935, 66.00000000000000000 ) ) ;
#4137 = CARTESIAN_POINT ( 'NONE',  ( 16.90638534871269982, 37.44395850632519540, 97.99992777755049644 ) ) ;
#4138 = CARTESIAN_POINT ( 'NONE',  ( -159.2542961030609945, -37.14686879576480294, 76.00000000000000000 ) ) ;
#4139 = CARTESIAN_POINT ( 'NONE',  ( -70.16384134247860516, -32.55557694385790768, 109.0000000000000000 ) ) ;
#4140 = CARTESIAN_POINT ( 'NONE',  ( -230.3196352210539999, 0.6249033726617060358, 76.00000000000000000 ) ) ;
#4141 = CARTESIAN_POINT ( 'NONE',  ( -235.3146113341699959, -31.43652887254250317, 43.00000000000000000 ) ) ;
#4142 = B_SPLINE_SURFACE_WITH_KNOTS ( 'NONE', 3, 3, ( 
 ( #5352, #1311, #4004, #1837 ),
 ( #4906, #4930, #5799, #4992 ),
 ( #426, #3537, #2715, #919 ),
 ( #1754, #4492, #2227, #3643 ) ),
 .UNSPECIFIED., .F., .F., .F.,
 ( 4, 4 ),
 ( 4, 4 ),
 ( 0.000000000000000000, 1.000000000000000000 ),
 ( 0.01914501489605319878, 0.02938523722594680102 ),
 .UNSPECIFIED. ) ;
#4143 = VECTOR ( 'NONE', #2255, 1000.000000000000114 ) ;
#4144 = CARTESIAN_POINT ( 'NONE',  ( -12.03217334799050064, -29.08060556476289804, 66.00000000000000000 ) ) ;
#4145 = CARTESIAN_POINT ( 'NONE',  ( 272.4933683368870447, 2.575803570980100154, 66.00000000000000000 ) ) ;
#4146 = CARTESIAN_POINT ( 'NONE',  ( -244.6438923777079992, -25.47650876125459973, 58.33329824900719984 ) ) ;
#4147 = ORIENTED_EDGE ( 'NONE', *, *, #784, .F. ) ;
#4148 = CARTESIAN_POINT ( 'NONE',  ( 3.483921291269429954, 38.44106233144690066, 66.00000000000000000 ) ) ;
#4149 = ORIENTED_EDGE ( 'NONE', *, *, #4655, .T. ) ;
#4151 = CARTESIAN_POINT ( 'NONE',  ( -218.3676518286000032, 6.518771878563019762, 86.99992777755097961 ) ) ;
#4150 = CARTESIAN_POINT ( 'NONE',  ( -171.1491779546770147, 24.68919669090389846, 42.99999999999940314 ) ) ;
#4152 = LINE ( 'NONE', #606, #2649 ) ;
#4153 = CARTESIAN_POINT ( 'NONE',  ( -71.58841951019219607, -32.32421283883560648, 43.00000000000000000 ) ) ;
#4154 = AXIS2_PLACEMENT_3D ( 'NONE', #3997, #4812, #5793 ) ;
#4155 = ORIENTED_EDGE ( 'NONE', *, *, #4886, .T. ) ;
#4156 = ORIENTED_EDGE ( 'NONE', *, *, #3194, .T. ) ;
#4157 = CARTESIAN_POINT ( 'NONE',  ( -237.1145205538290099, -30.82944817404069937, 66.00000000000000000 ) ) ;
#4158 = ORIENTED_EDGE ( 'NONE', *, *, #1121, .F. ) ;
#4159 = CARTESIAN_POINT ( 'NONE',  ( -157.8389804986309741, -37.67537143576090131, 109.0000000000000000 ) ) ;
#4161 = CARTESIAN_POINT ( 'NONE',  ( 7.594872666220719992, -28.26775635961189792, 43.00000000000000000 ) ) ;
#4160 = CARTESIAN_POINT ( 'NONE',  ( -138.3511938630180111, -36.79760321064429718, 109.0000000000000000 ) ) ;
#4162 = EDGE_CURVE ( 'NONE', #2462, #4006, #2994, .T. ) ;
#4163 = CARTESIAN_POINT ( 'NONE',  ( -159.0569162597910235, 25.27914334553490150, 109.0000000000069917 ) ) ;
#4164 = FACE_OUTER_BOUND ( 'NONE', #450, .T. ) ;
#4165 = ORIENTED_EDGE ( 'NONE', *, *, #2272, .F. ) ;
#4166 = CARTESIAN_POINT ( 'NONE',  ( 166.1441255629790135, -21.31899318031699764, 38.00000000000000000 ) ) ;
#4167 = CARTESIAN_POINT ( 'NONE',  ( -202.7550136662130171, -36.17518400319789862, 43.00000000000000000 ) ) ;
#4168 = CARTESIAN_POINT ( 'NONE',  ( 242.7873882838559894, -16.89218999862420034, 86.99992777755048223 ) ) ;
#4169 = CARTESIAN_POINT ( 'NONE',  ( 319.7688898034280101, -17.46350249218200190, 38.00000000000000000 ) ) ;
#4170 = PRESENTATION_LAYER_ASSIGNMENT (  '', '', ( #3873 ) ) ;
#4171 = CARTESIAN_POINT ( 'NONE',  ( -245.0886489105060093, -22.23031972395000366, 76.00000000000000000 ) ) ;
#4172 = CARTESIAN_POINT ( 'NONE',  ( -71.09101817519429289, -32.40747347892539665, 66.00000000000000000 ) ) ;
#4173 = CARTESIAN_POINT ( 'NONE',  ( 47.47890531251950108, 36.53903352699269647, 2.842170943040400239E-13 ) ) ;
#4175 = CARTESIAN_POINT ( 'NONE',  ( 7.655325912321740311, -28.08981326301659820, 66.00000000000000000 ) ) ;
#4174 = CARTESIAN_POINT ( 'NONE',  ( -193.0847069922250228, -37.43844243787449955, 86.99992777755048223 ) ) ;
#4176 = CARTESIAN_POINT ( 'NONE',  ( 232.6158744158990146, 10.69568281577100066, 66.00000000000000000 ) ) ;
#4177 = CARTESIAN_POINT ( 'NONE',  ( -141.5498787316519724, -35.67596731061379955, 25.33323756169180285 ) ) ;
#4178 = CARTESIAN_POINT ( 'NONE',  ( 24.49584167990439809, -27.58070852204770063, 33.00000000000000000 ) ) ;
#4179 = VERTEX_POINT ( 'NONE', #5493 ) ;
#4180 = CARTESIAN_POINT ( 'NONE',  ( 3.716274385943409975, 38.60619459871000458, 50.66663158234050712 ) ) ;
#4181 = VERTEX_POINT ( 'NONE', #2743 ) ;
#4183 = CARTESIAN_POINT ( 'NONE',  ( -216.4781191178170161, 7.350254532852880551, 86.99992777755097961 ) ) ;
#4182 = CARTESIAN_POINT ( 'NONE',  ( -121.2445866450359944, -34.97876137498980142, 38.00000000000000000 ) ) ;
#4184 = CARTESIAN_POINT ( 'NONE',  ( -160.3420509925570059, -36.73280657436350083, 50.66663158234050712 ) ) ;
#4185 = B_SPLINE_CURVE_WITH_KNOTS ( 'NONE', 3,
 ( #179, #5111, #3262, #5171 ),
 .UNSPECIFIED., .F., .F.,
 ( 4, 4 ),
 ( 0.01469271508453279945, 0.01691886720487319890 ),
 .UNSPECIFIED. ) ;
#4186 = CARTESIAN_POINT ( 'NONE',  ( 309.5475949055169735, -6.650744604990250330, 38.00000000000000000 ) ) ;
#4187 = EDGE_LOOP ( 'NONE', ( #130, #3132, #1399, #3122 ) ) ;
#4188 = ORIENTED_EDGE ( 'NONE', *, *, #3063, .T. ) ;
#4189 = CARTESIAN_POINT ( 'NONE',  ( 165.9682363630559792, -21.16473870129550150, 43.00000000000000000 ) ) ;
#4190 = CARTESIAN_POINT ( 'NONE',  ( -158.7822079603290035, -37.32516926646949429, 86.99992777755048223 ) ) ;
#4191 = B_SPLINE_CURVE_WITH_KNOTS ( 'NONE', 3,
 ( #1406, #5444, #1849, #959 ),
 .UNSPECIFIED., .F., .F.,
 ( 4, 4 ),
 ( 0.01914501489601960066, 0.02938523722594680102 ),
 .UNSPECIFIED. ) ;
#4193 = PLANE ( 'NONE',  #978 ) ;
#4192 = CARTESIAN_POINT ( 'NONE',  ( -11.95886750566949885, -29.03166728018869946, 76.00000000000000000 ) ) ;
#4194 = CARTESIAN_POINT ( 'NONE',  ( -230.7353754793840039, -1.776998819125880091, 109.0000000000000000 ) ) ;
#4195 = CARTESIAN_POINT ( 'NONE',  ( -70.16384134247860516, -32.55557694385790768, 109.0000000000000000 ) ) ;
#4196 = B_SPLINE_SURFACE_WITH_KNOTS ( 'NONE', 3, 3, ( 
 ( #3935, #707, #2939, #3444 ),
 ( #212, #2014, #766, #3027 ),
 ( #4807, #3414, #2581, #269 ),
 ( #5620, #2497, #3904, #4371 ) ),
 .UNSPECIFIED., .F., .F., .F.,
 ( 4, 4 ),
 ( 4, 4 ),
 ( 0.000000000000000000, 1.000000000000000000 ),
 ( 0.01914501489605319878, 0.02938523722594680102 ),
 .UNSPECIFIED. ) ;
#4197 = ORIENTED_EDGE ( 'NONE', *, *, #3200, .T. ) ;
#4198 = CARTESIAN_POINT ( 'NONE',  ( 340.7645704348869913, -14.36504266327120050, 86.99992777755048223 ) ) ;
#4199 = CARTESIAN_POINT ( 'NONE',  ( 263.0270420690200126, -16.78750266259489976, 76.00000000000000000 ) ) ;
#4200 = B_SPLINE_CURVE_WITH_KNOTS ( 'NONE', 3,
 ( #4323, #2136, #3036, #5713, #1665, #1134 ),
 .UNSPECIFIED., .F., .F.,
 ( 4, 2, 4 ),
 ( -5.896105424795309524, -2.948052712397649877, 0.000000000000000000 ),
 .UNSPECIFIED. ) ;
#4201 = DIRECTION ( 'NONE',  ( 0.000000000000000000, 0.000000000000000000, -1.000000000000000000 ) ) ;
#4202 = CARTESIAN_POINT ( 'NONE',  ( -233.6350491211699989, -1.261578585985229983, 76.00000000000000000 ) ) ;
#4203 = CARTESIAN_POINT ( 'NONE',  ( -214.6734017691069880, -35.19267370787860472, 43.00000000000000000 ) ) ;
#4204 = CARTESIAN_POINT ( 'NONE',  ( -131.1541646857620265, -35.51336566485430524, 38.00000000000000000 ) ) ;
#4205 = CARTESIAN_POINT ( 'NONE',  ( -49.78574110170530531, 40.04997074911300103, 2.842170943040610265E-13 ) ) ;
#4207 = CARTESIAN_POINT ( 'NONE',  ( 54.16458667022190099, 35.23997930242050103, 109.0000000000000000 ) ) ;
#4206 = CARTESIAN_POINT ( 'NONE',  ( -198.5602204896920000, -37.02371635977340247, 76.00000000000000000 ) ) ;
#4208 = CARTESIAN_POINT ( 'NONE',  ( -171.3283196566399909, 24.85158984408840155, 37.99999999999809575 ) ) ;
#4209 = CARTESIAN_POINT ( 'NONE',  ( -243.8604304622659811, -26.62455912929299728, 50.66663158234050712 ) ) ;
#4210 = ADVANCED_FACE ( 'NONE', ( #947 ), #2559, .T. ) ;
#4211 = ORIENTED_EDGE ( 'NONE', *, *, #2483, .T. ) ;
#4212 = CARTESIAN_POINT ( 'NONE',  ( 339.1167478178520014, -12.05711876770390134, 97.99992777755049644 ) ) ;
#4214 = CARTESIAN_POINT ( 'NONE',  ( -225.3299000723120002, 2.664119912910220211, 86.99992777755069540 ) ) ;
#4213 = CARTESIAN_POINT ( 'NONE',  ( -121.3019084328939954, 34.28446146455210197, 43.00000000000079581 ) ) ;
#4215 = CARTESIAN_POINT ( 'NONE',  ( 348.1195062678770000, -15.50075036847029963, 66.00000000000000000 ) ) ;
#4216 = B_SPLINE_CURVE_WITH_KNOTS ( 'NONE', 3,
 ( #415, #855, #2, #1352, #5452, #4509 ),
 .UNSPECIFIED., .F., .F.,
 ( 4, 2, 4 ),
 ( -1.680302430148790105, -0.8401512150743910556, 0.000000000000000000 ),
 .UNSPECIFIED. ) ;
#4217 = CARTESIAN_POINT ( 'NONE',  ( 105.8764095492609982, 30.50567218608529885, 38.00000000000000000 ) ) ;
#4218 = CARTESIAN_POINT ( 'NONE',  ( 313.3846374748729886, -16.44465319215380106, 58.33329824900719984 ) ) ;
#4219 = ORIENTED_EDGE ( 'NONE', *, *, #2803, .F. ) ;
#4220 = B_SPLINE_CURVE_WITH_KNOTS ( 'NONE', 3,
 ( #4867, #3446, #1304, #1631 ),
 .UNSPECIFIED., .F., .F.,
 ( 4, 4 ),
 ( 0.01914501489619169911, 0.02938523722594670040 ),
 .UNSPECIFIED. ) ;
#4222 = CARTESIAN_POINT ( 'NONE',  ( 105.8764095492609982, 30.50567218608529885, 38.00000000000000000 ) ) ;
#4221 = CARTESIAN_POINT ( 'NONE',  ( 7.709689184597709577, -27.92750168516970177, 86.99992777755048223 ) ) ;
#4223 = B_SPLINE_CURVE_WITH_KNOTS ( 'NONE', 3,
 ( #1502, #3727, #1530, #4659, #143, #2815 ),
 .UNSPECIFIED., .F., .F.,
 ( 4, 2, 4 ),
 ( -5.898863352432149654, -2.949431676216079712, -8.881784197001252323E-16 ),
 .UNSPECIFIED. ) ;
#4224 = CARTESIAN_POINT ( 'NONE',  ( -110.1815384302950065, 33.86712466193340276, 109.0000000000000000 ) ) ;
#4225 = CARTESIAN_POINT ( 'NONE',  ( -75.21739569233039902, 38.92146117573489761, 38.00000000000069633 ) ) ;
#4226 = EDGE_LOOP ( 'NONE', ( #1910, #1879, #4309, #3580, #4246, #2809, #4147, #546, #3649, #2623, #3007, #4625, #5742, #792, #475, #4983, #2663, #381, #432, #5654, #557, #491, #1202, #1955, #4239, #586 ) ) ;
#4227 = EDGE_CURVE ( 'NONE', #3074, #4873, #4114, .T. ) ;
#4228 = CARTESIAN_POINT ( 'NONE',  ( -72.24582551456769863, -32.21052387384850135, 12.66657089502520073 ) ) ;
#4229 = CARTESIAN_POINT ( 'NONE',  ( 66.71782383892791302, -25.11745049387899797, 66.00000000000000000 ) ) ;
#4230 = CARTESIAN_POINT ( 'NONE',  ( 107.4789036020980006, 30.23900894496309988, 2.842170943040400239E-13 ) ) ;
#4231 = CARTESIAN_POINT ( 'NONE',  ( 104.7188338462919859, 30.69946057019729935, 66.00000000000000000 ) ) ;
#4232 = CARTESIAN_POINT ( 'NONE',  ( -244.1547488665030130, -24.83167634752490116, 76.00000000000000000 ) ) ;
#4233 = CARTESIAN_POINT ( 'NONE',  ( -219.3946034033990031, -34.75255369422349361, 43.00000000000000000 ) ) ;
#4234 = FACE_OUTER_BOUND ( 'NONE', #1722, .T. ) ;
#4235 = CARTESIAN_POINT ( 'NONE',  ( 4.109956986146389823, 38.88124042658580493, 25.33323756169180285 ) ) ;
#4236 = CARTESIAN_POINT ( 'NONE',  ( -24.43082828362280168, 40.15139635649219940, 1.557642903549089981E-12 ) ) ;
#4237 = CARTESIAN_POINT ( 'NONE',  ( -141.5501895463860080, 31.24087158261559694, 38.00000000000309797 ) ) ;
#4238 = CARTESIAN_POINT ( 'NONE',  ( 200.1706356942910077, 17.17977246559620141, 109.0000000000000000 ) ) ;
#4239 = ORIENTED_EDGE ( 'NONE', *, *, #2889, .F. ) ;
#4240 = CARTESIAN_POINT ( 'NONE',  ( 312.8456841105669923, -16.04152506433390002, 66.00000000000000000 ) ) ;
#4242 = CARTESIAN_POINT ( 'NONE',  ( -207.8910480918499957, 11.63204658281030035, 76.00000000000000000 ) ) ;
#4241 = CARTESIAN_POINT ( 'NONE',  ( -245.6062894394770240, -24.66035680564580090, 43.00000000000000000 ) ) ;
#4243 = EDGE_CURVE ( 'NONE', #3752, #2118, #2221, .T. ) ;
#4244 = CARTESIAN_POINT ( 'NONE',  ( 55.13606932909709712, 35.31367562106429858, 76.00000000000000000 ) ) ;
#4245 = B_SPLINE_SURFACE_WITH_KNOTS ( 'NONE', 3, 3, ( 
 ( #2737, #4053, #2713, #943 ),
 ( #4517, #502, #1422, #5350 ),
 ( #2686, #3178, #917, #3234 ),
 ( #4579, #448, #2196, #4958 ) ),
 .UNSPECIFIED., .F., .F., .F.,
 ( 4, 4 ),
 ( 4, 4 ),
 ( 0.000000000000000000, 1.000000000000000000 ),
 ( 0.000000000000000000, 0.01691886720496220062 ),
 .UNSPECIFIED. ) ;
#4246 = ORIENTED_EDGE ( 'NONE', *, *, #2126, .F. ) ;
#4247 = CARTESIAN_POINT ( 'NONE',  ( 145.7038280927860114, -21.56351756693399935, 58.33329824900719984 ) ) ;
#4248 = CARTESIAN_POINT ( 'NONE',  ( -159.2542961030609945, -37.14686879576480294, 76.00000000000000000 ) ) ;
#4250 = CARTESIAN_POINT ( 'NONE',  ( -96.33262595207189349, -33.67849265029200012, 43.00000000000000000 ) ) ;
#4249 = CARTESIAN_POINT ( 'NONE',  ( -139.6113628557540096, -36.36351472483280389, 76.00000000000000000 ) ) ;
#4251 = CARTESIAN_POINT ( 'NONE',  ( -79.99803734045259773, 36.93711361138279869, 108.9999999999960067 ) ) ;
#4252 = CARTESIAN_POINT ( 'NONE',  ( 1.747357786164579929, 38.87803570077590365, 38.00000000000000000 ) ) ;
#4253 = VERTEX_POINT ( 'NONE', #596 ) ;
#4254 = CARTESIAN_POINT ( 'NONE',  ( -52.52109183677880822, -31.24099518779699736, 2.842170943040400239E-13 ) ) ;
#4255 = CARTESIAN_POINT ( 'NONE',  ( -212.2863820711459937, -34.56448114053070242, 2.842170943040400239E-13 ) ) ;
#4256 = CARTESIAN_POINT ( 'NONE',  ( 312.3834536431089646, -6.442126943316750065, 66.00000000000000000 ) ) ;
#4257 = CARTESIAN_POINT ( 'NONE',  ( 341.6224949149250278, -13.85384269645320110, 66.00000000000000000 ) ) ;
#4258 = CARTESIAN_POINT ( 'NONE',  ( 104.7188338462919859, 30.69946057019729935, 66.00000000000000000 ) ) ;
#4259 = CARTESIAN_POINT ( 'NONE',  ( -82.21569205365240407, -32.70889878688429775, 12.66657089502520073 ) ) ;
#4260 = CARTESIAN_POINT ( 'NONE',  ( -38.43104677205160158, 40.09539163597310107, 2.842170943040669840E-13 ) ) ;
#4261 = CARTESIAN_POINT ( 'NONE',  ( -161.8344671575209759, 27.89186240692090024, 25.33323756168950069 ) ) ;
#4262 = CARTESIAN_POINT ( 'NONE',  ( 285.8788286200659741, -18.67271280859840132, 25.33323756169180285 ) ) ;
#4263 = CARTESIAN_POINT ( 'NONE',  ( 3.834976014370460096, 38.68933228835469862, 43.00000000000000000 ) ) ;
#4264 = EDGE_CURVE ( 'NONE', #3323, #2933, #2412, .T. ) ;
#4265 = B_SPLINE_CURVE_WITH_KNOTS ( 'NONE', 3,
 ( #2074, #3880, #4845, #1220, #5709, #3420, #5263, #4403, #3449, #362, #2503, #3969, #771, #5208, #3003, #5764, #1161, #3393, #4320, #4788, #741, #2557, #3909, #2587, #5181, #4376, #4291, #4733 ),
 .UNSPECIFIED., .F., .F.,
 ( 4, 3, 3, 3, 3, 3, 3, 3, 3, 4 ),
 ( -9.181316170097700180, -7.753268277329990354, -7.683698787874690517, -5.531316559746580097, -5.481684474887300595, -2.612308352986300264, -2.541708404998180626, -1.863666254692460278, -1.813299022777400182, 0.000000000000000000 ),
 .UNSPECIFIED. ) ;
#4266 = VERTEX_POINT ( 'NONE', #65 ) ;
#4267 = CARTESIAN_POINT ( 'NONE',  ( -205.2310285931159797, -36.07299352939729431, 43.00000000000000000 ) ) ;
#4269 = CARTESIAN_POINT ( 'NONE',  ( -240.5158922205800138, -28.23369926340830105, 109.0000000000000000 ) ) ;
#4268 = CARTESIAN_POINT ( 'NONE',  ( -229.8558752782029728, 3.041102573682879839, 43.00000000000049738 ) ) ;
#4270 = CARTESIAN_POINT ( 'NONE',  ( -140.2867602953120070, -36.12680374060990118, 58.33329824900719984 ) ) ;
#4271 = VERTEX_POINT ( 'NONE', #980 ) ;
#4272 = CARTESIAN_POINT ( 'NONE',  ( 223.7360459048140058, -17.92192644873379948, 76.00000000000000000 ) ) ;
#4274 = CARTESIAN_POINT ( 'NONE',  ( 218.6593413596070263, 13.57473335581649998, 76.00000000000000000 ) ) ;
#4273 = CARTESIAN_POINT ( 'NONE',  ( -38.60482693647350061, 38.80460025355159814, 75.99999999998421174 ) ) ;
#4275 = CARTESIAN_POINT ( 'NONE',  ( -13.55497421694859916, 39.04028509648690459, 86.99992777754638951 ) ) ;
#4276 = CARTESIAN_POINT ( 'NONE',  ( -60.67981616953419888, 38.84850533275570683, 58.33329824900670246 ) ) ;
#4277 = ADVANCED_FACE ( 'NONE', ( #3237 ), #4338, .T. ) ;
#4278 = ORIENTED_EDGE ( 'NONE', *, *, #951, .F. ) ;
#4279 = CARTESIAN_POINT ( 'NONE',  ( 200.8800287198419880, 16.90082281486149895, 97.99992777755049644 ) ) ;
#4280 = DIRECTION ( 'NONE',  ( -0.9981446711356081192, 0.06088690732488230561, 0.000000000000000000 ) ) ;
#4281 = FILL_AREA_STYLE ('',( #236 ) ) ;
#4282 = CARTESIAN_POINT ( 'NONE',  ( -238.8273280589720002, -30.26501751084670033, 86.99992777755048223 ) ) ;
#4283 = CARTESIAN_POINT ( 'NONE',  ( -182.4040366629780294, 23.56938693498129922, 2.842170943040290177E-13 ) ) ;
#4284 = B_SPLINE_SURFACE_WITH_KNOTS ( 'NONE', 3, 3, ( 
 ( #2923, #2081, #221, #4678 ),
 ( #5599, #3804, #3483, #2053 ),
 ( #310, #193, #3831, #4768 ),
 ( #3858, #3917, #1642, #1553 ) ),
 .UNSPECIFIED., .F., .F., .F.,
 ( 4, 4 ),
 ( 4, 4 ),
 ( 0.000000000000000000, 1.000000000000000000 ),
 ( 0.03383747857135580017, 0.04852974931344310183 ),
 .UNSPECIFIED. ) ;
#4285 = CARTESIAN_POINT ( 'NONE',  ( 47.00000000000000000, 1.188424662597388516E-13, 2.642330798607870547E-13 ) ) ;
#4286 = CARTESIAN_POINT ( 'NONE',  ( -235.6120187717289980, -31.28906830770229774, 38.00000000000000000 ) ) ;
#4287 = CARTESIAN_POINT ( 'NONE',  ( -121.0768244426109987, -35.03277239051470104, 43.00000000000000000 ) ) ;
#4288 = CARTESIAN_POINT ( 'NONE',  ( -13.06400986516979934, 39.68829566458860114, 38.00000000000330402 ) ) ;
#4289 = CARTESIAN_POINT ( 'NONE',  ( 280.5804785114200399, -14.65007533596710054, 109.0000000000000000 ) ) ;
#4290 = CARTESIAN_POINT ( 'NONE',  ( -181.9182481588049995, 23.13991422887770000, 12.66657089502520073 ) ) ;
#4291 = CARTESIAN_POINT ( 'NONE',  ( -94.81678705521339623, 37.32613942011559516, 43.00000000000000000 ) ) ;
#4292 = CARTESIAN_POINT ( 'NONE',  ( 28.03217470937419975, 37.72528569889330186, 2.250422070915189884E-12 ) ) ;
#4293 = VERTEX_POINT ( 'NONE', #4173 ) ;
#4294 = CARTESIAN_POINT ( 'NONE',  ( 227.4789001812560230, -20.94100660620679832, 2.842170943040400239E-13 ) ) ;
#4295 = ORIENTED_EDGE ( 'NONE', *, *, #2145, .F. ) ;
#4296 = CARTESIAN_POINT ( 'NONE',  ( 319.9621816951220126, -9.254253514047739770, 38.00000000000000000 ) ) ;
#4297 = EDGE_CURVE ( 'NONE', #1858, #2773, #3676, .T. ) ;
#4298 = CARTESIAN_POINT ( 'NONE',  ( 66.20656186274769084, 34.42143148042590184, 38.00000000000000000 ) ) ;
#4300 = CARTESIAN_POINT ( 'NONE',  ( -236.1604639662990053, -4.979301344108979066, 97.99992777755049644 ) ) ;
#4299 = CARTESIAN_POINT ( 'NONE',  ( -219.9946123130220030, 8.364465056609571292, 43.00000000000079581 ) ) ;
#4301 = CARTESIAN_POINT ( 'NONE',  ( -140.9818786035660025, 30.64607086856980089, 58.33329824900830118 ) ) ;
#4302 = ORIENTED_EDGE ( 'NONE', *, *, #5157, .T. ) ;
#4303 = CARTESIAN_POINT ( 'NONE',  ( 222.1061676593240009, -16.63998209042600251, 109.0000000000000000 ) ) ;
#4305 = CARTESIAN_POINT ( 'NONE',  ( 166.1441255629790135, -21.31899318031699764, 38.00000000000000000 ) ) ;
#4304 = CARTESIAN_POINT ( 'NONE',  ( 285.0777628330660036, -18.05592335419770222, 38.00000000000000000 ) ) ;
#4306 = CARTESIAN_POINT ( 'NONE',  ( -241.2731028079809903, -1.113969547961040085, 2.842170943040380044E-13 ) ) ;
#4307 = CARTESIAN_POINT ( 'NONE',  ( -38.43687559886819827, 38.62331012444160194, 86.99992777753469397 ) ) ;
#4308 = CARTESIAN_POINT ( 'NONE',  ( -21.81190672438130207, 39.20125445066270942, 66.00000000000081002 ) ) ;
#4309 = ORIENTED_EDGE ( 'NONE', *, *, #1382, .F. ) ;
#4310 = LINE ( 'NONE', #3022, #135 ) ;
#4311 = CARTESIAN_POINT ( 'NONE',  ( -227.5765082697519972, -33.64407913551700346, 76.00000000000000000 ) ) ;
#4312 = CARTESIAN_POINT ( 'NONE',  ( 306.5013555603379700, -6.680501391099290309, 12.66657089502520073 ) ) ;
#4313 = EDGE_CURVE ( 'NONE', #4181, #717, #1936, .T. ) ;
#4314 = CARTESIAN_POINT ( 'NONE',  ( 215.4639422787709861, -19.54530078473469956, 43.00000000000000000 ) ) ;
#4315 = CARTESIAN_POINT ( 'NONE',  ( -229.7924926735169890, -32.57967233931830009, 38.00000000000000000 ) ) ;
#4316 = CARTESIAN_POINT ( 'NONE',  ( 349.3842736312810757, -17.88431172112860068, 25.33323756169180285 ) ) ;
#4317 = CARTESIAN_POINT ( 'NONE',  ( -38.43104677205160158, 40.09539163597310107, 2.842170943040669840E-13 ) ) ;
#4318 = CARTESIAN_POINT ( 'NONE',  ( -159.2542961030609945, -37.14686879576480294, 76.00000000000000000 ) ) ;
#4319 = CARTESIAN_POINT ( 'NONE',  ( -203.4753839402839901, -36.84622095264809616, 76.00000000000000000 ) ) ;
#4320 = CARTESIAN_POINT ( 'NONE',  ( -72.57702115579991187, 39.01164740053859958, 42.99999999999910472 ) ) ;
#4321 = CARTESIAN_POINT ( 'NONE',  ( 183.1292667842699871, -18.31751819242660062, 109.0000000000000000 ) ) ;
#4322 = VERTEX_POINT ( 'NONE', #1128 ) ;
#4323 = CARTESIAN_POINT ( 'NONE',  ( 223.7360459048140058, -17.92192644873379948, 76.00000000000000000 ) ) ;
#4324 = ORIENTED_EDGE ( 'NONE', *, *, #2589, .F. ) ;
#4325 = CARTESIAN_POINT ( 'NONE',  ( 225.3630834619139875, -19.22141320142250009, 43.00000000000000000 ) ) ;
#4326 = CARTESIAN_POINT ( 'NONE',  ( 220.3576370171820145, 13.67121019278719984, 97.99992777755049644 ) ) ;
#4328 = CARTESIAN_POINT ( 'NONE',  ( -229.1405692945010060, -0.1664655091509170126, 97.99992777755070961 ) ) ;
#4327 = CARTESIAN_POINT ( 'NONE',  ( -243.0032596903230058, -6.418226455744219905, 43.00000000000000000 ) ) ;
#4329 = CARTESIAN_POINT ( 'NONE',  ( -200.1481853946540070, 15.87871913787250122, 50.66663158234280218 ) ) ;
#4331 = CARTESIAN_POINT ( 'NONE',  ( 164.4179461389019821, -19.81933384650290009, 86.99992777755048223 ) ) ;
#4330 = CARTESIAN_POINT ( 'NONE',  ( -71.57533757349169434, 38.56243193142690018, 65.99999999999860734 ) ) ;
#4332 = CARTESIAN_POINT ( 'NONE',  ( -235.7108022381920023, 0.1259612884891199991, 38.00000000000000000 ) ) ;
#4333 = CARTESIAN_POINT ( 'NONE',  ( -13.11583540027579886, 39.62167669340400522, 43.00000000000000000 ) ) ;
#4334 = ORIENTED_EDGE ( 'NONE', *, *, #2589, .T. ) ;
#4335 = CARTESIAN_POINT ( 'NONE',  ( 86.06182018526560284, -23.72642252466170021, 86.99992777755048223 ) ) ;
#4336 = CARTESIAN_POINT ( 'NONE',  ( 316.4975914701250304, -9.131160322430810439, 12.66657089496330002 ) ) ;
#4337 = ADVANCED_FACE ( 'NONE', ( #1602 ), #1652, .T. ) ;
#4338 = B_SPLINE_SURFACE_WITH_KNOTS ( 'NONE', 3, 3, ( 
 ( #1394, #2290, #3677, #4994 ),
 ( #37, #5435, #1573, #3331 ),
 ( #3390, #3798, #2122, #2608 ),
 ( #827, #442, #3068, #3299 ) ),
 .UNSPECIFIED., .F., .F., .F.,
 ( 4, 4 ),
 ( 4, 4 ),
 ( 0.000000000000000000, 1.000000000000000000 ),
 ( 0.000000000000000000, 0.01691886720496220062 ),
 .UNSPECIFIED. ) ;
#4339 = ADVANCED_FACE ( 'NONE', ( #3662 ), #753, .T. ) ;
#4340 = CARTESIAN_POINT ( 'NONE',  ( -216.5950810258869694, -36.34488862320470304, 109.0000000000000000 ) ) ;
#4341 = CARTESIAN_POINT ( 'NONE',  ( -110.4627800336839982, -34.70418015884820306, 66.00000000000000000 ) ) ;
#4342 = CARTESIAN_POINT ( 'NONE',  ( 284.5814852664230443, -0.6689920854975829334, 38.00000000000000000 ) ) ;
#4343 = CARTESIAN_POINT ( 'NONE',  ( 165.9682363630559792, -21.16473870129550150, 43.00000000000000000 ) ) ;
#4344 = CARTESIAN_POINT ( 'NONE',  ( -222.2858354273769805, -33.56448463907379676, 2.842170943040380044E-13 ) ) ;
#4345 = CARTESIAN_POINT ( 'NONE',  ( 346.4722722865360538, -17.15638434424500147, 38.00000000000000000 ) ) ;
#4346 = CARTESIAN_POINT ( 'NONE',  ( -157.8389804986309741, -37.67537143576090131, 109.0000000000000000 ) ) ;
#4347 = CARTESIAN_POINT ( 'NONE',  ( -12.20154864451760091, -29.19277022846199898, 43.00000000000000000 ) ) ;
#4349 = B_SPLINE_CURVE_WITH_KNOTS ( 'NONE', 3,
 ( #2707, #2280, #5370, #3142, #4923, #4074, #3637, #2882, #523, #1534, #5045, #2369, #2851, #4603, #2401, #3321, #5077, #4662, #5012 ),
 .UNSPECIFIED., .F., .F.,
 ( 4, 3, 3, 3, 3, 3, 4 ),
 ( -4.824606054920249854, -3.148284437864170116, -2.983320638554899595, -1.408127984545560096, -1.143330615006959761, -0.6685747978373388634, 0.000000000000000000 ),
 .UNSPECIFIED. ) ;
#4348 = CARTESIAN_POINT ( 'NONE',  ( 220.3576370171820145, 13.67121019278719984, 97.99992777755080908 ) ) ;
#4350 = B_SPLINE_CURVE_WITH_KNOTS ( 'NONE', 3,
 ( #4708, #2539, #1107, #3370, #720, #5686 ),
 .UNSPECIFIED., .F., .F.,
 ( 4, 2, 4 ),
 ( -5.912617180725080246, -2.956308590362540123, 0.000000000000000000 ),
 .UNSPECIFIED. ) ;
#4351 = ADVANCED_FACE ( 'NONE', ( #3348 ), #704, .T. ) ;
#4352 = ORIENTED_EDGE ( 'NONE', *, *, #3616, .F. ) ;
#4353 = CARTESIAN_POINT ( 'NONE',  ( 105.3495683916430039, 30.59370779591920098, 50.66663158234050712 ) ) ;
#4354 = EDGE_LOOP ( 'NONE', ( #1476, #4068, #777, #2120 ) ) ;
#4355 = CARTESIAN_POINT ( 'NONE',  ( 347.4788967604150116, -19.38098124309850334, 2.842170943040400239E-13 ) ) ;
#4356 = FACE_OUTER_BOUND ( 'NONE', #2177, .T. ) ;
#4358 = CARTESIAN_POINT ( 'NONE',  ( -240.4788823446530159, -8.006343086380161012, 86.99992777755048223 ) ) ;
#4357 = CARTESIAN_POINT ( 'NONE',  ( -102.0715817415049855, 37.23426598393820086, 25.33323756169170338 ) ) ;
#4359 = CARTESIAN_POINT ( 'NONE',  ( -170.8744435482200004, 24.44043300367370009, 50.66663158233990316 ) ) ;
#4360 = CIRCLE ( 'NONE', #3338, 20.00000000000000000 ) ;
#4361 = ORIENTED_EDGE ( 'NONE', *, *, #3780, .T. ) ;
#4363 = CARTESIAN_POINT ( 'NONE',  ( -188.7298935885090145, -37.37870717402389431, 76.00000000000000000 ) ) ;
#4362 = CARTESIAN_POINT ( 'NONE',  ( -38.22790433633279150, 38.81016839881470304, 75.99999999998421174 ) ) ;
#4364 = CARTESIAN_POINT ( 'NONE',  ( -235.8517946606359885, 0.9492685001300120717, 25.33323756169140140 ) ) ;
#4365 = CARTESIAN_POINT ( 'NONE',  ( -72.30691631800689834, 39.03225976599649982, 42.99999999999910472 ) ) ;
#4366 = DIRECTION ( 'NONE',  ( 0.000000000000000000, 7.202571872255701478E-15, 1.000000000000000000 ) ) ;
#4367 = CARTESIAN_POINT ( 'NONE',  ( -228.7336510914740018, 6.448377883773620312, 2.842170943040370451E-13 ) ) ;
#4368 = CARTESIAN_POINT ( 'NONE',  ( 294.5679291220610025, -3.061693093294650225, 38.00000000000000000 ) ) ;
#4369 = AXIS2_PLACEMENT_3D ( 'NONE', #4716, #3522, #3402 ) ;
#4370 = CARTESIAN_POINT ( 'NONE',  ( 264.6134944773270377, 3.517028114652340332, 38.00000000000000000 ) ) ;
#4371 = CARTESIAN_POINT ( 'NONE',  ( -189.2282077549880057, -37.17043525975579144, 66.00000000000000000 ) ) ;
#4372 = CARTESIAN_POINT ( 'NONE',  ( -220.8558063797219972, -34.24378123716899580, 25.33323756169150087 ) ) ;
#4373 = CARTESIAN_POINT ( 'NONE',  ( -126.0256638699329983, -35.30362833852669979, 43.00000000000000000 ) ) ;
#4374 = CARTESIAN_POINT ( 'NONE',  ( 301.5712082390890032, -15.19167487281029949, 86.99992777755048223 ) ) ;
#4375 = CARTESIAN_POINT ( 'NONE',  ( -212.0036965050670119, 13.40676995822279949, 12.66657089502520073 ) ) ;
#4376 = CARTESIAN_POINT ( 'NONE',  ( -87.87712781443399024, 37.85001263952590733, 42.99999999999880629 ) ) ;
#4377 = CARTESIAN_POINT ( 'NONE',  ( 313.5638353233960061, -7.208775283407800494, 50.66663158209780704 ) ) ;
#4378 = ORIENTED_EDGE ( 'NONE', *, *, #3836, .F. ) ;
#4379 = CARTESIAN_POINT ( 'NONE',  ( 104.7188338462919859, 30.69946057019729935, 66.00000000000000000 ) ) ;
#4380 = ORIENTED_EDGE ( 'NONE', *, *, #1518, .T. ) ;
#4381 = CARTESIAN_POINT ( 'NONE',  ( -159.2542961030609945, -37.14686879576480294, 76.00000000000000000 ) ) ;
#4382 = CARTESIAN_POINT ( 'NONE',  ( 244.2758889890409932, 7.875757798550979238, 43.00000000000000000 ) ) ;
#4384 = CARTESIAN_POINT ( 'NONE',  ( -233.0936566252509863, -0.9046996402120829339, 76.00000000000000000 ) ) ;
#4383 = CARTESIAN_POINT ( 'NONE',  ( -245.7910328062729945, -15.95006986095209811, 66.00000000000000000 ) ) ;
#4385 = CARTESIAN_POINT ( 'NONE',  ( -131.1645576282260208, 32.52538528059380241, 58.33329824900879856 ) ) ;
#4386 = EDGE_CURVE ( 'NONE', #2977, #108, #1586, .T. ) ;
#4387 = EDGE_LOOP ( 'NONE', ( #853, #1334, #570, #994 ) ) ;
#4388 = CARTESIAN_POINT ( 'NONE',  ( 116.5924128566619942, -23.34769808521890155, 38.00000000000000000 ) ) ;
#4390 = CARTESIAN_POINT ( 'NONE',  ( 205.5848683892050133, 15.78483855655899859, 76.00000000000000000 ) ) ;
#4389 = CARTESIAN_POINT ( 'NONE',  ( -38.20801032691269938, 38.97748253081489622, 66.00000000000571276 ) ) ;
#4391 = CARTESIAN_POINT ( 'NONE',  ( -248.2654265176990123, -10.29615922868180000, 2.842170943040390646E-13 ) ) ;
#4392 = CARTESIAN_POINT ( 'NONE',  ( -13.19498203246859980, 39.51961949181259826, 50.66663158234059949 ) ) ;
#4393 = B_SPLINE_CURVE_WITH_KNOTS ( 'NONE', 3,
 ( #354, #1353, #5816, #3172 ),
 .UNSPECIFIED., .F., .F.,
 ( 4, 4 ),
 ( 0.01914501489606399917, 0.02938523722594670040 ),
 .UNSPECIFIED. ) ;
#4394 = ORIENTED_EDGE ( 'NONE', *, *, #2042, .F. ) ;
#4395 = CARTESIAN_POINT ( 'NONE',  ( 287.4788984708349631, -2.340979145036359732, 2.842170943040400239E-13 ) ) ;
#4396 = CARTESIAN_POINT ( 'NONE',  ( -247.1412747752410155, -24.75551405262309856, 2.842170943040400239E-13 ) ) ;
#4397 = CARTESIAN_POINT ( 'NONE',  ( 265.5629450684379549, 3.021608211527309962, 25.33323756169170338 ) ) ;
#4398 = CARTESIAN_POINT ( 'NONE',  ( -235.8761803648709758, -31.32999744535339914, 66.00000000000000000 ) ) ;
#4399 = CARTESIAN_POINT ( 'NONE',  ( -226.8829641508669965, -32.79678072693770474, 12.66657089502520073 ) ) ;
#4400 = CARTESIAN_POINT ( 'NONE',  ( 344.5489918338470261, -17.16779448846450151, 38.00000000000000000 ) ) ;
#4401 = CARTESIAN_POINT ( 'NONE',  ( 348.7220400025869935, -15.94514002584260304, 58.33329824900719984 ) ) ;
#4402 = CARTESIAN_POINT ( 'NONE',  ( -196.0257798405449989, 17.90732681220609734, 37.99999999999869260 ) ) ;
#4403 = CARTESIAN_POINT ( 'NONE',  ( -21.64098699951630067, 39.53415246630360258, 43.00000000000049738 ) ) ;
#4404 = CARTESIAN_POINT ( 'NONE',  ( -101.2814667333239953, -33.94934859846649289, 43.00000000000000000 ) ) ;
#4405 = ORIENTED_EDGE ( 'NONE', *, *, #73, .T. ) ;
#4406 = CARTESIAN_POINT ( 'NONE',  ( 45.57935299744290347, 36.26366790385089445, 66.00000000000000000 ) ) ;
#4407 = ORIENTED_EDGE ( 'NONE', *, *, #5642, .F. ) ;
#4408 = ADVANCED_FACE ( 'NONE', ( #3285 ), #997, .F. ) ;
#4409 = CARTESIAN_POINT ( 'NONE',  ( 221.9279596022070109, 13.02220705563090064, 76.00000000000000000 ) ) ;
#4410 = CARTESIAN_POINT ( 'NONE',  ( 44.99673463340149482, 36.17794150822869881, 86.99992777755048223 ) ) ;
#4412 = CARTESIAN_POINT ( 'NONE',  ( 223.1987611180190072, 12.49784416731809955, 58.33329824900749827 ) ) ;
#4411 = CARTESIAN_POINT ( 'NONE',  ( -239.0385968546709989, -4.669766619833120025, 66.00000000000000000 ) ) ;
#4413 = CARTESIAN_POINT ( 'NONE',  ( -205.3553413718460092, 14.09331900205920007, 50.66663158234310060 ) ) ;
#4414 = B_SPLINE_SURFACE_WITH_KNOTS ( 'NONE', 3, 3, ( 
 ( #125, #3770, #2893, #2291 ),
 ( #4084, #2501, #5206, #2072 ),
 ( #5261, #2556, #2944, #740 ),
 ( #4318, #275, #5593, #4346 ) ),
 .UNSPECIFIED., .F., .F., .F.,
 ( 4, 4 ),
 ( 4, 4 ),
 ( 0.000000000000000000, 1.000000000000000000 ),
 ( 0.03383747857135580017, 0.04852974931344310183 ),
 .UNSPECIFIED. ) ;
#4415 = CARTESIAN_POINT ( 'NONE',  ( -71.75971047052159690, 38.34941081366979887, 75.99999999999781153 ) ) ;
#4416 = ORIENTED_EDGE ( 'NONE', *, *, #3241, .T. ) ;
#4417 = CARTESIAN_POINT ( 'NONE',  ( 146.3234404804520068, -22.13047514227780255, 38.00000000000000000 ) ) ;
#4418 = ADVANCED_FACE ( 'NONE', ( #5135 ), #2983, .T. ) ;
#4420 = CARTESIAN_POINT ( 'NONE',  ( -119.7918009445359928, 32.52832624226429914, 109.0000000000050022 ) ) ;
#4419 = CARTESIAN_POINT ( 'NONE',  ( -13.61385481350519910, 39.31314896803679915, 66.00000000000000000 ) ) ;
#4421 = CARTESIAN_POINT ( 'NONE',  ( 47.18771486212400390, -26.41772864179730007, 43.00000000000000000 ) ) ;
#4422 = CARTESIAN_POINT ( 'NONE',  ( -51.79279588830060277, -31.28039863537770415, 43.00000000000000000 ) ) ;
#4423 = VERTEX_POINT ( 'NONE', #4685 ) ;
#4424 = ORIENTED_EDGE ( 'NONE', *, *, #592, .F. ) ;
#4425 = AXIS2_PLACEMENT_3D ( 'NONE', #1454, #2261, #1363 ) ;
#4426 = CARTESIAN_POINT ( 'NONE',  ( 331.7900381573680306, -12.75512926898149857, 25.33323756169180285 ) ) ;
#4427 = CARTESIAN_POINT ( 'NONE',  ( 20.00000000000000355, -4.440892098500630106E-15, 33.00000000000000000 ) ) ;
#4428 = CARTESIAN_POINT ( 'NONE',  ( 284.2765614457060224, -17.44017678721520070, 50.66663158234050712 ) ) ;
#4429 = CARTESIAN_POINT ( 'NONE',  ( -12.08845271617639838, -29.11808535170160184, 58.33329824900719984 ) ) ;
#4430 = CARTESIAN_POINT ( 'NONE',  ( -100.8402179556290008, -34.07044365504229688, 58.33329824900719984 ) ) ;
#4431 = CARTESIAN_POINT ( 'NONE',  ( 342.3872627793110155, -15.55981990682690075, 66.00000000000000000 ) ) ;
#4432 = CARTESIAN_POINT ( 'NONE',  ( -207.6566756764280228, 15.90300093985099927, 2.842170943040460318E-13 ) ) ;
#4433 = CARTESIAN_POINT ( 'NONE',  ( 187.4789013215369948, -21.98099480581650056, 2.842170943040400239E-13 ) ) ;
#4434 = CIRCLE ( 'NONE', #656, 47.00000000000000000 ) ;
#4435 = CARTESIAN_POINT ( 'NONE',  ( 56.78160551201270323, -25.46462905127710030, 76.00000000000000000 ) ) ;
#4436 = ORIENTED_EDGE ( 'NONE', *, *, #232, .T. ) ;
#4437 = FACE_OUTER_BOUND ( 'NONE', #3699, .T. ) ;
#4438 = ORIENTED_EDGE ( 'NONE', *, *, #2003, .F. ) ;
#4439 = CARTESIAN_POINT ( 'NONE',  ( 144.9225310109549696, 25.18840013891460217, 50.66663158234050712 ) ) ;
#4440 = CARTESIAN_POINT ( 'NONE',  ( 325.2907286243460021, -8.278780406733650565, 109.0000000000000000 ) ) ;
#4442 = CARTESIAN_POINT ( 'NONE',  ( -38.47104959534169666, 38.25859146713609960, 108.9999999999770068 ) ) ;
#4441 = CARTESIAN_POINT ( 'NONE',  ( -170.3242548365870164, 23.94612371471299994, 65.99999999999910472 ) ) ;
#4443 = CARTESIAN_POINT ( 'NONE',  ( -219.2322150077390006, 7.809438929826150400, 58.33329824900840066 ) ) ;
#4444 = EDGE_CURVE ( 'NONE', #3112, #1342, #1662, .T. ) ;
#4445 = CARTESIAN_POINT ( 'NONE',  ( -38.65759257904449697, 38.25504032457649828, 108.9999999999770068 ) ) ;
#4446 = ORIENTED_EDGE ( 'NONE', *, *, #592, .T. ) ;
#4448 = CARTESIAN_POINT ( 'NONE',  ( -129.9186147620309839, 31.45963187896110114, 97.99992777755750240 ) ) ;
#4447 = CARTESIAN_POINT ( 'NONE',  ( 44.40161003317140143, 36.08945450826849566, 109.0000000000000000 ) ) ;
#4449 = CARTESIAN_POINT ( 'NONE',  ( -191.3464303400180029, 19.49176356495430085, 37.99999999999819522 ) ) ;
#4450 = CARTESIAN_POINT ( 'NONE',  ( 285.5430793393029489, -1.221854508596349920, 25.33323756169170338 ) ) ;
#4451 = ORIENTED_EDGE ( 'NONE', *, *, #4453, .T. ) ;
#4452 = CARTESIAN_POINT ( 'NONE',  ( -234.8921481851120063, -31.50983022329769412, 38.00000000000000000 ) ) ;
#4453 = EDGE_CURVE ( 'NONE', #2560, #3545, #5114, .T. ) ;
#4454 = ADVANCED_FACE ( 'NONE', ( #1847 ), #5237, .T. ) ;
#4455 = CARTESIAN_POINT ( 'NONE',  ( -203.4753839402839901, -36.84622095264809616, 76.00000000000000000 ) ) ;
#4456 = DIRECTION ( 'NONE',  ( -0.9770527635612036299, 0.2129974112927539021, 0.000000000000000000 ) ) ;
#4457 = CARTESIAN_POINT ( 'NONE',  ( 331.7906059023780472, -15.16576510523150034, 76.00000000000000000 ) ) ;
#4458 = CARTESIAN_POINT ( 'NONE',  ( -101.2814667333239953, -33.94934859846649289, 43.00000000000000000 ) ) ;
#4459 = CARTESIAN_POINT ( 'NONE',  ( 67.04187621410929410, -25.57463891121309985, 38.00000000000000000 ) ) ;
#4460 = CARTESIAN_POINT ( 'NONE',  ( -220.4360245218450132, 8.465318479300560028, 38.00000000000000000 ) ) ;
#4461 = CARTESIAN_POINT ( 'NONE',  ( 7.681267759070209422, -28.01251147848599743, 76.00000000000000000 ) ) ;
#4462 = CARTESIAN_POINT ( 'NONE',  ( 312.3834536431089646, -6.442126943316750065, 66.00000000000000000 ) ) ;
#4463 = VERTEX_POINT ( 'NONE', #1322 ) ;
#4464 = CARTESIAN_POINT ( 'NONE',  ( -100.3324915020509991, -34.20731637727369900, 76.00000000000000000 ) ) ;
#4465 = CARTESIAN_POINT ( 'NONE',  ( 307.9223850469539912, -16.15135378152209711, 66.00000000000000000 ) ) ;
#4466 = CARTESIAN_POINT ( 'NONE',  ( -192.5211039946819938, -35.76098917357380458, 2.842170943040400239E-13 ) ) ;
#4468 = CARTESIAN_POINT ( 'NONE',  ( -22.10976096388599998, 38.58626910052619507, 108.9999999999930083 ) ) ;
#4467 = CARTESIAN_POINT ( 'NONE',  ( -244.0070290183699910, -11.90611875839060119, 66.00000000000000000 ) ) ;
#4469 = CARTESIAN_POINT ( 'NONE',  ( -220.7475925805889858, 8.002466226360160917, 43.00000000000079581 ) ) ;
#4470 = EDGE_CURVE ( 'NONE', #338, #4124, #321, .T. ) ;
#4471 = ORIENTED_EDGE ( 'NONE', *, *, #5253, .T. ) ;
#4472 = CARTESIAN_POINT ( 'NONE',  ( 84.24028380632560697, 32.62163025308040432, 86.99992777755048223 ) ) ;
#4474 = CARTESIAN_POINT ( 'NONE',  ( 167.4789018916779924, -22.50098890562140141, 2.842170943040400239E-13 ) ) ;
#4473 = CARTESIAN_POINT ( 'NONE',  ( 244.6455036882319973, 7.703048314802260599, 38.00000000000000000 ) ) ;
#4475 = CARTESIAN_POINT ( 'NONE',  ( -123.7370131529180100, -36.04179060011979630, 109.0000000000000000 ) ) ;
#4476 = B_SPLINE_CURVE_WITH_KNOTS ( 'NONE', 3,
 ( #3452, #1577, #5627, #307 ),
 .UNSPECIFIED., .F., .F.,
 ( 4, 4 ),
 ( 0.000000000000000000, 0.01691886720488820078 ),
 .UNSPECIFIED. ) ;
#4477 = CARTESIAN_POINT ( 'NONE',  ( -151.1818189551259763, 29.42879819081770165, 37.99999999999850075 ) ) ;
#4478 = CARTESIAN_POINT ( 'NONE',  ( -94.69700860104948958, 37.14448017016970738, 50.66663158234050712 ) ) ;
#4479 = VERTEX_POINT ( 'NONE', #1493 ) ;
#4480 = ORIENTED_EDGE ( 'NONE', *, *, #5642, .T. ) ;
#4481 = CARTESIAN_POINT ( 'NONE',  ( 334.2626828460460047, -17.00511282240779920, 43.00000000000000000 ) ) ;
#4482 = EDGE_CURVE ( 'NONE', #5162, #3323, #4152, .T. ) ;
#4483 = CARTESIAN_POINT ( 'NONE',  ( 340.7645704348869913, -14.36504266327120050, 86.99992777755048223 ) ) ;
#4484 = CARTESIAN_POINT ( 'NONE',  ( -244.0923117999900001, -27.56784882907350109, 2.842170943040400239E-13 ) ) ;
#4485 = CARTESIAN_POINT ( 'NONE',  ( -76.65147699367780376, -32.57304204076430665, 38.00000000000000000 ) ) ;
#4486 = CARTESIAN_POINT ( 'NONE',  ( 347.4788967604150116, -19.38098124309850334, 2.842170943040400239E-13 ) ) ;
#4487 = CARTESIAN_POINT ( 'NONE',  ( 162.1780582760140135, 23.35180605703369849, 97.99992777755049644 ) ) ;
#4488 = CARTESIAN_POINT ( 'NONE',  ( -233.9468700376599770, -32.10936164130119863, 66.00000000000000000 ) ) ;
#4489 = EDGE_CURVE ( 'NONE', #3605, #4518, #3218, .T. ) ;
#4490 = EDGE_LOOP ( 'NONE', ( #5240, #900, #1142, #2361, #3035, #2137 ) ) ;
#4491 = B_SPLINE_CURVE_WITH_KNOTS ( 'NONE', 3,
 ( #4756, #1572, #3363, #5647, #1071, #4671 ),
 .UNSPECIFIED., .F., .F.,
 ( 4, 2, 4 ),
 ( -2.954523684742129674, -1.477261842371069944, 0.000000000000000000 ),
 .UNSPECIFIED. ) ;
#4492 = CARTESIAN_POINT ( 'NONE',  ( 164.7090123206110377, 22.48574631041229921, 50.66663158234040054 ) ) ;
#4493 = FACE_OUTER_BOUND ( 'NONE', #2508, .T. ) ;
#4495 = CARTESIAN_POINT ( 'NONE',  ( 304.9468661261979605, -13.94279652999300012, 109.0000000000000000 ) ) ;
#4494 = CARTESIAN_POINT ( 'NONE',  ( -233.0703672188149937, -0.2299318006299120032, 66.00000000000000000 ) ) ;
#4496 = CARTESIAN_POINT ( 'NONE',  ( -179.3799911510259903, -37.10835299969580348, 66.00000000000000000 ) ) ;
#4497 = CARTESIAN_POINT ( 'NONE',  ( -234.4731241223400104, 0.01701641525910659730, 50.66663158234089792 ) ) ;
#4498 = ORIENTED_EDGE ( 'NONE', *, *, #784, .T. ) ;
#4500 = CARTESIAN_POINT ( 'NONE',  ( -130.1543241370920043, 31.42013586081159815, 97.99992777755750240 ) ) ;
#4499 = CARTESIAN_POINT ( 'NONE',  ( 243.7097196728219899, 8.140309435571438712, 50.66663158234050712 ) ) ;
#4501 = CARTESIAN_POINT ( 'NONE',  ( 214.3842171572840130, -18.67137746702320200, 66.00000000000000000 ) ) ;
#4502 = CARTESIAN_POINT ( 'NONE',  ( -232.3547627360649699, 2.009319624018270023, 38.00000000000000000 ) ) ;
#4503 = CARTESIAN_POINT ( 'NONE',  ( 107.4789036020980006, -24.60098992234909687, 2.842170943040400239E-13 ) ) ;
#4504 = ORIENTED_EDGE ( 'NONE', *, *, #1419, .F. ) ;
#4505 = ORIENTED_EDGE ( 'NONE', *, *, #4965, .T. ) ;
#4506 = CARTESIAN_POINT ( 'NONE',  ( -214.6734017691069880, -35.19267370787860472, 43.00000000000000000 ) ) ;
#4507 = ORIENTED_EDGE ( 'NONE', *, *, #4048, .F. ) ;
#4509 = CARTESIAN_POINT ( 'NONE',  ( 330.8049114186949851, -12.06857032436569988, 38.00000000000000000 ) ) ;
#4508 = CARTESIAN_POINT ( 'NONE',  ( -81.07917139087051339, 39.06509451511169573, 12.66657089502520073 ) ) ;
#4510 = CARTESIAN_POINT ( 'NONE',  ( -242.7364811622769878, -24.68959015506829857, 109.0000000000000000 ) ) ;
#4511 = EDGE_CURVE ( 'NONE', #4266, #2568, #601, .T. ) ;
#4512 = CARTESIAN_POINT ( 'NONE',  ( 321.9665814954159373, -15.34129987915899918, 76.00000000000000000 ) ) ;
#4513 = CARTESIAN_POINT ( 'NONE',  ( 106.6820703153990024, -23.75343906619930223, 38.00000000000000000 ) ) ;
#4514 = EDGE_CURVE ( 'NONE', #5238, #373, #3578, .T. ) ;
#4515 = FILL_AREA_STYLE_COLOUR ( '', #5193 ) ;
#4516 = FACE_OUTER_BOUND ( 'NONE', #1825, .T. ) ;
#4517 = CARTESIAN_POINT ( 'NONE',  ( 200.6942437155080086, 15.56025689246730082, 2.842170943040400239E-13 ) ) ;
#4518 = VERTEX_POINT ( 'NONE', #573 ) ;
#4519 = CARTESIAN_POINT ( 'NONE',  ( -101.1656038481440021, 36.00021402217180366, 76.00000000000000000 ) ) ;
#4520 = CARTESIAN_POINT ( 'NONE',  ( -75.78464581544869816, -32.73688187006260364, 76.00000000000000000 ) ) ;
#4522 = FACE_OUTER_BOUND ( 'NONE', #1296, .T. ) ;
#4521 = CARTESIAN_POINT ( 'NONE',  ( -167.5881852664219878, -37.80229616597210196, 109.0000000000000000 ) ) ;
#4523 = CARTESIAN_POINT ( 'NONE',  ( -160.8864272524779722, -36.52242808471019941, 38.00000000000000000 ) ) ;
#4524 = CARTESIAN_POINT ( 'NONE',  ( -219.9936831675159965, 7.914633048480741451, 50.66663158234120345 ) ) ;
#4525 = EDGE_CURVE ( 'NONE', #3715, #373, #816, .T. ) ;
#4526 = ORIENTED_EDGE ( 'NONE', *, *, #5540, .T. ) ;
#4527 = CARTESIAN_POINT ( 'NONE',  ( 209.5310512926980095, 14.96181270128560037, 66.00000000000000000 ) ) ;
#4529 = CARTESIAN_POINT ( 'NONE',  ( 342.3872627793110155, -15.55981990682690075, 66.00000000000000000 ) ) ;
#4528 = CARTESIAN_POINT ( 'NONE',  ( -215.1917625399470069, 10.38112847177229980, 43.00000000000099476 ) ) ;
#4530 = CARTESIAN_POINT ( 'NONE',  ( -220.8135750080699893, 8.284177578647740958, 38.00000000000000000 ) ) ;
#4531 = EDGE_CURVE ( 'NONE', #3304, #2037, #1373, .T. ) ;
#4532 = CARTESIAN_POINT ( 'NONE',  ( 106.9482323130630022, -24.03414367773689975, 25.33323756169180285 ) ) ;
#4533 = ORIENTED_EDGE ( 'NONE', *, *, #2513, .T. ) ;
#4534 = ORIENTED_EDGE ( 'NONE', *, *, #5310, .T. ) ;
#4535 = CARTESIAN_POINT ( 'NONE',  ( -233.6855237289930187, -32.10403618988839725, 58.33329824900719984 ) ) ;
#4536 = PRODUCT_DEFINITION_SHAPE ( 'NONE', 'NONE',  #1526 ) ;
#4537 = B_SPLINE_CURVE_WITH_KNOTS ( 'NONE', 3,
 ( #3657, #5004, #49, #4564, #2780, #2301, #4094, #2548, #2577, #5618, #4283, #1627, #2524, #5255, #4724, #239, #5201, #1211, #5644, #1595, #3441, #763, #4367, #1567, #2936, #267, #5226, #2995, #3901, #3024, #4804, #2124, #1686, #3384, #3499, #3051, #4836, #794, #4396, #2609 ),
 .UNSPECIFIED., .F., .F.,
 ( 4, 2, 2, 2, 2, 2, 2, 2, 2, 2, 2, 1, 1, 2, 2, 2, 2, 1, 2, 1, 1, 1, 4 ),
 ( 0.000000000000000000, 0.1721706041361550088, 0.1763986021091860090, 0.3474469217356310202, 0.3528075162814829913, 0.5264932845370959846, 0.5312657425481809303, 0.6174882294058039456, 0.6225547861247570092, 0.7099229914535269970, 0.7172221709873769502, 0.7616161395551189761, 0.7838131238389889344, 0.8060101081228600028, 0.8173921396771449688, 0.8496037871077261050, 0.8818730310768320146, 0.8966480425460809922, 0.9114230540153299698, 0.9335672905114970055, 0.9557115270076649294, 0.9778557635038329643, 1.000000000000000000 ),
 .UNSPECIFIED. ) ;
#4539 = CARTESIAN_POINT ( 'NONE',  ( 309.0828397670960044, -4.317569670842029694, 109.0000000000000000 ) ) ;
#4538 = CARTESIAN_POINT ( 'NONE',  ( -95.48468388320439715, 38.35155466689679571, 2.842170943040400239E-13 ) ) ;
#4540 = CARTESIAN_POINT ( 'NONE',  ( 1.081500596991930019, 38.34772575579830090, 86.99992777755039697 ) ) ;
#4541 = B_SPLINE_CURVE_WITH_KNOTS ( 'NONE', 3,
 ( #248, #3853, #4461, #446, #1749, #501 ),
 .UNSPECIFIED., .F., .F.,
 ( 4, 2, 4 ),
 ( -5.899968030422510168, -2.949983994072169935, 8.881784197001252323E-16 ),
 .UNSPECIFIED. ) ;
#4542 = ORIENTED_EDGE ( 'NONE', *, *, #1824, .T. ) ;
#4543 = CARTESIAN_POINT ( 'NONE',  ( 1.817494126399009868, 38.93264624016289588, 33.00000000000000000 ) ) ;
#4544 = DIRECTION ( 'NONE',  ( 0.9999919976297539925, -0.004000584514036240394, 0.000000000000000000 ) ) ;
#4545 = SURFACE_STYLE_USAGE ( .BOTH. , #4987 ) ;
#4546 = DIRECTION ( 'NONE',  ( 0.9992009415374779602, 0.03996846795434350064, 0.000000000000000000 ) ) ;
#4547 = B_SPLINE_CURVE_WITH_KNOTS ( 'NONE', 3,
 ( #4976, #518, #5478, #5839, #1245, #5447 ),
 .UNSPECIFIED., .F., .F.,
 ( 4, 2, 4 ),
 ( -2.001884551464719664, -1.042616233675770054, 0.000000000000000000 ),
 .UNSPECIFIED. ) ;
#4548 = CARTESIAN_POINT ( 'NONE',  ( 46.37163801949090214, 36.37931112759620333, 38.00000000000000000 ) ) ;
#4549 = ORIENTED_EDGE ( 'NONE', *, *, #3196, .F. ) ;
#4550 = DIRECTION ( 'NONE',  ( 4.050364095603059746E-62, 7.202571872255701478E-15, 1.000000000000000000 ) ) ;
#4551 = CIRCLE ( 'NONE', #5785, 20.00000000000000000 ) ;
#4552 = CARTESIAN_POINT ( 'NONE',  ( -51.23633996507099653, -31.30575238650750691, 76.00000000000000000 ) ) ;
#4554 = CARTESIAN_POINT ( 'NONE',  ( 202.3162501466050003, 16.33736485674460326, 76.00000000000000000 ) ) ;
#4553 = CARTESIAN_POINT ( 'NONE',  ( -203.4753839402839901, -36.84622095264809616, 76.00000000000000000 ) ) ;
#4555 = CARTESIAN_POINT ( 'NONE',  ( -244.6302965544059873, -26.21862348749579752, 38.00000000000000000 ) ) ;
#4556 = CARTESIAN_POINT ( 'NONE',  ( -241.3618967090799856, -5.239437450202830249, 50.66663158234069897 ) ) ;
#4557 = ADVANCED_FACE ( 'NONE', ( #2421 ), #1606, .T. ) ;
#4558 = ORIENTED_EDGE ( 'NONE', *, *, #4717, .T. ) ;
#4559 = ADVANCED_FACE ( 'NONE', ( #1524 ), #224, .F. ) ;
#4560 = LINE ( 'NONE', #4606, #2507 ) ;
#4562 = CARTESIAN_POINT ( 'NONE',  ( -198.0635864132869983, 14.24057455873799860, 97.99992777755120699 ) ) ;
#4561 = CARTESIAN_POINT ( 'NONE',  ( 204.4967642124879887, 15.48382865344350101, 43.00000000000000000 ) ) ;
#4563 = CARTESIAN_POINT ( 'NONE',  ( -229.0026378818739943, 3.831829341221010043, 38.00000000000000000 ) ) ;
#4564 = CARTESIAN_POINT ( 'NONE',  ( -132.3997010185850058, 34.21384869039300014, 2.842170943040710229E-13 ) ) ;
#4565 = VERTEX_POINT ( 'NONE', #3719 ) ;
#4566 = ORIENTED_EDGE ( 'NONE', *, *, #1561, .F. ) ;
#4567 = CARTESIAN_POINT ( 'NONE',  ( -233.9468700376599770, -32.10936164130119863, 66.00000000000000000 ) ) ;
#4568 = CARTESIAN_POINT ( 'NONE',  ( 312.1425570884530316, -15.51683465308649978, 76.00000000000000000 ) ) ;
#4570 = CARTESIAN_POINT ( 'NONE',  ( 344.1631462475469334, -16.87923769908469751, 43.00000000000000000 ) ) ;
#4569 = CARTESIAN_POINT ( 'NONE',  ( -111.7299239967489939, -34.32507497568550292, 25.33323756169180285 ) ) ;
#4571 = CARTESIAN_POINT ( 'NONE',  ( -240.3838915760759676, -11.16660012502349986, 109.0000000000000000 ) ) ;
#4572 = CARTESIAN_POINT ( 'NONE',  ( -99.38557619144690136, -34.45714811028860680, 109.0000000000000000 ) ) ;
#4573 = EDGE_LOOP ( 'NONE', ( #3192, #4211, #3650, #1105, #3666, #4919 ) ) ;
#4574 = CARTESIAN_POINT ( 'NONE',  ( 205.5648010956279848, -19.86918836804679955, 43.00000000000000000 ) ) ;
#4575 = CARTESIAN_POINT ( 'NONE',  ( 280.0570888054290322, 1.917494200850999864, 97.99992777755049644 ) ) ;
#4576 = CARTESIAN_POINT ( 'NONE',  ( 324.7249102095109947, -17.40436089143850040, 38.00000000000000000 ) ) ;
#4577 = FACE_OUTER_BOUND ( 'NONE', #4819, .T. ) ;
#4578 = CARTESIAN_POINT ( 'NONE',  ( -239.7342598014990074, -29.50167817136069814, 97.99992777755049644 ) ) ;
#4579 = CARTESIAN_POINT ( 'NONE',  ( 167.4789018916779924, 21.53902318867449850, 2.842170943040400239E-13 ) ) ;
#4580 = CARTESIAN_POINT ( 'NONE',  ( -243.4206016247549940, -12.25861742243089836, 76.00000000000000000 ) ) ;
#4581 = CARTESIAN_POINT ( 'NONE',  ( -51.40473656612640241, -31.29851750753789830, 66.00000000000000000 ) ) ;
#4583 = CYLINDRICAL_SURFACE ( 'NONE', #3413, 20.00000000000000000 ) ;
#4582 = CARTESIAN_POINT ( 'NONE',  ( -188.7298935885090145, -37.37870717402389431, 76.00000000000000000 ) ) ;
#4584 = CARTESIAN_POINT ( 'NONE',  ( -247.9392277261960089, -16.39223996322400012, 38.00000000000000000 ) ) ;
#4585 = CARTESIAN_POINT ( 'NONE',  ( -244.5268090127810012, -26.15280773818419746, 43.00000000000000000 ) ) ;
#4586 = CARTESIAN_POINT ( 'NONE',  ( -93.77644177024680516, 35.77768775269299795, 109.0000000000000000 ) ) ;
#4587 = EDGE_CURVE ( 'NONE', #4098, #3395, #3289, .T. ) ;
#4588 = VERTEX_POINT ( 'NONE', #3750 ) ;
#4589 = ADVANCED_FACE ( 'NONE', ( #5536 ), #5662, .T. ) ;
#4590 = CARTESIAN_POINT ( 'NONE',  ( -244.6302965544059873, -26.21862348749579752, 38.00000000000000000 ) ) ;
#4592 = CARTESIAN_POINT ( 'NONE',  ( -204.2025114520740203, 13.20322858029810043, 76.00000000000000000 ) ) ;
#4591 = CARTESIAN_POINT ( 'NONE',  ( -160.9501078825809941, 27.40238729396609685, 42.99999999999930367 ) ) ;
#4593 = CARTESIAN_POINT ( 'NONE',  ( 292.4363124257919822, -1.783486474584009995, 66.00000000000000000 ) ) ;
#4594 = DIRECTION ( 'NONE',  ( 1.000000000000000000, 0.000000000000000000, 0.000000000000000000 ) ) ;
#4595 = ORIENTED_EDGE ( 'NONE', *, *, #3488, .F. ) ;
#4596 = ORIENTED_EDGE ( 'NONE', *, *, #1883, .F. ) ;
#4597 = CARTESIAN_POINT ( 'NONE',  ( -238.4945904373470000, -30.13833025946900079, 43.00000000000000000 ) ) ;
#4598 = ORIENTED_EDGE ( 'NONE', *, *, #3953, .T. ) ;
#4599 = CARTESIAN_POINT ( 'NONE',  ( 263.6137223441880337, -17.23828417126420121, 66.00000000000000000 ) ) ;
#4601 = CARTESIAN_POINT ( 'NONE',  ( 166.1441255629790135, -21.31899318031699764, 38.00000000000000000 ) ) ;
#4600 = CARTESIAN_POINT ( 'NONE',  ( -158.3104360921859950, -37.50133681313490541, 97.99992777755049644 ) ) ;
#4602 = CARTESIAN_POINT ( 'NONE',  ( -239.2159696874429926, -8.786037062065689796, 109.0000000000000000 ) ) ;
#4603 = CARTESIAN_POINT ( 'NONE',  ( -233.3063524413729795, -32.58425921725390140, 109.0000000000000000 ) ) ;
#4604 = ORIENTED_EDGE ( 'NONE', *, *, #5342, .F. ) ;
#4605 = CARTESIAN_POINT ( 'NONE',  ( 66.60167315768960350, -24.95505820556429910, 76.00000000000000000 ) ) ;
#4606 = CARTESIAN_POINT ( 'NONE',  ( 347.4788967604150116, -19.38098124309850334, 2.842170943040400239E-13 ) ) ;
#4607 = CARTESIAN_POINT ( 'NONE',  ( -135.9240074106749887, -35.74633047534229746, 43.00000000000000000 ) ) ;
#4608 = CARTESIAN_POINT ( 'NONE',  ( -195.3269688855019979, -36.48175542459969733, 43.00000000000000000 ) ) ;
#4609 = CARTESIAN_POINT ( 'NONE',  ( 225.6093564866160079, -19.41983550513660006, 38.00000000000000000 ) ) ;
#4610 = DIRECTION ( 'NONE',  ( 0.9988500445190658938, -0.04794359774005269026, 0.000000000000000000 ) ) ;
#4611 = CARTESIAN_POINT ( 'NONE',  ( -243.7941100039600144, -13.01020541168520062, 76.00000000000000000 ) ) ;
#4612 = CARTESIAN_POINT ( 'NONE',  ( -241.4893748413670096, -28.91699450253180359, 43.00000000000000000 ) ) ;
#4613 = B_SPLINE_SURFACE_WITH_KNOTS ( 'NONE', 3, 3, ( 
 ( #5697, #2492, #4279, #1208 ),
 ( #1625, #3438, #5224, #1153 ),
 ( #1655, #4752, #1713, #706 ),
 ( #673, #5700, #5672, #2067 ) ),
 .UNSPECIFIED., .F., .F., .F.,
 ( 4, 4 ),
 ( 4, 4 ),
 ( 0.000000000000000000, 1.000000000000000000 ),
 ( 0.03383747857135580017, 0.04852974931344310183 ),
 .UNSPECIFIED. ) ;
#4614 = DIRECTION ( 'NONE',  ( 4.050364095603059746E-62, 7.202571872255701478E-15, 1.000000000000000000 ) ) ;
#4615 = CARTESIAN_POINT ( 'NONE',  ( -169.8785890478430076, -36.90941930361930190, 58.33329824900719984 ) ) ;
#4616 = CARTESIAN_POINT ( 'NONE',  ( -242.9286416877170041, -27.11100188604229899, 66.00000000000000000 ) ) ;
#4617 = EDGE_LOOP ( 'NONE', ( #785, #5777 ) ) ;
#4618 = CARTESIAN_POINT ( 'NONE',  ( 326.3661001156040129, -11.33226048167539979, 25.33323756169180285 ) ) ;
#4619 = CARTESIAN_POINT ( 'NONE',  ( 3.990759916528109574, 38.79798955718899123, 33.00000000000000000 ) ) ;
#4621 = CARTESIAN_POINT ( 'NONE',  ( -203.9338163559199870, 13.30668497081819979, 76.00000000000000000 ) ) ;
#4620 = CARTESIAN_POINT ( 'NONE',  ( -205.1579964813219874, 14.56115846208199827, 43.00000000000260059 ) ) ;
#4622 = CARTESIAN_POINT ( 'NONE',  ( -159.6835579430999985, -36.98418847957560018, 66.00000000000000000 ) ) ;
#4623 = FACE_OUTER_BOUND ( 'NONE', #4055, .T. ) ;
#4624 = ORIENTED_EDGE ( 'NONE', *, *, #2272, .T. ) ;
#4625 = ORIENTED_EDGE ( 'NONE', *, *, #1343, .F. ) ;
#4626 = CARTESIAN_POINT ( 'NONE',  ( 164.8058469338860164, -20.15407369682240102, 76.00000000000000000 ) ) ;
#4627 = ORIENTED_EDGE ( 'NONE', *, *, #469, .T. ) ;
#4629 = CARTESIAN_POINT ( 'NONE',  ( 106.4045330010399937, 30.41748711019399920, 25.33323756169180285 ) ) ;
#4628 = CARTESIAN_POINT ( 'NONE',  ( 27.32140330528559957, -26.99335566217710181, 76.00000000000000000 ) ) ;
#4630 = CARTESIAN_POINT ( 'NONE',  ( -209.7409342973450066, 9.014770588977198074, 109.0000000000000000 ) ) ;
#4631 = CARTESIAN_POINT ( 'NONE',  ( -77.81574862051850516, 38.72509573611019817, 38.00000000000069633 ) ) ;
#4632 = B_SPLINE_CURVE_WITH_KNOTS ( 'NONE', 3,
 ( #2744, #4495, #1809, #3622, #479, #3950 ),
 .UNSPECIFIED., .F., .F.,
 ( 4, 2, 4 ),
 ( -2.925198057794210271, -1.462599028897110021, 0.000000000000000000 ),
 .UNSPECIFIED. ) ;
#4633 = ORIENTED_EDGE ( 'NONE', *, *, #4587, .F. ) ;
#4634 = CARTESIAN_POINT ( 'NONE',  ( 264.9620409308649869, -18.28227810415010168, 43.00000000000000000 ) ) ;
#4635 = ADVANCED_FACE ( 'NONE', ( #160 ), #5711, .T. ) ;
#4636 = CARTESIAN_POINT ( 'NONE',  ( 167.0345635427960076, -22.10414720465399796, 12.66657089502520073 ) ) ;
#4637 = CARTESIAN_POINT ( 'NONE',  ( 223.1932301621409920, -17.49169079343450051, 86.99992777755048223 ) ) ;
#4638 = DIRECTION ( 'NONE',  ( 0.000000000000000000, 0.000000000000000000, 1.000000000000000000 ) ) ;
#4639 = CARTESIAN_POINT ( 'NONE',  ( 225.6093564866160079, -19.41983550513660006, 38.00000000000000000 ) ) ;
#4640 = MECHANICAL_DESIGN_GEOMETRIC_PRESENTATION_REPRESENTATION (  '', ( #581 ), #2576 ) ;
#4641 = CARTESIAN_POINT ( 'NONE',  ( -189.7753867004589949, 18.19467158714619970, 75.99999999999809575 ) ) ;
#4642 = CARTESIAN_POINT ( 'NONE',  ( -233.8622293783320174, -31.80968648644360286, 43.00000000000000000 ) ) ;
#4643 = CARTESIAN_POINT ( 'NONE',  ( 352.3068535551439595, -18.62581076895549970, 12.66657089502520073 ) ) ;
#4644 = CARTESIAN_POINT ( 'NONE',  ( 2.105733530824099642, 39.15541458004100406, 12.66657089502520073 ) ) ;
#4646 = DIRECTION ( 'NONE',  ( 1.000000000000000000, 0.000000000000000000, 0.000000000000000000 ) ) ;
#4645 = CARTESIAN_POINT ( 'NONE',  ( -182.2119924181079682, -37.99268326128900242, 109.0000000000000000 ) ) ;
#4647 = CARTESIAN_POINT ( 'NONE',  ( -151.9522231913690007, 30.20211041247539896, 12.66657089502520073 ) ) ;
#4648 = CARTESIAN_POINT ( 'NONE',  ( -132.5211003221410238, -35.04100728085020222, 2.842170943040400239E-13 ) ) ;
#4649 = ORIENTED_EDGE ( 'NONE', *, *, #1680, .T. ) ;
#4650 = CARTESIAN_POINT ( 'NONE',  ( 107.4789036020980006, 30.23900894496309988, 2.842170943040400239E-13 ) ) ;
#4652 = CARTESIAN_POINT ( 'NONE',  ( -199.0330087225869988, 14.99859685194980052, 76.00000000000000000 ) ) ;
#4651 = CARTESIAN_POINT ( 'NONE',  ( -131.3146298869730231, 32.99465204362439863, 43.00000000000099476 ) ) ;
#4653 = CARTESIAN_POINT ( 'NONE',  ( 28.03217470937419975, 37.72528569889330186, 2.250422070915189884E-12 ) ) ;
#4654 = DIRECTION ( 'NONE',  ( 0.000000000000000000, 0.000000000000000000, -1.000000000000000000 ) ) ;
#4655 = EDGE_CURVE ( 'NONE', #1255, #4705, #5385, .T. ) ;
#4656 = CARTESIAN_POINT ( 'NONE',  ( 223.1932301621409920, -17.49169079343450051, 86.99992777755048223 ) ) ;
#4657 = CARTESIAN_POINT ( 'NONE',  ( -237.7512554151859945, -30.63016610988620059, 76.00000000000000000 ) ) ;
#4659 = CARTESIAN_POINT ( 'NONE',  ( 145.1645458693899968, -21.07497407211929996, 76.00000000000000000 ) ) ;
#4658 = CARTESIAN_POINT ( 'NONE',  ( 0.000000000000000000, -3.601282899375759661E-14, -5.000000000000000000 ) ) ;
#4660 = CARTESIAN_POINT ( 'NONE',  ( -232.5841668484560216, 3.550853926363359836, 12.66657089502520073 ) ) ;
#4661 = CARTESIAN_POINT ( 'NONE',  ( -130.1067672056479978, 31.07021614804839871, 109.0000000000069917 ) ) ;
#4662 = CARTESIAN_POINT ( 'NONE',  ( -239.0669464073299935, -29.83543974089140249, 109.0000000000000000 ) ) ;
#4663 = B_SPLINE_SURFACE_WITH_KNOTS ( 'NONE', 3, 3, ( 
 ( #1393, #398, #5463, #1362 ),
 ( #427, #4439, #4007, #1781 ),
 ( #946, #920, #3181, #1756 ),
 ( #1336, #4083, #35, #4258 ) ),
 .UNSPECIFIED., .F., .F., .F.,
 ( 4, 4 ),
 ( 4, 4 ),
 ( 0.000000000000000000, 1.000000000000000000 ),
 ( 0.01914501489605319878, 0.02938523722594680102 ),
 .UNSPECIFIED. ) ;
#4664 = ORIENTED_EDGE ( 'NONE', *, *, #5616, .F. ) ;
#4665 = CARTESIAN_POINT ( 'NONE',  ( 311.6145201167590244, -5.944469100589079957, 76.00000000000000000 ) ) ;
#4666 = CARTESIAN_POINT ( 'NONE',  ( 165.1247130217440144, 22.34360301264559823, 43.00000000000000000 ) ) ;
#4667 = B_SPLINE_CURVE_WITH_KNOTS ( 'NONE', 3,
 ( #1494, #2392, #5068, #1937, #1974, #1440 ),
 .UNSPECIFIED., .F., .F.,
 ( 4, 2, 4 ),
 ( -6.098298853171339573, -3.049149426585660017, 0.000000000000000000 ),
 .UNSPECIFIED. ) ;
#4668 = CARTESIAN_POINT ( 'NONE',  ( 319.5754310697579967, -8.995925595736149916, 43.00000000000000000 ) ) ;
#4669 = CARTESIAN_POINT ( 'NONE',  ( -241.1100942170869814, -7.611719407653820824, 76.00000000000000000 ) ) ;
#4670 = CARTESIAN_POINT ( 'NONE',  ( -191.6913776930900042, -37.07763441101379698, 66.00000000000000000 ) ) ;
#4671 = CARTESIAN_POINT ( 'NONE',  ( -189.2282077549880057, -37.17043525975579144, 66.00000000000000000 ) ) ;
#4672 = CARTESIAN_POINT ( 'NONE',  ( -61.78699009736159553, -31.79096343324719243, 38.00000000000000000 ) ) ;
#4673 = CARTESIAN_POINT ( 'NONE',  ( -9.860761315262649319E-31, 4.753697435688759978E-13, 66.00000000000000000 ) ) ;
#4674 = FACE_OUTER_BOUND ( 'NONE', #1253, .T. ) ;
#4675 = CARTESIAN_POINT ( 'NONE',  ( -245.5768797207620082, -24.97897838778199997, 43.00000000000000000 ) ) ;
#4676 = B_SPLINE_CURVE_WITH_KNOTS ( 'NONE', 3,
 ( #1619, #2516, #1647, #4715 ),
 .UNSPECIFIED., .F., .F.,
 ( 4, 4 ),
 ( 0.01914501489589860023, 0.02938523722594670040 ),
 .UNSPECIFIED. ) ;
#4677 = ORIENTED_EDGE ( 'NONE', *, *, #3185, .T. ) ;
#4678 = CARTESIAN_POINT ( 'NONE',  ( -70.16384134247860516, -32.55557694385790768, 109.0000000000000000 ) ) ;
#4680 = CARTESIAN_POINT ( 'NONE',  ( -169.9651467998110093, 23.62504593569629918, 76.00000000000339639 ) ) ;
#4679 = CARTESIAN_POINT ( 'NONE',  ( -35.80620451342700505, -30.44529057740500022, 33.00000000000000000 ) ) ;
#4681 = CARTESIAN_POINT ( 'NONE',  ( 178.5408162501400113, 19.95171220010329804, 38.00000000000000000 ) ) ;
#4682 = CARTESIAN_POINT ( 'NONE',  ( -111.6307099817030064, 35.67174483135219987, 38.00000000000000000 ) ) ;
#4683 = CARTESIAN_POINT ( 'NONE',  ( 146.8320699504470213, 24.62832706401839999, 12.66657089502520073 ) ) ;
#4684 = CARTESIAN_POINT ( 'NONE',  ( 38.50726075541989246, -26.94792884646389908, 33.00000000000000000 ) ) ;
#4686 = CARTESIAN_POINT ( 'NONE',  ( 86.04148570600450796, 32.46355183325559324, 38.00000000000000000 ) ) ;
#4685 = CARTESIAN_POINT ( 'NONE',  ( 311.6145201167590244, -5.944469100589079957, 76.00000000000000000 ) ) ;
#4687 = CARTESIAN_POINT ( 'NONE',  ( -13.44745433208390217, 39.18498283724169795, 75.99999999999590727 ) ) ;
#4688 = CARTESIAN_POINT ( 'NONE',  ( -80.99322531148298765, 38.48517369622030060, 38.00000000000069633 ) ) ;
#4689 = B_SPLINE_CURVE_WITH_KNOTS ( 'NONE', 3,
 ( #5338, #379, #4450, #878 ),
 .UNSPECIFIED., .F., .F.,
 ( 4, 4 ),
 ( 0.000000000000000000, 0.01691886720496220062 ),
 .UNSPECIFIED. ) ;
#4690 = EDGE_LOOP ( 'NONE', ( #4875, #3513, #891, #2476 ) ) ;
#4691 = CARTESIAN_POINT ( 'NONE',  ( 224.6075179244080005, -18.61495734897979659, 58.33329824900719984 ) ) ;
#4692 = CARTESIAN_POINT ( 'NONE',  ( 283.3058897288900084, -16.70049736746310032, 66.00000000000000000 ) ) ;
#4693 = CARTESIAN_POINT ( 'NONE',  ( -1.976499009155119779, -28.31356484532560103, 109.0000000000000000 ) ) ;
#4694 = CARTESIAN_POINT ( 'NONE',  ( 145.3058937877709980, 25.07588377215950004, 43.00000000000000000 ) ) ;
#4695 = CARTESIAN_POINT ( 'NONE',  ( 318.3902163196030415, -8.206528067630749490, 58.33329824900719984 ) ) ;
#4696 = EDGE_CURVE ( 'NONE', #2037, #3625, #315, .T. ) ;
#4697 = CARTESIAN_POINT ( 'NONE',  ( 348.7220400025869935, -15.94514002584260304, 58.33329824900719984 ) ) ;
#4698 = CARTESIAN_POINT ( 'NONE',  ( 306.6303296429299508, -4.791029130743639897, 76.00000000000000000 ) ) ;
#4699 = CARTESIAN_POINT ( 'NONE',  ( -101.7902015938989990, -33.80849940080649674, 25.33323756169180285 ) ) ;
#4700 = CARTESIAN_POINT ( 'NONE',  ( -21.50543506698440055, 39.79131104099250393, 25.33323756169480134 ) ) ;
#4701 = CARTESIAN_POINT ( 'NONE',  ( -242.3210159106740207, -27.42634140250879682, 76.00000000000000000 ) ) ;
#4702 = CARTESIAN_POINT ( 'NONE',  ( -161.1153037610770014, 27.55995426730830289, 37.99999999999779732 ) ) ;
#4703 = CARTESIAN_POINT ( 'NONE',  ( 287.4788984708349631, -19.92099996041150334, 2.842170943040400239E-13 ) ) ;
#4704 = B_SPLINE_CURVE_WITH_KNOTS ( 'NONE', 3,
 ( #2691, #1782, #368, #3595, #2656, #779 ),
 .UNSPECIFIED., .F., .F.,
 ( 4, 2, 4 ),
 ( -1.675881057790570061, -0.8379405288952879172, -2.220446049250313081E-16 ),
 .UNSPECIFIED. ) ;
#4705 = VERTEX_POINT ( 'NONE', #1104 ) ;
#4706 = B_SPLINE_SURFACE_WITH_KNOTS ( 'NONE', 3, 3, ( 
 ( #2870, #2327, #4120, #2774 ),
 ( #603, #3716, #5126, #43 ),
 ( #2353, #5500, #3275, #4527 ),
 ( #1400, #4999, #3213, #5470 ) ),
 .UNSPECIFIED., .F., .F., .F.,
 ( 4, 4 ),
 ( 4, 4 ),
 ( 0.000000000000000000, 1.000000000000000000 ),
 ( 0.01914501489605319878, 0.02938523722594680102 ),
 .UNSPECIFIED. ) ;
#4707 = CARTESIAN_POINT ( 'NONE',  ( -100.6198422195810025, -34.13000351618050132, 66.00000000000000000 ) ) ;
#4708 = CARTESIAN_POINT ( 'NONE',  ( 165.1583650697820076, -20.45897590780719710, 66.00000000000000000 ) ) ;
#4710 = CARTESIAN_POINT ( 'NONE',  ( -232.4325241568770082, -2.054617696774600155, 97.99992777755061013 ) ) ;
#4709 = CARTESIAN_POINT ( 'NONE',  ( -243.8338417466849819, -8.067978197874911217, 43.00000000000000000 ) ) ;
#4711 = CARTESIAN_POINT ( 'NONE',  ( 47.03032443294619469, -26.10822865952409799, 66.00000000000000000 ) ) ;
#4712 = ADVANCED_FACE ( 'NONE', ( #2920 ), #4762, .T. ) ;
#4713 = ORIENTED_EDGE ( 'NONE', *, *, #1319, .T. ) ;
#4714 = FACE_OUTER_BOUND ( 'NONE', #1369, .T. ) ;
#4716 = CARTESIAN_POINT ( 'NONE',  ( 4.440892098500630106E-15, -4.440892098500630106E-15, 43.00000000000000000 ) ) ;
#4715 = CARTESIAN_POINT ( 'NONE',  ( 163.8840822113800186, 22.76793559807019918, 66.00000000000000000 ) ) ;
#4717 = EDGE_CURVE ( 'NONE', #918, #3971, #3777, .T. ) ;
#4718 = CARTESIAN_POINT ( 'NONE',  ( -79.93544756070080837, 37.19229490470380028, 97.99992777754600581 ) ) ;
#4719 = CARTESIAN_POINT ( 'NONE',  ( -77.68755475966609936, 38.44816458234740253, 50.66663158233910735 ) ) ;
#4720 = ORIENTED_EDGE ( 'NONE', *, *, #2042, .T. ) ;
#4721 = CARTESIAN_POINT ( 'NONE',  ( -32.05790308007999556, -30.24663414591960020, 38.00000000000000000 ) ) ;
#4722 = CARTESIAN_POINT ( 'NONE',  ( 7.765403210893649266, -27.75769420003879873, 109.0000000000000000 ) ) ;
#4723 = CARTESIAN_POINT ( 'NONE',  ( -221.3496367865379852, -35.40225732688649884, 109.0000000000000000 ) ) ;
#4724 = CARTESIAN_POINT ( 'NONE',  ( -202.3740109216130065, 17.66770319489560137, 2.842170943040430531E-13 ) ) ;
#4725 = CARTESIAN_POINT ( 'NONE',  ( 125.7163162045540048, 27.75404853330459787, 38.00000000000000000 ) ) ;
#4726 = EDGE_CURVE ( 'NONE', #308, #5508, #1368, .T. ) ;
#4727 = CARTESIAN_POINT ( 'NONE',  ( 349.3242963608379910, -16.39173918920550221, 50.66663158234050712 ) ) ;
#4728 = CARTESIAN_POINT ( 'NONE',  ( -246.1702336082969964, -25.40068005632039672, 12.66657089502520073 ) ) ;
#4729 = CARTESIAN_POINT ( 'NONE',  ( -130.4237766191350261, -35.76069781369719891, 58.33329824900719984 ) ) ;
#4730 = CARTESIAN_POINT ( 'NONE',  ( -12.52678922053090105, 40.02007267164430004, 12.66657089502520073 ) ) ;
#4731 = CARTESIAN_POINT ( 'NONE',  ( -95.48468388320439715, 38.35155466689679571, 2.842170943040400239E-13 ) ) ;
#4732 = CARTESIAN_POINT ( 'NONE',  ( -211.6350928980610036, -36.56456771178310561, 97.99992777755070961 ) ) ;
#4733 = CARTESIAN_POINT ( 'NONE',  ( -101.7564463244339947, 36.80226639677959355, 43.00000000000000000 ) ) ;
#4734 = VERTEX_POINT ( 'NONE', #2532 ) ;
#4735 = CARTESIAN_POINT ( 'NONE',  ( 285.0777628330660036, -18.05592335419770222, 38.00000000000000000 ) ) ;
#4736 = ORIENTED_EDGE ( 'NONE', *, *, #5757, .F. ) ;
#4737 = CARTESIAN_POINT ( 'NONE',  ( -90.51335629095819968, -33.61914271952279876, 76.00000000000000000 ) ) ;
#4738 = CARTESIAN_POINT ( 'NONE',  ( 86.04148570600450796, 32.46355183325559324, 38.00000000000000000 ) ) ;
#4740 = CARTESIAN_POINT ( 'NONE',  ( -239.8475020478439887, -8.397766891763371433, 97.99992777755061013 ) ) ;
#4739 = CARTESIAN_POINT ( 'NONE',  ( 4.440892098500630106E-15, -4.440892098500630106E-15, 33.00000000000000000 ) ) ;
#4741 = CARTESIAN_POINT ( 'NONE',  ( -150.1497439714879931, -36.49290966752259635, 58.33329824900719984 ) ) ;
#4742 = EDGE_CURVE ( 'NONE', #4565, #4588, #36, .T. ) ;
#4743 = CARTESIAN_POINT ( 'NONE',  ( 203.1098258123810183, -17.87183001445600183, 97.99992777755049644 ) ) ;
#4745 = CARTESIAN_POINT ( 'NONE',  ( 347.1641323531159742, -15.51059529152979977, 66.00000000000000000 ) ) ;
#4744 = CARTESIAN_POINT ( 'NONE',  ( 1.228220658836779888, 38.46614878616919952, 76.00000000000000000 ) ) ;
#4746 = CARTESIAN_POINT ( 'NONE',  ( -71.74012511629260302, 37.64836969830460589, 108.9999999999970015 ) ) ;
#4747 = EDGE_CURVE ( 'NONE', #4030, #3625, #1171, .T. ) ;
#4748 = ORIENTED_EDGE ( 'NONE', *, *, #1770, .F. ) ;
#4749 = CARTESIAN_POINT ( 'NONE',  ( -12.33221668154549988, -29.27863694323169952, 25.33323756169180285 ) ) ;
#4750 = SURFACE_STYLE_USAGE ( .BOTH. , #4860 ) ;
#4751 = CARTESIAN_POINT ( 'NONE',  ( -216.1392999117300064, -36.40873746932250299, 109.0000000000000000 ) ) ;
#4752 = CARTESIAN_POINT ( 'NONE',  ( 175.7058564248850132, 20.97479465080130012, 86.99992777755048223 ) ) ;
#4753 = VECTOR ( 'NONE', #4280, 1000.000000000000114 ) ;
#4754 = CARTESIAN_POINT ( 'NONE',  ( -242.1414422156550188, -28.27599354118060049, 58.33329824900719984 ) ) ;
#4755 = CARTESIAN_POINT ( 'NONE',  ( -187.6340735569150127, -37.83285333488839797, 97.99992777755049644 ) ) ;
#4756 = CARTESIAN_POINT ( 'NONE',  ( -159.6835579430999985, -36.98418847957560018, 66.00000000000000000 ) ) ;
#4757 = CARTESIAN_POINT ( 'NONE',  ( -29.87416188414740148, 39.52803705628549835, 38.00000000000330402 ) ) ;
#4758 = CARTESIAN_POINT ( 'NONE',  ( 327.8517506766029896, -10.02567370352809917, 76.00000000000000000 ) ) ;
#4759 = CARTESIAN_POINT ( 'NONE',  ( -102.5211011773509995, 37.85900033031940382, 2.842170943040400239E-13 ) ) ;
#4760 = CARTESIAN_POINT ( 'NONE',  ( 305.7611227461709973, -18.35535398866749901, 25.33323756169180285 ) ) ;
#4761 = CARTESIAN_POINT ( 'NONE',  ( -154.7610742295649686, -36.79557930701029989, 66.00000000000000000 ) ) ;
#4762 = B_SPLINE_SURFACE_WITH_KNOTS ( 'NONE', 3, 3, ( 
 ( #4703, #655, #4262, #218 ),
 ( #3060, #5651, #3033, #3508 ),
 ( #1663, #713, #4760, #2048 ),
 ( #2101, #1251, #2618, #5293 ) ),
 .UNSPECIFIED., .F., .F., .F.,
 ( 4, 4 ),
 ( 4, 4 ),
 ( 0.000000000000000000, 1.000000000000000000 ),
 ( 0.000000000000000000, 0.01691886720496220062 ),
 .UNSPECIFIED. ) ;
#4763 = EDGE_LOOP ( 'NONE', ( #3120, #4104, #5498, #5826 ) ) ;
#4764 = CARTESIAN_POINT ( 'NONE',  ( 226.8563514902999998, -20.43007631094850041, 12.66657089502520073 ) ) ;
#4765 = ORIENTED_EDGE ( 'NONE', *, *, #1282, .T. ) ;
#4766 = B_SPLINE_CURVE_WITH_KNOTS ( 'NONE', 3,
 ( #5085, #4670, #5021, #2915, #3236, #1957 ),
 .UNSPECIFIED., .F., .F.,
 ( 4, 2, 4 ),
 ( -1.478950482922740006, -0.7394752414613720015, -2.220446049250313081E-16 ),
 .UNSPECIFIED. ) ;
#4767 = DIRECTION ( 'NONE',  ( 0.000000000000000000, 0.000000000000000000, 1.000000000000000000 ) ) ;
#4768 = CARTESIAN_POINT ( 'NONE',  ( -31.20021460029550298, -30.09814930836089886, 109.0000000000000000 ) ) ;
#4770 = CARTESIAN_POINT ( 'NONE',  ( -243.3238168815060192, -23.49011548598819843, 109.0000000000000000 ) ) ;
#4769 = CARTESIAN_POINT ( 'NONE',  ( 344.7372138627000027, -13.03150463750659860, 109.0000000000000000 ) ) ;
#4771 = CARTESIAN_POINT ( 'NONE',  ( -200.4853012606799894, 16.14741237923259831, 43.00000000000229505 ) ) ;
#4772 = EDGE_CURVE ( 'NONE', #306, #1351, #105, .T. ) ;
#4773 = ORIENTED_EDGE ( 'NONE', *, *, #2111, .F. ) ;
#4774 = EDGE_CURVE ( 'NONE', #5397, #525, #4265, .T. ) ;
#4775 = CARTESIAN_POINT ( 'NONE',  ( 103.4184862441570090, 30.91830389536900370, 97.99992777755049644 ) ) ;
#4777 = CARTESIAN_POINT ( 'NONE',  ( 221.9279596022070109, 13.02220705563090064, 76.00000000000000000 ) ) ;
#4776 = CARTESIAN_POINT ( 'NONE',  ( -30.05580085666990087, 38.93377483224240621, 75.99999999998659916 ) ) ;
#4778 = CARTESIAN_POINT ( 'NONE',  ( -246.7473355672670152, -9.239169480421239200, 12.66657089502520073 ) ) ;
#4779 = CARTESIAN_POINT ( 'NONE',  ( -38.38177218211400543, 39.10361670893550468, 58.33329824901289840 ) ) ;
#4780 = VERTEX_POINT ( 'NONE', #332 ) ;
#4781 = CARTESIAN_POINT ( 'NONE',  ( 316.8652671921000206, -8.295443866152909962, 43.00000000000000000 ) ) ;
#4782 = CARTESIAN_POINT ( 'NONE',  ( -100.6198422195810025, -34.13000351618050132, 66.00000000000000000 ) ) ;
#4783 = CARTESIAN_POINT ( 'NONE',  ( 244.6455036882319973, 7.703048314802260599, 38.00000000000000000 ) ) ;
#4784 = CARTESIAN_POINT ( 'NONE',  ( 342.2227193660380067, -14.28695682776270104, 58.33329824900719984 ) ) ;
#4785 = CARTESIAN_POINT ( 'NONE',  ( -220.6038883237350205, -34.50760769660609384, 38.00000000000000000 ) ) ;
#4786 = CARTESIAN_POINT ( 'NONE',  ( 217.7074335322010086, 13.18736427386450138, 43.00000000000000000 ) ) ;
#4787 = CARTESIAN_POINT ( 'NONE',  ( 347.3334405607569693, -14.92236850226220035, 76.00000000000000000 ) ) ;
#4788 = CARTESIAN_POINT ( 'NONE',  ( -75.17110897376790035, 38.81368616974150143, 42.99999999999900524 ) ) ;
#4789 = CARTESIAN_POINT ( 'NONE',  ( -139.9936230889610158, -36.22975178931429951, 66.00000000000000000 ) ) ;
#4790 = ORIENTED_EDGE ( 'NONE', *, *, #1423, .F. ) ;
#4791 = CARTESIAN_POINT ( 'NONE',  ( -190.3749390316949928, -36.68613637220089885, 43.00000000000000000 ) ) ;
#4792 = ORIENTED_EDGE ( 'NONE', *, *, #3430, .T. ) ;
#4793 = CARTESIAN_POINT ( 'NONE',  ( 320.9421620738399383, -9.909391694369279691, 25.33323756169180285 ) ) ;
#4794 = CARTESIAN_POINT ( 'NONE',  ( 213.8651009180689755, 14.74774773347870038, 97.99992777755049644 ) ) ;
#4796 = CARTESIAN_POINT ( 'NONE',  ( -235.3390156500450132, -3.461397501354449791, 86.99992777755048223 ) ) ;
#4795 = CARTESIAN_POINT ( 'NONE',  ( -128.6073005452119844, -36.35871909808599867, 109.0000000000000000 ) ) ;
#4797 = CARTESIAN_POINT ( 'NONE',  ( -160.6967542252470196, 27.16100828643969933, 50.66663158233980369 ) ) ;
#4798 = EDGE_LOOP ( 'NONE', ( #4156, #3064, #1624, #2922 ) ) ;
#4800 = DIRECTION ( 'NONE',  ( -0.9896504497973439562, 0.1434990843730880039, 0.000000000000000000 ) ) ;
#4799 = CARTESIAN_POINT ( 'NONE',  ( -77.53047461468959511, 38.11484771974039631, 65.99999999999799627 ) ) ;
#4801 = CARTESIAN_POINT ( 'NONE',  ( -30.00995852012579945, 39.08937144885460668, 66.00000000000500222 ) ) ;
#4802 = ORIENTED_EDGE ( 'NONE', *, *, #1386, .T. ) ;
#4803 = CARTESIAN_POINT ( 'NONE',  ( 143.6692073876549784, 25.55678414576989965, 76.00000000000000000 ) ) ;
#4804 = CARTESIAN_POINT ( 'NONE',  ( -245.4687247582590146, -4.834550400342010334, 2.842170943040390646E-13 ) ) ;
#4805 = FACE_OUTER_BOUND ( 'NONE', #3731, .T. ) ;
#4806 = CARTESIAN_POINT ( 'NONE',  ( 267.4788990409759890, 2.019018864579650074, 2.842170943040400239E-13 ) ) ;
#4807 = CARTESIAN_POINT ( 'NONE',  ( -195.3269688855019979, -36.48175542459969733, 43.00000000000000000 ) ) ;
#4808 = EDGE_CURVE ( 'NONE', #3724, #918, #4541, .T. ) ;
#4809 = CARTESIAN_POINT ( 'NONE',  ( -237.1191684992579951, -30.53671045151579833, 12.66657089502520073 ) ) ;
#4810 = CARTESIAN_POINT ( 'NONE',  ( -128.6073005452119844, -36.35871909808599867, 109.0000000000000000 ) ) ;
#4811 = CARTESIAN_POINT ( 'NONE',  ( -75.56328843724209321, 39.74606574071160026, 2.842170943040450221E-13 ) ) ;
#4812 = DIRECTION ( 'NONE',  ( -1.540743955509790051E-33, 7.202571872255701478E-15, 1.000000000000000000 ) ) ;
#4813 = CARTESIAN_POINT ( 'NONE',  ( -215.4331530762139835, 10.56136159932670004, 38.00000000000000000 ) ) ;
#4814 = CARTESIAN_POINT ( 'NONE',  ( -207.5211035670760111, -35.04100728085020222, 2.842170943040400239E-13 ) ) ;
#4815 = CARTESIAN_POINT ( 'NONE',  ( 212.3619424405609948, -17.05936611592620267, 109.0000000000000000 ) ) ;
#4816 = B_SPLINE_CURVE_WITH_KNOTS ( 'NONE', 3,
 ( #2194, #3147, #5404, #1388, #2763, #3202 ),
 .UNSPECIFIED., .F., .F.,
 ( 4, 2, 4 ),
 ( -5.853552719325129772, -2.926776359662559557, 8.881784197001252323E-16 ),
 .UNSPECIFIED. ) ;
#4817 = ORIENTED_EDGE ( 'NONE', *, *, #2989, .T. ) ;
#4818 = CARTESIAN_POINT ( 'NONE',  ( 265.2549607175819801, -18.51056073784399914, 38.00000000000000000 ) ) ;
#4819 = EDGE_LOOP ( 'NONE', ( #4598, #1238, #2790, #3511 ) ) ;
#4820 = CARTESIAN_POINT ( 'NONE',  ( -90.22356041173129881, -33.68841797553469775, 86.99992777755048223 ) ) ;
#4821 = CARTESIAN_POINT ( 'NONE',  ( 45.30124593464310578, 36.22278765255860122, 76.00000000000000000 ) ) ;
#4823 = CARTESIAN_POINT ( 'NONE',  ( -238.6697197058670099, -6.946773551109740374, 97.99992777755061013 ) ) ;
#4822 = CARTESIAN_POINT ( 'NONE',  ( -235.4174513869029965, -1.858442277434919854, 66.00000000000000000 ) ) ;
#4824 = CARTESIAN_POINT ( 'NONE',  ( -189.6723506878800265, 18.70213402011600223, 66.00000000000140687 ) ) ;
#4825 = ORIENTED_EDGE ( 'NONE', *, *, #5497, .F. ) ;
#4826 = CARTESIAN_POINT ( 'NONE',  ( 102.9794698554750028, 30.99260327318080144, 109.0000000000000000 ) ) ;
#4828 = CARTESIAN_POINT ( 'NONE',  ( 66.21681621089369685, -24.42248435378779803, 109.0000000000000000 ) ) ;
#4827 = CARTESIAN_POINT ( 'NONE',  ( -38.77524105983000169, 38.97008803756499873, 66.00000000000579803 ) ) ;
#4829 = EDGE_CURVE ( 'NONE', #1844, #3760, #1162, .T. ) ;
#4830 = CARTESIAN_POINT ( 'NONE',  ( -75.09999824115089950, 38.64856125542060283, 50.66663158233950526 ) ) ;
#4831 = B_SPLINE_SURFACE_WITH_KNOTS ( 'NONE', 3, 3, ( 
 ( #1919, #4198, #2431, #5519 ),
 ( #1002, #3354, #1950, #147 ),
 ( #2039, #558, #2372, #119 ),
 ( #3761, #5549, #3789, #3324 ) ),
 .UNSPECIFIED., .F., .F., .F.,
 ( 4, 4 ),
 ( 4, 4 ),
 ( 0.000000000000000000, 1.000000000000000000 ),
 ( 0.03383747857135580017, 0.04852974931344310183 ),
 .UNSPECIFIED. ) ;
#4832 = ORIENTED_EDGE ( 'NONE', *, *, #5819, .F. ) ;
#4833 = ORIENTED_EDGE ( 'NONE', *, *, #73, .F. ) ;
#4834 = B_SPLINE_CURVE_WITH_KNOTS ( 'NONE', 3,
 ( #5425, #4984, #1383, #5456 ),
 .UNSPECIFIED., .F., .F.,
 ( 4, 4 ),
 ( 0.03383747857135580017, 0.04852974931344310183 ),
 .UNSPECIFIED. ) ;
#4835 = CARTESIAN_POINT ( 'NONE',  ( 280.5804785114200399, -14.65007533596710054, 109.0000000000000000 ) ) ;
#4836 = CARTESIAN_POINT ( 'NONE',  ( -249.9379581424449839, -19.84189029745300203, 2.842170943040400239E-13 ) ) ;
#4837 = B_SPLINE_CURVE_WITH_KNOTS ( 'NONE', 3,
 ( #3332, #4207, #3743, #1074, #4115, #38 ),
 .UNSPECIFIED., .F., .F.,
 ( 4, 2, 4 ),
 ( -5.879917987416170000, -2.939958993708080559, -8.881784197001252323E-16 ),
 .UNSPECIFIED. ) ;
#4838 = EDGE_CURVE ( 'NONE', #2811, #4565, #1308, .T. ) ;
#4839 = VECTOR ( 'NONE', #3865, 1000.000000000000000 ) ;
#4840 = CARTESIAN_POINT ( 'NONE',  ( 64.27073274777070822, 34.39509938298880343, 97.99992777755049644 ) ) ;
#4841 = CARTESIAN_POINT ( 'NONE',  ( 304.0410725612570104, -17.04656950266759807, 50.66663158234050712 ) ) ;
#4842 = CARTESIAN_POINT ( 'NONE',  ( -188.7298935885090145, -37.37870717402389431, 76.00000000000000000 ) ) ;
#4843 = CARTESIAN_POINT ( 'NONE',  ( 207.7994315424159879, 14.90971255854880084, 43.00000000000000000 ) ) ;
#4844 = CARTESIAN_POINT ( 'NONE',  ( 290.3270335573310490, -14.36716381357749839, 109.0000000000000000 ) ) ;
#4845 = CARTESIAN_POINT ( 'NONE',  ( -7.109805086612520419, 39.29699937117079855, 43.00000000000000000 ) ) ;
#4846 = CARTESIAN_POINT ( 'NONE',  ( 314.1551033144419875, -7.594962136569659350, 43.00000000000000000 ) ) ;
#4847 = ADVANCED_FACE ( 'NONE', ( #1834 ), #2076, .T. ) ;
#4848 = ORIENTED_EDGE ( 'NONE', *, *, #701, .T. ) ;
#4849 = CARTESIAN_POINT ( 'NONE',  ( 246.7973033821959916, -20.05151921085560218, 12.66657089502520073 ) ) ;
#4850 = ORIENTED_EDGE ( 'NONE', *, *, #1305, .F. ) ;
#4851 = CARTESIAN_POINT ( 'NONE',  ( 316.4975914701209945, -9.131160322427628984, 12.66657089502520073 ) ) ;
#4852 = CARTESIAN_POINT ( 'NONE',  ( -99.38557619144690136, -34.45714811028860680, 109.0000000000000000 ) ) ;
#4854 = CARTESIAN_POINT ( 'NONE',  ( 95.76166113348870113, 31.51012660475770133, 43.00000000000000000 ) ) ;
#4853 = CARTESIAN_POINT ( 'NONE',  ( -130.7318991648870110, 32.34955837741079421, 66.00000000000160583 ) ) ;
#4855 = CARTESIAN_POINT ( 'NONE',  ( -190.6197354214359905, 19.48700185312479860, 43.00000000000079581 ) ) ;
#4856 = CARTESIAN_POINT ( 'NONE',  ( -71.83737425432650525, 37.87661256477029781, 97.99992777754729900 ) ) ;
#4857 = ORIENTED_EDGE ( 'NONE', *, *, #560, .F. ) ;
#4859 = CARTESIAN_POINT ( 'NONE',  ( -100.5712753914639990, 35.20591586082760216, 109.0000000000000000 ) ) ;
#4858 = CARTESIAN_POINT ( 'NONE',  ( 7.581585231004430270, -28.30646713637410272, 38.00000000000000000 ) ) ;
#4860 = SURFACE_SIDE_STYLE ('',( #2466 ) ) ;
#4861 = CARTESIAN_POINT ( 'NONE',  ( 126.3740645576859833, -22.81673269505460055, 43.00000000000000000 ) ) ;
#4862 = ORIENTED_EDGE ( 'NONE', *, *, #5639, .T. ) ;
#4863 = ORIENTED_EDGE ( 'NONE', *, *, #4514, .F. ) ;
#4864 = CARTESIAN_POINT ( 'NONE',  ( 339.1903155970440480, -15.59965985818320000, 2.842170943040400239E-13 ) ) ;
#4865 = CARTESIAN_POINT ( 'NONE',  ( 286.5088837407739675, -1.779183528442609852, 12.66657089502520073 ) ) ;
#4866 = CARTESIAN_POINT ( 'NONE',  ( -12.20154864451760091, -29.19277022846199898, 43.00000000000000000 ) ) ;
#4867 = CARTESIAN_POINT ( 'NONE',  ( 105.6682553198260024, 30.54044529118739959, 43.00000000000000000 ) ) ;
#4868 = EDGE_CURVE ( 'NONE', #4914, #4179, #4816, .T. ) ;
#4869 = CARTESIAN_POINT ( 'NONE',  ( 302.3192181093429554, -15.75132002523280050, 76.00000000000000000 ) ) ;
#4870 = CARTESIAN_POINT ( 'NONE',  ( -206.2341506045370068, 15.09501077132230051, 25.33323756169259866 ) ) ;
#4871 = CARTESIAN_POINT ( 'NONE',  ( 224.6775128991359907, 11.88906851495219996, 38.00000000000000000 ) ) ;
#4872 = CARTESIAN_POINT ( 'NONE',  ( -159.6835579430999985, -36.98418847957560018, 66.00000000000000000 ) ) ;
#4873 = VERTEX_POINT ( 'NONE', #4486 ) ;
#4874 = DIRECTION ( 'NONE',  ( 0.9996082299440569585, 0.02798904478736979548, 0.000000000000000000 ) ) ;
#4875 = ORIENTED_EDGE ( 'NONE', *, *, #2898, .T. ) ;
#4876 = EDGE_CURVE ( 'NONE', #2868, #4253, #833, .T. ) ;
#4877 = CARTESIAN_POINT ( 'NONE',  ( 350.3188331919129723, -17.13356405580580244, 38.00000000000000000 ) ) ;
#4878 = CARTESIAN_POINT ( 'NONE',  ( 225.3630834619139875, -19.22141320142250009, 43.00000000000000000 ) ) ;
#4880 = CARTESIAN_POINT ( 'NONE',  ( -14.02236086462039921, 38.74824896595089285, 108.9999999999940030 ) ) ;
#4879 = CARTESIAN_POINT ( 'NONE',  ( -236.8658649750429959, -2.982993370222869700, 66.00000000000000000 ) ) ;
#4881 = CARTESIAN_POINT ( 'NONE',  ( -160.4867895037269818, 26.61239603617019966, 65.99999999999899103 ) ) ;
#4882 = CARTESIAN_POINT ( 'NONE',  ( -79.80938047571110872, 36.95317584583310122, 108.9999999999960067 ) ) ;
#4883 = ORIENTED_EDGE ( 'NONE', *, *, #2772, .T. ) ;
#4884 = CARTESIAN_POINT ( 'NONE',  ( 31.72878422719449532, 37.03787564289579848, 58.33329824900719984 ) ) ;
#4885 = CARTESIAN_POINT ( 'NONE',  ( 83.84460949596380885, 32.65670163917889823, 97.99992777755049644 ) ) ;
#4886 = EDGE_CURVE ( 'NONE', #3395, #5548, #524, .T. ) ;
#4888 = CARTESIAN_POINT ( 'NONE',  ( -100.7699671630349911, 35.46939130955610153, 97.99992777755049644 ) ) ;
#4887 = CARTESIAN_POINT ( 'NONE',  ( 2.854702931068080041, 37.98304402989830209, 109.0000000000000000 ) ) ;
#4889 = CARTESIAN_POINT ( 'NONE',  ( -243.2900143663049732, -6.235722720660759499, 38.00000000000000000 ) ) ;
#4890 = CARTESIAN_POINT ( 'NONE',  ( -80.65956942056141088, 38.21808482851790956, 50.66663158233910735 ) ) ;
#4891 = VERTEX_POINT ( 'NONE', #3999 ) ;
#4892 = ORIENTED_EDGE ( 'NONE', *, *, #4655, .F. ) ;
#4893 = AXIS2_PLACEMENT_3D ( 'NONE', #3520, #5304, #374 ) ;
#4894 = FACE_OUTER_BOUND ( 'NONE', #234, .T. ) ;
#4895 = CARTESIAN_POINT ( 'NONE',  ( 27.40168233926199903, -27.39585297852179835, 38.00000000000000000 ) ) ;
#4896 = UNCERTAINTY_MEASURE_WITH_UNIT (LENGTH_MEASURE( 1.000000000000000082E-05 ), #238, 'distance_accuracy_value', 'NONE');
#4897 = CARTESIAN_POINT ( 'NONE',  ( 339.9139448509150156, -13.74432812259689918, 97.99992777755049644 ) ) ;
#4898 = CARTESIAN_POINT ( 'NONE',  ( -101.2814667333239953, -33.94934859846649289, 43.00000000000000000 ) ) ;
#4899 = CARTESIAN_POINT ( 'NONE',  ( 347.4066842081110167, -16.40691239481710184, 50.66663158234050712 ) ) ;
#4900 = CARTESIAN_POINT ( 'NONE',  ( -197.1051522323429879, 18.79116560204730035, 12.66657089502520073 ) ) ;
#4901 = CARTESIAN_POINT ( 'NONE',  ( -50.68202797138700078, -31.32686312610939794, 109.0000000000000000 ) ) ;
#4902 = MECHANICAL_DESIGN_GEOMETRIC_PRESENTATION_REPRESENTATION (  '', ( #854 ), #5666 ) ;
#4903 = ADVANCED_FACE ( 'NONE', ( #1718 ), #1280, .F. ) ;
#4904 = CARTESIAN_POINT ( 'NONE',  ( 313.5638353233770204, -7.208775283395640443, 50.66663158234050712 ) ) ;
#4905 = VERTEX_POINT ( 'NONE', #916 ) ;
#4906 = CARTESIAN_POINT ( 'NONE',  ( 197.9834800889139785, 16.64722169273229824, 43.00000000000000000 ) ) ;
#4907 = CARTESIAN_POINT ( 'NONE',  ( -80.69421543669820096, -33.03096879089870441, 76.00000000000000000 ) ) ;
#4908 = CARTESIAN_POINT ( 'NONE',  ( -195.5819524338120061, -36.37139302466620450, 38.00000000000000000 ) ) ;
#4910 = CARTESIAN_POINT ( 'NONE',  ( -13.76095920065290024, 38.75348449354090263, 108.9999999999940030 ) ) ;
#4909 = CARTESIAN_POINT ( 'NONE',  ( -244.3825839016060115, -12.65887572515440063, 66.00000000000000000 ) ) ;
#4911 = B_SPLINE_CURVE_WITH_KNOTS ( 'NONE', 3,
 ( #4267, #3396, #1137, #2951 ),
 .UNSPECIFIED., .F., .F.,
 ( 4, 4 ),
 ( 0.01914501489605580087, 0.02938523722594670040 ),
 .UNSPECIFIED. ) ;
#4912 = CARTESIAN_POINT ( 'NONE',  ( -209.5019900073550048, 11.49913730138280066, 66.00000000000359535 ) ) ;
#4913 = CARTESIAN_POINT ( 'NONE',  ( -100.5712753914639990, 35.20591586082760216, 109.0000000000000000 ) ) ;
#4914 = VERTEX_POINT ( 'NONE', #2736 ) ;
#4916 = CARTESIAN_POINT ( 'NONE',  ( 144.1553526605650006, -20.17053408754500055, 109.0000000000000000 ) ) ;
#4915 = CARTESIAN_POINT ( 'NONE',  ( 282.4627418171340310, 0.5458337597823640364, 66.00000000000000000 ) ) ;
#4917 = CARTESIAN_POINT ( 'NONE',  ( -205.9311456754039966, 14.54253034798949962, 38.00000000000079581 ) ) ;
#4918 = CARTESIAN_POINT ( 'NONE',  ( 67.18808259167109043, -25.78229382881640319, 25.33323756169180285 ) ) ;
#4919 = ORIENTED_EDGE ( 'NONE', *, *, #1332, .F. ) ;
#4920 = ORIENTED_EDGE ( 'NONE', *, *, #3654, .F. ) ;
#4921 = CARTESIAN_POINT ( 'NONE',  ( -220.6038883237350205, -34.50760769660609384, 38.00000000000000000 ) ) ;
#4922 = ADVANCED_FACE ( 'NONE', ( #4516 ), #1182, .T. ) ;
#4923 = CARTESIAN_POINT ( 'NONE',  ( -216.1392999117300064, -36.40873746932250299, 109.0000000000000000 ) ) ;
#4924 = CARTESIAN_POINT ( 'NONE',  ( 330.1409039945739892, -13.95258101838149933, 97.99992777755049644 ) ) ;
#4925 = CARTESIAN_POINT ( 'NONE',  ( 322.5894138148040042, -7.618578617418389598, 109.0000000000000000 ) ) ;
#4926 = LINE ( 'NONE', #860, #2662 ) ;
#4927 = CARTESIAN_POINT ( 'NONE',  ( 211.4459641131379897, 14.19871226819979881, 38.00000000000000000 ) ) ;
#4928 = FACE_OUTER_BOUND ( 'NONE', #5455, .T. ) ;
#4929 = ORIENTED_EDGE ( 'NONE', *, *, #3526, .T. ) ;
#4930 = CARTESIAN_POINT ( 'NONE',  ( 197.5045842865630163, 16.83931044240719999, 50.66663158234040054 ) ) ;
#4931 = CARTESIAN_POINT ( 'NONE',  ( 283.3058897288900084, -16.70049736746310032, 66.00000000000000000 ) ) ;
#4932 = CARTESIAN_POINT ( 'NONE',  ( -206.8461101314120185, -35.34907560478760047, 12.66657089502520073 ) ) ;
#4934 = CARTESIAN_POINT ( 'NONE',  ( 309.9252549789389946, -4.855940851071979480, 97.99992777755049644 ) ) ;
#4933 = CARTESIAN_POINT ( 'NONE',  ( -204.3882284224310126, 13.65694569010850046, 66.00000000000399325 ) ) ;
#4935 = CARTESIAN_POINT ( 'NONE',  ( -214.0807547789590046, 9.557070016687349678, 66.00000000000160583 ) ) ;
#4936 = VERTEX_POINT ( 'NONE', #561 ) ;
#4938 = CARTESIAN_POINT ( 'NONE',  ( -159.8580311190549992, 26.36961807866060070, 76.00000000000490274 ) ) ;
#4937 = CARTESIAN_POINT ( 'NONE',  ( -12.23851173522569979, -29.21708128770110235, 38.00000000000000000 ) ) ;
#4939 = CARTESIAN_POINT ( 'NONE',  ( 282.4627418171340310, 0.5458337597823590404, 66.00000000000000000 ) ) ;
#4940 = B_SPLINE_CURVE_WITH_KNOTS ( 'NONE', 3,
 ( #2404, #3201, #1833, #60 ),
 .UNSPECIFIED., .F., .F.,
 ( 4, 4 ),
 ( 0.03383747857135580017, 0.04852974931344310183 ),
 .UNSPECIFIED. ) ;
#4941 = CARTESIAN_POINT ( 'NONE',  ( -245.2673040092940084, -10.15411382311629929, 38.00000000000000000 ) ) ;
#4942 = CARTESIAN_POINT ( 'NONE',  ( -80.55198237814261120, 38.40306426513440385, 42.99999999999860023 ) ) ;
#4943 = EDGE_CURVE ( 'NONE', #4124, #3752, #5034, .T. ) ;
#4944 = EDGE_LOOP ( 'NONE', ( #4043, #3242, #4720, #4380 ) ) ;
#4945 = EDGE_CURVE ( 'NONE', #2275, #4271, #3763, .T. ) ;
#4946 = ORIENTED_EDGE ( 'NONE', *, *, #5424, .T. ) ;
#4947 = CARTESIAN_POINT ( 'NONE',  ( -234.1404194031210011, -31.88100583134199795, 50.66663158234050712 ) ) ;
#4948 = ORIENTED_EDGE ( 'NONE', *, *, #1636, .T. ) ;
#4949 = CARTESIAN_POINT ( 'NONE',  ( -236.3060808572229803, -31.00515916112789938, 38.00000000000000000 ) ) ;
#4950 = CARTESIAN_POINT ( 'NONE',  ( -240.5158922205800138, -28.23369926340830105, 109.0000000000000000 ) ) ;
#4951 = B_SPLINE_CURVE_WITH_KNOTS ( 'NONE', 3,
 ( #3368, #2021, #8, #5430, #5796, #3672 ),
 .UNSPECIFIED., .F., .F.,
 ( 4, 2, 4 ),
 ( -1.488598104228230135, -0.7442990521141179538, 2.220446049250313081E-16 ),
 .UNSPECIFIED. ) ;
#4952 = FACE_OUTER_BOUND ( 'NONE', #4798, .T. ) ;
#4953 = CARTESIAN_POINT ( 'NONE',  ( 315.7022698092230257, -18.19667457870210470, 25.33323756169180285 ) ) ;
#4954 = EDGE_CURVE ( 'NONE', #5325, #5393, #1654, .T. ) ;
#4955 = SURFACE_STYLE_FILL_AREA ( #1894 ) ;
#4956 = DIRECTION ( 'NONE',  ( 1.000000000000000000, 0.000000000000000000, 0.000000000000000000 ) ) ;
#4957 = B_SPLINE_CURVE_WITH_KNOTS ( 'NONE', 3,
 ( #5746, #1316, #1259, #3101, #5381, #3570, #5357, #3977, #3126, #3542, #4059, #1726, #5329, #1759, #5410, #2658, #3156, #4442, #1289, #4035, #4468, #4880, #4910, #842, #869, #5830, #2693, #1339 ),
 .UNSPECIFIED., .F., .F.,
 ( 4, 3, 3, 3, 3, 3, 3, 3, 3, 4 ),
 ( -34.64777694400219588, -27.80488220973880331, -27.61481004749659718, -25.05606435709809787, -24.78963945626329846, -13.96139849405130207, -13.77410057579950120, -5.651598533957390202, -5.389062301885800821, 0.000000000000000000 ),
 .UNSPECIFIED. ) ;
#4958 = CARTESIAN_POINT ( 'NONE',  ( 165.3961295151399895, 22.25080122774319946, 38.00000000000000000 ) ) ;
#4959 = ORIENTED_EDGE ( 'NONE', *, *, #3430, .F. ) ;
#4960 = CARTESIAN_POINT ( 'NONE',  ( -109.8094628944350006, -34.89548024057560127, 86.99992777755048223 ) ) ;
#4961 = B_SPLINE_CURVE_WITH_KNOTS ( 'NONE', 3,
 ( #3593, #2288, #2689, #476 ),
 .UNSPECIFIED., .F., .F.,
 ( 4, 4 ),
 ( 0.000000000000000000, 0.01691886720496220062 ),
 .UNSPECIFIED. ) ;
#4962 = CARTESIAN_POINT ( 'NONE',  ( 330.8049114186949851, -12.06857032436569988, 38.00000000000000000 ) ) ;
#4963 = CARTESIAN_POINT ( 'NONE',  ( 222.6465009356520000, 12.72565262696880062, 66.00000000000000000 ) ) ;
#4964 = CARTESIAN_POINT ( 'NONE',  ( -248.6994098607080161, -15.95000786287549843, 25.33323756169170338 ) ) ;
#4965 = EDGE_CURVE ( 'NONE', #1488, #2909, #1944, .T. ) ;
#4966 = CARTESIAN_POINT ( 'NONE',  ( -240.4899751555250020, -5.796069110090029675, 66.00000000000000000 ) ) ;
#4967 = B_SPLINE_CURVE_WITH_KNOTS ( 'NONE', 3,
 ( #5392, #3164, #4861, #5418, #3110, #2212 ),
 .UNSPECIFIED., .F., .F.,
 ( 4, 2, 4 ),
 ( -5.944293003793060137, -2.972146501896530513, -8.881784197001252323E-16 ),
 .UNSPECIFIED. ) ;
#4968 = ORIENTED_EDGE ( 'NONE', *, *, #3953, .F. ) ;
#4970 = CARTESIAN_POINT ( 'NONE',  ( -149.3504252674620147, 27.62199596963209913, 97.99992777755690554 ) ) ;
#4969 = CARTESIAN_POINT ( 'NONE',  ( 3.483921291269429954, 38.44106233144690066, 66.00000000000000000 ) ) ;
#4971 = CARTESIAN_POINT ( 'NONE',  ( -104.2558635837410037, -34.77407660825480207, 109.0000000000000000 ) ) ;
#4972 = CARTESIAN_POINT ( 'NONE',  ( -231.2373874212299825, 2.616836346583200079, 38.00000000000000000 ) ) ;
#4973 = CARTESIAN_POINT ( 'NONE',  ( -100.9680766485950016, 35.73415736333760151, 86.99992777755048223 ) ) ;
#4974 = ORIENTED_EDGE ( 'NONE', *, *, #2921, .T. ) ;
#4975 = ORIENTED_EDGE ( 'NONE', *, *, #4986, .F. ) ;
#4976 = CARTESIAN_POINT ( 'NONE',  ( 325.2907286243460021, -8.278780406733650565, 109.0000000000000000 ) ) ;
#4977 = EDGE_LOOP ( 'NONE', ( #4850, #3437, #3682, #1911 ) ) ;
#4979 = CARTESIAN_POINT ( 'NONE',  ( -100.0165118242140068, -34.29194905576310504, 86.99992777755048223 ) ) ;
#4978 = CARTESIAN_POINT ( 'NONE',  ( -72.45358220701959340, 39.40706572429229482, 25.33323756169249918 ) ) ;
#4980 = APPLICATION_CONTEXT ( 'automotive_design' ) ;
#4981 = CARTESIAN_POINT ( 'NONE',  ( -242.2194241352239885, -14.90344004972459935, 109.0000000000000000 ) ) ;
#4982 = VECTOR ( 'NONE', #4544, 1000.000000000000227 ) ;
#4983 = ORIENTED_EDGE ( 'NONE', *, *, #1886, .F. ) ;
#4984 = CARTESIAN_POINT ( 'NONE',  ( -241.6526632369099730, -27.77223794064579820, 86.99992777755048223 ) ) ;
#4985 = CARTESIAN_POINT ( 'NONE',  ( 316.5909530592659848, -18.87612237512780311, 12.66657089502520073 ) ) ;
#4986 = EDGE_CURVE ( 'NONE', #3724, #1844, #2229, .T. ) ;
#4987 = SURFACE_SIDE_STYLE ('',( #4955 ) ) ;
#4988 = CARTESIAN_POINT ( 'NONE',  ( 166.5896380998970301, -21.71014862955249924, 25.33323756169180285 ) ) ;
#4989 = FACE_OUTER_BOUND ( 'NONE', #823, .T. ) ;
#4990 = EDGE_CURVE ( 'NONE', #4019, #1850, #1307, .T. ) ;
#4991 = ORIENTED_EDGE ( 'NONE', *, *, #3600, .T. ) ;
#4992 = CARTESIAN_POINT ( 'NONE',  ( 196.5538727846019924, 17.22074622104139863, 66.00000000000000000 ) ) ;
#4993 = CARTESIAN_POINT ( 'NONE',  ( -70.87507619477170806, -32.44279493966690353, 76.00000000000000000 ) ) ;
#4995 = CARTESIAN_POINT ( 'NONE',  ( 279.2357071539789786, 2.383103477351720123, 109.0000000000000000 ) ) ;
#4994 = CARTESIAN_POINT ( 'NONE',  ( 46.37163801949090214, 36.37931112759620333, 38.00000000000000000 ) ) ;
#4996 = CARTESIAN_POINT ( 'NONE',  ( -189.9925556071009964, -36.84879375946890434, 50.66663158234050712 ) ) ;
#4997 = CARTESIAN_POINT ( 'NONE',  ( -241.7977257186080067, -4.958814700580520096, 43.00000000000000000 ) ) ;
#4998 = VERTEX_POINT ( 'NONE', #5113 ) ;
#4999 = CARTESIAN_POINT ( 'NONE',  ( 203.9861283713790385, 15.68341677920470012, 50.66663158234050712 ) ) ;
#5001 = CARTESIAN_POINT ( 'NONE',  ( -159.7893109699180059, 25.95793189533780065, 86.99992777755539919 ) ) ;
#5000 = CARTESIAN_POINT ( 'NONE',  ( 178.2487300853260024, 20.05701155957819992, 43.00000000000000000 ) ) ;
#5002 = CARTESIAN_POINT ( 'NONE',  ( 218.9604139995649916, 12.68006530322459824, 25.33323756169180285 ) ) ;
#5003 = CARTESIAN_POINT ( 'NONE',  ( -244.5041706562840034, -8.642680453619801639, 38.00000000000000000 ) ) ;
#5004 = CARTESIAN_POINT ( 'NONE',  ( -112.3997707606939969, 36.65381519080590067, 2.842170943040400239E-13 ) ) ;
#5005 = ORIENTED_EDGE ( 'NONE', *, *, #5797, .T. ) ;
#5006 = ORIENTED_EDGE ( 'NONE', *, *, #5138, .F. ) ;
#5007 = CARTESIAN_POINT ( 'NONE',  ( -209.5363067597770055, -35.82082937757100183, 50.66663158234050712 ) ) ;
#5008 = B_SPLINE_SURFACE_WITH_KNOTS ( 'NONE', 3, 3, ( 
 ( #2830, #4996, #1868, #2292 ),
 ( #982, #1458, #3712, #4496 ),
 ( #1841, #5495, #4615, #3271 ),
 ( #455, #4060, #5060, #14 ) ),
 .UNSPECIFIED., .F., .F., .F.,
 ( 4, 4 ),
 ( 4, 4 ),
 ( 0.000000000000000000, 1.000000000000000000 ),
 ( 0.01914501489605319878, 0.02938523722594680102 ),
 .UNSPECIFIED. ) ;
#5010 = CARTESIAN_POINT ( 'NONE',  ( -238.7946696925349954, -29.98687846753589881, 38.00000000000000000 ) ) ;
#5009 = CARTESIAN_POINT ( 'NONE',  ( 46.73301167223579711, -25.53421164279099997, 109.0000000000000000 ) ) ;
#5011 = CARTESIAN_POINT ( 'NONE',  ( -7.628637705434639926, 38.75392754777620041, 86.99992777754719953 ) ) ;
#5012 = CARTESIAN_POINT ( 'NONE',  ( -240.3162545178170149, -28.45438887192999999, 109.0000000000000000 ) ) ;
#5013 = ORIENTED_EDGE ( 'NONE', *, *, #838, .F. ) ;
#5014 = CARTESIAN_POINT ( 'NONE',  ( -237.1482043489920102, -30.38137567847680032, 2.842170943040400239E-13 ) ) ;
#5015 = CARTESIAN_POINT ( 'NONE',  ( 17.32337542014359855, 37.63015099686419518, 76.00000000000000000 ) ) ;
#5016 = CARTESIAN_POINT ( 'NONE',  ( -240.4016749276620146, -29.16471137790660251, 86.99992777755039697 ) ) ;
#5017 = ADVANCED_FACE ( 'NONE', ( #974 ), #287, .T. ) ;
#5018 = PLANE ( 'NONE',  #969 ) ;
#5019 = CARTESIAN_POINT ( 'NONE',  ( -160.4484514632620176, 26.22034014143989822, 76.00000000000490274 ) ) ;
#5020 = CIRCLE ( 'NONE', #5312, 20.00000000000000000 ) ;
#5021 = CARTESIAN_POINT ( 'NONE',  ( -194.1545476311910079, -36.98483356227180252, 66.00000000000000000 ) ) ;
#5023 = DIRECTION ( 'NONE',  ( 1.000000000000000000, 0.000000000000000000, 0.000000000000000000 ) ) ;
#5022 = CARTESIAN_POINT ( 'NONE',  ( -197.4152000729970098, -37.51332302945190378, 97.99992777755049644 ) ) ;
#5024 = CARTESIAN_POINT ( 'NONE',  ( -249.4595489642690040, -15.50348307089820032, 12.66657089502520073 ) ) ;
#5025 = CARTESIAN_POINT ( 'NONE',  ( -244.8337457404159920, -12.38890999294969930, 58.33329824900740590 ) ) ;
#5026 = ADVANCED_FACE ( 'NONE', ( #1421 ), #5386, .T. ) ;
#5027 = B_SPLINE_CURVE_WITH_KNOTS ( 'NONE', 3,
 ( #5523, #1480, #1921, #2012, #3737, #4639 ),
 .UNSPECIFIED., .F., .F.,
 ( 4, 2, 4 ),
 ( -5.948404500151209362, -2.974202250075599796, 0.000000000000000000 ),
 .UNSPECIFIED. ) ;
#5028 = EDGE_LOOP ( 'NONE', ( #3489, #3179 ) ) ;
#5029 = CARTESIAN_POINT ( 'NONE',  ( 344.1631462475469334, -16.87923769908469751, 43.00000000000000000 ) ) ;
#5031 = CARTESIAN_POINT ( 'NONE',  ( -203.4338415098459905, 12.92229317822349977, 86.99992777755129225 ) ) ;
#5030 = CARTESIAN_POINT ( 'NONE',  ( -101.7564463244339947, 36.80226639677959355, 43.00000000000000000 ) ) ;
#5032 = CARTESIAN_POINT ( 'NONE',  ( 214.0865719483819873, 13.14963588813949968, 2.842170943040400239E-13 ) ) ;
#5033 = CARTESIAN_POINT ( 'NONE',  ( 314.5408168333349863, -7.847095108888790804, 38.00000000000000000 ) ) ;
#5034 = B_SPLINE_CURVE_WITH_KNOTS ( 'NONE', 3,
 ( #3704, #1895, #1478, #3265, #5488, #1448 ),
 .UNSPECIFIED., .F., .F.,
 ( 4, 2, 4 ),
 ( -2.926131723414729713, -1.463065861707359971, 0.000000000000000000 ),
 .UNSPECIFIED. ) ;
#5035 = CLOSED_SHELL ( 'NONE', ( #1275, #5283, #4351, #2250, #1375, #2702, #4210, #89, #5026, #4339, #1141, #3093, #3529, #1092, #1712, #2450, #2006, #5017, #582, #1496, #3128, #3062, #173, #380, #2650, #79, #1177, #719, #804, #1813 ) ) ;
#5036 = B_SPLINE_SURFACE_WITH_KNOTS ( 'NONE', 3, 3, ( 
 ( #2538, #5685, #309, #2080 ),
 ( #778, #2563, #2139, #2509 ),
 ( #688, #5268, #2169, #5241 ),
 ( #4409, #2106, #1701, #1196 ) ),
 .UNSPECIFIED., .F., .F., .F.,
 ( 4, 4 ),
 ( 4, 4 ),
 ( 0.000000000000000000, 1.000000000000000000 ),
 ( 0.03383747857135580017, 0.04852974931344310183 ),
 .UNSPECIFIED. ) ;
#5037 = EDGE_LOOP ( 'NONE', ( #1048, #3079, #3884, #702 ) ) ;
#5038 = ORIENTED_EDGE ( 'NONE', *, *, #3171, .T. ) ;
#5039 = CARTESIAN_POINT ( 'NONE',  ( 283.3058897288900084, -16.70049736746310032, 66.00000000000000000 ) ) ;
#5040 = CARTESIAN_POINT ( 'NONE',  ( -218.9112577122029961, -35.40860303082829574, 76.00000000000000000 ) ) ;
#5041 = B_SPLINE_CURVE_WITH_KNOTS ( 'NONE', 3,
 ( #3274, #1078, #162, #4707 ),
 .UNSPECIFIED., .F., .F.,
 ( 4, 4 ),
 ( 0.01914501489605329940, 0.02938523722594670040 ),
 .UNSPECIFIED. ) ;
#5043 = CARTESIAN_POINT ( 'NONE',  ( 107.4789036020980006, 30.23900894496309988, 2.842170943040400239E-13 ) ) ;
#5042 = CARTESIAN_POINT ( 'NONE',  ( -158.7822079603290035, -37.32516926646949429, 86.99992777755048223 ) ) ;
#5044 = CARTESIAN_POINT ( 'NONE',  ( -197.5782580174060001, 13.86546162912049951, 109.0000000000000000 ) ) ;
#5045 = CARTESIAN_POINT ( 'NONE',  ( -230.6807530254639858, -33.55227275546640442, 109.0000000000000000 ) ) ;
#5046 = B_SPLINE_CURVE_WITH_KNOTS ( 'NONE', 3,
 ( #3527, #3470, #5315, #733, #5227, #2125 ),
 .UNSPECIFIED., .F., .F.,
 ( 4, 2, 4 ),
 ( -3.059003670909759887, -1.529501835454879721, 4.440892098500626162E-16 ),
 .UNSPECIFIED. ) ;
#5047 = ORIENTED_EDGE ( 'NONE', *, *, #2854, .T. ) ;
#5048 = CARTESIAN_POINT ( 'NONE',  ( 185.1548641344930104, -20.00044487704499829, 58.33329824900719984 ) ) ;
#5049 = CARTESIAN_POINT ( 'NONE',  ( 224.6075179244080005, -18.61495734897949816, 58.33329824901439764 ) ) ;
#5050 = CARTESIAN_POINT ( 'NONE',  ( 65.29251328039249813, 34.40893212596640183, 66.00000000000000000 ) ) ;
#5051 = CARTESIAN_POINT ( 'NONE',  ( 3.334440162893889781, 38.33383266901689979, 76.00000000000000000 ) ) ;
#5052 = CARTESIAN_POINT ( 'NONE',  ( 106.9386976853130022, 30.32859936315409755, 12.66657089514530021 ) ) ;
#5053 = APPLICATION_PROTOCOL_DEFINITION ( 'draft international standard', 'automotive_design', 1998, #4980 ) ;
#5054 = CARTESIAN_POINT ( 'NONE',  ( 323.8071472062720204, -9.588559249616841029, 58.33329824900719984 ) ) ;
#5055 = ADVANCED_FACE ( 'NONE', ( #4674 ), #439, .T. ) ;
#5056 = CARTESIAN_POINT ( 'NONE',  ( -218.9170217056589820, 6.912506472712600214, 76.00000000000000000 ) ) ;
#5057 = CARTESIAN_POINT ( 'NONE',  ( 227.4789001812560230, -20.94100660620679832, 2.842170943040400239E-13 ) ) ;
#5059 = CARTESIAN_POINT ( 'NONE',  ( -205.2310285931159797, -36.07299352939729431, 43.00000000000000000 ) ) ;
#5058 = CARTESIAN_POINT ( 'NONE',  ( -120.7772047585149977, 33.66825223696829994, 66.00000000000130740 ) ) ;
#5060 = CARTESIAN_POINT ( 'NONE',  ( -160.0127276476650025, -36.85901559443529862, 58.33329824900719984 ) ) ;
#5061 = CARTESIAN_POINT ( 'NONE',  ( -245.3232710679600075, -14.53734037823650027, 66.00000000000000000 ) ) ;
#5062 = ORIENTED_EDGE ( 'NONE', *, *, #1739, .T. ) ;
#5063 = CARTESIAN_POINT ( 'NONE',  ( 203.4059030960150096, 16.64856472194870207, 109.0000000000000000 ) ) ;
#5064 = CARTESIAN_POINT ( 'NONE',  ( -246.1702336082959732, -25.40068005632099712, 12.66657089504319877 ) ) ;
#5066 = CARTESIAN_POINT ( 'NONE',  ( -221.4879571484349867, 5.494875299704800931, 76.00000000000000000 ) ) ;
#5065 = CARTESIAN_POINT ( 'NONE',  ( -161.2494475330269950, 27.33421850138620002, 42.99999999999930367 ) ) ;
#5067 = CARTESIAN_POINT ( 'NONE',  ( 198.2961397804090211, 16.52181615092020195, 38.00000000000000000 ) ) ;
#5068 = CARTESIAN_POINT ( 'NONE',  ( 261.7822380499239898, 4.991516164199349959, 76.00000000000000000 ) ) ;
#5069 = VERTEX_POINT ( 'NONE', #4523 ) ;
#5070 = EDGE_CURVE ( 'NONE', #4780, #2560, #3709, .T. ) ;
#5071 = ORIENTED_EDGE ( 'NONE', *, *, #1770, .T. ) ;
#5072 = CARTESIAN_POINT ( 'NONE',  ( 183.5697142111179971, -18.67928402158020162, 97.99992777755049644 ) ) ;
#5073 = CARTESIAN_POINT ( 'NONE',  ( 243.9215549594860022, -17.77607097506529854, 66.00000000000000000 ) ) ;
#5075 = FACE_BOUND ( 'NONE', #5028, .T. ) ;
#5074 = CARTESIAN_POINT ( 'NONE',  ( -132.5211003221410238, -35.04100728085020222, 2.842170943040400239E-13 ) ) ;
#5076 = CARTESIAN_POINT ( 'NONE',  ( -240.0170867634809895, -10.41894568282360112, 109.0000000000000000 ) ) ;
#5077 = CARTESIAN_POINT ( 'NONE',  ( -237.4969291720510114, -30.92471750061299929, 109.0000000000000000 ) ) ;
#5078 = ORIENTED_EDGE ( 'NONE', *, *, #345, .T. ) ;
#5079 = CARTESIAN_POINT ( 'NONE',  ( 274.8617802981029854, -18.04749432983199853, 43.00000000000000000 ) ) ;
#5080 = CARTESIAN_POINT ( 'NONE',  ( -205.2310285931159797, -36.07299352939729431, 43.00000000000000000 ) ) ;
#5081 = CARTESIAN_POINT ( 'NONE',  ( -11.95886750566949885, -29.03166728018869946, 76.00000000000000000 ) ) ;
#5082 = DIRECTION ( 'NONE',  ( 1.000000000000000000, 0.000000000000000000, 0.000000000000000000 ) ) ;
#5083 = CARTESIAN_POINT ( 'NONE',  ( 324.7249102095109947, -17.40436089143850040, 38.00000000000000000 ) ) ;
#5084 = CARTESIAN_POINT ( 'NONE',  ( -194.4041951165940247, 16.59666898330629792, 75.99999999999849365 ) ) ;
#5085 = CARTESIAN_POINT ( 'NONE',  ( -189.2282077549880057, -37.17043525975579144, 66.00000000000000000 ) ) ;
#5086 = CARTESIAN_POINT ( 'NONE',  ( -72.24582551456769863, -32.21052387384850135, 12.66657089502520073 ) ) ;
#5087 = B_SPLINE_SURFACE_WITH_KNOTS ( 'NONE', 3, 3, ( 
 ( #388, #4865, #828, #4342 ),
 ( #4806, #326, #4397, #4370 ),
 ( #2642, #2158, #2189, #4783 ),
 ( #734, #3528, #2679, #3502 ) ),
 .UNSPECIFIED., .F., .F., .F.,
 ( 4, 4 ),
 ( 4, 4 ),
 ( 0.000000000000000000, 1.000000000000000000 ),
 ( 0.000000000000000000, 0.01691886720496220062 ),
 .UNSPECIFIED. ) ;
#5089 = CARTESIAN_POINT ( 'NONE',  ( 239.4667291210830058, 10.12271849492469933, 109.0000000000000000 ) ) ;
#5088 = DIRECTION ( 'NONE',  ( 0.9999819992113454514, 0.006000104439155302428, 0.000000000000000000 ) ) ;
#5090 = CARTESIAN_POINT ( 'NONE',  ( -245.6007852510209943, -25.58411322571500079, 25.33323756169180285 ) ) ;
#5091 = CARTESIAN_POINT ( 'NONE',  ( -142.0352724524529719, -35.49972984781639695, 12.66657089502520073 ) ) ;
#5092 = EDGE_CURVE ( 'NONE', #2183, #602, #2370, .T. ) ;
#5093 = CARTESIAN_POINT ( 'NONE',  ( 3.483921291269429954, 38.44106233144690066, 66.00000000000000000 ) ) ;
#5094 = EDGE_LOOP ( 'NONE', ( #2759, #1179, #5340, #138, #1805, #161, #2545, #4394, #4549, #952, #2243, #509, #847, #4748, #1836, #3946, #1732, #4407, #293 ) ) ;
#5095 = CARTESIAN_POINT ( 'NONE',  ( 219.5822401046350194, 13.99252600371120003, 109.0000000000000000 ) ) ;
#5096 = CARTESIAN_POINT ( 'NONE',  ( 345.6031937522769795, -13.65724423844160107, 97.99992777755049644 ) ) ;
#5098 = CARTESIAN_POINT ( 'NONE',  ( -218.9170217056589820, 6.912506472712600214, 76.00000000000000000 ) ) ;
#5097 = CARTESIAN_POINT ( 'NONE',  ( -181.9175753197569918, -36.05741135353240168, 12.66657089502520073 ) ) ;
#5099 = CARTESIAN_POINT ( 'NONE',  ( 104.3101863013669970, 30.76811546359280314, 76.00000000000000000 ) ) ;
#5100 = CARTESIAN_POINT ( 'NONE',  ( -9.860761315262649319E-31, 5.473954622914330284E-13, 76.00000000000000000 ) ) ;
#5101 = ORIENTED_EDGE ( 'NONE', *, *, #1570, .T. ) ;
#5102 = CARTESIAN_POINT ( 'NONE',  ( 166.7787560830109896, 21.77819091445099886, 12.66657089502520073 ) ) ;
#5103 = EDGE_LOOP ( 'NONE', ( #5533, #3494, #5387, #2267 ) ) ;
#5104 = CARTESIAN_POINT ( 'NONE',  ( -241.0692255638489883, -28.82455156030599852, 76.00000000000000000 ) ) ;
#5106 = CARTESIAN_POINT ( 'NONE',  ( 67.47890474237918568, 34.43902533298280133, 2.842170943040400239E-13 ) ) ;
#5105 = CARTESIAN_POINT ( 'NONE',  ( 313.9233281190220168, -16.84976586038610336, 50.66663158248650234 ) ) ;
#5107 = CARTESIAN_POINT ( 'NONE',  ( -224.1812447713469965, 1.881259577199520194, 109.0000000000000000 ) ) ;
#5108 = CARTESIAN_POINT ( 'NONE',  ( -13.06400986516979934, 39.68829566458860114, 38.00000000000330402 ) ) ;
#5109 = ORIENTED_EDGE ( 'NONE', *, *, #3958, .T. ) ;
#5110 = CARTESIAN_POINT ( 'NONE',  ( 204.5390467397830037, -19.02889715518000102, 66.00000000000000000 ) ) ;
#5111 = CARTESIAN_POINT ( 'NONE',  ( 3.964636794418779697, 38.77984397898740099, 34.66666500852529964 ) ) ;
#5112 = CARTESIAN_POINT ( 'NONE',  ( 86.53059931554180650, -24.27315332674119830, 58.33329824900719984 ) ) ;
#5113 = CARTESIAN_POINT ( 'NONE',  ( -159.6835579430999985, -36.98418847957560018, 66.00000000000000000 ) ) ;
#5114 = B_SPLINE_CURVE_WITH_KNOTS ( 'NONE', 3,
 ( #4939, #513, #4593, #46, #1875, #3686 ),
 .UNSPECIFIED., .F., .F.,
 ( 4, 2, 4 ),
 ( -3.072589446966659921, -1.536294723483329960, 0.000000000000000000 ),
 .UNSPECIFIED. ) ;
#5115 = CARTESIAN_POINT ( 'NONE',  ( 283.6207919448239636, -0.1170796659926360006, 50.66663158234050712 ) ) ;
#5116 = VECTOR ( 'NONE', #4456, 1000.000000000000114 ) ;
#5117 = CARTESIAN_POINT ( 'NONE',  ( -245.1941559683409935, -16.29592298904019643, 76.00000000000000000 ) ) ;
#5118 = FACE_OUTER_BOUND ( 'NONE', #3755, .T. ) ;
#5119 = CARTESIAN_POINT ( 'NONE',  ( -60.89267268677320288, 39.75178568853910122, 12.66657089502520073 ) ) ;
#5120 = CARTESIAN_POINT ( 'NONE',  ( -12.08845271617639838, -29.11808535170160184, 58.33329824900719984 ) ) ;
#5121 = CARTESIAN_POINT ( 'NONE',  ( -202.3057633310380083, -37.35355787673370287, 97.99992777755049644 ) ) ;
#5122 = CARTESIAN_POINT ( 'NONE',  ( -131.1541646857620265, -35.51336566485430524, 38.00000000000000000 ) ) ;
#5123 = ORIENTED_EDGE ( 'NONE', *, *, #225, .F. ) ;
#5124 = B_SPLINE_CURVE_WITH_KNOTS ( 'NONE', 3,
 ( #4195, #3257, #3815, #1000, #968, #4572 ),
 .UNSPECIFIED., .F., .F.,
 ( 4, 2, 4 ),
 ( -2.928354077778859921, -1.464176923448619938, 0.000000000000000000 ),
 .UNSPECIFIED. ) ;
#5125 = CARTESIAN_POINT ( 'NONE',  ( 325.3835465569080156, -10.66141191920669939, 38.00000000000000000 ) ) ;
#5126 = CARTESIAN_POINT ( 'NONE',  ( 216.6252793423309981, 13.62593104739140060, 58.33329824900719984 ) ) ;
#5128 = CARTESIAN_POINT ( 'NONE',  ( -224.1812463047440076, 1.881303892922980170, 109.0000000000000000 ) ) ;
#5127 = CARTESIAN_POINT ( 'NONE',  ( 332.7758898460270416, -13.44727140499220042, 12.66657089493529931 ) ) ;
#5129 = CARTESIAN_POINT ( 'NONE',  ( -101.7564463244339947, 36.80226639677959355, 43.00000000000000000 ) ) ;
#5130 = CARTESIAN_POINT ( 'NONE',  ( 47.22177916346469573, -26.48523883372009990, 38.00000000000000000 ) ) ;
#5131 = B_SPLINE_CURVE_WITH_KNOTS ( 'NONE', 3,
 ( #2322, #1515, #2349, #1900, #1012, #2829 ),
 .UNSPECIFIED., .F., .F.,
 ( 4, 2, 4 ),
 ( -2.951020550404099829, -1.475510275202049915, 0.000000000000000000 ),
 .UNSPECIFIED. ) ;
#5132 = CIRCLE ( 'NONE', #4088, 47.00000000000000000 ) ;
#5133 = CARTESIAN_POINT ( 'NONE',  ( 147.4789024618179951, 24.43901844077070251, 2.842170943040400239E-13 ) ) ;
#5134 = FACE_OUTER_BOUND ( 'NONE', #629, .T. ) ;
#5136 = CARTESIAN_POINT ( 'NONE',  ( 86.51454996748809378, 32.42233112805970308, 25.33323756169180285 ) ) ;
#5135 = FACE_OUTER_BOUND ( 'NONE', #1683, .T. ) ;
#5137 = CARTESIAN_POINT ( 'NONE',  ( -234.1546639890100323, 1.867611140054010077, 25.33323756169140140 ) ) ;
#5138 = EDGE_CURVE ( 'NONE', #4128, #4780, #2661, .T. ) ;
#5139 = CARTESIAN_POINT ( 'NONE',  ( 2.854702931068080041, 37.98304402989830209, 109.0000000000000000 ) ) ;
#5140 = B_SPLINE_SURFACE_WITH_KNOTS ( 'NONE', 3, 3, ( 
 ( #1945, #5579, #3351, #5139 ),
 ( #1090, #4540, #1857, #5453 ),
 ( #1413, #5011, #3436, #1730 ),
 ( #3572, #5221, #262, #668 ),
 ( #4687, #4275, #2629, #845 ),
 ( #2061, #639, #2907, #5168 ),
 ( #3867, #5667, #3544, #5331 ),
 ( #3840, #4307, #231, #1622 ),
 ( #699, #372, #2459, #4445 ),
 ( #1176, #403, #1589, #3405 ),
 ( #2987, #5775, #5195, #2175 ),
 ( #4415, #5637, #1147, #2960 ),
 ( #5359, #1116, #4856, #4746 ),
 ( #2519, #3979, #1291, #1562 ),
 ( #2931, #2205, #815, #3104 ),
 ( #2489, #2034, #4718, #4882 ),
 ( #2660, #5806, #4012, #4251 ),
 ( #1761, #205, #2004, #3813 ),
 ( #5610, #3378, #985, #4586 ),
 ( #1903, #3130, #5832, #4913 ) ),
 .UNSPECIFIED., .F., .F., .F.,
 ( 4, 2, 2, 2, 2, 2, 2, 2, 2, 4 ),
 ( 4, 4 ),
 ( 0.000000000000000000, 0.1555384725142859859, 0.1631157618883170013, 0.3975464457088050407, 0.4029522158554559863, 0.7154756132356889786, 0.7231651369031190102, 0.7970153494155700624, 0.8025011894609319629, 1.000000000000000000 ),
 ( 0.03383747857135580017, 0.04852974931344310183 ),
 .UNSPECIFIED. ) ;
#5141 = ORIENTED_EDGE ( 'NONE', *, *, #5612, .F. ) ;
#5142 = CARTESIAN_POINT ( 'NONE',  ( 46.96153786633590244, -25.97419989698989795, 76.00000000000000000 ) ) ;
#5143 = FACE_OUTER_BOUND ( 'NONE', #1610, .T. ) ;
#5144 = PRESENTATION_STYLE_ASSIGNMENT (( #821 ) ) ;
#5145 = CARTESIAN_POINT ( 'NONE',  ( 261.0890415607210571, -15.31337758745340061, 109.0000000000000000 ) ) ;
#5146 = CARTESIAN_POINT ( 'NONE',  ( 328.6284722090210266, -10.56002735241890100, 66.00000000000000000 ) ) ;
#5147 = ADVANCED_FACE ( 'NONE', ( #98 ), #5008, .T. ) ;
#5148 = CARTESIAN_POINT ( 'NONE',  ( -223.6958779817109644, 4.277426984072270955, 76.00000000000000000 ) ) ;
#5149 = EDGE_CURVE ( 'NONE', #2521, #4463, #2688, .T. ) ;
#5150 = CARTESIAN_POINT ( 'NONE',  ( 345.4271704769510052, -14.94498911194279955, 76.00000000000000000 ) ) ;
#5151 = DIRECTION ( 'NONE',  ( 1.000000000000000000, 0.000000000000000000, 0.000000000000000000 ) ) ;
#5152 = CARTESIAN_POINT ( 'NONE',  ( -38.23798217298180191, 40.09616394535839845, 2.842170943040669840E-13 ) ) ;
#5153 = CARTESIAN_POINT ( 'NONE',  ( 282.6725401511230302, -16.22029076952539839, 76.00000000000000000 ) ) ;
#5154 = CARTESIAN_POINT ( 'NONE',  ( -201.7213499178800191, -37.60315574656809900, 109.0000000000000000 ) ) ;
#5155 = CARTESIAN_POINT ( 'NONE',  ( -12.03217334799050064, -29.08060556476289804, 66.00000000000000000 ) ) ;
#5156 = ORIENTED_EDGE ( 'NONE', *, *, #2796, .F. ) ;
#5157 = EDGE_CURVE ( 'NONE', #5696, #5297, #2930, .T. ) ;
#5158 = CARTESIAN_POINT ( 'NONE',  ( 342.3872627793110155, -15.55981990682690075, 66.00000000000000000 ) ) ;
#5160 = CARTESIAN_POINT ( 'NONE',  ( -242.2994029030859906, -10.00461302867880065, 76.00000000000000000 ) ) ;
#5159 = CARTESIAN_POINT ( 'NONE',  ( -220.5616380500640048, 8.097729958338680589, 43.00000000000079581 ) ) ;
#5161 = CARTESIAN_POINT ( 'NONE',  ( 348.7220400025769891, -15.94514002583530221, 58.33329824913239747 ) ) ;
#5162 = VERTEX_POINT ( 'NONE', #405 ) ;
#5163 = CARTESIAN_POINT ( 'NONE',  ( 126.2978548754149983, 27.61680816039840280, 25.33323756169180285 ) ) ;
#5164 = B_SPLINE_CURVE_WITH_KNOTS ( 'NONE', 3,
 ( #4108, #5521, #3292, #2762 ),
 .UNSPECIFIED., .F., .F.,
 ( 4, 4 ),
 ( 0.03383747857135580017, 0.04852974931344310183 ),
 .UNSPECIFIED. ) ;
#5166 = FACE_OUTER_BOUND ( 'NONE', #1792, .T. ) ;
#5165 = CARTESIAN_POINT ( 'NONE',  ( -21.88369736636630236, 39.05737538601560033, 75.99999999999509726 ) ) ;
#5167 = EDGE_CURVE ( 'NONE', #1255, #1795, #3938, .T. ) ;
#5168 = CARTESIAN_POINT ( 'NONE',  ( -22.10976096388599998, 38.58626910052619507, 108.9999999999930083 ) ) ;
#5169 = CARTESIAN_POINT ( 'NONE',  ( -38.58612478338710616, 38.97243846164419523, 66.00000000000589750 ) ) ;
#5170 = ORIENTED_EDGE ( 'NONE', *, *, #2620, .F. ) ;
#5171 = CARTESIAN_POINT ( 'NONE',  ( 3.912629219315450158, 38.74360684570649482, 38.00000000000000000 ) ) ;
#5172 = CARTESIAN_POINT ( 'NONE',  ( 46.73301167223579711, -25.53421164279099997, 109.0000000000000000 ) ) ;
#5173 = CARTESIAN_POINT ( 'NONE',  ( -230.6807530254639858, -33.55227275546640442, 109.0000000000000000 ) ) ;
#5174 = CARTESIAN_POINT ( 'NONE',  ( 284.2021305830089659, -0.4509907724970950160, 43.00000000000000000 ) ) ;
#5175 = CARTESIAN_POINT ( 'NONE',  ( -102.5211011773509995, 37.85900033031940382, 2.842170943040400239E-13 ) ) ;
#5176 = EDGE_CURVE ( 'NONE', #4998, #1852, #4491, .T. ) ;
#5177 = CARTESIAN_POINT ( 'NONE',  ( -243.3757944482109963, -27.63670415838559791, 38.00000000000000000 ) ) ;
#5178 = CARTESIAN_POINT ( 'NONE',  ( -131.6093688024490120, -35.35822612544360055, 25.33323756169170338 ) ) ;
#5179 = CARTESIAN_POINT ( 'NONE',  ( 334.0752756942949873, -11.58994778678979998, 76.00000000000000000 ) ) ;
#5180 = CARTESIAN_POINT ( 'NONE',  ( -102.0715817415049855, 37.23426598393820086, 25.33323756169180285 ) ) ;
#5181 = CARTESIAN_POINT ( 'NONE',  ( -80.93746852263450364, 38.37388567897490077, 42.99999999999860023 ) ) ;
#5182 = EDGE_CURVE ( 'NONE', #2868, #2379, #1878, .T. ) ;
#5183 = ORIENTED_EDGE ( 'NONE', *, *, #4453, .F. ) ;
#5184 = CARTESIAN_POINT ( 'NONE',  ( 266.7382552740929782, -19.67296211076260093, 12.66657089502520073 ) ) ;
#5185 = AXIS2_PLACEMENT_3D ( 'NONE', #272, #185, #5151 ) ;
#5186 = CARTESIAN_POINT ( 'NONE',  ( -190.6243407169090176, -36.57988127934979161, 38.00000000000000000 ) ) ;
#5188 = CARTESIAN_POINT ( 'NONE',  ( -232.4945161128130167, -1.302744306049059997, 86.99992777755048223 ) ) ;
#5187 = CARTESIAN_POINT ( 'NONE',  ( -247.0883049902350024, -21.12860112422849923, 43.00000000000000000 ) ) ;
#5189 = CARTESIAN_POINT ( 'NONE',  ( 165.3961295151399895, 22.25080122774319946, 38.00000000000000000 ) ) ;
#5190 = CARTESIAN_POINT ( 'NONE',  ( 164.4179461389019821, -19.81933384650290009, 86.99992777755048223 ) ) ;
#5192 = CARTESIAN_POINT ( 'NONE',  ( -70.87507619477170806, -32.44279493966690353, 76.00000000000000000 ) ) ;
#5191 = CARTESIAN_POINT ( 'NONE',  ( -72.02769571807350246, 38.33670422584420123, 75.99999999999781153 ) ) ;
#5193 = COLOUR_RGB ( '',0.7921568627450980005, 0.8196078431372548767, 0.9333333333333333481 ) ;
#5194 = CARTESIAN_POINT ( 'NONE',  ( -238.3909294271810211, -0.9312632927405390948, 25.33323756169140140 ) ) ;
#5195 = CARTESIAN_POINT ( 'NONE',  ( -60.47978599741569639, 38.07431493330820871, 97.99992777754580686 ) ) ;
#5196 = CARTESIAN_POINT ( 'NONE',  ( -13.34887665185980055, 39.31676563256080215, 66.00000000000000000 ) ) ;
#5197 = ORIENTED_EDGE ( 'NONE', *, *, #662, .F. ) ;
#5198 = B_SPLINE_CURVE_WITH_KNOTS ( 'NONE', 3,
 ( #4821, #4410, #3099, #1257 ),
 .UNSPECIFIED., .F., .F.,
 ( 4, 4 ),
 ( 0.03383747857135580017, 0.04852974931344310183 ),
 .UNSPECIFIED. ) ;
#5199 = CARTESIAN_POINT ( 'NONE',  ( -101.7564463244339947, 36.80226639677959355, 43.00000000000000000 ) ) ;
#5200 = PRESENTATION_STYLE_ASSIGNMENT (( #4750 ) ) ;
#5201 = CARTESIAN_POINT ( 'NONE',  ( -207.6566756764280228, 15.90300093985099927, 2.842170943040460318E-13 ) ) ;
#5202 = CARTESIAN_POINT ( 'NONE',  ( 350.3188331919129723, -17.13356405580580244, 38.00000000000000000 ) ) ;
#5203 = CARTESIAN_POINT ( 'NONE',  ( -101.7564463244339947, 36.80226639677959355, 43.00000000000000000 ) ) ;
#5204 = CARTESIAN_POINT ( 'NONE',  ( -232.0100655421960028, -31.49115508278070052, 2.842170943040400239E-13 ) ) ;
#5205 = CARTESIAN_POINT ( 'NONE',  ( 328.6284722090210266, -10.56002735241890100, 66.00000000000000000 ) ) ;
#5206 = CARTESIAN_POINT ( 'NONE',  ( -177.8595277353390145, -37.72234782763720062, 97.99992777755049644 ) ) ;
#5207 = CARTESIAN_POINT ( 'NONE',  ( -142.6091138265029770, 32.36300632375189679, 2.842170943040629955E-13 ) ) ;
#5208 = CARTESIAN_POINT ( 'NONE',  ( -49.74091446143540196, 39.25478683008729774, 43.00000000000269296 ) ) ;
#5209 = ADVANCED_FACE ( 'NONE', ( #2045 ), #1379, .T. ) ;
#5210 = ORIENTED_EDGE ( 'NONE', *, *, #4029, .F. ) ;
#5211 = CARTESIAN_POINT ( 'NONE',  ( 85.00567356334209990, 32.55419634808180263, 66.00000000000000000 ) ) ;
#5212 = ORIENTED_EDGE ( 'NONE', *, *, #152, .F. ) ;
#5213 = FACE_OUTER_BOUND ( 'NONE', #3290, .T. ) ;
#5214 = CARTESIAN_POINT ( 'NONE',  ( 105.8764095492609982, 30.50567218608529885, 38.00000000000000000 ) ) ;
#5216 = CARTESIAN_POINT ( 'NONE',  ( -245.3260400155170089, -22.40808966239119826, 76.00000000000000000 ) ) ;
#5215 = CARTESIAN_POINT ( 'NONE',  ( 346.4686026516289985, -14.28753219336010005, 86.99992777755048223 ) ) ;
#5217 = CARTESIAN_POINT ( 'NONE',  ( -180.7525185620719697, 22.12333355547709957, 43.00000000000059686 ) ) ;
#5219 = DIRECTION ( 'NONE',  ( 0.000000000000000000, 0.000000000000000000, 1.000000000000000000 ) ) ;
#5218 = CARTESIAN_POINT ( 'NONE',  ( -94.45633224254780203, 36.78302997961920084, 66.00000000000000000 ) ) ;
#5220 = CARTESIAN_POINT ( 'NONE',  ( -239.1530251557589679, -2.523060660747170392, 38.00000000000000000 ) ) ;
#5221 = CARTESIAN_POINT ( 'NONE',  ( -13.29154947651450058, 39.03593799227309802, 86.99992777754638951 ) ) ;
#5222 = CARTESIAN_POINT ( 'NONE',  ( -60.64197166540019879, 38.69830940882329884, 66.00000000000000000 ) ) ;
#5223 = ORIENTED_EDGE ( 'NONE', *, *, #5518, .T. ) ;
#5224 = CARTESIAN_POINT ( 'NONE',  ( 194.5868145429540164, 18.01018894935380033, 97.99992777755049644 ) ) ;
#5225 = CARTESIAN_POINT ( 'NONE',  ( 314.1551033144419875, -7.594962136569659350, 43.00000000000000000 ) ) ;
#5226 = CARTESIAN_POINT ( 'NONE',  ( -237.7847280883069914, 1.537767327071019929, 2.842170943040370451E-13 ) ) ;
#5227 = CARTESIAN_POINT ( 'NONE',  ( 304.1083176649100324, -3.200790812809739982, 109.0000000000000000 ) ) ;
#5228 = DIRECTION ( 'NONE',  ( 0.000000000000000000, 0.000000000000000000, 1.000000000000000000 ) ) ;
#5229 = CARTESIAN_POINT ( 'NONE',  ( -241.0254129637189919, -29.15464901036520118, 50.66663158234050712 ) ) ;
#5230 = CARTESIAN_POINT ( 'NONE',  ( -222.0357387986530284, -33.83376178183679883, 12.66657089502520073 ) ) ;
#5231 = CARTESIAN_POINT ( 'NONE',  ( -129.7898962321000056, -35.97183768936680082, 76.00000000000000000 ) ) ;
#5233 = B_SPLINE_CURVE_WITH_KNOTS ( 'NONE', 3,
 ( #2874, #3343, #634, #4123, #4186, #5033 ),
 .UNSPECIFIED., .F., .F.,
 ( 4, 2, 4 ),
 ( -3.080725094763580252, -1.540362547381789904, -4.440892098500626162E-16 ),
 .UNSPECIFIED. ) ;
#5232 = CARTESIAN_POINT ( 'NONE',  ( -60.83572105252970630, 39.49980508630739706, 25.33323756169249918 ) ) ;
#5234 = CARTESIAN_POINT ( 'NONE',  ( -33.50688778445599780, 40.11508984919430532, 2.842170943040660247E-13 ) ) ;
#5235 = CARTESIAN_POINT ( 'NONE',  ( 46.80957909575219134, -25.68028528698580004, 97.99992777755049644 ) ) ;
#5236 = CARTESIAN_POINT ( 'NONE',  ( 221.9279596022070109, 13.02220705563090064, 76.00000000000000000 ) ) ;
#5237 = B_SPLINE_SURFACE_WITH_KNOTS ( 'NONE', 3, 3, ( 
 ( #5416, #1403, #5474, #3216 ),
 ( #460, #3246, #5002, #956 ),
 ( #5032, #903, #4040, #5364 ),
 ( #2724, #2270, #990, #2357 ) ),
 .UNSPECIFIED., .F., .F., .F.,
 ( 4, 4 ),
 ( 4, 4 ),
 ( 0.000000000000000000, 1.000000000000000000 ),
 ( 0.000000000000000000, 0.01691886720496220062 ),
 .UNSPECIFIED. ) ;
#5238 = VERTEX_POINT ( 'NONE', #5205 ) ;
#5239 = CARTESIAN_POINT ( 'NONE',  ( 18.16558136380939814, 37.99870786000010270, 33.00000000000000000 ) ) ;
#5240 = ORIENTED_EDGE ( 'NONE', *, *, #2111, .T. ) ;
#5241 = CARTESIAN_POINT ( 'NONE',  ( 239.4667291210830058, 10.12271849492469933, 109.0000000000000000 ) ) ;
#5242 = CARTESIAN_POINT ( 'NONE',  ( 56.28909994111930359, 35.40037130401099574, 38.00000000000000000 ) ) ;
#5244 = CARTESIAN_POINT ( 'NONE',  ( -231.8951293733520060, -1.697716570666520042, 97.99992777755049644 ) ) ;
#5243 = CARTESIAN_POINT ( 'NONE',  ( -219.8020298475219931, 8.445328300501291352, 43.00000000000079581 ) ) ;
#5245 = CARTESIAN_POINT ( 'NONE',  ( -131.5537125011869932, 32.95669974875720243, 43.00000000000099476 ) ) ;
#5246 = B_SPLINE_CURVE_WITH_KNOTS ( 'NONE', 3,
 ( #5789, #4950, #856, #3553, #912, #4510, #386, #3197, #5343, #2188, #2677, #2155, #4981, #1300, #936, #416, #4022, #4571, #5076, #4602, #4102, #115, #1503, #3256, #3758, #613, #554, #3320, #3664, #1978, #4194, #2787, #2817, #5107, #522, #144, #2428, #2400, #999, #1887, #5546, #2339, #3785, #4630, #2368, #2880, #4132, #82, #966, #5044, #1474, #3696, #1532, #5482, #495, #2309, #5514, #1443, #4163, #1915, #3728, #3287, #1061, #4661, #57, #583, #1031, #3226, #4224, #174 ),
 .UNSPECIFIED., .F., .F.,
 ( 4, 3, 3, 3, 3, 3, 3, 3, 3, 3, 3, 3, 3, 3, 3, 3, 3, 3, 3, 3, 3, 3, 3, 4 ),
 ( -37.97580193286319883, -37.13485679373030024, -36.29391165459730217, -35.45296651546440359, -34.61202137633140552, -34.05092846721949940, -33.48983555810750090, -32.26438514061349849, -31.34693778354730043, -31.04112199785850024, -30.60888022195940295, -28.92298366461709946, -27.23708710727479954, -26.95989491102489666, -26.13042549582609908, -23.64201725022980227, -23.44961069578920387, -20.17524261272520292, -19.99400469256330126, -13.39814835873099952, -13.19457548201529917, -6.698878374932391466, -6.538316761336030680, 0.000000000000000000 ),
 .UNSPECIFIED. ) ;
#5247 = ORIENTED_EDGE ( 'NONE', *, *, #951, .T. ) ;
#5249 = CARTESIAN_POINT ( 'NONE',  ( 202.3162501466050003, 16.33736485674460326, 76.00000000000000000 ) ) ;
#5248 = CARTESIAN_POINT ( 'NONE',  ( -72.29489702787070371, 38.31500474818790281, 75.99999999999781153 ) ) ;
#5250 = B_SPLINE_CURVE_WITH_KNOTS ( 'NONE', 3,
 ( #1585, #2602, #3045, #5752, #3435, #1707 ),
 .UNSPECIFIED., .F., .F.,
 ( 4, 2, 4 ),
 ( -2.973796896372680187, -1.486898448186340094, 0.000000000000000000 ),
 .UNSPECIFIED. ) ;
#5251 = CARTESIAN_POINT ( 'NONE',  ( -237.2294550251889973, 1.894439107060319927, 2.842170943040370451E-13 ) ) ;
#5252 = CARTESIAN_POINT ( 'NONE',  ( -49.73111292644069437, 39.11404146584909824, 50.66663158234310060 ) ) ;
#5253 = EDGE_CURVE ( 'NONE', #2811, #4322, #273, .T. ) ;
#5254 = CARTESIAN_POINT ( 'NONE',  ( 102.9794698554750028, 30.99260327318080144, 109.0000000000000000 ) ) ;
#5255 = CARTESIAN_POINT ( 'NONE',  ( -197.6439869240140297, 19.23813139668439831, 2.842170943040300274E-13 ) ) ;
#5256 = CARTESIAN_POINT ( 'NONE',  ( 329.3152169213350362, -13.35250472912019859, 109.0000000000000000 ) ) ;
#5257 = CARTESIAN_POINT ( 'NONE',  ( 47.03032443294619469, -26.10822865952409799, 66.00000000000000000 ) ) ;
#5258 = CARTESIAN_POINT ( 'NONE',  ( 205.5648010956279848, -19.86918836804679955, 43.00000000000000000 ) ) ;
#5259 = CARTESIAN_POINT ( 'NONE',  ( -216.3506940989040004, -34.41759031626420295, 12.66657089502520073 ) ) ;
#5260 = CARTESIAN_POINT ( 'NONE',  ( -140.8735115240959885, -35.91817666414599586, 43.00000000000000000 ) ) ;
#5261 = CARTESIAN_POINT ( 'NONE',  ( -169.0794952648770106, -37.22414825518450243, 76.00000000000000000 ) ) ;
#5262 = CARTESIAN_POINT ( 'NONE',  ( -202.3740109216130065, 17.66770319489560137, 2.842170943040430531E-13 ) ) ;
#5263 = CARTESIAN_POINT ( 'NONE',  ( -13.38275859198819973, 39.61893630271679712, 43.00000000000000000 ) ) ;
#5264 = CARTESIAN_POINT ( 'NONE',  ( 46.00999400312080212, 36.32671624739229799, 50.66663158245049914 ) ) ;
#5265 = ORIENTED_EDGE ( 'NONE', *, *, #838, .T. ) ;
#5266 = CARTESIAN_POINT ( 'NONE',  ( 286.6792071659889984, -19.29440501066970270, 12.66657089502520073 ) ) ;
#5267 = ORIENTED_EDGE ( 'NONE', *, *, #2881, .F. ) ;
#5268 = CARTESIAN_POINT ( 'NONE',  ( 241.0535775149259905, 9.381352567138630860, 86.99992777755048223 ) ) ;
#5269 = ADVANCED_FACE ( 'NONE', ( #4234 ), #3140, .T. ) ;
#5270 = CARTESIAN_POINT ( 'NONE',  ( 317.7692805553579660, -15.96124087141600079, 66.00000000000000000 ) ) ;
#5272 = CARTESIAN_POINT ( 'NONE',  ( -242.5210502734589966, -27.20290976656189841, 76.00000000000000000 ) ) ;
#5271 = CARTESIAN_POINT ( 'NONE',  ( 345.6031937522769795, -13.65724423844160107, 97.99992777755049644 ) ) ;
#5273 = CARTESIAN_POINT ( 'NONE',  ( -171.1491779546770147, 24.68919669090389846, 42.99999999999940314 ) ) ;
#5274 = B_SPLINE_CURVE_WITH_KNOTS ( 'NONE', 3,
 ( #3839, #1267, #3893, #4828, #2147, #1677 ),
 .UNSPECIFIED., .F., .F.,
 ( 4, 2, 4 ),
 ( -5.854648744196060406, -2.927324372098030203, 0.000000000000000000 ),
 .UNSPECIFIED. ) ;
#5275 = ORIENTED_EDGE ( 'NONE', *, *, #3658, .F. ) ;
#5277 = CARTESIAN_POINT ( 'NONE',  ( 32.09745213932609431, 37.13546621119120061, 43.00000000000000000 ) ) ;
#5276 = CARTESIAN_POINT ( 'NONE',  ( -80.10507893226331078, 37.90959928448199889, 65.99999999999779732 ) ) ;
#5278 = CARTESIAN_POINT ( 'NONE',  ( -245.9735486268639875, -7.722083204998310357, 12.66657089502520073 ) ) ;
#5279 = CARTESIAN_POINT ( 'NONE',  ( -72.17844165097909581, 38.70798006134590707, 58.33329824900580007 ) ) ;
#5280 = ADVANCED_FACE ( 'NONE', ( #1042 ), #1430, .T. ) ;
#5281 = ORIENTED_EDGE ( 'NONE', *, *, #2225, .F. ) ;
#5282 = CARTESIAN_POINT ( 'NONE',  ( 319.5754310697579967, -8.995925595736141034, 43.00000000000000000 ) ) ;
#5283 = ADVANCED_FACE ( 'NONE', ( #3906, #3000 ), #2220, .F. ) ;
#5284 = CARTESIAN_POINT ( 'NONE',  ( -231.9850929829119934, -32.92961905737160322, 86.99992777755048223 ) ) ;
#5285 = CARTESIAN_POINT ( 'NONE',  ( 105.8764095492609982, 30.50567218608529885, 38.00000000000000000 ) ) ;
#5286 = CARTESIAN_POINT ( 'NONE',  ( 184.4492465908620034, -19.41002461412620050, 76.00000000000000000 ) ) ;
#5287 = CARTESIAN_POINT ( 'NONE',  ( -242.6068076827959885, -28.03599926515730090, 50.66663158234050712 ) ) ;
#5288 = CARTESIAN_POINT ( 'NONE',  ( -245.4001995232680144, -25.81178278994349995, 25.33323756169180285 ) ) ;
#5289 = DIRECTION ( 'NONE',  ( 0.000000000000000000, 0.000000000000000000, 1.000000000000000000 ) ) ;
#5290 = CARTESIAN_POINT ( 'NONE',  ( -75.33442811545670281, 39.19470703146860302, 25.33323756169240326 ) ) ;
#5291 = CARTESIAN_POINT ( 'NONE',  ( 47.22177916346469573, -26.48523883372009990, 38.00000000000000000 ) ) ;
#5292 = CARTESIAN_POINT ( 'NONE',  ( -211.4101041589779868, 12.94954038709889943, 25.33323756169230023 ) ) ;
#5293 = CARTESIAN_POINT ( 'NONE',  ( 314.8128693973440022, -17.52264409292549985, 38.00000000000000000 ) ) ;
#5294 = CARTESIAN_POINT ( 'NONE',  ( 45.57935299744290347, 36.26366790385089445, 66.00000000000000000 ) ) ;
#5295 = VERTEX_POINT ( 'NONE', #5733 ) ;
#5296 = CARTESIAN_POINT ( 'NONE',  ( 285.0777628330660036, -18.05592335419770222, 38.00000000000000000 ) ) ;
#5297 = VERTEX_POINT ( 'NONE', #5318 ) ;
#5298 = CARTESIAN_POINT ( 'NONE',  ( 344.7372138627000027, -13.03150463750659860, 109.0000000000000000 ) ) ;
#5299 = CARTESIAN_POINT ( 'NONE',  ( 224.3127681920570069, 12.03913208407500157, 43.00000000000000000 ) ) ;
#5301 = CARTESIAN_POINT ( 'NONE',  ( 310.7691484288269521, -5.398240660987659645, 86.99992777755048223 ) ) ;
#5300 = CARTESIAN_POINT ( 'NONE',  ( -204.9232374344599918, 13.44105421610449902, 66.00000000000399325 ) ) ;
#5302 = CARTESIAN_POINT ( 'NONE',  ( -204.3882284224310126, 13.65694569010850046, 66.00000000000409273 ) ) ;
#5303 = EDGE_LOOP ( 'NONE', ( #5769, #3165, #2318, #4974 ) ) ;
#5304 = DIRECTION ( 'NONE',  ( 0.000000000000000000, 0.000000000000000000, 1.000000000000000000 ) ) ;
#5306 = CARTESIAN_POINT ( 'NONE',  ( 208.8534866318059926, 15.23231225637339925, 76.00000000000000000 ) ) ;
#5305 = CARTESIAN_POINT ( 'NONE',  ( 242.5852478961460008, 8.665713004573300182, 66.00000000000000000 ) ) ;
#5307 = SURFACE_STYLE_FILL_AREA ( #4281 ) ;
#5308 = CARTESIAN_POINT ( 'NONE',  ( -71.58841951019219607, -32.32421283883560648, 43.00000000000000000 ) ) ;
#5309 = B_SPLINE_SURFACE_WITH_KNOTS ( 'NONE', 3, 3, ( 
 ( #5043, #2847, #4629, #4222 ),
 ( #580, #3319, #5136, #4686 ),
 ( #5106, #2929, #3784, #1943 ),
 ( #2454, #5577, #521, #3349 ) ),
 .UNSPECIFIED., .F., .F., .F.,
 ( 4, 4 ),
 ( 4, 4 ),
 ( 0.000000000000000000, 1.000000000000000000 ),
 ( 0.000000000000000000, 0.01691886720496220062 ),
 .UNSPECIFIED. ) ;
#5310 = EDGE_CURVE ( 'NONE', #5393, #4891, #4220, .T. ) ;
#5311 = ORIENTED_EDGE ( 'NONE', *, *, #1332, .T. ) ;
#5312 = AXIS2_PLACEMENT_3D ( 'NONE', #4739, #2082, #1198 ) ;
#5313 = ORIENTED_EDGE ( 'NONE', *, *, #5797, .F. ) ;
#5314 = CARTESIAN_POINT ( 'NONE',  ( 222.1061676593240009, -16.63998209042600251, 109.0000000000000000 ) ) ;
#5315 = CARTESIAN_POINT ( 'NONE',  ( 289.1847513583510363, 0.1495457612871350095, 109.0000000000000000 ) ) ;
#5316 = CARTESIAN_POINT ( 'NONE',  ( 47.22177916346469573, -26.48523883372009990, 38.00000000000000000 ) ) ;
#5317 = CARTESIAN_POINT ( 'NONE',  ( -71.58841951019219607, -32.32421283883560648, 43.00000000000000000 ) ) ;
#5318 = CARTESIAN_POINT ( 'NONE',  ( -35.78424203952790350, -30.47110141849950082, 3.444466933899550186E-12 ) ) ;
#5319 = CARTESIAN_POINT ( 'NONE',  ( 204.4967642124879887, 15.48382865344350101, 43.00000000000000000 ) ) ;
#5320 = CARTESIAN_POINT ( 'NONE',  ( -12.52109297705949942, -29.40099839825409944, 2.842170943040400239E-13 ) ) ;
#5321 = CARTESIAN_POINT ( 'NONE',  ( 312.3834536431089646, -6.442126943316750065, 66.00000000000000000 ) ) ;
#5322 = EDGE_CURVE ( 'NONE', #5541, #3715, #201, .T. ) ;
#5323 = ORIENTED_EDGE ( 'NONE', *, *, #5176, .F. ) ;
#5324 = CARTESIAN_POINT ( 'NONE',  ( -110.8570806613880109, 34.70098210330589694, 76.00000000000000000 ) ) ;
#5325 = VERTEX_POINT ( 'NONE', #359 ) ;
#5326 = CARTESIAN_POINT ( 'NONE',  ( 342.8457270942749915, -13.06369866143150027, 109.0000000000000000 ) ) ;
#5327 = CARTESIAN_POINT ( 'NONE',  ( -196.8743489208250139, -35.80788892782889832, 12.66657089502520073 ) ) ;
#5329 = CARTESIAN_POINT ( 'NONE',  ( -71.20948825286529882, 37.66696790775110060, 108.9999999999970015 ) ) ;
#5328 = CARTESIAN_POINT ( 'NONE',  ( -228.6404127975459915, 2.203823805460889851, 66.00000000000000000 ) ) ;
#5330 = CARTESIAN_POINT ( 'NONE',  ( -199.4733526909469958, 15.34512172483980130, 66.00000000000349587 ) ) ;
#5331 = CARTESIAN_POINT ( 'NONE',  ( -30.19716107234270197, 38.42430075956709601, 108.9999999999810001 ) ) ;
#5332 = EDGE_LOOP ( 'NONE', ( #350, #1118, #758, #1964 ) ) ;
#5333 = CARTESIAN_POINT ( 'NONE',  ( 156.2337830217159649, -21.72473416129740187, 38.00000000000000000 ) ) ;
#5335 = CARTESIAN_POINT ( 'NONE',  ( -110.6324755903799826, 34.42161025532799812, 86.99992777755039697 ) ) ;
#5334 = CARTESIAN_POINT ( 'NONE',  ( -80.93396034095640346, -32.98165019725700375, 66.00000000000000000 ) ) ;
#5336 = B_SPLINE_CURVE_WITH_KNOTS ( 'NONE', 3,
 ( #3532, #1747, #2161, #360 ),
 .UNSPECIFIED., .F., .F.,
 ( 4, 4 ),
 ( -2.356145750948869910, 0.000000000000000000 ),
 .UNSPECIFIED. ) ;
#5337 = CARTESIAN_POINT ( 'NONE',  ( -190.8255186698849855, 19.65858717735789796, 37.99999999999819522 ) ) ;
#5338 = CARTESIAN_POINT ( 'NONE',  ( 287.4788984708349631, -2.340979145036359732, 2.842170943040400239E-13 ) ) ;
#5339 = ORIENTED_EDGE ( 'NONE', *, *, #2064, .F. ) ;
#5340 = ORIENTED_EDGE ( 'NONE', *, *, #449, .F. ) ;
#5341 = CARTESIAN_POINT ( 'NONE',  ( 46.37163801949090214, 36.37931112759620333, 38.00000000000000000 ) ) ;
#5342 = EDGE_CURVE ( 'NONE', #3273, #2630, #5551, .T. ) ;
#5343 = CARTESIAN_POINT ( 'NONE',  ( -243.5598662647700223, -20.38070226678810215, 109.0000000000000000 ) ) ;
#5344 = CARTESIAN_POINT ( 'NONE',  ( 264.0634069527280303, -17.58461182156989722, 58.33329824900719984 ) ) ;
#5345 = CARTESIAN_POINT ( 'NONE',  ( -71.25664867100120148, -32.38018939963239973, 58.33329824900719984 ) ) ;
#5346 = CARTESIAN_POINT ( 'NONE',  ( -111.1791455879669996, -34.49106049449060407, 43.00000000000000000 ) ) ;
#5347 = CARTESIAN_POINT ( 'NONE',  ( 312.1425570884530316, -15.51683465308649978, 76.00000000000000000 ) ) ;
#5348 = CARTESIAN_POINT ( 'NONE',  ( 207.4789007513969921, -21.46100070601170273, 2.842170943040400239E-13 ) ) ;
#5349 = CARTESIAN_POINT ( 'NONE',  ( 45.79354826833539960, 36.29509449113970021, 58.33329824906210348 ) ) ;
#5350 = CARTESIAN_POINT ( 'NONE',  ( 198.2961397804090211, 16.52181615092020195, 38.00000000000000000 ) ) ;
#5351 = ORIENTED_EDGE ( 'NONE', *, *, #3911, .F. ) ;
#5352 = CARTESIAN_POINT ( 'NONE',  ( 204.4967642124879887, 15.48382865344350101, 43.00000000000000000 ) ) ;
#5353 = ORIENTED_EDGE ( 'NONE', *, *, #1830, .T. ) ;
#5354 = CARTESIAN_POINT ( 'NONE',  ( -70.16384134247860516, -32.55557694385790768, 109.0000000000000000 ) ) ;
#5355 = CARTESIAN_POINT ( 'NONE',  ( -202.5211037096110260, -35.28100124509140301, 2.842170943040400239E-13 ) ) ;
#5357 = CARTESIAN_POINT ( 'NONE',  ( -79.62079189271639734, 36.96942338882129775, 108.9999999999949978 ) ) ;
#5356 = CARTESIAN_POINT ( 'NONE',  ( -233.6382606259240049, -0.5419140062339059538, 66.00000000000000000 ) ) ;
#5358 = CARTESIAN_POINT ( 'NONE',  ( -242.8796907584350322, -9.648612456533349757, 66.00000000000000000 ) ) ;
#5359 = CARTESIAN_POINT ( 'NONE',  ( -72.02769571807350246, 38.33670422584420123, 75.99999999999781153 ) ) ;
#5360 = ORIENTED_EDGE ( 'NONE', *, *, #4868, .T. ) ;
#5361 = EDGE_CURVE ( 'NONE', #2909, #4124, #3735, .T. ) ;
#5363 = CARTESIAN_POINT ( 'NONE',  ( -129.8730997743720081, 31.11686559316769873, 109.0000000000069917 ) ) ;
#5362 = CARTESIAN_POINT ( 'NONE',  ( 2.854702931068080041, 37.98304402989830209, 109.0000000000000000 ) ) ;
#5364 = CARTESIAN_POINT ( 'NONE',  ( 211.4459641131379897, 14.19871226819979881, 38.00000000000000000 ) ) ;
#5365 = CARTESIAN_POINT ( 'NONE',  ( -247.8367666210829725, -17.97412065396600411, 38.00000000000000000 ) ) ;
#5366 = CARTESIAN_POINT ( 'NONE',  ( -80.57387403652670343, 38.04834686323039961, 58.33329824900500427 ) ) ;
#5367 = VERTEX_POINT ( 'NONE', #5761 ) ;
#5368 = ORIENTED_EDGE ( 'NONE', *, *, #761, .T. ) ;
#5369 = CARTESIAN_POINT ( 'NONE',  ( 299.9691995877690260, -2.598129167097650072, 97.99992777755049644 ) ) ;
#5370 = CARTESIAN_POINT ( 'NONE',  ( -211.0280209962679976, -36.83213850833300285, 109.0000000000000000 ) ) ;
#5371 = FACE_OUTER_BOUND ( 'NONE', #1762, .T. ) ;
#5372 = CARTESIAN_POINT ( 'NONE',  ( -192.5211039946819938, -35.76098917357380458, 2.842170943040400239E-13 ) ) ;
#5373 = DIRECTION ( 'NONE',  ( -0.9659135756884982271, 0.2588647606389480882, 0.000000000000000000 ) ) ;
#5374 = CARTESIAN_POINT ( 'NONE',  ( 313.3846374748729886, -16.44465319215380106, 58.33329824900719984 ) ) ;
#5375 = CARTESIAN_POINT ( 'NONE',  ( 163.3487179307990118, 22.95111848685850120, 76.00000000000000000 ) ) ;
#5376 = CARTESIAN_POINT ( 'NONE',  ( -208.7048184690249855, -36.19271415541039971, 66.00000000000000000 ) ) ;
#5377 = ORIENTED_EDGE ( 'NONE', *, *, #3305, .F. ) ;
#5378 = CARTESIAN_POINT ( 'NONE',  ( -99.38557619144690136, -34.45714811028860680, 109.0000000000000000 ) ) ;
#5379 = CARTESIAN_POINT ( 'NONE',  ( 204.4967642124879887, 15.48382865344350101, 43.00000000000000000 ) ) ;
#5381 = CARTESIAN_POINT ( 'NONE',  ( -79.99803734045259773, 36.93711361138279869, 108.9999999999949978 ) ) ;
#5380 = CARTESIAN_POINT ( 'NONE',  ( -219.0399896322339828, 7.448051061094410841, 66.00000000000119371 ) ) ;
#5382 = CARTESIAN_POINT ( 'NONE',  ( -234.1814722302510177, -0.8987738436547149101, 66.00000000000000000 ) ) ;
#5383 = EDGE_CURVE ( 'NONE', #2245, #5755, #2031, .T. ) ;
#5384 = EDGE_CURVE ( 'NONE', #5469, #146, #3653, .T. ) ;
#5385 = B_SPLINE_CURVE_WITH_KNOTS ( 'NONE', 3,
 ( #2895, #1517, #3334, #4238 ),
 .UNSPECIFIED., .F., .F.,
 ( 4, 4 ),
 ( 0.03383747857135589732, 0.04852974931344310183 ),
 .UNSPECIFIED. ) ;
#5386 = B_SPLINE_SURFACE_WITH_KNOTS ( 'NONE', 3, 3, ( 
 ( #3293, #1920, #5522, #2856 ),
 ( #149, #5016, #4578, #530 ),
 ( #2993, #4282, #3050, #3497 ),
 ( #3383, #1184, #324, #2009 ),
 ( #2123, #237, #705, #2547 ),
 ( #266, #1594, #3931, #210 ),
 ( #1685, #5284, #5617, #5173 ),
 ( #4311, #3900, #1653, #1242 ),
 ( #2066, #1122, #2935, #4723 ),
 ( #3411, #3440, #2494, #4340 ),
 ( #1151, #2964, #295, #4751 ),
 ( #5699, #1160, #4732, #3392 ),
 ( #2945, #2971, #1103, #5650 ),
 ( #4319, #679, #5121, #5154 ) ),
 .UNSPECIFIED., .F., .F., .F.,
 ( 4, 2, 2, 2, 2, 2, 4 ),
 ( 4, 4 ),
 ( 0.000000000000000000, 0.1385760392095659876, 0.2369790615009839951, 0.2918638265003040133, 0.6183552821918879561, 0.6525474623266860341, 1.000000000000000000 ),
 ( 0.03383747857135580017, 0.04852974931344310183 ),
 .UNSPECIFIED. ) ;
#5387 = ORIENTED_EDGE ( 'NONE', *, *, #2620, .T. ) ;
#5389 = CARTESIAN_POINT ( 'NONE',  ( 105.8819437403970056, -22.91677482271290245, 76.00000000000000000 ) ) ;
#5388 = CARTESIAN_POINT ( 'NONE',  ( 263.6652558088230194, 4.011614884789399760, 50.66663158234050712 ) ) ;
#5390 = CARTESIAN_POINT ( 'NONE',  ( -244.6302965544059873, -26.21862348749579752, 38.00000000000000000 ) ) ;
#5391 = VECTOR ( 'NONE', #1537, 999.9999999999998863 ) ;
#5392 = CARTESIAN_POINT ( 'NONE',  ( 106.5769786550009997, -23.64272969193419982, 43.00000000000000000 ) ) ;
#5393 = VERTEX_POINT ( 'NONE', #390 ) ;
#5394 = EDGE_CURVE ( 'NONE', #2151, #1852, #1820, .T. ) ;
#5395 = ORIENTED_EDGE ( 'NONE', *, *, #2333, .F. ) ;
#5396 = CARTESIAN_POINT ( 'NONE',  ( -236.3345197279510046, -31.10352679212309823, 58.33329824900719984 ) ) ;
#5397 = VERTEX_POINT ( 'NONE', #5792 ) ;
#5399 = CARTESIAN_POINT ( 'NONE',  ( -198.5602204896920000, -37.02371635977330300, 76.00000000000000000 ) ) ;
#5398 = CARTESIAN_POINT ( 'NONE',  ( -80.60711576499829789, 38.51414172268479774, 38.00000000000079581 ) ) ;
#5400 = CARTESIAN_POINT ( 'NONE',  ( 340.7645704348869913, -14.36504266327120050, 86.99992777755048223 ) ) ;
#5401 = CARTESIAN_POINT ( 'NONE',  ( -24.43082828362280168, 40.15139635649219940, 1.557642903549089981E-12 ) ) ;
#5402 = CARTESIAN_POINT ( 'NONE',  ( -242.9286416877170041, -27.11100188604229899, 66.00000000000000000 ) ) ;
#5403 = CARTESIAN_POINT ( 'NONE',  ( 300.0735886032430244, -14.08425229118789979, 109.0000000000000000 ) ) ;
#5404 = CARTESIAN_POINT ( 'NONE',  ( 144.1553526605650006, -20.17053408754500055, 109.0000000000000000 ) ) ;
#5405 = CARTESIAN_POINT ( 'NONE',  ( 281.2783506473849684, -15.16978326448440129, 97.99992777755049644 ) ) ;
#5406 = CARTESIAN_POINT ( 'NONE',  ( -130.6990591642559707, -35.66801476114889624, 50.66663158234050712 ) ) ;
#5407 = VERTEX_POINT ( 'NONE', #5675 ) ;
#5408 = DIRECTION ( 'NONE',  ( 0.9989436797109587651, 0.04595133039999349522, 0.000000000000000000 ) ) ;
#5409 = CARTESIAN_POINT ( 'NONE',  ( -72.52109126663849281, -32.16099358256839480, 2.842170943040400239E-13 ) ) ;
#5410 = CARTESIAN_POINT ( 'NONE',  ( -49.63263075342779729, 38.05676919827039484, 108.9999999999819948 ) ) ;
#5411 = CARTESIAN_POINT ( 'NONE',  ( 122.5194429545749983, 28.51173256452740290, 109.0000000000000000 ) ) ;
#5412 = CARTESIAN_POINT ( 'NONE',  ( -240.9259771625339965, -5.518516069130130042, 58.33329824900759775 ) ) ;
#5413 = ORIENTED_EDGE ( 'NONE', *, *, #3667, .T. ) ;
#5415 = DIRECTION ( 'NONE',  ( 0.000000000000000000, 0.000000000000000000, 1.000000000000000000 ) ) ;
#5414 = CARTESIAN_POINT ( 'NONE',  ( 264.6134944773270377, 3.517028114652340332, 38.00000000000000000 ) ) ;
#5416 = CARTESIAN_POINT ( 'NONE',  ( 227.4789001812560230, 10.73901488381169855, 2.842170943040400239E-13 ) ) ;
#5417 = CARTESIAN_POINT ( 'NONE',  ( -246.4123207019339930, -12.42093260081139938, 38.00000000000000000 ) ) ;
#5418 = CARTESIAN_POINT ( 'NONE',  ( 146.1711504603710239, -21.99073569817509721, 43.00000000000000000 ) ) ;
#5419 = ORIENTED_EDGE ( 'NONE', *, *, #1948, .T. ) ;
#5420 = ORIENTED_EDGE ( 'NONE', *, *, #2206, .T. ) ;
#5421 = CARTESIAN_POINT ( 'NONE',  ( -219.8592083759610034, -34.70924227422759856, 43.00000000000000000 ) ) ;
#5422 = ORIENTED_EDGE ( 'NONE', *, *, #4954, .F. ) ;
#5423 = CARTESIAN_POINT ( 'NONE',  ( -210.2235133347560065, -35.51008776063800099, 38.00000000000000000 ) ) ;
#5424 = EDGE_CURVE ( 'NONE', #4936, #2753, #5473, .T. ) ;
#5425 = CARTESIAN_POINT ( 'NONE',  ( -242.3210159106740207, -27.42634140250879682, 76.00000000000000000 ) ) ;
#5426 = CARTESIAN_POINT ( 'NONE',  ( 224.6775128991359907, 11.88906851495219996, 38.00000000000000000 ) ) ;
#5427 = CARTESIAN_POINT ( 'NONE',  ( -192.8509539585990069, -36.58394589840030164, 43.00000000000000000 ) ) ;
#5428 = B_SPLINE_SURFACE_WITH_KNOTS ( 'NONE', 3, 3, ( 
 ( #5821, #4985, #4953, #3175 ),
 ( #4076, #940, #1384, #4576 ),
 ( #3586, #4107, #499, #2709 ),
 ( #559, #1832, #1003, #3639 ) ),
 .UNSPECIFIED., .F., .F., .F.,
 ( 4, 4 ),
 ( 4, 4 ),
 ( 0.000000000000000000, 1.000000000000000000 ),
 ( 0.000000000000000000, 0.01691886720496220062 ),
 .UNSPECIFIED. ) ;
#5429 = CARTESIAN_POINT ( 'NONE',  ( 322.6928770001479734, -15.88095667849820103, 66.00000000000000000 ) ) ;
#5430 = CARTESIAN_POINT ( 'NONE',  ( -200.5395641507139999, -36.16290476998260317, 38.00000000000000000 ) ) ;
#5431 = ORIENTED_EDGE ( 'NONE', *, *, #1282, .F. ) ;
#5432 = CARTESIAN_POINT ( 'NONE',  ( -120.5485569834840049, 33.40174290514369915, 76.00000000000359535 ) ) ;
#5433 = B_SPLINE_CURVE_WITH_KNOTS ( 'NONE', 3,
 ( #3223, #2784, #3725, #3284 ),
 .UNSPECIFIED., .F., .F.,
 ( 4, 4 ),
 ( 0.03383747857135580017, 0.04852974931344310183 ),
 .UNSPECIFIED. ) ;
#5434 = CARTESIAN_POINT ( 'NONE',  ( 343.1521119638589994, -15.08966566314649960, 43.00000000000000000 ) ) ;
#5436 = CARTESIAN_POINT ( 'NONE',  ( 7.635357638564459926, -28.14909328211109951, 58.33329824900719984 ) ) ;
#5435 = CARTESIAN_POINT ( 'NONE',  ( 32.83974199517969339, 37.33014469117529899, 12.66657089502520073 ) ) ;
#5437 = CARTESIAN_POINT ( 'NONE',  ( 142.0594160536759887, 26.03086185587400081, 109.0000000000000000 ) ) ;
#5438 = CARTESIAN_POINT ( 'NONE',  ( -237.2920715185209986, -2.704722183155710002, 58.33329824900779670 ) ) ;
#5439 = ORIENTED_EDGE ( 'NONE', *, *, #5766, .T. ) ;
#5440 = CARTESIAN_POINT ( 'NONE',  ( 342.3872627793110155, -15.55981990682690075, 66.00000000000000000 ) ) ;
#5442 = CARTESIAN_POINT ( 'NONE',  ( 344.2980106088329535, -15.54013006070799996, 66.00000000000000000 ) ) ;
#5441 = CARTESIAN_POINT ( 'NONE',  ( -131.5537125011869932, 32.95669974875720243, 43.00000000000099476 ) ) ;
#5443 = CARTESIAN_POINT ( 'NONE',  ( -244.8858218349080005, -9.398300202139658666, 38.00000000000000000 ) ) ;
#5444 = CARTESIAN_POINT ( 'NONE',  ( 283.6207919448279995, -0.1170796659948220020, 50.66663158229010122 ) ) ;
#5445 = ORIENTED_EDGE ( 'NONE', *, *, #4742, .F. ) ;
#5446 = ORIENTED_EDGE ( 'NONE', *, *, #4048, .T. ) ;
#5447 = CARTESIAN_POINT ( 'NONE',  ( 344.7372138627000027, -13.03150463750659860, 109.0000000000000000 ) ) ;
#5448 = ORIENTED_EDGE ( 'NONE', *, *, #2849, .T. ) ;
#5449 = CARTESIAN_POINT ( 'NONE',  ( 174.4564713332810015, 21.42658492001239878, 109.0000000000000000 ) ) ;
#5450 = EDGE_CURVE ( 'NONE', #2514, #2245, #2319, .T. ) ;
#5452 = CARTESIAN_POINT ( 'NONE',  ( 328.0942289878009888, -11.36499112178619875, 38.00000000000000000 ) ) ;
#5451 = CARTESIAN_POINT ( 'NONE',  ( 7.765403071276020697, -27.75769420800530085, 109.0000000000000000 ) ) ;
#5453 = CARTESIAN_POINT ( 'NONE',  ( 0.7973203672425009936, 38.11297874718299994, 109.0000000000000000 ) ) ;
#5454 = AXIS2_PLACEMENT_3D ( 'NONE', #4658, #5480, #2814 ) ;
#5455 = EDGE_LOOP ( 'NONE', ( #2051, #52, #1741, #2852 ) ) ;
#5456 = CARTESIAN_POINT ( 'NONE',  ( -240.3162545178170149, -28.45438887192999999, 109.0000000000000000 ) ) ;
#5457 = CARTESIAN_POINT ( 'NONE',  ( 315.7022698092109749, -18.19667457869300264, 25.33323756186100084 ) ) ;
#5458 = EDGE_CURVE ( 'NONE', #3566, #2287, #1697, .T. ) ;
#5459 = CARTESIAN_POINT ( 'NONE',  ( 44.69685599957760047, 36.13349712679870152, 97.99992777755049644 ) ) ;
#5460 = CARTESIAN_POINT ( 'NONE',  ( -134.7006295439269934, -36.16767620709979525, 76.00000000000000000 ) ) ;
#5461 = CARTESIAN_POINT ( 'NONE',  ( 46.73458390038150156, 36.43201916379069871, 25.33323756181950159 ) ) ;
#5462 = CARTESIAN_POINT ( 'NONE',  ( -232.5275708699840038, -0.5925584016871059401, 76.00000000000000000 ) ) ;
#5463 = CARTESIAN_POINT ( 'NONE',  ( 164.2954687171560124, 22.62719050555390154, 58.33329824900719984 ) ) ;
#5465 = CARTESIAN_POINT ( 'NONE',  ( 269.2934626457549712, 4.318007231744969587, 109.0000000000000000 ) ) ;
#5464 = CARTESIAN_POINT ( 'NONE',  ( -192.5246368149560112, -37.67308818217020416, 97.99992777755049644 ) ) ;
#5466 = CARTESIAN_POINT ( 'NONE',  ( -249.9379581424449839, -19.84189029745300203, 2.842170943040400239E-13 ) ) ;
#5467 = CARTESIAN_POINT ( 'NONE',  ( -219.5984467233770090, 7.171252757487270202, 66.00000000000130740 ) ) ;
#5468 = B_SPLINE_CURVE_WITH_KNOTS ( 'NONE', 3,
 ( #1702, #2717, #2343, #4382, #3515, #5299 ),
 .UNSPECIFIED., .F., .F.,
 ( 4, 2, 4 ),
 ( -6.117792818138740429, -3.058896409069370659, -8.881784197001252323E-16 ),
 .UNSPECIFIED. ) ;
#5469 = VERTEX_POINT ( 'NONE', #2792 ) ;
#5470 = CARTESIAN_POINT ( 'NONE',  ( 202.9733264712209859, 16.07989273844399847, 66.00000000000000000 ) ) ;
#5472 = CARTESIAN_POINT ( 'NONE',  ( -178.6333341563999966, 20.30765096611149900, 97.99992777754910378 ) ) ;
#5471 = CARTESIAN_POINT ( 'NONE',  ( -160.8864272524779722, -36.52242808471019941, 38.00000000000000000 ) ) ;
#5473 = B_SPLINE_CURVE_WITH_KNOTS ( 'NONE', 3,
 ( #1745, #3558, #4786, #2682, #4843, #2614 ),
 .UNSPECIFIED., .F., .F.,
 ( 4, 2, 4 ),
 ( -2.011317847018029958, -1.005658923509009872, 0.000000000000000000 ),
 .UNSPECIFIED. ) ;
#5474 = CARTESIAN_POINT ( 'NONE',  ( 225.6026765267100131, 11.50853365177469989, 25.33323756169180285 ) ) ;
#5475 = CARTESIAN_POINT ( 'NONE',  ( -101.0607594602100079, -34.01022534913770556, 50.66663158234050712 ) ) ;
#5476 = ORIENTED_EDGE ( 'NONE', *, *, #3669, .F. ) ;
#5477 = ORIENTED_EDGE ( 'NONE', *, *, #2889, .T. ) ;
#5478 = CARTESIAN_POINT ( 'NONE',  ( 331.5030073387050038, -9.797062359084529604, 109.0000000000000000 ) ) ;
#5479 = CARTESIAN_POINT ( 'NONE',  ( -236.5146301466079990, -31.12707136224539894, 76.00000000000000000 ) ) ;
#5481 = CARTESIAN_POINT ( 'NONE',  ( 292.4958791302329928, -15.98580539737910122, 76.00000000000000000 ) ) ;
#5480 = DIRECTION ( 'NONE',  ( -2.559780429436040183E-30, 7.202571872255701478E-15, 1.000000000000000000 ) ) ;
#5482 = CARTESIAN_POINT ( 'NONE',  ( -187.8976956481459979, 17.25403879433820009, 108.9999999999970015 ) ) ;
#5483 = EDGE_CURVE ( 'NONE', #1055, #2462, #3103, .T. ) ;
#5484 = DIRECTION ( 'NONE',  ( 0.000000000000000000, 0.000000000000000000, 1.000000000000000000 ) ) ;
#5485 = EDGE_LOOP ( 'NONE', ( #4948, #1348, #4480, #5840 ) ) ;
#5486 = CARTESIAN_POINT ( 'NONE',  ( -71.97102368228449620, -32.25877263377780224, 25.33323756169180285 ) ) ;
#5487 = LINE ( 'NONE', #5372, #4982 ) ;
#5488 = CARTESIAN_POINT ( 'NONE',  ( -152.9670338397280034, -37.45592937948170231, 109.0000000000000000 ) ) ;
#5489 = ADVANCED_FACE ( 'NONE', ( #1800 ), #5428, .T. ) ;
#5490 = CARTESIAN_POINT ( 'NONE',  ( 163.8840822113800186, 22.76793559807019918, 66.00000000000000000 ) ) ;
#5491 = CARTESIAN_POINT ( 'NONE',  ( 20.00000000000000000, 4.753697435688759978E-13, 66.00000000000000000 ) ) ;
#5492 = CARTESIAN_POINT ( 'NONE',  ( -61.24787737066029791, -31.85299549323160306, 66.00000000000000000 ) ) ;
#5494 = CARTESIAN_POINT ( 'NONE',  ( 47.13544182443870056, -26.31427580368769625, 50.66663158234050712 ) ) ;
#5493 = CARTESIAN_POINT ( 'NONE',  ( 105.1844252882089989, -22.19902977578130177, 109.0000000000000000 ) ) ;
#5495 = CARTESIAN_POINT ( 'NONE',  ( -170.2255525307389803, -36.77146896939870402, 50.66663158234050712 ) ) ;
#5496 = CARTESIAN_POINT ( 'NONE',  ( -247.1790632377700092, -16.83358601371709895, 50.66663158234059949 ) ) ;
#5497 = EDGE_CURVE ( 'NONE', #2118, #2606, #1746, .T. ) ;
#5498 = ORIENTED_EDGE ( 'NONE', *, *, #1097, .F. ) ;
#5499 = CARTESIAN_POINT ( 'NONE',  ( 333.7624664846509859, -14.14499673238289823, 2.842170943040400239E-13 ) ) ;
#5500 = CARTESIAN_POINT ( 'NONE',  ( 210.5754800931930220, 14.54527918158760080, 50.66663158234050712 ) ) ;
#5502 = CARTESIAN_POINT ( 'NONE',  ( -187.8976956481459979, 17.25403879433820009, 108.9999999999970015 ) ) ;
#5501 = CARTESIAN_POINT ( 'NONE',  ( 330.8049114186949851, -12.06857032436569988, 38.00000000000000000 ) ) ;
#5503 = CARTESIAN_POINT ( 'NONE',  ( 349.3242963608179821, -16.39173918919090056, 50.66663158259100186 ) ) ;
#5504 = CARTESIAN_POINT ( 'NONE',  ( -71.25664867100108779, -32.38018939963239973, 58.33329824900719984 ) ) ;
#5505 = VECTOR ( 'NONE', #2388, 1000.000000000000114 ) ;
#5506 = B_SPLINE_SURFACE_WITH_KNOTS ( 'NONE', 3, 3, ( 
 ( #1026, #2515, #1112, #227 ),
 ( #2030, #2452, #2843, #2396 ),
 ( #3781, #1498, #4247, #2058 ),
 ( #4189, #5509, #1469, #5605 ) ),
 .UNSPECIFIED., .F., .F., .F.,
 ( 4, 4 ),
 ( 4, 4 ),
 ( 0.000000000000000000, 1.000000000000000000 ),
 ( 0.01914501489605319878, 0.02938523722594680102 ),
 .UNSPECIFIED. ) ;
#5507 = ORIENTED_EDGE ( 'NONE', *, *, #5819, .T. ) ;
#5508 = VERTEX_POINT ( 'NONE', #4513 ) ;
#5509 = CARTESIAN_POINT ( 'NONE',  ( 165.6984943372929990, -20.92844290557370002, 50.66663158234050712 ) ) ;
#5510 = ORIENTED_EDGE ( 'NONE', *, *, #1129, .T. ) ;
#5511 = CARTESIAN_POINT ( 'NONE',  ( -223.2439160888449692, -34.52638891936250332, 76.00000000000000000 ) ) ;
#5513 = CARTESIAN_POINT ( 'NONE',  ( 143.6692073876549784, 25.55678414576989965, 76.00000000000000000 ) ) ;
#5512 = CARTESIAN_POINT ( 'NONE',  ( -11.87834346999619939, -28.97777850856179782, 86.99992777755048223 ) ) ;
#5514 = CARTESIAN_POINT ( 'NONE',  ( -168.7781667485700154, 22.57416993874659994, 109.0000000000050022 ) ) ;
#5515 = CARTESIAN_POINT ( 'NONE',  ( -12.79654970807109926, 39.68206642705060005, 38.00000000000330402 ) ) ;
#5516 = B_SPLINE_CURVE_WITH_KNOTS ( 'NONE', 3,
 ( #2934, #1506, #5049, #2853 ),
 .UNSPECIFIED., .F., .F.,
 ( 4, 4 ),
 ( 0.01914501489606289936, 0.02938523722594670040 ),
 .UNSPECIFIED. ) ;
#5517 = ORIENTED_EDGE ( 'NONE', *, *, #762, .T. ) ;
#5518 = EDGE_CURVE ( 'NONE', #5469, #1298, #5487, .T. ) ;
#5519 = CARTESIAN_POINT ( 'NONE',  ( 339.0627535574249691, -13.12808670928120058, 109.0000000000000000 ) ) ;
#5520 = CARTESIAN_POINT ( 'NONE',  ( -207.5211035670760111, -35.04100728085020222, 2.842170943040400239E-13 ) ) ;
#5521 = CARTESIAN_POINT ( 'NONE',  ( 103.8620583927880006, 30.84347462550629970, 86.99992777755048223 ) ) ;
#5522 = CARTESIAN_POINT ( 'NONE',  ( -240.9844094392909994, -28.11492043045290146, 97.99992777755049644 ) ) ;
#5523 = CARTESIAN_POINT ( 'NONE',  ( 285.0777628330660036, -18.05592335419770222, 38.00000000000000000 ) ) ;
#5524 = CARTESIAN_POINT ( 'NONE',  ( -204.2025114520740203, 13.20322858029810043, 76.00000000000000000 ) ) ;
#5525 = CARTESIAN_POINT ( 'NONE',  ( -129.7898962321000056, -35.97183768936680082, 76.00000000000000000 ) ) ;
#5526 = CARTESIAN_POINT ( 'NONE',  ( 27.37532473323239657, -27.26134169962399767, 50.66663158234050712 ) ) ;
#5527 = CARTESIAN_POINT ( 'NONE',  ( -248.4004866112800016, -20.71019089085699960, 25.33323756169170338 ) ) ;
#5528 = CARTESIAN_POINT ( 'NONE',  ( -161.4308985900579785, -36.31144968095429704, 25.33323756169180285 ) ) ;
#5529 = CARTESIAN_POINT ( 'NONE',  ( 3.599256144910540023, 38.52343794640800212, 58.33329824895449889 ) ) ;
#5530 = B_SPLINE_CURVE_WITH_KNOTS ( 'NONE', 3,
 ( #1164, #2975, #2050, #3512 ),
 .UNSPECIFIED., .F., .F.,
 ( 4, 4 ),
 ( 0.03383747857135580017, 0.04852974931344310183 ),
 .UNSPECIFIED. ) ;
#5531 = ORIENTED_EDGE ( 'NONE', *, *, #4774, .F. ) ;
#5532 = CARTESIAN_POINT ( 'NONE',  ( 213.1117053011870155, 15.05494149100620049, 109.0000000000000000 ) ) ;
#5533 = ORIENTED_EDGE ( 'NONE', *, *, #3600, .F. ) ;
#5535 = CARTESIAN_POINT ( 'NONE',  ( -220.3708509126579997, 4.708751994519150053, 97.99992777755110751 ) ) ;
#5534 = CARTESIAN_POINT ( 'NONE',  ( -182.5211024854309869, -35.80099534489619373, 2.842170943040400239E-13 ) ) ;
#5536 = FACE_OUTER_BOUND ( 'NONE', #414, .T. ) ;
#5537 = DIRECTION ( 'NONE',  ( 4.050364095603059746E-62, 7.202571872255701478E-15, 1.000000000000000000 ) ) ;
#5538 = B_SPLINE_CURVE_WITH_KNOTS ( 'NONE', 3,
 ( #3008, #2593, #1611, #2978, #1641, #4381 ),
 .UNSPECIFIED., .F., .F.,
 ( 4, 2, 4 ),
 ( -2.947650922612380153, -1.473825461306189855, 4.440892098500626162E-16 ),
 .UNSPECIFIED. ) ;
#5539 = ORIENTED_EDGE ( 'NONE', *, *, #2325, .T. ) ;
#5540 = EDGE_CURVE ( 'NONE', #490, #4891, #1262, .T. ) ;
#5541 = VERTEX_POINT ( 'NONE', #1859 ) ;
#5542 = CARTESIAN_POINT ( 'NONE',  ( 166.1441255629790135, -21.31899318031699764, 38.00000000000000000 ) ) ;
#5543 = ORIENTED_EDGE ( 'NONE', *, *, #1423, .T. ) ;
#5545 = CARTESIAN_POINT ( 'NONE',  ( 307.2308875988979935, -15.63407733915970077, 76.00000000000000000 ) ) ;
#5544 = CARTESIAN_POINT ( 'NONE',  ( -111.3350086043089959, -34.44415708512530472, 38.00000000000000000 ) ) ;
#5546 = CARTESIAN_POINT ( 'NONE',  ( -215.3909416951860010, 6.573574812574969783, 109.0000000000000000 ) ) ;
#5547 = CARTESIAN_POINT ( 'NONE',  ( 1.466018825422100269, 38.65683383046429356, 58.33329824900719984 ) ) ;
#5548 = VERTEX_POINT ( 'NONE', #5426 ) ;
#5549 = CARTESIAN_POINT ( 'NONE',  ( 346.4686026516289985, -14.28753219336010005, 86.99992777755048223 ) ) ;
#5550 = CARTESIAN_POINT ( 'NONE',  ( 147.4789024618179951, -23.20098924453060363, 2.842170943040400239E-13 ) ) ;
#5551 = B_SPLINE_CURVE_WITH_KNOTS ( 'NONE', 3,
 ( #3966, #3029, #1216, #4345, #3505, #4400 ),
 .UNSPECIFIED., .F., .F.,
 ( 4, 2, 4 ),
 ( -0.5769942895710600261, -0.2884971447855340099, 0.000000000000000000 ),
 .UNSPECIFIED. ) ;
#5552 = CARTESIAN_POINT ( 'NONE',  ( -149.4328294794069905, -36.75519176029879986, 76.00000000000000000 ) ) ;
#5553 = SHAPE_DEFINITION_REPRESENTATION ( #4536, #1385 ) ;
#5554 = CARTESIAN_POINT ( 'NONE',  ( 106.4157951339930008, -23.47312059509529902, 50.66663158234040054 ) ) ;
#5555 = B_SPLINE_CURVE_WITH_KNOTS ( 'NONE', 3,
 ( #4073, #4979, #3609, #1381 ),
 .UNSPECIFIED., .F., .F.,
 ( 4, 4 ),
 ( 0.03383747857135580017, 0.04852974931344310183 ),
 .UNSPECIFIED. ) ;
#5556 = CARTESIAN_POINT ( 'NONE',  ( -241.9258812198879980, -9.253085974718619156, 76.00000000000000000 ) ) ;
#5557 = CARTESIAN_POINT ( 'NONE',  ( 286.6935677476109277, -0.1772692513618779886, 76.00000000000000000 ) ) ;
#5558 = CARTESIAN_POINT ( 'NONE',  ( 345.5263769767989857, -17.89959175033650141, 25.33323756169180285 ) ) ;
#5559 = CARTESIAN_POINT ( 'NONE',  ( -12.79654970807109926, 39.68206642705060005, 38.00000000000339639 ) ) ;
#5560 = B_SPLINE_SURFACE_WITH_KNOTS ( 'NONE', 3, 3, ( 
 ( #3692, #3251, #1794, #5039 ),
 ( #1409, #3222, #995, #2363 ),
 ( #3054, #4841, #2612, #1143 ),
 ( #200, #2956, #4218, #169 ) ),
 .UNSPECIFIED., .F., .F., .F.,
 ( 4, 4 ),
 ( 4, 4 ),
 ( 0.000000000000000000, 1.000000000000000000 ),
 ( 0.01914501489605319878, 0.02938523722594680102 ),
 .UNSPECIFIED. ) ;
#5561 = CARTESIAN_POINT ( 'NONE',  ( 229.5244846128590268, 12.05762224931799942, 109.0000000000000000 ) ) ;
#5562 = CARTESIAN_POINT ( 'NONE',  ( -192.1311714743089851, 20.45349759338699869, 12.66657089502520073 ) ) ;
#5563 = CARTESIAN_POINT ( 'NONE',  ( 47.03032443294619469, -26.10822865952409799, 66.00000000000000000 ) ) ;
#5564 = DIRECTION ( 'NONE',  ( 0.000000000000000000, 0.000000000000000000, 1.000000000000000000 ) ) ;
#5565 = EDGE_LOOP ( 'NONE', ( #2591, #3139, #1753, #970 ) ) ;
#5566 = CARTESIAN_POINT ( 'NONE',  ( 331.7900381573680306, -12.75512926898149857, 25.33323756169180285 ) ) ;
#5567 = EDGE_CURVE ( 'NONE', #3074, #1349, #967, .T. ) ;
#5568 = CARTESIAN_POINT ( 'NONE',  ( 332.4069904789549810, -10.78614056877290217, 86.99992777755048223 ) ) ;
#5570 = CARTESIAN_POINT ( 'NONE',  ( -198.5485041853329733, 14.61828514107119936, 86.99992777755089435 ) ) ;
#5569 = CARTESIAN_POINT ( 'NONE',  ( -195.8126053137959843, 17.73371517587450086, 43.00000000000110134 ) ) ;
#5571 = EDGE_CURVE ( 'NONE', #1786, #279, #3461, .T. ) ;
#5572 = CARTESIAN_POINT ( 'NONE',  ( 84.64053951245880114, 32.58633952658139776, 76.00000000000000000 ) ) ;
#5573 = CYLINDRICAL_SURFACE ( 'NONE', #305, 20.00000000000000000 ) ;
#5574 = CARTESIAN_POINT ( 'NONE',  ( 184.0097074799819836, -19.04345282881340395, 86.99992777755048223 ) ) ;
#5575 = CARTESIAN_POINT ( 'NONE',  ( -208.1626975657409844, -36.43360255334960129, 76.00000000000000000 ) ) ;
#5577 = CARTESIAN_POINT ( 'NONE',  ( 47.10367299806139840, 36.48525996359009582, 12.66657089502520073 ) ) ;
#5576 = CARTESIAN_POINT ( 'NONE',  ( 312.8456841105669923, -16.04152506433390002, 66.00000000000000000 ) ) ;
#5578 = CARTESIAN_POINT ( 'NONE',  ( -231.2373863309149726, 2.616876797075230243, 38.00000000000000000 ) ) ;
#5579 = CARTESIAN_POINT ( 'NONE',  ( 3.171062433888919951, 38.21611874246129759, 86.99992777755048223 ) ) ;
#5580 = CARTESIAN_POINT ( 'NONE',  ( -7.048822312338080209, 39.35924533867709840, 38.00000000000270006 ) ) ;
#5581 = EDGE_CURVE ( 'NONE', #191, #306, #683, .T. ) ;
#5582 = ORIENTED_EDGE ( 'NONE', *, *, #3849, .T. ) ;
#5583 = FACE_OUTER_BOUND ( 'NONE', #438, .T. ) ;
#5584 = CARTESIAN_POINT ( 'NONE',  ( 322.4393404899890356, -8.665272169215057829, 76.00000000000000000 ) ) ;
#5585 = CARTESIAN_POINT ( 'NONE',  ( 86.40532324490959581, -24.12667232823390151, 66.00000000000000000 ) ) ;
#5586 = CARTESIAN_POINT ( 'NONE',  ( 262.3815464055710436, -16.29268920381399965, 86.99992777755048223 ) ) ;
#5587 = CARTESIAN_POINT ( 'NONE',  ( 124.4405833013209985, 28.05561891282160047, 66.00000000000000000 ) ) ;
#5588 = EDGE_CURVE ( 'NONE', #3952, #490, #2818, .T. ) ;
#5589 = CARTESIAN_POINT ( 'NONE',  ( -243.5999128246149894, -25.72743303792580249, 76.00000000000000000 ) ) ;
#5590 = CARTESIAN_POINT ( 'NONE',  ( 10.32890779151879990, 37.98199183294050130, 76.00000000000000000 ) ) ;
#5591 = CARTESIAN_POINT ( 'NONE',  ( 344.5489918338470261, -17.16779448846450151, 38.00000000000000000 ) ) ;
#5592 = CARTESIAN_POINT ( 'NONE',  ( 3.912629219315450158, 38.74360684570649482, 38.00000000000000000 ) ) ;
#5593 = CARTESIAN_POINT ( 'NONE',  ( -158.3104360921859950, -37.50133681313490541, 97.99992777755049644 ) ) ;
#5594 = CARTESIAN_POINT ( 'NONE',  ( -151.5673748032309902, 29.81416743457500118, 25.33323756169030005 ) ) ;
#5595 = CARTESIAN_POINT ( 'NONE',  ( -244.0607704663430013, -26.39901378768970019, 50.66663158234050712 ) ) ;
#5596 = AXIS2_PLACEMENT_3D ( 'NONE', #3123, #505, #3567 ) ;
#5597 = ORIENTED_EDGE ( 'NONE', *, *, #3930, .F. ) ;
#5598 = CARTESIAN_POINT ( 'NONE',  ( 321.9236909287540129, -10.56986401661420061, 12.66657089502520073 ) ) ;
#5599 = CARTESIAN_POINT ( 'NONE',  ( -51.23633996507099653, -31.30575238650750691, 76.00000000000000000 ) ) ;
#5601 = CARTESIAN_POINT ( 'NONE',  ( -244.3381695838949952, -18.45593709525359927, 97.99992777755061013 ) ) ;
#5600 = CARTESIAN_POINT ( 'NONE',  ( -220.3733929831719820, 8.188229665901030074, 43.00000000000079581 ) ) ;
#5602 = CARTESIAN_POINT ( 'NONE',  ( -130.4237766191350261, -35.76069781369719891, 58.33329824900719984 ) ) ;
#5603 = B_SPLINE_CURVE_WITH_KNOTS ( 'NONE', 3,
 ( #4028, #5406, #3591, #5825 ),
 .UNSPECIFIED., .F., .F.,
 ( 4, 4 ),
 ( 0.01914501489605329940, 0.02938523722594670040 ),
 .UNSPECIFIED. ) ;
#5604 = ORIENTED_EDGE ( 'NONE', *, *, #2003, .T. ) ;
#5605 = CARTESIAN_POINT ( 'NONE',  ( 165.1583650697820076, -20.45897590780719710, 66.00000000000000000 ) ) ;
#5607 = CARTESIAN_POINT ( 'NONE',  ( -81.48610276217939941, -32.86592479923800170, 43.00000000000000000 ) ) ;
#5606 = CARTESIAN_POINT ( 'NONE',  ( -38.41634602112319641, 38.80731814066209751, 75.99999999998421174 ) ) ;
#5608 = B_SPLINE_SURFACE_WITH_KNOTS ( 'NONE', 3, 3, ( 
 ( #3751, #5475, #168, #2839 ),
 ( #1083, #3778, #1054, #2902 ),
 ( #3687, #1909, #607, #1970 ),
 ( #4153, #2808, #5504, #134 ) ),
 .UNSPECIFIED., .F., .F., .F.,
 ( 4, 4 ),
 ( 4, 4 ),
 ( 0.000000000000000000, 1.000000000000000000 ),
 ( 0.01914501489605319878, 0.02938523722594680102 ),
 .UNSPECIFIED. ) ;
#5609 = CARTESIAN_POINT ( 'NONE',  ( -245.4687247582590146, -4.834550400342010334, 2.842170943040390646E-13 ) ) ;
#5610 = CARTESIAN_POINT ( 'NONE',  ( -94.29891545984470724, 36.54806246632579558, 76.00000000000000000 ) ) ;
#5611 = CARTESIAN_POINT ( 'NONE',  ( -74.95587017920850315, 38.32009436836300864, 65.99999999999860734 ) ) ;
#5612 = EDGE_CURVE ( 'NONE', #2168, #3229, #3961, .T. ) ;
#5613 = VERTEX_POINT ( 'NONE', #1252 ) ;
#5614 = CARTESIAN_POINT ( 'NONE',  ( 224.2293875747839991, -18.31385777886640298, 66.00000000000000000 ) ) ;
#5615 = LINE ( 'NONE', #587, #1455 ) ;
#5616 = EDGE_CURVE ( 'NONE', #4271, #925, #3207, .T. ) ;
#5617 = CARTESIAN_POINT ( 'NONE',  ( -231.3328352864349711, -33.24249240607749556, 97.99992777755049644 ) ) ;
#5618 = CARTESIAN_POINT ( 'NONE',  ( -172.6875841186400180, 26.09570548655300115, 2.842170943040250292E-13 ) ) ;
#5619 = CARTESIAN_POINT ( 'NONE',  ( 154.0232074838660026, 24.08985642675800065, 66.00000000000000000 ) ) ;
#5620 = CARTESIAN_POINT ( 'NONE',  ( -190.3749390316949928, -36.68613637220089885, 43.00000000000000000 ) ) ;
#5621 = CARTESIAN_POINT ( 'NONE',  ( -214.9498113490099911, -35.06569917043229623, 38.00000000000000000 ) ) ;
#5622 = CARTESIAN_POINT ( 'NONE',  ( -130.9745032972550121, -35.57448428653869854, 43.00000000000000000 ) ) ;
#5623 = B_SPLINE_CURVE_WITH_KNOTS ( 'NONE', 3,
 ( #3940, #4485, #6, #2645, #800, #1306 ),
 .UNSPECIFIED., .F., .F.,
 ( 4, 2, 4 ),
 ( -2.977197479070380126, -1.488598611872840038, 0.000000000000000000 ),
 .UNSPECIFIED. ) ;
#5624 = CARTESIAN_POINT ( 'NONE',  ( -28.96885804493170014, 40.13324173773909820, 2.842170943040650150E-13 ) ) ;
#5625 = CARTESIAN_POINT ( 'NONE',  ( -161.9514336629540026, 28.36175997271519833, 12.66657089502520073 ) ) ;
#5626 = CARTESIAN_POINT ( 'NONE',  ( -247.3284440950259864, -21.30650486936150045, 43.00000000000000000 ) ) ;
#5627 = CARTESIAN_POINT ( 'NONE',  ( 166.0844986241709762, 22.01545026080510326, 25.33323756158100082 ) ) ;
#5628 = ORIENTED_EDGE ( 'NONE', *, *, #5092, .F. ) ;
#5629 = CARTESIAN_POINT ( 'NONE',  ( 46.37163801949090214, 36.37931112759620333, 38.00000000000000000 ) ) ;
#5631 = CARTESIAN_POINT ( 'NONE',  ( -243.4236317209960134, -15.64688161573480052, 97.99992777755061013 ) ) ;
#5630 = CARTESIAN_POINT ( 'NONE',  ( -247.1638086444050089, -15.14800891558929941, 43.00000000000000000 ) ) ;
#5632 = CARTESIAN_POINT ( 'NONE',  ( 45.30124593464310578, 36.22278765255860122, 76.00000000000000000 ) ) ;
#5633 = CARTESIAN_POINT ( 'NONE',  ( 204.0926462478380188, -18.66597553142999999, 76.00000000000000000 ) ) ;
#5635 = CARTESIAN_POINT ( 'NONE',  ( 17.96621407684829919, 37.91239924977300291, 43.00000000000000000 ) ) ;
#5634 = CARTESIAN_POINT ( 'NONE',  ( -77.42730189433260080, 37.89820473402159706, 75.99999999999700151 ) ) ;
#5636 = CARTESIAN_POINT ( 'NONE',  ( -246.0300993538309910, -11.66593493752650090, 38.00000000000000000 ) ) ;
#5637 = CARTESIAN_POINT ( 'NONE',  ( -71.66618465439830743, 38.11913088049299603, 86.99992777754829376 ) ) ;
#5638 = CARTESIAN_POINT ( 'NONE',  ( -7.294603646859839863, 39.10669546496340843, 58.33329824900729932 ) ) ;
#5639 = EDGE_CURVE ( 'NONE', #1431, #4914, #412, .T. ) ;
#5640 = ORIENTED_EDGE ( 'NONE', *, *, #2849, .F. ) ;
#5641 = FACE_OUTER_BOUND ( 'NONE', #685, .T. ) ;
#5642 = EDGE_CURVE ( 'NONE', #4253, #308, #2164, .T. ) ;
#5643 = CARTESIAN_POINT ( 'NONE',  ( 106.2544097992900021, -23.30417541864679620, 58.33329824900719984 ) ) ;
#5644 = CARTESIAN_POINT ( 'NONE',  ( -217.2661446188579930, 11.94365896621290091, 2.842170943040380044E-13 ) ) ;
#5645 = CARTESIAN_POINT ( 'NONE',  ( -101.4824417410389970, 36.42842273091370231, 58.33329824900710037 ) ) ;
#5646 = CARTESIAN_POINT ( 'NONE',  ( -245.6833418461840211, -26.42338564806940227, 2.842170943040400239E-13 ) ) ;
#5647 = CARTESIAN_POINT ( 'NONE',  ( -179.3799911510259903, -37.10835299969580348, 66.00000000000000000 ) ) ;
#5648 = CARTESIAN_POINT ( 'NONE',  ( -12.93219075882289992, 39.85721613043419609, 25.33323756169510332 ) ) ;
#5649 = CARTESIAN_POINT ( 'NONE',  ( 291.7734563831869536, -15.44243164090710074, 86.99992777755048223 ) ) ;
#5650 = CARTESIAN_POINT ( 'NONE',  ( -206.3747072420690074, -37.21768018271269796, 109.0000000000000000 ) ) ;
#5651 = CARTESIAN_POINT ( 'NONE',  ( 296.6497891304150016, -19.15497746548910030, 12.66657089502520073 ) ) ;
#5652 = ORIENTED_EDGE ( 'NONE', *, *, #1561, .T. ) ;
#5653 = CARTESIAN_POINT ( 'NONE',  ( 245.4321586020990082, -18.96519812149029960, 38.00000000000000000 ) ) ;
#5654 = ORIENTED_EDGE ( 'NONE', *, *, #4511, .F. ) ;
#5655 = CARTESIAN_POINT ( 'NONE',  ( 343.7914704784880087, -13.04760164946910095, 109.0000000000000000 ) ) ;
#5656 = CARTESIAN_POINT ( 'NONE',  ( 332.5400698897299776, -15.72038829266250026, 66.00000000000000000 ) ) ;
#5658 = CARTESIAN_POINT ( 'NONE',  ( -242.7705118110280011, -16.02261241186119989, 109.0000000000000000 ) ) ;
#5657 = CARTESIAN_POINT ( 'NONE',  ( -247.3497029515550025, -16.64729156273599742, 43.00000000000000000 ) ) ;
#5659 = CARTESIAN_POINT ( 'NONE',  ( -190.3041570871910153, 19.22418050953739765, 50.66663158234130293 ) ) ;
#5660 = ORIENTED_EDGE ( 'NONE', *, *, #4838, .F. ) ;
#5661 = CARTESIAN_POINT ( 'NONE',  ( 45.79354826833689884, 36.29509449113999864, 58.33329824900719984 ) ) ;
#5662 = B_SPLINE_SURFACE_WITH_KNOTS ( 'NONE', 3, 3, ( 
 ( #5129, #3373, #2449, #1140 ),
 ( #3278, #3102, #2110, #5719 ),
 ( #1645, #3920, #2173, #2597 ),
 ( #2512, #5689, #286, #3459 ),
 ( #5245, #3486, #4385, #313 ),
 ( #257, #3978, #4301, #3041 ),
 ( #1200, #3013, #2628, #343 ),
 ( #2084, #4797, #2056, #2143 ),
 ( #751, #2567, #3861, #4881 ),
 ( #5273, #4359, #1260, #1671 ),
 ( #5217, #3072, #1290, #723 ),
 ( #4855, #5659, #1616, #4824 ),
 ( #1230, #782, #3428, #1170 ),
 ( #371, #3951, #5747, #2982 ),
 ( #4771, #4329, #2542, #5330 ),
 ( #3890, #1705, #3518, #5302 ),
 ( #813, #4413, #5774, #1727 ),
 ( #3543, #2694, #481, #4912 ),
 ( #2746, #3648, #2659, #4935 ),
 ( #3624, #1398, #4443, #3127 ),
 ( #1341, #4524, #3571, #871 ),
 ( #4469, #431, #2265, #5467 ),
 ( #456, #4061, #5831, #1785 ),
 ( #508, #924, #2324, #843 ),
 ( #2233, #3598, #15, #4036 ),
 ( #2293, #4497, #4086, #402 ),
 ( #2204, #1366, #4117, #5382 ),
 ( #950, #40, #3184, #3157 ),
 ( #2771, #898, #5438, #5805 ),
 ( #1842, #2720, #1812, #3211 ),
 ( #4997, #4556, #5412, #4966 ),
 ( #1429, #68, #1869, #3681 ),
 ( #3240, #4011, #1760, #5358 ),
 ( #1317, #2802, #1928, #1014 ),
 ( #2415, #983, #5025, #1459 ),
 ( #1902, #2020, #599, #5061 ),
 ( #1487, #5496, #3744, #2351 ),
 ( #5626, #1046, #3826, #2866 ),
 ( #4675, #3272, #4146, #1076 ),
 ( #4585, #5595, #538, #627 ),
 ( #2831, #4209, #568, #4616 ) ),
 .UNSPECIFIED., .F., .F., .F.,
 ( 4, 2, 2, 2, 2, 2, 2, 2, 2, 2, 1, 2, 1, 2, 2, 1, 2, 2, 1, 2, 1, 1, 1, 4 ),
 ( 4, 4 ),
 ( 0.000000000000000000, 0.1721706041361550088, 0.1763986021091860090, 0.3474469217356310202, 0.3528075162814829913, 0.5264932845370959846, 0.5312657425481809303, 0.6174882294058039456, 0.6225547861247570092, 0.7099229914535269970, 0.7135725812204519736, 0.7172221709873769502, 0.7616161395551189761, 0.8060101081228600028, 0.8173921396771449688, 0.8334979633924359810, 0.8496037871077261050, 0.8818730310768320146, 0.8966480425460809922, 0.9114230540153299698, 0.9335672905114970055, 0.9557115270076649294, 0.9778557635038329643, 1.000000000000000000 ),
 ( 0.01914501489605319878, 0.02938523722594680102 ),
 .UNSPECIFIED. ) ;
#5663 = B_SPLINE_CURVE_WITH_KNOTS ( 'NONE', 3,
 ( #5717, #2899, #194, #4679 ),
 .UNSPECIFIED., .F., .F.,
 ( 4, 4 ),
 ( -3.299942665177479917, 0.000000000000000000 ),
 .UNSPECIFIED. ) ;
#5665 = CARTESIAN_POINT ( 'NONE',  ( -165.6220964867640078, -36.61899057816719960, 43.00000000000000000 ) ) ;
#5664 = CARTESIAN_POINT ( 'NONE',  ( -72.38126595101500982, 38.52534472303939594, 65.99999999999860734 ) ) ;
#5666 =( GEOMETRIC_REPRESENTATION_CONTEXT ( 3 ) GLOBAL_UNCERTAINTY_ASSIGNED_CONTEXT ( ( #2680 ) ) GLOBAL_UNIT_ASSIGNED_CONTEXT ( ( #3264, #29, #2375 ) ) REPRESENTATION_CONTEXT ( 'NONE', 'WORKASPACE' ) );
#5667 = CARTESIAN_POINT ( 'NONE',  ( -30.10545813516300129, 38.76292940891690364, 86.99992777753699613 ) ) ;
#5668 = CARTESIAN_POINT ( 'NONE',  ( -29.93736218139239824, 39.32888137358100522, 50.66663158234359798 ) ) ;
#5669 = EDGE_LOOP ( 'NONE', ( #404, #1973, #4069, #4792 ) ) ;
#5670 = CARTESIAN_POINT ( 'NONE',  ( 105.6498530310060033, -22.67615976779979903, 86.99992777755048223 ) ) ;
#5671 = CARTESIAN_POINT ( 'NONE',  ( 123.9896968445110019, 28.16244980468130166, 76.00000000000000000 ) ) ;
#5672 = CARTESIAN_POINT ( 'NONE',  ( 162.1780582760140135, 23.35180605703369849, 97.99992777755049644 ) ) ;
#5673 = CARTESIAN_POINT ( 'NONE',  ( -241.6761225082740054, -28.51442957193430061, 66.00000000000000000 ) ) ;
#5674 = CARTESIAN_POINT ( 'NONE',  ( -244.1448261967820201, -27.23650915522679838, 25.33323756169180285 ) ) ;
#5675 = CARTESIAN_POINT ( 'NONE',  ( 20.00000000000000355, -4.440892098500630106E-15, 43.00000000000000000 ) ) ;
#5676 = CARTESIAN_POINT ( 'NONE',  ( -38.46608308019789746, 39.87734004745229299, 12.66657089502520073 ) ) ;
#5677 = CARTESIAN_POINT ( 'NONE',  ( 107.4789036020980006, -24.60098992234909687, 2.842170943040400239E-13 ) ) ;
#5678 = CARTESIAN_POINT ( 'NONE',  ( -112.3997707606939969, 36.65381519080590067, 2.842170943040400239E-13 ) ) ;
#5679 = CARTESIAN_POINT ( 'NONE',  ( -12.14491114835210084, -29.15547357293469943, 50.66663158234040054 ) ) ;
#5680 = CARTESIAN_POINT ( 'NONE',  ( 47.39371644732680267, -26.82828016926760029, 12.66657089502520073 ) ) ;
#5681 = MECHANICAL_DESIGN_GEOMETRIC_PRESENTATION_REPRESENTATION (  '', ( #3873 ), #870 ) ;
#5682 = ORIENTED_EDGE ( 'NONE', *, *, #128, .F. ) ;
#5683 = CARTESIAN_POINT ( 'NONE',  ( 285.8788286200659741, -18.67271280859840132, 25.33323756169180285 ) ) ;
#5684 = ORIENTED_EDGE ( 'NONE', *, *, #2126, .T. ) ;
#5685 = CARTESIAN_POINT ( 'NONE',  ( 280.8816455120310138, 1.448516614561620175, 86.99992777755048223 ) ) ;
#5686 = CARTESIAN_POINT ( 'NONE',  ( 106.0928226508909944, -23.13589416258879794, 66.00000000000000000 ) ) ;
#5688 = CARTESIAN_POINT ( 'NONE',  ( -243.9911748873929866, -23.13268692023680018, 97.99992777755049644 ) ) ;
#5687 = CARTESIAN_POINT ( 'NONE',  ( -223.1622315360739890, 6.687206989697879855, 43.00000000000069633 ) ) ;
#5689 = CARTESIAN_POINT ( 'NONE',  ( -131.1206594616169809, 32.77880468102010525, 50.66663158234150188 ) ) ;
#5690 = EDGE_CURVE ( 'NONE', #4423, #1786, #3863, .T. ) ;
#5691 = CARTESIAN_POINT ( 'NONE',  ( 17.66402018605209889, 37.78065679465159832, 58.33329824900719984 ) ) ;
#5692 = B_SPLINE_CURVE_WITH_KNOTS ( 'NONE', 3,
 ( #1696, #4435, #394, #2195, #2558, #4000 ),
 .UNSPECIFIED., .F., .F.,
 ( 4, 2, 4 ),
 ( -5.899967861309829864, -2.949983930654920261, 8.881784197001252323E-16 ),
 .UNSPECIFIED. ) ;
#5694 = CARTESIAN_POINT ( 'NONE',  ( 163.6408163467429802, -19.15628624342690145, 109.0000000000000000 ) ) ;
#5693 = CARTESIAN_POINT ( 'NONE',  ( 290.0336139271120146, -17.96704347731899887, 38.00000000000000000 ) ) ;
#5695 = B_SPLINE_CURVE_WITH_KNOTS ( 'NONE', 3,
 ( #1159, #3031, #2970, #246, #2530, #3002 ),
 .UNSPECIFIED., .F., .F.,
 ( 4, 2, 4 ),
 ( -2.947677750448800094, -1.473838875224390055, 0.000000000000000000 ),
 .UNSPECIFIED. ) ;
#5696 = VERTEX_POINT ( 'NONE', #2533 ) ;
#5697 = CARTESIAN_POINT ( 'NONE',  ( 202.3162501466050003, 16.33736485674460326, 76.00000000000000000 ) ) ;
#5698 = CARTESIAN_POINT ( 'NONE',  ( 123.0050102547760105, 28.39613794925719858, 97.99992777755049644 ) ) ;
#5699 = CARTESIAN_POINT ( 'NONE',  ( -212.8499669412269952, -36.02091775892120040, 76.00000000000000000 ) ) ;
#5700 = CARTESIAN_POINT ( 'NONE',  ( 162.7611678686880055, 23.15218183691310117, 86.99992777755039697 ) ) ;
#5701 = EDGE_CURVE ( 'NONE', #3921, #3545, #1183, .T. ) ;
#5702 = CARTESIAN_POINT ( 'NONE',  ( 287.4788984708349631, -2.340979145036359732, 2.842170943040400239E-13 ) ) ;
#5703 = CARTESIAN_POINT ( 'NONE',  ( -243.3945120588930138, -26.86856117019580026, 58.33329824900719984 ) ) ;
#5704 = FACE_OUTER_BOUND ( 'NONE', #4187, .T. ) ;
#5705 = CARTESIAN_POINT ( 'NONE',  ( -189.6103118481989895, -37.01022672198700292, 58.33329824899709593 ) ) ;
#5706 = CARTESIAN_POINT ( 'NONE',  ( -102.5211011773509995, 37.85900033031940382, 2.842170943040400239E-13 ) ) ;
#5707 = CARTESIAN_POINT ( 'NONE',  ( -38.23798217298180191, 40.09616394535839845, 2.842170943040669840E-13 ) ) ;
#5708 = CARTESIAN_POINT ( 'NONE',  ( -191.6095934003519972, 20.01484235674139711, 25.33323756168990215 ) ) ;
#5709 = CARTESIAN_POINT ( 'NONE',  ( -12.84879121127640111, 39.61564058589910076, 43.00000000000000000 ) ) ;
#5710 = CARTESIAN_POINT ( 'NONE',  ( 219.5822401046350194, 13.99252600371120003, 109.0000000000000000 ) ) ;
#5711 = B_SPLINE_SURFACE_WITH_KNOTS ( 'NONE', 3, 3, ( 
 ( #99, #2442, #5528, #3303 ),
 ( #3713, #1576, #2384, #1963 ),
 ( #3800, #5091, #4177, #127 ),
 ( #4648, #3772, #2474, #5122 ) ),
 .UNSPECIFIED., .F., .F., .F.,
 ( 4, 4 ),
 ( 4, 4 ),
 ( 0.000000000000000000, 1.000000000000000000 ),
 ( 0.000000000000000000, 0.01691886720496220062 ),
 .UNSPECIFIED. ) ;
#5712 = ORIENTED_EDGE ( 'NONE', *, *, #3780, .F. ) ;
#5713 = CARTESIAN_POINT ( 'NONE',  ( 263.0270420690200126, -16.78750266259489976, 76.00000000000000000 ) ) ;
#5714 = EDGE_LOOP ( 'NONE', ( #3618, #4062, #2341, #715 ) ) ;
#5715 = CARTESIAN_POINT ( 'NONE',  ( 340.9542403258500372, -13.09589268535630069, 109.0000000000000000 ) ) ;
#5716 = CARTESIAN_POINT ( 'NONE',  ( -24.43082828362280168, 40.15139635649219940, 1.557642903549089981E-12 ) ) ;
#5718 = CARTESIAN_POINT ( 'NONE',  ( -231.8309113761519882, -2.446534226860189953, 109.0000000000000000 ) ) ;
#5717 = CARTESIAN_POINT ( 'NONE',  ( -35.78424203952790350, -30.47110141849950082, 3.444466933899550186E-12 ) ) ;
#5719 = CARTESIAN_POINT ( 'NONE',  ( -111.0611102463649900, 34.95534970014620058, 66.00000000000000000 ) ) ;
#5720 = ORIENTED_EDGE ( 'NONE', *, *, #4162, .T. ) ;
#5722 = CARTESIAN_POINT ( 'NONE',  ( -180.4738020137229739, -36.65927805458739641, 43.00000000000000000 ) ) ;
#5721 = CARTESIAN_POINT ( 'NONE',  ( 0.000000000000000000, 2.376849021519589870E-13, 33.00000000000000000 ) ) ;
#5723 = CARTESIAN_POINT ( 'NONE',  ( -237.6904869947440204, -1.397239958284250072, 38.00000000000000000 ) ) ;
#5724 = CARTESIAN_POINT ( 'NONE',  ( -29.97427662040909979, 39.20887850097200555, 58.33329824901210259 ) ) ;
#5725 = ORIENTED_EDGE ( 'NONE', *, *, #5384, .F. ) ;
#5726 = ORIENTED_EDGE ( 'NONE', *, *, #3616, .T. ) ;
#5727 = CARTESIAN_POINT ( 'NONE',  ( 336.2262762804810450, -13.47572872952459910, 38.00000000000000000 ) ) ;
#5728 = CARTESIAN_POINT ( 'NONE',  ( 165.1583650697820076, -20.45897590780719710, 66.00000000000000000 ) ) ;
#5729 = CARTESIAN_POINT ( 'NONE',  ( 264.5128464816210681, -17.93260979919850229, 50.66663158234050712 ) ) ;
#5730 = CARTESIAN_POINT ( 'NONE',  ( 349.9262753426310155, -16.84054785855909842, 43.00000000000000000 ) ) ;
#5731 = B_SPLINE_SURFACE_WITH_KNOTS ( 'NONE', 3, 3, ( 
 ( #3154, #4932, #3540, #3568 ),
 ( #5355, #840, #3124, #894 ),
 ( #1892, #5327, #2594, #4908 ),
 ( #4466, #3701, #2230, #399 ) ),
 .UNSPECIFIED., .F., .F., .F.,
 ( 4, 4 ),
 ( 4, 4 ),
 ( 0.000000000000000000, 1.000000000000000000 ),
 ( 0.000000000000000000, 0.01691886720496220062 ),
 .UNSPECIFIED. ) ;
#5732 = CARTESIAN_POINT ( 'NONE',  ( -187.0865948020030203, -38.05614562639460274, 109.0000000000000000 ) ) ;
#5733 = CARTESIAN_POINT ( 'NONE',  ( -244.6302965544059873, -26.21862348749579752, 38.00000000000000000 ) ) ;
#5734 = CARTESIAN_POINT ( 'NONE',  ( -77.94359889324761070, 39.00237831364319874, 25.33323756169249918 ) ) ;
#5735 = B_SPLINE_CURVE_WITH_KNOTS ( 'NONE', 3,
 ( #2486, #4744, #726, #2032, #787, #1233, #260, #5165, #4776, #4362, #5606, #4273, #3434, #3864, #3464, #666, #228, #5191, #5248, #3838, #5634, #2543, #316, #2114, #3811, #1113, #1584, #695 ),
 .UNSPECIFIED., .F., .F.,
 ( 4, 3, 3, 3, 3, 3, 3, 3, 3, 4 ),
 ( -32.84258744406790242, -27.73430155960070209, -27.48544377074509981, -19.78613353779810069, -19.60859405905420161, -9.344517052276692937, -9.091973198825897384, -6.666541136622729624, -6.486371955228740660, 0.000000000000000000 ),
 .UNSPECIFIED. ) ;
#5736 = CARTESIAN_POINT ( 'NONE',  ( 344.1631462475469334, -16.87923769908469751, 43.00000000000000000 ) ) ;
#5737 = CARTESIAN_POINT ( 'NONE',  ( -196.5657494661949727, 18.34756458764690024, 25.33323756169039953 ) ) ;
#5738 = CARTESIAN_POINT ( 'NONE',  ( -205.4971758676169884, -35.95441651529900184, 38.00000000000000000 ) ) ;
#5739 = CYLINDRICAL_SURFACE ( 'NONE', #2444, 20.00000000000000000 ) ;
#5740 = AXIS2_PLACEMENT_3D ( 'NONE', #1449, #4638, #5082 ) ;
#5741 = ORIENTED_EDGE ( 'NONE', *, *, #2333, .T. ) ;
#5742 = ORIENTED_EDGE ( 'NONE', *, *, #4965, .F. ) ;
#5743 = CARTESIAN_POINT ( 'NONE',  ( -80.43060265050739588, -33.08488659056529713, 86.99992777755048223 ) ) ;
#5744 = FACE_OUTER_BOUND ( 'NONE', #2352, .T. ) ;
#5746 = CARTESIAN_POINT ( 'NONE',  ( -100.5712753914639990, 35.20591586082760216, 109.0000000000000000 ) ) ;
#5745 = CARTESIAN_POINT ( 'NONE',  ( -150.3283962562559850, 28.58113102936369643, 66.00000000000000000 ) ) ;
#5747 = CARTESIAN_POINT ( 'NONE',  ( -195.1585780633710101, 17.20310777626870191, 58.33329824900879856 ) ) ;
#5748 = AXIS2_PLACEMENT_3D ( 'NONE', #889, #2647, #4956 ) ;
#5749 = ADVANCED_FACE ( 'NONE', ( #5795 ), #5739, .F. ) ;
#5750 = VERTEX_POINT ( 'NONE', #2973 ) ;
#5752 = CARTESIAN_POINT ( 'NONE',  ( -180.7117028954320119, -36.56073021446989912, 38.00000000000000000 ) ) ;
#5751 = CARTESIAN_POINT ( 'NONE',  ( 7.478906452800150539, -28.60098980832099969, 2.842170943040400239E-13 ) ) ;
#5753 = CARTESIAN_POINT ( 'NONE',  ( -11.71840122920390037, -28.86943549061249925, 109.0000000000000000 ) ) ;
#5754 = CARTESIAN_POINT ( 'NONE',  ( -94.81678705521339623, 37.32613942011559516, 43.00000000000000000 ) ) ;
#5755 = VERTEX_POINT ( 'NONE', #4404 ) ;
#5756 = CARTESIAN_POINT ( 'NONE',  ( 142.5915342653950120, 25.87397200314550005, 97.99992777755049644 ) ) ;
#5757 = EDGE_CURVE ( 'NONE', #1607, #4998, #3309, .T. ) ;
#5758 = CARTESIAN_POINT ( 'NONE',  ( 165.4285372395330000, -20.69318864107629707, 58.33329824905030137 ) ) ;
#5759 = CARTESIAN_POINT ( 'NONE',  ( 44.40161003317140143, 36.08945450826849566, 109.0000000000000000 ) ) ;
#5760 = CARTESIAN_POINT ( 'NONE',  ( -71.42244911600049306, -32.35243585293580537, 50.66663158234050712 ) ) ;
#5761 = CARTESIAN_POINT ( 'NONE',  ( 330.8049114186949851, -12.06857032436569988, 38.00000000000000000 ) ) ;
#5762 = CARTESIAN_POINT ( 'NONE',  ( 226.5364722874169843, 11.12518244139450196, 12.66657089502520073 ) ) ;
#5763 = CARTESIAN_POINT ( 'NONE',  ( -228.0787845154600006, 5.977265053401559669, 12.66657089502509947 ) ) ;
#5764 = CARTESIAN_POINT ( 'NONE',  ( -71.76514301239880922, 39.04642454283960262, 42.99999999999910472 ) ) ;
#5765 = CARTESIAN_POINT ( 'NONE',  ( -130.1486556618909844, -35.85253344418359944, 66.00000000000000000 ) ) ;
#5766 = EDGE_CURVE ( 'NONE', #5613, #2037, #3587, .T. ) ;
#5767 = EDGE_LOOP ( 'NONE', ( #4713, #2974 ) ) ;
#5768 = CARTESIAN_POINT ( 'NONE',  ( -130.7150867961890128, 32.03172600892220601, 76.00000000000480327 ) ) ;
#5769 = ORIENTED_EDGE ( 'NONE', *, *, #5497, .T. ) ;
#5770 = CARTESIAN_POINT ( 'NONE',  ( -80.16733764881959701, -33.13770833960939655, 97.99992777755049644 ) ) ;
#5771 = CARTESIAN_POINT ( 'NONE',  ( 284.7615196653410408, -17.81271055551389892, 43.00000000000000000 ) ) ;
#5773 = CARTESIAN_POINT ( 'NONE',  ( -240.3162545178170149, -28.45438887192999999, 109.0000000000000000 ) ) ;
#5772 = CARTESIAN_POINT ( 'NONE',  ( -243.6313057325770046, -11.15355294123540020, 66.00000000000000000 ) ) ;
#5774 = CARTESIAN_POINT ( 'NONE',  ( -205.0066218358930143, 13.82284545134939968, 58.33329824901120020 ) ) ;
#5775 = CARTESIAN_POINT ( 'NONE',  ( -60.53681349395580469, 38.28793624379189708, 86.99992777754729900 ) ) ;
#5776 = EDGE_CURVE ( 'NONE', #918, #1165, #5692, .T. ) ;
#5777 = ORIENTED_EDGE ( 'NONE', *, *, #1305, .T. ) ;
#5778 = CARTESIAN_POINT ( 'NONE',  ( -160.6715279777779983, -36.60556141936040575, 43.00000000000000000 ) ) ;
#5780 = DIRECTION ( 'NONE',  ( 0.9996621789127092539, 0.02599092248255920404, 0.000000000000000000 ) ) ;
#5779 = CARTESIAN_POINT ( 'NONE',  ( -95.69837195506968897, -33.84291518363050244, 66.00000000000000000 ) ) ;
#5781 = CARTESIAN_POINT ( 'NONE',  ( -191.0874259917979998, 19.57946293607299992, 37.99999999999819522 ) ) ;
#5782 = CARTESIAN_POINT ( 'NONE',  ( -100.5712753914639990, 35.20591586082760216, 109.0000000000000000 ) ) ;
#5783 = B_SPLINE_SURFACE_WITH_KNOTS ( 'NONE', 3, 3, ( 
 ( #500, #2855, #5459, #3232 ),
 ( #3762, #529, #3176, #915 ),
 ( #5015, #973, #4137, #2793 ),
 ( #5051, #2735, #3790, #209 ) ),
 .UNSPECIFIED., .F., .F., .F.,
 ( 4, 4 ),
 ( 4, 4 ),
 ( 0.000000000000000000, 1.000000000000000000 ),
 ( 0.03383747857135580017, 0.04852974931344310183 ),
 .UNSPECIFIED. ) ;
#5784 = VERTEX_POINT ( 'NONE', #278 ) ;
#5785 = AXIS2_PLACEMENT_3D ( 'NONE', #2434, #4201, #3792 ) ;
#5786 = ORIENTED_EDGE ( 'NONE', *, *, #4829, .F. ) ;
#5787 = CARTESIAN_POINT ( 'NONE',  ( -220.1412531987529917, -34.57765468520869945, 38.00000000000000000 ) ) ;
#5788 = EDGE_CURVE ( 'NONE', #4253, #1827, #3023, .T. ) ;
#5789 = CARTESIAN_POINT ( 'NONE',  ( -240.3162545178170149, -28.45438887192999999, 109.0000000000000000 ) ) ;
#5790 = CARTESIAN_POINT ( 'NONE',  ( 174.6275467623739814, -19.78204915547430431, 76.00000000000000000 ) ) ;
#5791 = CARTESIAN_POINT ( 'NONE',  ( -13.01176846960920130, 39.75503393102169980, 33.00000000000280664 ) ) ;
#5792 = CARTESIAN_POINT ( 'NONE',  ( 3.834976014370460096, 38.68933228835469862, 43.00000000000000000 ) ) ;
#5793 = DIRECTION ( 'NONE',  ( 1.000000000000000000, 0.000000000000000000, 0.000000000000000000 ) ) ;
#5794 = CARTESIAN_POINT ( 'NONE',  ( 186.9751595252969878, -21.54612357341880013, 12.66657089502520073 ) ) ;
#5795 = FACE_OUTER_BOUND ( 'NONE', #907, .T. ) ;
#5796 = CARTESIAN_POINT ( 'NONE',  ( -203.0183700091660057, -36.05866064264080251, 38.00000000000000000 ) ) ;
#5797 = EDGE_CURVE ( 'NONE', #5750, #1992, #614, .T. ) ;
#5798 = VERTEX_POINT ( 'NONE', #2075 ) ;
#5799 = CARTESIAN_POINT ( 'NONE',  ( 197.0280485184599968, 17.03048528517690130, 58.33329824900719984 ) ) ;
#5800 = ORIENTED_EDGE ( 'NONE', *, *, #1599, .T. ) ;
#5801 = CARTESIAN_POINT ( 'NONE',  ( -90.51335387303059576, -33.61914259387479120, 76.00000000000000000 ) ) ;
#5802 = CARTESIAN_POINT ( 'NONE',  ( 279.2357071539789786, 2.383103477351720123, 109.0000000000000000 ) ) ;
#5804 = CARTESIAN_POINT ( 'NONE',  ( -240.9844094392909994, -28.11492043045290146, 97.99992777755049644 ) ) ;
#5803 = CARTESIAN_POINT ( 'NONE',  ( -204.6577116688189903, 13.55366763370770045, 66.00000000000399325 ) ) ;
#5805 = CARTESIAN_POINT ( 'NONE',  ( -236.8659027726189947, -2.982955337333579759, 66.00000000000000000 ) ) ;
#5806 = CARTESIAN_POINT ( 'NONE',  ( -80.25036121583468685, 37.41709128821640462, 86.99992777754729900 ) ) ;
#5807 = ORIENTED_EDGE ( 'NONE', *, *, #729, .T. ) ;
#5809 = CARTESIAN_POINT ( 'NONE',  ( -101.1656038481440021, 36.00021402217180366, 76.00000000000000000 ) ) ;
#5808 = CARTESIAN_POINT ( 'NONE',  ( 47.47890531251950108, -27.00097262845480017, 2.842170943040400239E-13 ) ) ;
#5810 = CARTESIAN_POINT ( 'NONE',  ( -109.1261509760349924, -35.09100510622110392, 109.0000000000000000 ) ) ;
#5811 = CARTESIAN_POINT ( 'NONE',  ( -180.9448006433220257, 22.29026224842079884, 37.99999999999850075 ) ) ;
#5812 = CARTESIAN_POINT ( 'NONE',  ( 67.47890474237918568, -26.20097839308619925, 2.842170943040400239E-13 ) ) ;
#5813 = ORIENTED_EDGE ( 'NONE', *, *, #5639, .F. ) ;
#5814 = ORIENTED_EDGE ( 'NONE', *, *, #1883, .T. ) ;
#5815 = CARTESIAN_POINT ( 'NONE',  ( -229.7924926735169890, -32.57967233931830009, 38.00000000000000000 ) ) ;
#5816 = CARTESIAN_POINT ( 'NONE',  ( -160.0127276476650025, -36.85901559443539810, 58.33329824901520055 ) ) ;
#5817 = B_SPLINE_CURVE_WITH_KNOTS ( 'NONE', 3,
 ( #5542, #5333, #4417, #3433, #4388, #3981 ),
 .UNSPECIFIED., .F., .F.,
 ( 4, 2, 4 ),
 ( -5.951186890896320136, -2.975593445448159624, 8.881784197001252323E-16 ),
 .UNSPECIFIED. ) ;
#5818 = CARTESIAN_POINT ( 'NONE',  ( 44.69685599957760047, 36.13349712679870152, 97.99992777755049644 ) ) ;
#5819 = EDGE_CURVE ( 'NONE', #1795, #4463, #550, .T. ) ;
#5820 = CARTESIAN_POINT ( 'NONE',  ( -12.74389133542010022, 39.74861130400480391, 33.00000000000280664 ) ) ;
#5821 = CARTESIAN_POINT ( 'NONE',  ( 317.4789191474720269, -19.56098748220280115, 2.842170943040400239E-13 ) ) ;
#5822 = EDGE_CURVE ( 'NONE', #2386, #3536, #2460, .T. ) ;
#5823 = CARTESIAN_POINT ( 'NONE',  ( 310.5948222818910267, -14.36908680995080090, 97.99992777755049644 ) ) ;
#5824 = CARTESIAN_POINT ( 'NONE',  ( 221.3696257026369949, 12.46647945326410145, 38.00000000000000000 ) ) ;
#5825 = CARTESIAN_POINT ( 'NONE',  ( -130.1486556618909844, -35.85253344418359944, 66.00000000000000000 ) ) ;
#5826 = ORIENTED_EDGE ( 'NONE', *, *, #2325, .F. ) ;
#5827 = CARTESIAN_POINT ( 'NONE',  ( 302.9990859833410468, -16.26118249871030130, 66.00000000000000000 ) ) ;
#5828 = CARTESIAN_POINT ( 'NONE',  ( 200.8800287198419880, 16.90082281486149895, 97.99992777755049644 ) ) ;
#5830 = CARTESIAN_POINT ( 'NONE',  ( -7.873755563820788339, 38.48615637471360174, 108.9999999999949978 ) ) ;
#5829 = CARTESIAN_POINT ( 'NONE',  ( -244.7625664105449630, -24.50737947526250338, 66.00000000000000000 ) ) ;
#5831 = CARTESIAN_POINT ( 'NONE',  ( -222.3845643336060220, 6.130582531158690784, 58.33329824900820171 ) ) ;
#5832 = CARTESIAN_POINT ( 'NONE',  ( -100.7699671630349911, 35.46939130955610153, 97.99992777755049644 ) ) ;
#5833 = ORIENTED_EDGE ( 'NONE', *, *, #5518, .F. ) ;
#5835 = CARTESIAN_POINT ( 'NONE',  ( -149.0133142566409958, 27.29569521353020178, 109.0000000000059970 ) ) ;
#5834 = CARTESIAN_POINT ( 'NONE',  ( 284.5814852664230443, -0.6689920854975829334, 38.00000000000000000 ) ) ;
#5836 = CARTESIAN_POINT ( 'NONE',  ( -161.7118442717960249, 27.41288906538029835, 37.99999999999769784 ) ) ;
#5837 = CARTESIAN_POINT ( 'NONE',  ( -87.87712781443399024, 37.85001263952590733, 42.99999999999880629 ) ) ;
#5838 = EDGE_LOOP ( 'NONE', ( #2430, #4832, #5368, #4649 ) ) ;
#5839 = CARTESIAN_POINT ( 'NONE',  ( 337.9851690848229282, -11.38130376934219967, 109.0000000000000000 ) ) ;
#5840 = ORIENTED_EDGE ( 'NONE', *, *, #4726, .T. ) ;
ENDSEC;
END-ISO-10303-21;
